ISO-10303-21;
HEADER;
FILE_DESCRIPTION (( 'STEP AP214' ),
    '1' );
FILE_NAME ('CUI_DEVICES_CVS-2308.step',
    '2019-10-20T22:02:12',
    ( '' ),
    ( '' ),
    'SwSTEP 2.0',
    'SolidWorks 2019',
    '' );
FILE_SCHEMA (( 'AUTOMOTIVE_DESIGN' ));
ENDSEC;

DATA;
#1 = FACE_BOUND ( 'NONE', #901, .T. ) ;
#2 = UNCERTAINTY_MEASURE_WITH_UNIT (LENGTH_MEASURE( 1.000000000000000082E-05 ), #761, 'distance_accuracy_value', 'NONE');
#3 = CARTESIAN_POINT ( 'NONE',  ( 0.07480314960629928789, 0.0000000000000000000, -0.4465337599608765196 ) ) ;
#4 =( NAMED_UNIT ( * ) SI_UNIT ( $, .STERADIAN. ) SOLID_ANGLE_UNIT ( ) );
#5 = SURFACE_STYLE_FILL_AREA ( #378 ) ;
#6 = VERTEX_POINT ( 'NONE', #569 ) ;
#7 = DIRECTION ( 'NONE',  ( 0.0000000000000000000, 1.000000000000000000, 0.0000000000000000000 ) ) ;
#8 = EDGE_CURVE ( 'NONE', #1164, #639, #1044, .T. ) ;
#9 = CARTESIAN_POINT ( 'NONE',  ( 0.0000000000000000000, 0.0000000000000000000, -0.1811023622047244208 ) ) ;
#10 = ADVANCED_FACE ( 'NONE', ( #712 ), #223, .T. ) ;
#11 = SURFACE_STYLE_FILL_AREA ( #1107 ) ;
#12 = VERTEX_POINT ( 'NONE', #1305 ) ;
#13 = FILL_AREA_STYLE ('',( #1197 ) ) ;
#14 = COLOUR_RGB ( '',1.000000000000000000, 1.000000000000000000, 1.000000000000000000 ) ;
#15 = CARTESIAN_POINT ( 'NONE',  ( 0.0000000000000000000, 0.3307086614173229133, 0.0000000000000000000 ) ) ;
#16 = DIRECTION ( 'NONE',  ( 0.0000000000000000000, 0.0000000000000000000, -1.000000000000000000 ) ) ;
#17 = CARTESIAN_POINT ( 'NONE',  ( 4.580371886574746102E-17, 0.3346456692913385988, 0.3740157480314960647 ) ) ;
#18 = AXIS2_PLACEMENT_3D ( 'NONE', #1501, #300, #1426 ) ;
#19 = CARTESIAN_POINT ( 'NONE',  ( 0.3250865460991464451, 0.01968503937007873988, 0.2740640420231206797 ) ) ;
#20 = COLOUR_RGB ( '',0.7529411764705882248, 0.7529411764705882248, 0.7529411764705882248 ) ;
#21 = VECTOR ( 'NONE', #826, 39.37007874015748854 ) ;
#22 = CARTESIAN_POINT ( 'NONE',  ( -0.3493080049703507495, 0.0000000000000000000, 0.2880483078225829496 ) ) ;
#23 = SURFACE_SIDE_STYLE ('',( #253 ) ) ;
#24 = SURFACE_SIDE_STYLE ('',( #1488 ) ) ;
#25 = CARTESIAN_POINT ( 'NONE',  ( -0.3998896957054422496, 0.01968503937007873988, 0.1445011863388394602 ) ) ;
#26 = LINE ( 'NONE', #495, #603 ) ;
#27 = DIRECTION ( 'NONE',  ( 0.0000000000000000000, 0.0000000000000000000, -1.000000000000000000 ) ) ;
#28 = CYLINDRICAL_SURFACE ( 'NONE', #119, 0.3740157480314960647 ) ;
#29 = DIMENSIONAL_EXPONENTS ( 1.000000000000000000, 0.0000000000000000000, 0.0000000000000000000, 0.0000000000000000000, 0.0000000000000000000, 0.0000000000000000000, 0.0000000000000000000 ) ;
#30 = ORIENTED_EDGE ( 'NONE', *, *, #662, .F. ) ;
#31 = SURFACE_STYLE_USAGE ( .BOTH. , #503 ) ;
#32 = EDGE_CURVE ( 'NONE', #12, #590, #188, .T. ) ;
#33 =( CONVERSION_BASED_UNIT ( 'INCH', #260 ) LENGTH_UNIT ( ) NAMED_UNIT ( #29 ) );
#34 = DIRECTION ( 'NONE',  ( 0.0000000000000000000, 0.0000000000000000000, -1.000000000000000000 ) ) ;
#35 = CYLINDRICAL_SURFACE ( 'NONE', #1263, 0.01574803149606299885 ) ;
#36 = AXIS2_PLACEMENT_3D ( 'NONE', #1511, #1157, #1196 ) ;
#37 = ADVANCED_FACE ( 'NONE', ( #1173 ), #1449, .F. ) ;
#38 =( NAMED_UNIT ( * ) SI_UNIT ( $, .STERADIAN. ) SOLID_ANGLE_UNIT ( ) );
#39 =( GEOMETRIC_REPRESENTATION_CONTEXT ( 3 ) GLOBAL_UNCERTAINTY_ASSIGNED_CONTEXT ( ( #830 ) ) GLOBAL_UNIT_ASSIGNED_CONTEXT ( ( #1378, #277, #638 ) ) REPRESENTATION_CONTEXT ( 'NONE', 'WORKASPACE' ) );
#40 = ORIENTED_EDGE ( 'NONE', *, *, #1299, .F. ) ;
#41 =( GEOMETRIC_REPRESENTATION_CONTEXT ( 3 ) GLOBAL_UNCERTAINTY_ASSIGNED_CONTEXT ( ( #329 ) ) GLOBAL_UNIT_ASSIGNED_CONTEXT ( ( #887, #400, #641 ) ) REPRESENTATION_CONTEXT ( 'NONE', 'WORKASPACE' ) );
#42 = VECTOR ( 'NONE', #1249, 39.37007874015748143 ) ;
#43 = ORIENTED_EDGE ( 'NONE', *, *, #867, .F. ) ;
#44 = AXIS2_PLACEMENT_3D ( 'NONE', #1333, #1253, #125 ) ;
#45 = COLOUR_RGB ( '',0.2509803921568627416, 0.2509803921568627416, 0.2509803921568627416 ) ;
#46 = AXIS2_PLACEMENT_3D ( 'NONE', #116, #1250, #873 ) ;
#47 = CARTESIAN_POINT ( 'NONE',  ( 0.0000000000000000000, 0.01968503937007873988, 0.0000000000000000000 ) ) ;
#48 = ORIENTED_EDGE ( 'NONE', *, *, #1012, .T. ) ;
#49 = ORIENTED_EDGE ( 'NONE', *, *, #724, .T. ) ;
#50 = CARTESIAN_POINT ( 'NONE',  ( -0.3250865460991423372, 0.01968503937007873988, 0.2740640420231253427 ) ) ;
#51 = EDGE_CURVE ( 'NONE', #69, #1277, #971, .T. ) ;
#52 = CARTESIAN_POINT ( 'NONE',  ( 0.0000000000000000000, 0.0000000000000000000, 0.0000000000000000000 ) ) ;
#53 = CARTESIAN_POINT ( 'NONE',  ( 2.651794250122221954E-18, 0.0000000000000000000, -0.2185039370078740439 ) ) ;
#54 = ORIENTED_EDGE ( 'NONE', *, *, #382, .T. ) ;
#55 = EDGE_CURVE ( 'NONE', #1522, #256, #751, .T. ) ;
#56 = ORIENTED_EDGE ( 'NONE', *, *, #982, .T. ) ;
#57 = EDGE_CURVE ( 'NONE', #720, #1452, #288, .T. ) ;
#58 = DIRECTION ( 'NONE',  ( 0.0000000000000000000, 0.0000000000000000000, 1.000000000000000000 ) ) ;
#59 = ORIENTED_EDGE ( 'NONE', *, *, #1528, .F. ) ;
#60 = AXIS2_PLACEMENT_3D ( 'NONE', #1357, #129, #898 ) ;
#61 = CARTESIAN_POINT ( 'NONE',  ( 2.651794250122221954E-18, 0.01968503937007873988, -0.2185039370078740439 ) ) ;
#62 = LINE ( 'NONE', #429, #941 ) ;
#63 = VERTEX_POINT ( 'NONE', #17 ) ;
#64 = AXIS2_PLACEMENT_3D ( 'NONE', #369, #856, #1541 ) ;
#65 = AXIS2_PLACEMENT_3D ( 'NONE', #1130, #771, #27 ) ;
#66 = FILL_AREA_STYLE ('',( #1538 ) ) ;
#67 = ORIENTED_EDGE ( 'NONE', *, *, #1144, .F. ) ;
#68 = DIRECTION ( 'NONE',  ( 8.921238645900943480E-16, 0.0000000000000000000, -1.000000000000000000 ) ) ;
#69 = VERTEX_POINT ( 'NONE', #636 ) ;
#70 = SURFACE_STYLE_USAGE ( .BOTH. , #687 ) ;
#71 = SURFACE_SIDE_STYLE ('',( #679 ) ) ;
#72 = SURFACE_SIDE_STYLE ('',( #1179 ) ) ;
#73 = CARTESIAN_POINT ( 'NONE',  ( 0.0000000000000000000, -0.2519685039370078705, -0.1811023622047244208 ) ) ;
#74 = ORIENTED_EDGE ( 'NONE', *, *, #1187, .F. ) ;
#75 = CARTESIAN_POINT ( 'NONE',  ( 5.303588500244442984E-17, 0.3110236220472441526, -0.4330708661417322913 ) ) ;
#76 = EDGE_CURVE ( 'NONE', #1420, #1569, #601, .T. ) ;
#77 =( NAMED_UNIT ( * ) SI_UNIT ( $, .STERADIAN. ) SOLID_ANGLE_UNIT ( ) );
#78 = ORIENTED_EDGE ( 'NONE', *, *, #8, .F. ) ;
#79 = STYLED_ITEM ( 'NONE', ( #925 ), #338 ) ;
#80 = LINE ( 'NONE', #954, #865 ) ;
#81 = CIRCLE ( 'NONE', #390, 0.02165354330708662081 ) ;
#82 = CIRCLE ( 'NONE', #1341, 0.01968503937007875723 ) ;
#83 = DIRECTION ( 'NONE',  ( 0.0000000000000000000, -1.000000000000000000, 0.0000000000000000000 ) ) ;
#84 = LENGTH_MEASURE_WITH_UNIT ( LENGTH_MEASURE( 0.02539999999999999897 ), #361 );
#85 = PRESENTATION_LAYER_ASSIGNMENT (  '', '', ( #1480 ) ) ;
#86 = MANIFOLD_SOLID_BREP ( 'Boss-Extrude3', #1391 ) ;
#87 = DIRECTION ( 'NONE',  ( 0.0000000000000000000, 0.0000000000000000000, -1.000000000000000000 ) ) ;
#88 = DIMENSIONAL_EXPONENTS ( 1.000000000000000000, 0.0000000000000000000, 0.0000000000000000000, 0.0000000000000000000, 0.0000000000000000000, 0.0000000000000000000, 0.0000000000000000000 ) ;
#89 = CARTESIAN_POINT ( 'NONE',  ( 0.0000000000000000000, -0.2519685039370078705, -0.1968503937007874127 ) ) ;
#90 = PLANE ( 'NONE',  #1337 ) ;
#91 = EDGE_LOOP ( 'NONE', ( #1114, #489, #105, #126, #40, #1175 ) ) ;
#92 = DIRECTION ( 'NONE',  ( -0.0000000000000000000, -1.000000000000000000, -0.0000000000000000000 ) ) ;
#93 = CARTESIAN_POINT ( 'NONE',  ( 0.0000000000000000000, 0.01968503937007873988, 0.0000000000000000000 ) ) ;
#94 = DIRECTION ( 'NONE',  ( 0.8660254037844362651, 0.0000000000000000000, -0.5000000000000038858 ) ) ;
#95 =( CONVERSION_BASED_UNIT ( 'INCH', #1236 ) LENGTH_UNIT ( ) NAMED_UNIT ( #1530 ) );
#96 = ORIENTED_EDGE ( 'NONE', *, *, #1423, .T. ) ;
#97 = EDGE_CURVE ( 'NONE', #1522, #1128, #1465, .T. ) ;
#98 = SURFACE_STYLE_FILL_AREA ( #585 ) ;
#99 = EDGE_CURVE ( 'NONE', #631, #287, #1161, .T. ) ;
#100 = LINE ( 'NONE', #459, #420 ) ;
#101 = UNCERTAINTY_MEASURE_WITH_UNIT (LENGTH_MEASURE( 1.000000000000000082E-05 ), #1523, 'distance_accuracy_value', 'NONE');
#102 =( NAMED_UNIT ( * ) SI_UNIT ( $, .STERADIAN. ) SOLID_ANGLE_UNIT ( ) );
#103 = ORIENTED_EDGE ( 'NONE', *, *, #1225, .F. ) ;
#104 = LINE ( 'NONE', #1190, #1195 ) ;
#105 = ORIENTED_EDGE ( 'NONE', *, *, #519, .F. ) ;
#106 =( NAMED_UNIT ( * ) PLANE_ANGLE_UNIT ( ) SI_UNIT ( $, .RADIAN. ) );
#107 = DIRECTION ( 'NONE',  ( 0.0000000000000000000, 0.0000000000000000000, 1.000000000000000000 ) ) ;
#108 = DIRECTION ( 'NONE',  ( 0.0000000000000000000, 1.000000000000000000, 0.0000000000000000000 ) ) ;
#109 = VECTOR ( 'NONE', #903, 39.37007874015748143 ) ;
#110 = VECTOR ( 'NONE', #1230, 39.37007874015748143 ) ;
#111 =( NAMED_UNIT ( * ) SI_UNIT ( $, .STERADIAN. ) SOLID_ANGLE_UNIT ( ) );
#112 = COLOUR_RGB ( '',0.2509803921568627416, 0.2509803921568627416, 0.2509803921568627416 ) ;
#113 = CIRCLE ( 'NONE', #1021, 0.4251968503937008093 ) ;
#114 = LINE ( 'NONE', #981, #575 ) ;
#115 = COLOUR_RGB ( '',0.2509803921568627416, 0.2509803921568627416, 0.2509803921568627416 ) ;
#116 = CARTESIAN_POINT ( 'NONE',  ( 0.0000000000000000000, 0.01968503937007873988, 0.0000000000000000000 ) ) ;
#117 = CARTESIAN_POINT ( 'NONE',  ( 0.0000000000000000000, 0.3110236220472441526, 0.0000000000000000000 ) ) ;
#118 = ORIENTED_EDGE ( 'NONE', *, *, #57, .F. ) ;
#119 = AXIS2_PLACEMENT_3D ( 'NONE', #513, #1362, #134 ) ;
#120 = PLANE ( 'NONE',  #732 ) ;
#121 = EDGE_CURVE ( 'NONE', #1123, #738, #114, .T. ) ;
#122 = DIRECTION ( 'NONE',  ( 0.0000000000000000000, 1.000000000000000000, 0.0000000000000000000 ) ) ;
#123 = EDGE_CURVE ( 'NONE', #1407, #1514, #1293, .T. ) ;
#124 = PRESENTATION_STYLE_ASSIGNMENT (( #845 ) ) ;
#125 = DIRECTION ( 'NONE',  ( 0.0000000000000000000, 0.0000000000000000000, 1.000000000000000000 ) ) ;
#126 = ORIENTED_EDGE ( 'NONE', *, *, #1351, .F. ) ;
#127 = ADVANCED_FACE ( 'NONE', ( #202 ), #802, .T. ) ;
#128 = DIRECTION ( 'NONE',  ( -0.0000000000000000000, -1.000000000000000000, -0.0000000000000000000 ) ) ;
#129 = DIRECTION ( 'NONE',  ( 0.0000000000000000000, 1.000000000000000000, 0.0000000000000000000 ) ) ;
#130 = ORIENTED_EDGE ( 'NONE', *, *, #940, .T. ) ;
#131 = DIRECTION ( 'NONE',  ( -0.0000000000000000000, -1.000000000000000000, -0.0000000000000000000 ) ) ;
#132 = AXIS2_PLACEMENT_3D ( 'NONE', #460, #1560, #1568 ) ;
#133 =( NAMED_UNIT ( * ) SI_UNIT ( $, .STERADIAN. ) SOLID_ANGLE_UNIT ( ) );
#134 = DIRECTION ( 'NONE',  ( 0.0000000000000000000, 0.0000000000000000000, -1.000000000000000000 ) ) ;
#135 = CARTESIAN_POINT ( 'NONE',  ( 0.0000000000000000000, 0.3307086614173229133, 0.0000000000000000000 ) ) ;
#136 = STYLED_ITEM ( 'NONE', ( #736 ), #86 ) ;
#137 = ORIENTED_EDGE ( 'NONE', *, *, #76, .T. ) ;
#138 = VECTOR ( 'NONE', #691, 39.37007874015748143 ) ;
#139 = DIRECTION ( 'NONE',  ( 0.0000000000000000000, 0.0000000000000000000, 1.000000000000000000 ) ) ;
#140 = DIRECTION ( 'NONE',  ( 0.0000000000000000000, 0.0000000000000000000, 1.000000000000000000 ) ) ;
#141 = CARTESIAN_POINT ( 'NONE',  ( 0.07480314960629926013, 0.0000000000000000000, -0.4465337599608763530 ) ) ;
#142 = ORIENTED_EDGE ( 'NONE', *, *, #1268, .T. ) ;
#143 = EDGE_CURVE ( 'NONE', #1537, #6, #318, .T. ) ;
#144 = DIMENSIONAL_EXPONENTS ( 1.000000000000000000, 0.0000000000000000000, 0.0000000000000000000, 0.0000000000000000000, 0.0000000000000000000, 0.0000000000000000000, 0.0000000000000000000 ) ;
#145 = SURFACE_STYLE_FILL_AREA ( #380 ) ;
#146 = EDGE_CURVE ( 'NONE', #537, #1569, #1117, .T. ) ;
#147 = CARTESIAN_POINT ( 'NONE',  ( 0.0000000000000000000, 0.01968503937007873988, 0.0000000000000000000 ) ) ;
#148 = FACE_OUTER_BOUND ( 'NONE', #446, .T. ) ;
#149 = DIRECTION ( 'NONE',  ( 0.0000000000000000000, 0.0000000000000000000, -1.000000000000000000 ) ) ;
#150 = ORIENTED_EDGE ( 'NONE', *, *, #32, .F. ) ;
#151 = PRESENTATION_STYLE_ASSIGNMENT (( #1258 ) ) ;
#152 = DIRECTION ( 'NONE',  ( -0.0000000000000000000, -1.000000000000000000, -0.0000000000000000000 ) ) ;
#153 = LINE ( 'NONE', #283, #677 ) ;
#154 =( LENGTH_UNIT ( ) NAMED_UNIT ( * ) SI_UNIT ( $, .METRE. ) );
#155 = MECHANICAL_DESIGN_GEOMETRIC_PRESENTATION_REPRESENTATION (  '', ( #1339 ), #286 ) ;
#156 = ORIENTED_EDGE ( 'NONE', *, *, #867, .T. ) ;
#157 = COLOUR_RGB ( '',0.2509803921568627416, 0.2509803921568627416, 0.2509803921568627416 ) ;
#158 = MECHANICAL_DESIGN_GEOMETRIC_PRESENTATION_REPRESENTATION (  '', ( #136 ), #807 ) ;
#159 = ORIENTED_EDGE ( 'NONE', *, *, #371, .T. ) ;
#160 = PRESENTATION_LAYER_ASSIGNMENT (  '', '', ( #1120 ) ) ;
#161 = EDGE_CURVE ( 'NONE', #926, #1420, #82, .T. ) ;
#162 = CARTESIAN_POINT ( 'NONE',  ( 0.0000000000000000000, 0.01968503937007873988, -0.4251968503937008093 ) ) ;
#163 = UNCERTAINTY_MEASURE_WITH_UNIT (LENGTH_MEASURE( 1.000000000000000082E-05 ), #850, 'distance_accuracy_value', 'NONE');
#164 = ADVANCED_FACE ( 'NONE', ( #927 ), #327, .T. ) ;
#165 = FILL_AREA_STYLE ('',( #805 ) ) ;
#166 = DIMENSIONAL_EXPONENTS ( 1.000000000000000000, 0.0000000000000000000, 0.0000000000000000000, 0.0000000000000000000, 0.0000000000000000000, 0.0000000000000000000, 0.0000000000000000000 ) ;
#167 = VERTEX_POINT ( 'NONE', #889 ) ;
#168 = ADVANCED_FACE ( 'NONE', ( #304 ), #823, .T. ) ;
#169 = DIRECTION ( 'NONE',  ( 0.0000000000000000000, 0.0000000000000000000, -1.000000000000000000 ) ) ;
#170 = ORIENTED_EDGE ( 'NONE', *, *, #123, .F. ) ;
#171 = DIRECTION ( 'NONE',  ( -0.0000000000000000000, -1.000000000000000000, -0.0000000000000000000 ) ) ;
#172 =( CONVERSION_BASED_UNIT ( 'INCH', #416 ) LENGTH_UNIT ( ) NAMED_UNIT ( #257 ) );
#173 = PRODUCT_DEFINITION_SHAPE ( 'NONE', 'NONE',  #407 ) ;
#174 = DIRECTION ( 'NONE',  ( 0.0000000000000000000, 1.000000000000000000, 0.0000000000000000000 ) ) ;
#175 = ORIENTED_EDGE ( 'NONE', *, *, #666, .F. ) ;
#176 = CARTESIAN_POINT ( 'NONE',  ( 0.3740157480314960647, 0.3346456692913385988, 0.1181102362204724532 ) ) ;
#177 = CARTESIAN_POINT ( 'NONE',  ( 0.3548770940417312336, 0.3307086614173229133, -0.1181102362204724254 ) ) ;
#178 = ORIENTED_EDGE ( 'NONE', *, *, #1528, .T. ) ;
#179 = LINE ( 'NONE', #667, #347 ) ;
#180 = CARTESIAN_POINT ( 'NONE',  ( 1.928577636452525688E-18, 0.0000000000000000000, -0.2125984251968504046 ) ) ;
#181 = ORIENTED_EDGE ( 'NONE', *, *, #742, .T. ) ;
#182 = PRESENTATION_LAYER_ASSIGNMENT (  '', '', ( #860 ) ) ;
#183 = VECTOR ( 'NONE', #1242, 39.37007874015748143 ) ;
#184 = LENGTH_MEASURE_WITH_UNIT ( LENGTH_MEASURE( 0.02539999999999999897 ), #1408 );
#185 = CARTESIAN_POINT ( 'NONE',  ( 0.0000000000000000000, 0.0000000000000000000, 0.0000000000000000000 ) ) ;
#186 = EDGE_LOOP ( 'NONE', ( #439, #1103, #1281, #181, #206, #1469, #652, #430, #843, #150 ) ) ;
#187 = AXIS2_PLACEMENT_3D ( 'NONE', #717, #840, #1462 ) ;
#188 = CIRCLE ( 'NONE', #237, 0.4527559055118111631 ) ;
#189 = STYLED_ITEM ( 'NONE', ( #591 ), #1028 ) ;
#190 = DIRECTION ( 'NONE',  ( 0.8660254037844429265, 0.0000000000000000000, 0.4999999999999927836 ) ) ;
#191 = PRESENTATION_STYLE_ASSIGNMENT (( #70 ) ) ;
#192 = FILL_AREA_STYLE_COLOUR ( '', #704 ) ;
#193 =( NAMED_UNIT ( * ) PLANE_ANGLE_UNIT ( ) SI_UNIT ( $, .RADIAN. ) );
#194 = ORIENTED_EDGE ( 'NONE', *, *, #1458, .F. ) ;
#195 = EDGE_CURVE ( 'NONE', #1514, #720, #179, .T. ) ;
#196 = CARTESIAN_POINT ( 'NONE',  ( 0.0000000000000000000, 0.0000000000000000000, 0.2185039370078740439 ) ) ;
#197 = CARTESIAN_POINT ( 'NONE',  ( 0.3250865460991464451, 0.0000000000000000000, 0.2740640420231206797 ) ) ;
#198 = ADVANCED_FACE ( 'NONE', ( #148 ), #35, .T. ) ;
#199 = PLANE ( 'NONE',  #372 ) ;
#200 = EDGE_LOOP ( 'NONE', ( #524, #1580, #201, #156 ) ) ;
#201 = ORIENTED_EDGE ( 'NONE', *, *, #816, .F. ) ;
#202 = FACE_OUTER_BOUND ( 'NONE', #462, .T. ) ;
#203 = CARTESIAN_POINT ( 'NONE',  ( 0.07480314960629926013, 0.01968503937007873988, -0.4185652283619612501 ) ) ;
#204 = PLANE ( 'NONE',  #470 ) ;
#205 = ORIENTED_EDGE ( 'NONE', *, *, #453, .T. ) ;
#206 = ORIENTED_EDGE ( 'NONE', *, *, #1124, .F. ) ;
#207 = PRESENTATION_LAYER_ASSIGNMENT (  '', '', ( #1441 ) ) ;
#208 = FILL_AREA_STYLE_COLOUR ( '', #238 ) ;
#209 = CIRCLE ( 'NONE', #417, 0.3740157480314960647 ) ;
#210 = PRESENTATION_LAYER_ASSIGNMENT (  '', '', ( #834 ) ) ;
#211 = VECTOR ( 'NONE', #1300, 39.37007874015748143 ) ;
#212 = LINE ( 'NONE', #328, #937 ) ;
#213 = CIRCLE ( 'NONE', #627, 0.4527559055118110520 ) ;
#214 = CIRCLE ( 'NONE', #787, 0.3740157480314960647 ) ;
#215 = SURFACE_STYLE_USAGE ( .BOTH. , #1314 ) ;
#216 = EDGE_CURVE ( 'NONE', #1363, #766, #1216, .T. ) ;
#217 = DIRECTION ( 'NONE',  ( 0.0000000000000000000, 0.0000000000000000000, -1.000000000000000000 ) ) ;
#218 = FACE_OUTER_BOUND ( 'NONE', #364, .T. ) ;
#219 = ORIENTED_EDGE ( 'NONE', *, *, #568, .T. ) ;
#220 = DIRECTION ( 'NONE',  ( -0.0000000000000000000, -1.000000000000000000, -0.0000000000000000000 ) ) ;
#221 = PLANE ( 'NONE',  #472 ) ;
#222 = FACE_OUTER_BOUND ( 'NONE', #200, .T. ) ;
#223 = PLANE ( 'NONE',  #938 ) ;
#224 = PLANE ( 'NONE',  #1344 ) ;
#225 = DIRECTION ( 'NONE',  ( -0.0000000000000000000, -1.000000000000000000, -0.0000000000000000000 ) ) ;
#226 = ORIENTED_EDGE ( 'NONE', *, *, #551, .T. ) ;
#227 = CARTESIAN_POINT ( 'NONE',  ( -0.3998896957054422496, 0.0000000000000000000, 0.1445011863388394602 ) ) ;
#228 = CARTESIAN_POINT ( 'NONE',  ( 0.0000000000000000000, 0.01968503937007873988, -0.1968503937007874127 ) ) ;
#229 = DIRECTION ( 'NONE',  ( 0.0000000000000000000, 1.000000000000000000, 0.0000000000000000000 ) ) ;
#230 = PRESENTATION_STYLE_ASSIGNMENT (( #851 ) ) ;
#231 = ORIENTED_EDGE ( 'NONE', *, *, #502, .T. ) ;
#232 = EDGE_CURVE ( 'NONE', #6, #836, #604, .T. ) ;
#233 = DIRECTION ( 'NONE',  ( 0.0000000000000000000, 0.0000000000000000000, -1.000000000000000000 ) ) ;
#234 = VECTOR ( 'NONE', #514, 39.37007874015748143 ) ;
#235 = SURFACE_STYLE_USAGE ( .BOTH. , #831 ) ;
#236 = PRESENTATION_LAYER_ASSIGNMENT (  '', '', ( #447 ) ) ;
#237 = AXIS2_PLACEMENT_3D ( 'NONE', #93, #1325, #967 ) ;
#238 = COLOUR_RGB ( '',0.2509803921568627416, 0.2509803921568627416, 0.2509803921568627416 ) ;
#239 = CARTESIAN_POINT ( 'NONE',  ( 0.0000000000000000000, 0.3307086614173229133, 0.0000000000000000000 ) ) ;
#240 = PRESENTATION_LAYER_ASSIGNMENT (  '', '', ( #945 ) ) ;
#241 = CARTESIAN_POINT ( 'NONE',  ( 0.0000000000000000000, 0.3307086614173229133, 0.0000000000000000000 ) ) ;
#242 =( GEOMETRIC_REPRESENTATION_CONTEXT ( 3 ) GLOBAL_UNCERTAINTY_ASSIGNED_CONTEXT ( ( #780 ) ) GLOBAL_UNIT_ASSIGNED_CONTEXT ( ( #896, #1359, #1459 ) ) REPRESENTATION_CONTEXT ( 'NONE', 'WORKASPACE' ) );
#243 = VECTOR ( 'NONE', #140, 39.37007874015748143 ) ;
#244 = PLANE ( 'NONE',  #733 ) ;
#245 = EDGE_CURVE ( 'NONE', #63, #307, #1321, .T. ) ;
#246 = CARTESIAN_POINT ( 'NONE',  ( 0.0000000000000000000, 0.0000000000000000000, 0.0000000000000000000 ) ) ;
#247 =( LENGTH_UNIT ( ) NAMED_UNIT ( * ) SI_UNIT ( $, .METRE. ) );
#248 = DIRECTION ( 'NONE',  ( 0.0000000000000000000, 0.0000000000000000000, 1.000000000000000000 ) ) ;
#249 = DIRECTION ( 'NONE',  ( 0.0000000000000000000, 0.0000000000000000000, 1.000000000000000000 ) ) ;
#250 =( LENGTH_UNIT ( ) NAMED_UNIT ( * ) SI_UNIT ( $, .METRE. ) );
#251 = ORIENTED_EDGE ( 'NONE', *, *, #245, .T. ) ;
#252 = PRESENTATION_STYLE_ASSIGNMENT (( #31 ) ) ;
#253 = SURFACE_STYLE_FILL_AREA ( #1353 ) ;
#254 = CARTESIAN_POINT ( 'NONE',  ( 0.07480314960629928789, 0.01968503937007873988, -0.4465337599608765196 ) ) ;
#255 = LINE ( 'NONE', #19, #935 ) ;
#256 = VERTEX_POINT ( 'NONE', #346 ) ;
#257 = DIMENSIONAL_EXPONENTS ( 1.000000000000000000, 0.0000000000000000000, 0.0000000000000000000, 0.0000000000000000000, 0.0000000000000000000, 0.0000000000000000000, 0.0000000000000000000 ) ;
#258 = STYLED_ITEM ( 'NONE', ( #1023 ), #530 ) ;
#259 = CIRCLE ( 'NONE', #1502, 0.4527559055118110520 ) ;
#260 = LENGTH_MEASURE_WITH_UNIT ( LENGTH_MEASURE( 0.02539999999999999897 ), #247 );
#261 =( LENGTH_UNIT ( ) NAMED_UNIT ( * ) SI_UNIT ( $, .METRE. ) );
#262 = VECTOR ( 'NONE', #535, 39.37007874015748143 ) ;
#263 = ADVANCED_FACE ( 'NONE', ( #716 ), #1181, .T. ) ;
#264 = APPLICATION_PROTOCOL_DEFINITION ( 'draft international standard', 'automotive_design', 1998, #1139 ) ;
#265 = COLOUR_RGB ( '',0.2509803921568627416, 0.2509803921568627416, 0.2509803921568627416 ) ;
#266 = CIRCLE ( 'NONE', #1162, 0.01574803149606299885 ) ;
#267 = EDGE_CURVE ( 'NONE', #581, #1379, #730, .T. ) ;
#268 = DIMENSIONAL_EXPONENTS ( 1.000000000000000000, 0.0000000000000000000, 0.0000000000000000000, 0.0000000000000000000, 0.0000000000000000000, 0.0000000000000000000, 0.0000000000000000000 ) ;
#269 =( LENGTH_UNIT ( ) NAMED_UNIT ( * ) SI_UNIT ( $, .METRE. ) );
#270 = CARTESIAN_POINT ( 'NONE',  ( 0.0000000000000000000, 0.01968503937007873988, 0.0000000000000000000 ) ) ;
#271 = DIRECTION ( 'NONE',  ( 0.0000000000000000000, 0.0000000000000000000, 1.000000000000000000 ) ) ;
#272 = DIRECTION ( 'NONE',  ( -0.5000000000000039968, 0.0000000000000000000, -0.8660254037844363761 ) ) ;
#273 = LINE ( 'NONE', #1014, #310 ) ;
#274 = EDGE_LOOP ( 'NONE', ( #1047, #1437, #1331, #1563 ) ) ;
#275 = PRODUCT ( 'CUI_DEVICES_CVS-2308', 'CUI_DEVICES_CVS-2308', '', ( #783 ) ) ;
#276 = DIRECTION ( 'NONE',  ( 0.0000000000000000000, 0.0000000000000000000, 1.000000000000000000 ) ) ;
#277 =( NAMED_UNIT ( * ) PLANE_ANGLE_UNIT ( ) SI_UNIT ( $, .RADIAN. ) );
#278 = DIMENSIONAL_EXPONENTS ( 1.000000000000000000, 0.0000000000000000000, 0.0000000000000000000, 0.0000000000000000000, 0.0000000000000000000, 0.0000000000000000000, 0.0000000000000000000 ) ;
#279 = ORIENTED_EDGE ( 'NONE', *, *, #121, .T. ) ;
#280 = EDGE_LOOP ( 'NONE', ( #137, #178 ) ) ;
#281 = EDGE_CURVE ( 'NONE', #639, #1164, #777, .T. ) ;
#282 = DIRECTION ( 'NONE',  ( 0.0000000000000000000, 0.0000000000000000000, 1.000000000000000000 ) ) ;
#283 = CARTESIAN_POINT ( 'NONE',  ( 5.544660704801008406E-17, 0.3307086614173229133, 0.4527559055118110520 ) ) ;
#284 = VECTOR ( 'NONE', #1466, 39.37007874015748854 ) ;
#285 = DIRECTION ( 'NONE',  ( 0.0000000000000000000, -1.000000000000000000, 0.0000000000000000000 ) ) ;
#286 =( GEOMETRIC_REPRESENTATION_CONTEXT ( 3 ) GLOBAL_UNCERTAINTY_ASSIGNED_CONTEXT ( ( #947 ) ) GLOBAL_UNIT_ASSIGNED_CONTEXT ( ( #1056, #936, #1046 ) ) REPRESENTATION_CONTEXT ( 'NONE', 'WORKASPACE' ) );
#287 = VERTEX_POINT ( 'NONE', #61 ) ;
#288 = CIRCLE ( 'NONE', #1136, 0.4527559055118110520 ) ;
#289 = CARTESIAN_POINT ( 'NONE',  ( 0.0000000000000000000, 0.0000000000000000000, 0.1968503937007874127 ) ) ;
#290 = ORIENTED_EDGE ( 'NONE', *, *, #684, .T. ) ;
#291 = STYLED_ITEM ( 'NONE', ( #995 ), #1055 ) ;
#292 =( GEOMETRIC_REPRESENTATION_CONTEXT ( 3 ) GLOBAL_UNCERTAINTY_ASSIGNED_CONTEXT ( ( #366 ) ) GLOBAL_UNIT_ASSIGNED_CONTEXT ( ( #1312, #1206, #102 ) ) REPRESENTATION_CONTEXT ( 'NONE', 'WORKASPACE' ) );
#293 = VECTOR ( 'NONE', #582, 39.37007874015748143 ) ;
#294 = LINE ( 'NONE', #565, #109 ) ;
#295 = CARTESIAN_POINT ( 'NONE',  ( 0.3998896957054443591, 0.0000000000000000000, 0.1445011863388338536 ) ) ;
#296 = ORIENTED_EDGE ( 'NONE', *, *, #961, .F. ) ;
#297 = DIRECTION ( 'NONE',  ( 0.0000000000000000000, 1.000000000000000000, 0.0000000000000000000 ) ) ;
#298 = EDGE_LOOP ( 'NONE', ( #205, #379, #1244, #1264, #339, #301, #977, #1495, #1549, #354 ) ) ;
#299 =( NAMED_UNIT ( * ) PLANE_ANGLE_UNIT ( ) SI_UNIT ( $, .RADIAN. ) );
#300 = DIRECTION ( 'NONE',  ( 0.0000000000000000000, -1.000000000000000000, 0.0000000000000000000 ) ) ;
#301 = ORIENTED_EDGE ( 'NONE', *, *, #982, .F. ) ;
#302 = DIRECTION ( 'NONE',  ( -0.0000000000000000000, -1.000000000000000000, -0.0000000000000000000 ) ) ;
#303 = ORIENTED_EDGE ( 'NONE', *, *, #97, .F. ) ;
#304 = FACE_OUTER_BOUND ( 'NONE', #899, .T. ) ;
#305 =( LENGTH_UNIT ( ) NAMED_UNIT ( * ) SI_UNIT ( $, .METRE. ) );
#306 = UNCERTAINTY_MEASURE_WITH_UNIT (LENGTH_MEASURE( 1.000000000000000082E-05 ), #555, 'distance_accuracy_value', 'NONE');
#307 = VERTEX_POINT ( 'NONE', #1174 ) ;
#308 =( GEOMETRIC_REPRESENTATION_CONTEXT ( 3 ) GLOBAL_UNCERTAINTY_ASSIGNED_CONTEXT ( ( #718 ) ) GLOBAL_UNIT_ASSIGNED_CONTEXT ( ( #95, #483, #1477 ) ) REPRESENTATION_CONTEXT ( 'NONE', 'WORKASPACE' ) );
#309 = ADVANCED_FACE ( 'NONE', ( #690 ), #1540, .T. ) ;
#310 = VECTOR ( 'NONE', #892, 39.37007874015748143 ) ;
#311 = DIRECTION ( 'NONE',  ( -1.000000000000000000, 0.0000000000000000000, -8.921238645900943480E-16 ) ) ;
#312 =( NAMED_UNIT ( * ) SI_UNIT ( $, .STERADIAN. ) SOLID_ANGLE_UNIT ( ) );
#313 = ORIENTED_EDGE ( 'NONE', *, *, #371, .F. ) ;
#314 = CIRCLE ( 'NONE', #1135, 0.4251968503937008093 ) ;
#315 = AXIS2_PLACEMENT_3D ( 'NONE', #1051, #1370, #271 ) ;
#316 = EDGE_CURVE ( 'NONE', #167, #1407, #912, .T. ) ;
#317 = MECHANICAL_DESIGN_GEOMETRIC_PRESENTATION_REPRESENTATION (  '', ( #757 ), #1579 ) ;
#318 = LINE ( 'NONE', #196, #211 ) ;
#319 = PRESENTATION_STYLE_ASSIGNMENT (( #779 ) ) ;
#320 = AXIS2_PLACEMENT_3D ( 'NONE', #1450, #1059, #975 ) ;
#321 = CARTESIAN_POINT ( 'NONE',  ( 0.0000000000000000000, 0.3307086614173229133, 0.0000000000000000000 ) ) ;
#322 = DIRECTION ( 'NONE',  ( 0.0000000000000000000, -1.000000000000000000, 0.0000000000000000000 ) ) ;
#323 = DIRECTION ( 'NONE',  ( 0.0000000000000000000, 0.0000000000000000000, -1.000000000000000000 ) ) ;
#324 = SURFACE_SIDE_STYLE ('',( #1419 ) ) ;
#325 = ORIENTED_EDGE ( 'NONE', *, *, #1034, .T. ) ;
#326 = DIMENSIONAL_EXPONENTS ( 1.000000000000000000, 0.0000000000000000000, 0.0000000000000000000, 0.0000000000000000000, 0.0000000000000000000, 0.0000000000000000000, 0.0000000000000000000 ) ;
#327 = CYLINDRICAL_SURFACE ( 'NONE', #65, 0.1181102362204724532 ) ;
#328 = CARTESIAN_POINT ( 'NONE',  ( 0.0000000000000000000, 0.0000000000000000000, -0.1751968503937007815 ) ) ;
#329 = UNCERTAINTY_MEASURE_WITH_UNIT (LENGTH_MEASURE( 1.000000000000000082E-05 ), #887, 'distance_accuracy_value', 'NONE');
#330 =( NAMED_UNIT ( * ) PLANE_ANGLE_UNIT ( ) SI_UNIT ( $, .RADIAN. ) );
#331 = ORIENTED_EDGE ( 'NONE', *, *, #1423, .F. ) ;
#332 = CYLINDRICAL_SURFACE ( 'NONE', #1165, 0.01574803149606299885 ) ;
#333 = DIRECTION ( 'NONE',  ( 0.0000000000000000000, 0.0000000000000000000, 1.000000000000000000 ) ) ;
#334 = EDGE_LOOP ( 'NONE', ( #1491, #992, #170, #1503 ) ) ;
#335 = EDGE_CURVE ( 'NONE', #1537, #588, #1499, .T. ) ;
#336 = ADVANCED_FACE ( 'NONE', ( #1166 ), #90, .F. ) ;
#337 =( NAMED_UNIT ( * ) SI_UNIT ( $, .STERADIAN. ) SOLID_ANGLE_UNIT ( ) );
#338 = ADVANCED_FACE ( 'NONE', ( #827 ), #663, .F. ) ;
#339 = ORIENTED_EDGE ( 'NONE', *, *, #1172, .T. ) ;
#340 = FACE_OUTER_BOUND ( 'NONE', #1397, .T. ) ;
#341 = LENGTH_MEASURE_WITH_UNIT ( LENGTH_MEASURE( 0.02539999999999999897 ), #1340 );
#342 = CIRCLE ( 'NONE', #60, 0.1181102362204724532 ) ;
#343 = EDGE_LOOP ( 'NONE', ( #931, #1026, #194, #1429 ) ) ;
#344 = PRESENTATION_LAYER_ASSIGNMENT (  '', '', ( #1042 ) ) ;
#345 = MECHANICAL_DESIGN_GEOMETRIC_PRESENTATION_REPRESENTATION (  '', ( #1288 ), #41 ) ;
#346 = CARTESIAN_POINT ( 'NONE',  ( 0.3548770940417312336, 0.3346456692913385988, -0.1181102362204724254 ) ) ;
#347 = VECTOR ( 'NONE', #431, 39.37007874015748143 ) ;
#348 = CARTESIAN_POINT ( 'NONE',  ( 0.0000000000000000000, 0.3110236220472441526, 0.4527559055118110520 ) ) ;
#349 = UNCERTAINTY_MEASURE_WITH_UNIT (LENGTH_MEASURE( 1.000000000000000082E-05 ), #847, 'distance_accuracy_value', 'NONE');
#350 = CARTESIAN_POINT ( 'NONE',  ( 0.0000000000000000000, 0.0000000000000000000, 0.1968503937007874127 ) ) ;
#351 = STYLED_ITEM ( 'NONE', ( #841 ), #1355 ) ;
#352 = AXIS2_PLACEMENT_3D ( 'NONE', #350, #108, #1198 ) ;
#353 = FACE_OUTER_BOUND ( 'NONE', #939, .T. ) ;
#354 = ORIENTED_EDGE ( 'NONE', *, *, #554, .F. ) ;
#355 = PRESENTATION_LAYER_ASSIGNMENT (  '', '', ( #734 ) ) ;
#356 = LINE ( 'NONE', #1201, #1224 ) ;
#357 = FILL_AREA_STYLE_COLOUR ( '', #14 ) ;
#358 = ORIENTED_EDGE ( 'NONE', *, *, #1515, .T. ) ;
#359 = LENGTH_MEASURE_WITH_UNIT ( LENGTH_MEASURE( 0.02539999999999999897 ), #471 );
#360 =( CONVERSION_BASED_UNIT ( 'INCH', #1081 ) LENGTH_UNIT ( ) NAMED_UNIT ( #1430 ) );
#361 =( LENGTH_UNIT ( ) NAMED_UNIT ( * ) SI_UNIT ( $, .METRE. ) );
#362 = SURFACE_STYLE_FILL_AREA ( #593 ) ;
#363 = CYLINDRICAL_SURFACE ( 'NONE', #809, 0.4251968503937009758 ) ;
#364 = EDGE_LOOP ( 'NONE', ( #852, #54, #1291, #103 ) ) ;
#365 = DIRECTION ( 'NONE',  ( 0.0000000000000000000, 0.0000000000000000000, -1.000000000000000000 ) ) ;
#366 = UNCERTAINTY_MEASURE_WITH_UNIT (LENGTH_MEASURE( 1.000000000000000082E-05 ), #1312, 'distance_accuracy_value', 'NONE');
#367 = FACE_BOUND ( 'NONE', #1404, .T. ) ;
#368 = CYLINDRICAL_SURFACE ( 'NONE', #1313, 0.4251968503937008093 ) ;
#369 = CARTESIAN_POINT ( 'NONE',  ( 0.0000000000000000000, -0.2519685039370078705, -0.1968503937007874127 ) ) ;
#370 = LINE ( 'NONE', #596, #1183 ) ;
#371 = EDGE_CURVE ( 'NONE', #395, #665, #422, .T. ) ;
#372 = AXIS2_PLACEMENT_3D ( 'NONE', #567, #451, #948 ) ;
#373 = PRESENTATION_STYLE_ASSIGNMENT (( #625 ) ) ;
#374 = CARTESIAN_POINT ( 'NONE',  ( 0.0000000000000000000, 0.0000000000000000000, 0.0000000000000000000 ) ) ;
#375 = AXIS2_PLACEMENT_3D ( 'NONE', #794, #557, #525 ) ;
#376 =( NAMED_UNIT ( * ) SI_UNIT ( $, .STERADIAN. ) SOLID_ANGLE_UNIT ( ) );
#377 =( GEOMETRIC_REPRESENTATION_CONTEXT ( 3 ) GLOBAL_UNCERTAINTY_ASSIGNED_CONTEXT ( ( #978 ) ) GLOBAL_UNIT_ASSIGNED_CONTEXT ( ( #172, #928, #539 ) ) REPRESENTATION_CONTEXT ( 'NONE', 'WORKASPACE' ) );
#378 = FILL_AREA_STYLE ('',( #357 ) ) ;
#379 = ORIENTED_EDGE ( 'NONE', *, *, #1301, .T. ) ;
#380 = FILL_AREA_STYLE ('',( #1254 ) ) ;
#381 = CARTESIAN_POINT ( 'NONE',  ( 2.651794250122221954E-18, 0.0000000000000000000, 0.1751968503937007815 ) ) ;
#382 = EDGE_CURVE ( 'NONE', #1363, #639, #1547, .T. ) ;
#383 = DIMENSIONAL_EXPONENTS ( 1.000000000000000000, 0.0000000000000000000, 0.0000000000000000000, 0.0000000000000000000, 0.0000000000000000000, 0.0000000000000000000, 0.0000000000000000000 ) ;
#384 = DIRECTION ( 'NONE',  ( 0.0000000000000000000, 0.0000000000000000000, 1.000000000000000000 ) ) ;
#385 = LINE ( 'NONE', #141, #234 ) ;
#386 = ORIENTED_EDGE ( 'NONE', *, *, #1169, .F. ) ;
#387 = MECHANICAL_DESIGN_GEOMETRIC_PRESENTATION_REPRESENTATION (  '', ( #1115 ), #1389 ) ;
#388 = CYLINDRICAL_SURFACE ( 'NONE', #707, 0.4527559055118110520 ) ;
#389 = DIRECTION ( 'NONE',  ( 0.0000000000000000000, 0.0000000000000000000, -1.000000000000000000 ) ) ;
#390 = AXIS2_PLACEMENT_3D ( 'NONE', #605, #1552, #365 ) ;
#391 = CARTESIAN_POINT ( 'NONE',  ( 0.0000000000000000000, 0.0000000000000000000, 0.2185039370078740439 ) ) ;
#392 = MECHANICAL_DESIGN_GEOMETRIC_PRESENTATION_REPRESENTATION (  '', ( #1480 ), #916 ) ;
#393 = LENGTH_MEASURE_WITH_UNIT ( LENGTH_MEASURE( 0.02539999999999999897 ), #154 );
#394 = AXIS2_PLACEMENT_3D ( 'NONE', #1210, #1385, #500 ) ;
#395 = VERTEX_POINT ( 'NONE', #1152 ) ;
#396 = MECHANICAL_DESIGN_GEOMETRIC_PRESENTATION_REPRESENTATION (  '', ( #945 ), #292 ) ;
#397 = FILL_AREA_STYLE_COLOUR ( '', #496 ) ;
#398 = CIRCLE ( 'NONE', #710, 0.02165354330708662081 ) ;
#399 = SURFACE_STYLE_USAGE ( .BOTH. , #1483 ) ;
#400 =( NAMED_UNIT ( * ) PLANE_ANGLE_UNIT ( ) SI_UNIT ( $, .RADIAN. ) );
#401 = CARTESIAN_POINT ( 'NONE',  ( 0.0000000000000000000, 0.3307086614173229133, 0.0000000000000000000 ) ) ;
#402 = CARTESIAN_POINT ( 'NONE',  ( 0.0000000000000000000, 0.3346456692913385988, 0.0000000000000000000 ) ) ;
#403 = EDGE_LOOP ( 'NONE', ( #749, #461, #921, #953 ) ) ;
#404 = ADVANCED_FACE ( 'NONE', ( #1403 ), #1330, .F. ) ;
#405 = ORIENTED_EDGE ( 'NONE', *, *, #146, .T. ) ;
#406 = DIMENSIONAL_EXPONENTS ( 1.000000000000000000, 0.0000000000000000000, 0.0000000000000000000, 0.0000000000000000000, 0.0000000000000000000, 0.0000000000000000000, 0.0000000000000000000 ) ;
#407 = PRODUCT_DEFINITION ( 'UNKNOWN', '', #737, #1261 ) ;
#408 = DIRECTION ( 'NONE',  ( 0.0000000000000000000, 1.000000000000000000, 0.0000000000000000000 ) ) ;
#409 = APPLICATION_PROTOCOL_DEFINITION ( 'draft international standard', 'automotive_design', 1998, #1170 ) ;
#410 = DIRECTION ( 'NONE',  ( 0.0000000000000000000, 0.0000000000000000000, -1.000000000000000000 ) ) ;
#411 = ORIENTED_EDGE ( 'NONE', *, *, #910, .T. ) ;
#412 = DIRECTION ( 'NONE',  ( 0.8660254037844425934, 0.0000000000000000000, 0.4999999999999931166 ) ) ;
#413 = EDGE_CURVE ( 'NONE', #590, #919, #1451, .T. ) ;
#414 = ORIENTED_EDGE ( 'NONE', *, *, #940, .F. ) ;
#415 = DIRECTION ( 'NONE',  ( -0.8660254037844429265, 0.0000000000000000000, -0.4999999999999927836 ) ) ;
#416 = LENGTH_MEASURE_WITH_UNIT ( LENGTH_MEASURE( 0.02539999999999999897 ), #261 );
#417 = AXIS2_PLACEMENT_3D ( 'NONE', #980, #1186, #988 ) ;
#418 = CARTESIAN_POINT ( 'NONE',  ( 0.0000000000000000000, 0.0000000000000000000, 0.0000000000000000000 ) ) ;
#419 = ORIENTED_EDGE ( 'NONE', *, *, #791, .F. ) ;
#420 = VECTOR ( 'NONE', #1182, 39.37007874015748143 ) ;
#421 = MECHANICAL_DESIGN_GEOMETRIC_PRESENTATION_REPRESENTATION (  '', ( #886 ), #1316 ) ;
#422 = LINE ( 'NONE', #811, #1550 ) ;
#423 = VERTEX_POINT ( 'NONE', #1094 ) ;
#424 = PRESENTATION_LAYER_ASSIGNMENT (  '', '', ( #189 ) ) ;
#425 =( GEOMETRIC_REPRESENTATION_CONTEXT ( 3 ) GLOBAL_UNCERTAINTY_ASSIGNED_CONTEXT ( ( #1335 ) ) GLOBAL_UNIT_ASSIGNED_CONTEXT ( ( #979, #1336, #1185 ) ) REPRESENTATION_CONTEXT ( 'NONE', 'WORKASPACE' ) );
#426 = SURFACE_STYLE_FILL_AREA ( #66 ) ;
#427 = PLANE ( 'NONE',  #1065 ) ;
#428 = ORIENTED_EDGE ( 'NONE', *, *, #232, .T. ) ;
#429 = CARTESIAN_POINT ( 'NONE',  ( 0.3548770940417312336, 0.3346456692913385988, -0.1181102362204724254 ) ) ;
#430 = ORIENTED_EDGE ( 'NONE', *, *, #267, .T. ) ;
#431 = DIRECTION ( 'NONE',  ( -0.0000000000000000000, -1.000000000000000000, -0.0000000000000000000 ) ) ;
#432 = EDGE_CURVE ( 'NONE', #702, #581, #370, .T. ) ;
#433 = ADVANCED_BREP_SHAPE_REPRESENTATION ( 'CUI_DEVICES_CVS-2308', ( #86, #1163, #655 ), #1228 ) ;
#434 = FILL_AREA_STYLE ('',( #542 ) ) ;
#435 = ORIENTED_EDGE ( 'NONE', *, *, #568, .F. ) ;
#436 = EDGE_CURVE ( 'NONE', #786, #1203, #1411, .T. ) ;
#437 = DIRECTION ( 'NONE',  ( 0.0000000000000000000, 0.0000000000000000000, 1.000000000000000000 ) ) ;
#438 = DIRECTION ( 'NONE',  ( 0.0000000000000000000, 1.000000000000000000, 0.0000000000000000000 ) ) ;
#439 = ORIENTED_EDGE ( 'NONE', *, *, #1301, .F. ) ;
#440 = LENGTH_MEASURE_WITH_UNIT ( LENGTH_MEASURE( 0.02539999999999999897 ), #305 );
#441 = ORIENTED_EDGE ( 'NONE', *, *, #662, .T. ) ;
#442 = VECTOR ( 'NONE', #220, 39.37007874015748143 ) ;
#443 = DIRECTION ( 'NONE',  ( 0.8660254037844429265, 0.0000000000000000000, 0.4999999999999927836 ) ) ;
#444 = DIRECTION ( 'NONE',  ( 0.0000000000000000000, 0.0000000000000000000, -1.000000000000000000 ) ) ;
#445 = FILL_AREA_STYLE ('',( #1234 ) ) ;
#446 = EDGE_LOOP ( 'NONE', ( #1257, #96, #959, #74 ) ) ;
#447 = STYLED_ITEM ( 'NONE', ( #1089 ), #890 ) ;
#448 = AXIS2_PLACEMENT_3D ( 'NONE', #75, #694, #1551 ) ;
#449 = CIRCLE ( 'NONE', #888, 0.4527559055118111631 ) ;
#450 = DIRECTION ( 'NONE',  ( -0.0000000000000000000, -1.000000000000000000, -0.0000000000000000000 ) ) ;
#451 = DIRECTION ( 'NONE',  ( 0.0000000000000000000, 1.000000000000000000, 0.0000000000000000000 ) ) ;
#452 = LENGTH_MEASURE_WITH_UNIT ( LENGTH_MEASURE( 0.02539999999999999897 ), #1178 );
#453 = EDGE_CURVE ( 'NONE', #537, #926, #699, .T. ) ;
#454 = LINE ( 'NONE', #1418, #293 ) ;
#455 =( NAMED_UNIT ( * ) SI_UNIT ( $, .STERADIAN. ) SOLID_ANGLE_UNIT ( ) );
#456 = CARTESIAN_POINT ( 'NONE',  ( -0.4241111545766504398, 0.01968503937007873988, 0.1584854521382970116 ) ) ;
#457 = EDGE_LOOP ( 'NONE', ( #466, #676 ) ) ;
#458 = ADVANCED_FACE ( 'NONE', ( #1102 ), #1086, .F. ) ;
#459 = CARTESIAN_POINT ( 'NONE',  ( 0.4241111545766529378, 0.01968503937007873988, 0.1584854521382912385 ) ) ;
#460 = CARTESIAN_POINT ( 'NONE',  ( 0.3740157480314960647, 0.3346456692913385988, -0.1181102362204724532 ) ) ;
#461 = ORIENTED_EDGE ( 'NONE', *, *, #1512, .F. ) ;
#462 = EDGE_LOOP ( 'NONE', ( #491, #251, #1262, #175 ) ) ;
#463 = CYLINDRICAL_SURFACE ( 'NONE', #837, 0.4251968503937008093 ) ;
#464 = DIRECTION ( 'NONE',  ( 0.0000000000000000000, 0.0000000000000000000, 1.000000000000000000 ) ) ;
#465 = PLANE ( 'NONE',  #352 ) ;
#466 = ORIENTED_EDGE ( 'NONE', *, *, #768, .T. ) ;
#467 = CARTESIAN_POINT ( 'NONE',  ( -0.3493080049703507495, 0.0000000000000000000, 0.2880483078225829496 ) ) ;
#468 = AXIS2_PLACEMENT_3D ( 'NONE', #1297, #799, #444 ) ;
#469 = VERTEX_POINT ( 'NONE', #1256 ) ;
#470 = AXIS2_PLACEMENT_3D ( 'NONE', #147, #1125, #511 ) ;
#471 =( LENGTH_UNIT ( ) NAMED_UNIT ( * ) SI_UNIT ( $, .METRE. ) );
#472 = AXIS2_PLACEMENT_3D ( 'NONE', #246, #1119, #1035 ) ;
#473 = PRESENTATION_LAYER_ASSIGNMENT (  '', '', ( #757 ) ) ;
#474 = AXIS2_PLACEMENT_3D ( 'NONE', #402, #1278, #389 ) ;
#475 = LENGTH_MEASURE_WITH_UNIT ( LENGTH_MEASURE( 0.02539999999999999897 ), #1463 );
#476 = MECHANICAL_DESIGN_GEOMETRIC_PRESENTATION_REPRESENTATION (  '', ( #1120 ), #377 ) ;
#477 =( CONVERSION_BASED_UNIT ( 'INCH', #1090 ) LENGTH_UNIT ( ) NAMED_UNIT ( #406 ) );
#478 = DIRECTION ( 'NONE',  ( 0.0000000000000000000, 0.0000000000000000000, 1.000000000000000000 ) ) ;
#479 = LENGTH_MEASURE_WITH_UNIT ( LENGTH_MEASURE( 0.02539999999999999897 ), #950 );
#480 = ORIENTED_EDGE ( 'NONE', *, *, #99, .T. ) ;
#481 = SURFACE_SIDE_STYLE ('',( #579 ) ) ;
#482 = EDGE_CURVE ( 'NONE', #1277, #69, #1508, .T. ) ;
#483 =( NAMED_UNIT ( * ) PLANE_ANGLE_UNIT ( ) SI_UNIT ( $, .RADIAN. ) );
#484 = EDGE_LOOP ( 'NONE', ( #508, #594, #1410, #59 ) ) ;
#485 = LENGTH_MEASURE_WITH_UNIT ( LENGTH_MEASURE( 0.02539999999999999897 ), #633 );
#486 = CARTESIAN_POINT ( 'NONE',  ( -0.07480314960629917687, 0.01968503937007873988, -0.4465337599608763530 ) ) ;
#487 = SURFACE_SIDE_STYLE ('',( #11 ) ) ;
#488 = FILL_AREA_STYLE_COLOUR ( '', #1239 ) ;
#489 = ORIENTED_EDGE ( 'NONE', *, *, #1034, .F. ) ;
#490 = SURFACE_STYLE_USAGE ( .BOTH. , #1109 ) ;
#491 = ORIENTED_EDGE ( 'NONE', *, *, #1193, .F. ) ;
#492 = PRESENTATION_LAYER_ASSIGNMENT (  '', '', ( #79 ) ) ;
#493 = AXIS2_PLACEMENT_3D ( 'NONE', #1518, #790, #415 ) ;
#494 = CARTESIAN_POINT ( 'NONE',  ( 0.3998896957054443591, 0.01968503937007873988, 0.1445011863388338536 ) ) ;
#495 = CARTESIAN_POINT ( 'NONE',  ( 0.4241111545766529378, 0.01968503937007873988, 0.1584854521382912385 ) ) ;
#496 = COLOUR_RGB ( '',0.7529411764705882248, 0.7529411764705882248, 0.7529411764705882248 ) ;
#497 = DIRECTION ( 'NONE',  ( 0.0000000000000000000, 0.0000000000000000000, -1.000000000000000000 ) ) ;
#498 = PRESENTATION_LAYER_ASSIGNMENT (  '', '', ( #351 ) ) ;
#499 =( NAMED_UNIT ( * ) PLANE_ANGLE_UNIT ( ) SI_UNIT ( $, .RADIAN. ) );
#500 = DIRECTION ( 'NONE',  ( 0.0000000000000000000, 0.0000000000000000000, 1.000000000000000000 ) ) ;
#501 = VERTEX_POINT ( 'NONE', #1513 ) ;
#502 = EDGE_CURVE ( 'NONE', #909, #167, #113, .T. ) ;
#503 = SURFACE_SIDE_STYLE ('',( #145 ) ) ;
#504 = PRESENTATION_STYLE_ASSIGNMENT (( #635 ) ) ;
#505 =( NAMED_UNIT ( * ) PLANE_ANGLE_UNIT ( ) SI_UNIT ( $, .RADIAN. ) );
#506 = CARTESIAN_POINT ( 'NONE',  ( 0.0000000000000000000, 0.3307086614173229133, -0.3740157480314960647 ) ) ;
#507 = CARTESIAN_POINT ( 'NONE',  ( -0.4241111545766504398, 0.0000000000000000000, 0.1584854521382970116 ) ) ;
#508 = ORIENTED_EDGE ( 'NONE', *, *, #146, .F. ) ;
#509 =( CONVERSION_BASED_UNIT ( 'INCH', #632 ) LENGTH_UNIT ( ) NAMED_UNIT ( #1150 ) );
#510 =( NAMED_UNIT ( * ) PLANE_ANGLE_UNIT ( ) SI_UNIT ( $, .RADIAN. ) );
#511 = DIRECTION ( 'NONE',  ( 0.0000000000000000000, 0.0000000000000000000, -1.000000000000000000 ) ) ;
#512 =( LENGTH_UNIT ( ) NAMED_UNIT ( * ) SI_UNIT ( $, .METRE. ) );
#513 = CARTESIAN_POINT ( 'NONE',  ( 0.0000000000000000000, 0.3346456692913385988, 0.0000000000000000000 ) ) ;
#514 = DIRECTION ( 'NONE',  ( -0.0000000000000000000, -0.0000000000000000000, -1.000000000000000000 ) ) ;
#515 = AXIS2_PLACEMENT_3D ( 'NONE', #117, #225, #1439 ) ;
#516 = MECHANICAL_DESIGN_GEOMETRIC_PRESENTATION_REPRESENTATION (  '', ( #862 ), #1156 ) ;
#517 = FILL_AREA_STYLE ('',( #1247 ) ) ;
#518 = DIRECTION ( 'NONE',  ( -0.8660254037844425934, 0.0000000000000000000, -0.4999999999999931166 ) ) ;
#519 = EDGE_CURVE ( 'NONE', #731, #1128, #342, .T. ) ;
#520 = DIRECTION ( 'NONE',  ( 0.0000000000000000000, 0.0000000000000000000, 1.000000000000000000 ) ) ;
#521 = VECTOR ( 'NONE', #171, 39.37007874015748143 ) ;
#522 = CIRCLE ( 'NONE', #44, 0.1181102362204724532 ) ;
#523 = SURFACE_STYLE_USAGE ( .BOTH. , #620 ) ;
#524 = ORIENTED_EDGE ( 'NONE', *, *, #1144, .T. ) ;
#525 = DIRECTION ( 'NONE',  ( 0.0000000000000000000, 0.0000000000000000000, -1.000000000000000000 ) ) ;
#526 = VERTEX_POINT ( 'NONE', #25 ) ;
#527 = DIMENSIONAL_EXPONENTS ( 1.000000000000000000, 0.0000000000000000000, 0.0000000000000000000, 0.0000000000000000000, 0.0000000000000000000, 0.0000000000000000000, 0.0000000000000000000 ) ;
#528 = DIRECTION ( 'NONE',  ( 0.0000000000000000000, 0.0000000000000000000, -1.000000000000000000 ) ) ;
#529 =( NAMED_UNIT ( * ) PLANE_ANGLE_UNIT ( ) SI_UNIT ( $, .RADIAN. ) );
#530 = ADVANCED_FACE ( 'NONE', ( #643 ), #1141, .F. ) ;
#531 = CARTESIAN_POINT ( 'NONE',  ( 0.0000000000000000000, 0.01968503937007873988, 0.0000000000000000000 ) ) ;
#532 = ORIENTED_EDGE ( 'NONE', *, *, #1556, .T. ) ;
#533 =( NAMED_UNIT ( * ) PLANE_ANGLE_UNIT ( ) SI_UNIT ( $, .RADIAN. ) );
#534 = ORIENTED_EDGE ( 'NONE', *, *, #161, .F. ) ;
#535 = DIRECTION ( 'NONE',  ( -0.0000000000000000000, -1.000000000000000000, -0.0000000000000000000 ) ) ;
#536 = ORIENTED_EDGE ( 'NONE', *, *, #1287, .F. ) ;
#537 = VERTEX_POINT ( 'NONE', #905 ) ;
#538 = AXIS2_PLACEMENT_3D ( 'NONE', #674, #932, #333 ) ;
#539 =( NAMED_UNIT ( * ) SI_UNIT ( $, .STERADIAN. ) SOLID_ANGLE_UNIT ( ) );
#540 = MECHANICAL_DESIGN_GEOMETRIC_PRESENTATION_REPRESENTATION (  '', ( #258 ), #39 ) ;
#541 =( NAMED_UNIT ( * ) PLANE_ANGLE_UNIT ( ) SI_UNIT ( $, .RADIAN. ) );
#542 = FILL_AREA_STYLE_COLOUR ( '', #994 ) ;
#543 = EDGE_LOOP ( 'NONE', ( #1050, #1460, #67, #610 ) ) ;
#544 = CIRCLE ( 'NONE', #970, 0.01574803149606299885 ) ;
#545 = PRESENTATION_LAYER_ASSIGNMENT (  '', '', ( #886 ) ) ;
#546 = FILL_AREA_STYLE ('',( #1070 ) ) ;
#547 = FACE_OUTER_BOUND ( 'NONE', #775, .T. ) ;
#548 = ORIENTED_EDGE ( 'NONE', *, *, #413, .T. ) ;
#549 = MECHANICAL_DESIGN_GEOMETRIC_PRESENTATION_REPRESENTATION (  '', ( #1048 ), #242 ) ;
#550 = AXIS2_PLACEMENT_3D ( 'NONE', #1013, #272, #1235 ) ;
#551 = EDGE_CURVE ( 'NONE', #766, #1363, #1575, .T. ) ;
#552 = DIRECTION ( 'NONE',  ( -1.000000000000000000, 0.0000000000000000000, 0.0000000000000000000 ) ) ;
#553 = FILL_AREA_STYLE ('',( #670 ) ) ;
#554 = EDGE_CURVE ( 'NONE', #537, #1452, #273, .T. ) ;
#555 =( CONVERSION_BASED_UNIT ( 'INCH', #1037 ) LENGTH_UNIT ( ) NAMED_UNIT ( #651 ) );
#556 = EDGE_LOOP ( 'NONE', ( #1003, #405, #1146, #534 ) ) ;
#557 = DIRECTION ( 'NONE',  ( 0.0000000000000000000, -1.000000000000000000, 0.0000000000000000000 ) ) ;
#558 = EDGE_LOOP ( 'NONE', ( #441, #435, #1052, #598 ) ) ;
#559 = FACE_OUTER_BOUND ( 'NONE', #1583, .T. ) ;
#560 = SURFACE_SIDE_STYLE ('',( #1401 ) ) ;
#561 = SURFACE_STYLE_USAGE ( .BOTH. , #71 ) ;
#562 = SURFACE_STYLE_USAGE ( .BOTH. , #72 ) ;
#563 = CARTESIAN_POINT ( 'NONE',  ( 0.07480314960629926013, 0.0000000000000000000, -0.4185652283619612501 ) ) ;
#564 = ORIENTED_EDGE ( 'NONE', *, *, #1009, .F. ) ;
#565 = CARTESIAN_POINT ( 'NONE',  ( 0.3740157480314960647, 0.3346456692913385988, 0.1181102362204724532 ) ) ;
#566 = UNCERTAINTY_MEASURE_WITH_UNIT (LENGTH_MEASURE( 1.000000000000000082E-05 ), #1354, 'distance_accuracy_value', 'NONE');
#567 = CARTESIAN_POINT ( 'NONE',  ( 0.0000000000000000000, 0.3346456692913385988, 0.0000000000000000000 ) ) ;
#568 = EDGE_CURVE ( 'NONE', #1123, #825, #255, .T. ) ;
#569 = CARTESIAN_POINT ( 'NONE',  ( 0.0000000000000000000, 0.01968503937007873988, 0.2185039370078740439 ) ) ;
#570 = MECHANICAL_DESIGN_GEOMETRIC_PRESENTATION_REPRESENTATION (  '', ( #860 ), #308 ) ;
#571 = VECTOR ( 'NONE', #580, 39.37007874015748143 ) ;
#572 = DIRECTION ( 'NONE',  ( -0.0000000000000000000, -1.000000000000000000, -0.0000000000000000000 ) ) ;
#573 = ORIENTED_EDGE ( 'NONE', *, *, #1172, .F. ) ;
#574 = CIRCLE ( 'NONE', #600, 0.3740157480314960647 ) ;
#575 = VECTOR ( 'NONE', #190, 39.37007874015747433 ) ;
#576 = VECTOR ( 'NONE', #1380, 39.37007874015748143 ) ;
#577 = DIRECTION ( 'NONE',  ( 0.0000000000000000000, 0.0000000000000000000, 1.000000000000000000 ) ) ;
#578 = MECHANICAL_DESIGN_GEOMETRIC_PRESENTATION_REPRESENTATION (  '', ( #351 ), #425 ) ;
#579 = SURFACE_STYLE_FILL_AREA ( #1322 ) ;
#580 = DIRECTION ( 'NONE',  ( 0.0000000000000000000, 0.0000000000000000000, 1.000000000000000000 ) ) ;
#581 = VERTEX_POINT ( 'NONE', #507 ) ;
#582 = DIRECTION ( 'NONE',  ( 0.0000000000000000000, 1.000000000000000000, 0.0000000000000000000 ) ) ;
#583 = DIRECTION ( 'NONE',  ( -0.8660254037844362651, 0.0000000000000000000, 0.5000000000000038858 ) ) ;
#584 = ORIENTED_EDGE ( 'NONE', *, *, #993, .F. ) ;
#585 = FILL_AREA_STYLE ('',( #208 ) ) ;
#586 = FACE_OUTER_BOUND ( 'NONE', #556, .T. ) ;
#587 = CARTESIAN_POINT ( 'NONE',  ( 0.0000000000000000000, 0.01968503937007873988, 0.0000000000000000000 ) ) ;
#588 = VERTEX_POINT ( 'NONE', #381 ) ;
#589 = LINE ( 'NONE', #467, #21 ) ;
#590 = VERTEX_POINT ( 'NONE', #874 ) ;
#591 = PRESENTATION_STYLE_ASSIGNMENT (( #715 ) ) ;
#592 = CARTESIAN_POINT ( 'NONE',  ( 0.3740157480314960647, 0.3307086614173229133, 0.1181102362204724532 ) ) ;
#593 = FILL_AREA_STYLE ('',( #1578 ) ) ;
#594 = ORIENTED_EDGE ( 'NONE', *, *, #894, .F. ) ;
#595 = PRESENTATION_STYLE_ASSIGNMENT (( #1209 ) ) ;
#596 = CARTESIAN_POINT ( 'NONE',  ( -0.4241111545766505508, 0.0000000000000000000, 0.1584854521382971504 ) ) ;
#597 = AXIS2_PLACEMENT_3D ( 'NONE', #1536, #1040, #437 ) ;
#598 = ORIENTED_EDGE ( 'NONE', *, *, #791, .T. ) ;
#599 =( GEOMETRIC_REPRESENTATION_CONTEXT ( 3 ) GLOBAL_UNCERTAINTY_ASSIGNED_CONTEXT ( ( #1384 ) ) GLOBAL_UNIT_ASSIGNED_CONTEXT ( ( #33, #1492, #1486 ) ) REPRESENTATION_CONTEXT ( 'NONE', 'WORKASPACE' ) );
#600 = AXIS2_PLACEMENT_3D ( 'NONE', #1531, #408, #282 ) ;
#601 = CIRCLE ( 'NONE', #1505, 0.4330708661417322913 ) ;
#602 = EDGE_CURVE ( 'NONE', #590, #1379, #1251, .T. ) ;
#603 = VECTOR ( 'NONE', #518, 39.37007874015748143 ) ;
#604 = CIRCLE ( 'NONE', #1286, 0.02165354330708662081 ) ;
#605 = CARTESIAN_POINT ( 'NONE',  ( 0.0000000000000000000, 0.01968503937007873988, -0.1968503937007874127 ) ) ;
#606 = UNCERTAINTY_MEASURE_WITH_UNIT (LENGTH_MEASURE( 1.000000000000000082E-05 ), #1255, 'distance_accuracy_value', 'NONE');
#607 = COLOUR_RGB ( '',0.2509803921568627416, 0.2509803921568627416, 0.2509803921568627416 ) ;
#608 = EDGE_CURVE ( 'NONE', #1077, #1527, #1017, .T. ) ;
#609 = FACE_OUTER_BOUND ( 'NONE', #1084, .T. ) ;
#610 = ORIENTED_EDGE ( 'NONE', *, *, #1481, .F. ) ;
#611 = SURFACE_STYLE_FILL_AREA ( #1082 ) ;
#612 = FILL_AREA_STYLE_COLOUR ( '', #1453 ) ;
#613 = SURFACE_STYLE_FILL_AREA ( #1582 ) ;
#614 = SURFACE_STYLE_FILL_AREA ( #875 ) ;
#615 = EDGE_CURVE ( 'NONE', #1232, #720, #385, .T. ) ;
#616 = CARTESIAN_POINT ( 'NONE',  ( -0.07480314960629917687, 0.0000000000000000000, -0.4185652283619612501 ) ) ;
#617 =( NAMED_UNIT ( * ) PLANE_ANGLE_UNIT ( ) SI_UNIT ( $, .RADIAN. ) );
#618 = EDGE_CURVE ( 'NONE', #654, #423, #913, .T. ) ;
#619 = DIRECTION ( 'NONE',  ( 0.0000000000000000000, 0.0000000000000000000, 1.000000000000000000 ) ) ;
#620 = SURFACE_SIDE_STYLE ('',( #880 ) ) ;
#621 = ADVANCED_FACE ( 'NONE', ( #1406 ), #427, .T. ) ;
#622 = COLOUR_RGB ( '',0.2509803921568627416, 0.2509803921568627416, 0.2509803921568627416 ) ;
#623 = STYLED_ITEM ( 'NONE', ( #750 ), #985 ) ;
#624 = COLOUR_RGB ( '',0.2509803921568627416, 0.2509803921568627416, 0.2509803921568627416 ) ;
#625 = SURFACE_STYLE_USAGE ( .BOTH. , #1010 ) ;
#626 = PRESENTATION_STYLE_ASSIGNMENT (( #1369 ) ) ;
#627 = AXIS2_PLACEMENT_3D ( 'NONE', #374, #1409, #726 ) ;
#628 = DIRECTION ( 'NONE',  ( 0.0000000000000000000, 1.000000000000000000, 0.0000000000000000000 ) ) ;
#629 = TOROIDAL_SURFACE ( 'NONE', #1533, 0.4330708661417322913, 0.01968503937007873988 ) ;
#630 = CARTESIAN_POINT ( 'NONE',  ( 0.0000000000000000000, -0.2519685039370078705, -0.1968503937007874127 ) ) ;
#631 = VERTEX_POINT ( 'NONE', #1066 ) ;
#632 = LENGTH_MEASURE_WITH_UNIT ( LENGTH_MEASURE( 0.02539999999999999897 ), #1238 );
#633 =( LENGTH_UNIT ( ) NAMED_UNIT ( * ) SI_UNIT ( $, .METRE. ) );
#634 = SURFACE_STYLE_FILL_AREA ( #517 ) ;
#635 = SURFACE_STYLE_USAGE ( .BOTH. , #23 ) ;
#636 = CARTESIAN_POINT ( 'NONE',  ( 0.0000000000000000000, -0.2519685039370078705, 0.2125984251968504046 ) ) ;
#637 = DIRECTION ( 'NONE',  ( -0.0000000000000000000, -1.000000000000000000, -0.0000000000000000000 ) ) ;
#638 =( NAMED_UNIT ( * ) SI_UNIT ( $, .STERADIAN. ) SOLID_ANGLE_UNIT ( ) );
#639 = VERTEX_POINT ( 'NONE', #180 ) ;
#640 = DIMENSIONAL_EXPONENTS ( 1.000000000000000000, 0.0000000000000000000, 0.0000000000000000000, 0.0000000000000000000, 0.0000000000000000000, 0.0000000000000000000, 0.0000000000000000000 ) ;
#641 =( NAMED_UNIT ( * ) SI_UNIT ( $, .STERADIAN. ) SOLID_ANGLE_UNIT ( ) );
#642 = CARTESIAN_POINT ( 'NONE',  ( 0.0000000000000000000, -0.2519685039370078705, 0.1968503937007874127 ) ) ;
#643 = FACE_OUTER_BOUND ( 'NONE', #1062, .T. ) ;
#644 = ORIENTED_EDGE ( 'NONE', *, *, #1478, .F. ) ;
#645 = DIRECTION ( 'NONE',  ( -0.0000000000000000000, -1.000000000000000000, -0.0000000000000000000 ) ) ;
#646 = ADVANCED_FACE ( 'NONE', ( #671 ), #199, .T. ) ;
#647 = PRESENTATION_LAYER_ASSIGNMENT (  '', '', ( #1339 ) ) ;
#648 = CARTESIAN_POINT ( 'NONE',  ( 0.0000000000000000000, 0.0000000000000000000, -0.1968503937007874127 ) ) ;
#649 = PRESENTATION_LAYER_ASSIGNMENT (  '', '', ( #1288 ) ) ;
#650 = AXIS2_PLACEMENT_3D ( 'NONE', #1106, #628, #384 ) ;
#651 = DIMENSIONAL_EXPONENTS ( 1.000000000000000000, 0.0000000000000000000, 0.0000000000000000000, 0.0000000000000000000, 0.0000000000000000000, 0.0000000000000000000, 0.0000000000000000000 ) ;
#652 = ORIENTED_EDGE ( 'NONE', *, *, #1240, .T. ) ;
#653 = DIRECTION ( 'NONE',  ( -0.4999999999999931166, 0.0000000000000000000, 0.8660254037844425934 ) ) ;
#654 = VERTEX_POINT ( 'NONE', #53 ) ;
#655 = AXIS2_PLACEMENT_3D ( 'NONE', #52, #1405, #1274 ) ;
#656 = LINE ( 'NONE', #50, #262 ) ;
#657 = ORIENTED_EDGE ( 'NONE', *, *, #121, .F. ) ;
#658 = ORIENTED_EDGE ( 'NONE', *, *, #618, .F. ) ;
#659 = PLANE ( 'NONE',  #1476 ) ;
#660 = SURFACE_STYLE_FILL_AREA ( #434 ) ;
#661 = VERTEX_POINT ( 'NONE', #1038 ) ;
#662 = EDGE_CURVE ( 'NONE', #665, #825, #1443, .T. ) ;
#663 = PLANE ( 'NONE',  #597 ) ;
#664 = LINE ( 'NONE', #774, #1507 ) ;
#665 = VERTEX_POINT ( 'NONE', #295 ) ;
#666 = EDGE_CURVE ( 'NONE', #469, #1015, #832, .T. ) ;
#667 = CARTESIAN_POINT ( 'NONE',  ( 0.07480314960629928789, 0.01968503937007873988, -0.4465337599608765196 ) ) ;
#668 = CARTESIAN_POINT ( 'NONE',  ( 0.0000000000000000000, -0.2519685039370078705, 0.1968503937007874127 ) ) ;
#669 = MECHANICAL_DESIGN_GEOMETRIC_PRESENTATION_REPRESENTATION (  '', ( #79 ), #991 ) ;
#670 = FILL_AREA_STYLE_COLOUR ( '', #45 ) ;
#671 = FACE_OUTER_BOUND ( 'NONE', #984, .T. ) ;
#672 = AXIS2_PLACEMENT_3D ( 'NONE', #911, #922, #1398 ) ;
#673 = ORIENTED_EDGE ( 'NONE', *, *, #1303, .T. ) ;
#674 = CARTESIAN_POINT ( 'NONE',  ( 0.0000000000000000000, 0.0000000000000000000, -0.1968503937007874127 ) ) ;
#675 = DIRECTION ( 'NONE',  ( 0.0000000000000000000, -1.000000000000000000, 0.0000000000000000000 ) ) ;
#676 = ORIENTED_EDGE ( 'NONE', *, *, #618, .T. ) ;
#677 = VECTOR ( 'NONE', #1270, 39.37007874015748143 ) ;
#678 = FACE_OUTER_BOUND ( 'NONE', #833, .T. ) ;
#679 = SURFACE_STYLE_FILL_AREA ( #688 ) ;
#680 = CARTESIAN_POINT ( 'NONE',  ( 0.0000000000000000000, 0.0000000000000000000, -0.1968503937007874127 ) ) ;
#681 = CARTESIAN_POINT ( 'NONE',  ( 0.0000000000000000000, 0.0000000000000000000, -0.4251968503937008093 ) ) ;
#682 = ORIENTED_EDGE ( 'NONE', *, *, #1268, .F. ) ;
#683 = DIRECTION ( 'NONE',  ( 0.0000000000000000000, 0.0000000000000000000, 1.000000000000000000 ) ) ;
#684 = EDGE_CURVE ( 'NONE', #723, #909, #1457, .T. ) ;
#685 = CARTESIAN_POINT ( 'NONE',  ( 2.651794250122221954E-18, 0.01968503937007873988, 0.1751968503937007815 ) ) ;
#686 = FACE_OUTER_BOUND ( 'NONE', #484, .T. ) ;
#687 = SURFACE_SIDE_STYLE ('',( #660 ) ) ;
#688 = FILL_AREA_STYLE ('',( #192 ) ) ;
#689 =( NAMED_UNIT ( * ) PLANE_ANGLE_UNIT ( ) SI_UNIT ( $, .RADIAN. ) );
#690 = FACE_OUTER_BOUND ( 'NONE', #906, .T. ) ;
#691 = DIRECTION ( 'NONE',  ( -0.0000000000000000000, -1.000000000000000000, -0.0000000000000000000 ) ) ;
#692 = ORIENTED_EDGE ( 'NONE', *, *, #413, .F. ) ;
#693 = DIMENSIONAL_EXPONENTS ( 1.000000000000000000, 0.0000000000000000000, 0.0000000000000000000, 0.0000000000000000000, 0.0000000000000000000, 0.0000000000000000000, 0.0000000000000000000 ) ;
#694 = DIRECTION ( 'NONE',  ( 1.000000000000000000, -0.0000000000000000000, 1.224646799147353207E-16 ) ) ;
#695 = DIRECTION ( 'NONE',  ( -0.0000000000000000000, -1.000000000000000000, -0.0000000000000000000 ) ) ;
#696 = ADVANCED_FACE ( 'NONE', ( #222 ), #368, .F. ) ;
#697 = PRESENTATION_STYLE_ASSIGNMENT (( #719 ) ) ;
#698 = EDGE_LOOP ( 'NONE', ( #1427, #1440 ) ) ;
#699 = CIRCLE ( 'NONE', #515, 0.4527559055118110520 ) ;
#700 = DIRECTION ( 'NONE',  ( 0.0000000000000000000, 1.000000000000000000, 0.0000000000000000000 ) ) ;
#701 = DIRECTION ( 'NONE',  ( 0.0000000000000000000, 1.000000000000000000, 0.0000000000000000000 ) ) ;
#702 = VERTEX_POINT ( 'NONE', #227 ) ;
#703 = COLOUR_RGB ( '',0.2509803921568627416, 0.2509803921568627416, 0.2509803921568627416 ) ;
#704 = COLOUR_RGB ( '',0.2509803921568627416, 0.2509803921568627416, 0.2509803921568627416 ) ;
#705 = SURFACE_SIDE_STYLE ('',( #98 ) ) ;
#706 = CIRCLE ( 'NONE', #1043, 0.4251968503937008093 ) ;
#707 = AXIS2_PLACEMENT_3D ( 'NONE', #1532, #1554, #797 ) ;
#708 = CARTESIAN_POINT ( 'NONE',  ( 0.0000000000000000000, 0.3110236220472441526, 0.0000000000000000000 ) ) ;
#709 = AXIS2_PLACEMENT_3D ( 'NONE', #1075, #322, #1546 ) ;
#710 = AXIS2_PLACEMENT_3D ( 'NONE', #1500, #637, #249 ) ;
#711 = CARTESIAN_POINT ( 'NONE',  ( 0.3548770940417312336, 0.3346456692913385988, 0.1181102362204724254 ) ) ;
#712 = FACE_OUTER_BOUND ( 'NONE', #881, .T. ) ;
#713 = CARTESIAN_POINT ( 'NONE',  ( 0.0000000000000000000, 0.0000000000000000000, -0.4527559055118110520 ) ) ;
#714 = ORIENTED_EDGE ( 'NONE', *, *, #608, .T. ) ;
#715 = SURFACE_STYLE_USAGE ( .BOTH. , #705 ) ;
#716 = FACE_OUTER_BOUND ( 'NONE', #1386, .T. ) ;
#717 = CARTESIAN_POINT ( 'NONE',  ( 0.0000000000000000000, 0.3346456692913385988, 0.0000000000000000000 ) ) ;
#718 = UNCERTAINTY_MEASURE_WITH_UNIT (LENGTH_MEASURE( 1.000000000000000082E-05 ), #95, 'distance_accuracy_value', 'NONE');
#719 = SURFACE_STYLE_USAGE ( .BOTH. , #849 ) ;
#720 = VERTEX_POINT ( 'NONE', #3 ) ;
#721 = FILL_AREA_STYLE ('',( #1570 ) ) ;
#722 =( CONVERSION_BASED_UNIT ( 'INCH', #341 ) LENGTH_UNIT ( ) NAMED_UNIT ( #776 ) );
#723 = VERTEX_POINT ( 'NONE', #1446 ) ;
#724 = EDGE_CURVE ( 'NONE', #1527, #307, #209, .T. ) ;
#725 = ADVANCED_FACE ( 'NONE', ( #353 ), #1464, .F. ) ;
#726 = DIRECTION ( 'NONE',  ( 0.0000000000000000000, 0.0000000000000000000, 1.000000000000000000 ) ) ;
#727 = DIRECTION ( 'NONE',  ( 0.0000000000000000000, -1.000000000000000000, 0.0000000000000000000 ) ) ;
#728 = DIRECTION ( 'NONE',  ( 0.5000000000000039968, 0.0000000000000000000, 0.8660254037844363761 ) ) ;
#729 = CARTESIAN_POINT ( 'NONE',  ( -0.3493080049703507495, 0.01968503937007873988, 0.2880483078225829496 ) ) ;
#730 = CIRCLE ( 'NONE', #1064, 0.4527559055118110520 ) ;
#731 = VERTEX_POINT ( 'NONE', #1229 ) ;
#732 = AXIS2_PLACEMENT_3D ( 'NONE', #1424, #83, #233 ) ;
#733 = AXIS2_PLACEMENT_3D ( 'NONE', #767, #653, #412 ) ;
#734 = STYLED_ITEM ( 'NONE', ( #595 ), #1485 ) ;
#735 = DIRECTION ( 'NONE',  ( -0.0000000000000000000, -1.000000000000000000, -0.0000000000000000000 ) ) ;
#736 = PRESENTATION_STYLE_ASSIGNMENT (( #1473 ) ) ;
#737 = PRODUCT_DEFINITION_FORMATION_WITH_SPECIFIED_SOURCE ( 'ANY', '', #275, .NOT_KNOWN. ) ;
#738 = VERTEX_POINT ( 'NONE', #1199 ) ;
#739 = FILL_AREA_STYLE_COLOUR ( '', #112 ) ;
#740 = ADVANCED_FACE ( 'NONE', ( #966, #1471, #1304 ), #204, .T. ) ;
#741 = LENGTH_MEASURE_WITH_UNIT ( LENGTH_MEASURE( 0.02539999999999999897 ), #1019 );
#742 = EDGE_CURVE ( 'NONE', #1452, #661, #259, .T. ) ;
#743 = CARTESIAN_POINT ( 'NONE',  ( -0.3250865460991423372, 0.0000000000000000000, 0.2740640420231253427 ) ) ;
#744 = DIRECTION ( 'NONE',  ( 0.0000000000000000000, 1.000000000000000000, 0.0000000000000000000 ) ) ;
#745 = LENGTH_MEASURE_WITH_UNIT ( LENGTH_MEASURE( 0.02539999999999999897 ), #869 );
#746 = ADVANCED_FACE ( 'NONE', ( #758 ), #1000, .T. ) ;
#747 = CARTESIAN_POINT ( 'NONE',  ( 0.3998896957054443591, 0.01968503937007873988, 0.1445011863388338536 ) ) ;
#748 = CARTESIAN_POINT ( 'NONE',  ( -0.07480314960629917687, 0.01968503937007873988, -0.4465337599608763530 ) ) ;
#749 = ORIENTED_EDGE ( 'NONE', *, *, #1544, .T. ) ;
#750 = PRESENTATION_STYLE_ASSIGNMENT (( #399 ) ) ;
#751 = LINE ( 'NONE', #1121, #42 ) ;
#752 = CARTESIAN_POINT ( 'NONE',  ( 0.3740157480314960647, 0.3346456692913385988, 0.1181102362204724532 ) ) ;
#753 = CARTESIAN_POINT ( 'NONE',  ( -0.3493080049703507495, 0.01968503937007873988, 0.2880483078225829496 ) ) ;
#754 = VERTEX_POINT ( 'NONE', #743 ) ;
#755 = MECHANICAL_DESIGN_GEOMETRIC_PRESENTATION_REPRESENTATION (  '', ( #623 ), #1158 ) ;
#756 = DIRECTION ( 'NONE',  ( 0.0000000000000000000, 0.0000000000000000000, 1.000000000000000000 ) ) ;
#757 = STYLED_ITEM ( 'NONE', ( #626 ), #1259 ) ;
#758 = FACE_OUTER_BOUND ( 'NONE', #298, .T. ) ;
#759 = CARTESIAN_POINT ( 'NONE',  ( -0.07480314960629917687, 0.0000000000000000000, -0.4465337599608763530 ) ) ;
#760 = MECHANICAL_DESIGN_GEOMETRIC_PRESENTATION_REPRESENTATION (  '', ( #1025 ), #1143 ) ;
#761 =( CONVERSION_BASED_UNIT ( 'INCH', #485 ) LENGTH_UNIT ( ) NAMED_UNIT ( #527 ) );
#762 = FACE_OUTER_BOUND ( 'NONE', #343, .T. ) ;
#763 = SHAPE_DEFINITION_REPRESENTATION ( #173, #433 ) ;
#764 = DIRECTION ( 'NONE',  ( 0.0000000000000000000, 0.0000000000000000000, 1.000000000000000000 ) ) ;
#765 = DIMENSIONAL_EXPONENTS ( 1.000000000000000000, 0.0000000000000000000, 0.0000000000000000000, 0.0000000000000000000, 0.0000000000000000000, 0.0000000000000000000, 0.0000000000000000000 ) ;
#766 = VERTEX_POINT ( 'NONE', #871 ) ;
#767 = CARTESIAN_POINT ( 'NONE',  ( 0.4241111545766529378, 0.01968503937007873988, 0.1584854521382912385 ) ) ;
#768 = EDGE_CURVE ( 'NONE', #423, #654, #1390, .T. ) ;
#769 = LENGTH_MEASURE_WITH_UNIT ( LENGTH_MEASURE( 0.02539999999999999897 ), #269 );
#770 = DIRECTION ( 'NONE',  ( -0.0000000000000000000, -1.000000000000000000, -0.0000000000000000000 ) ) ;
#771 = DIRECTION ( 'NONE',  ( -0.0000000000000000000, -1.000000000000000000, -0.0000000000000000000 ) ) ;
#772 = DIRECTION ( 'NONE',  ( 0.0000000000000000000, 0.0000000000000000000, -1.000000000000000000 ) ) ;
#773 = ORIENTED_EDGE ( 'NONE', *, *, #1573, .F. ) ;
#774 = CARTESIAN_POINT ( 'NONE',  ( -0.07480314960629917687, 0.01968503937007873988, -0.4465337599608763530 ) ) ;
#775 = EDGE_LOOP ( 'NONE', ( #1039, #1154, #1394, #1208 ) ) ;
#776 = DIMENSIONAL_EXPONENTS ( 1.000000000000000000, 0.0000000000000000000, 0.0000000000000000000, 0.0000000000000000000, 0.0000000000000000000, 0.0000000000000000000, 0.0000000000000000000 ) ;
#777 = CIRCLE ( 'NONE', #1361, 0.01574803149606299885 ) ;
#778 = COLOUR_RGB ( '',0.2509803921568627416, 0.2509803921568627416, 0.2509803921568627416 ) ;
#779 = SURFACE_STYLE_USAGE ( .BOTH. , #1036 ) ;
#780 = UNCERTAINTY_MEASURE_WITH_UNIT (LENGTH_MEASURE( 1.000000000000000082E-05 ), #896, 'distance_accuracy_value', 'NONE');
#781 = AXIS2_PLACEMENT_3D ( 'NONE', #1205, #92, #955 ) ;
#782 = AXIS2_PLACEMENT_3D ( 'NONE', #1189, #808, #217 ) ;
#783 = PRODUCT_CONTEXT ( 'NONE', #1139, 'mechanical' ) ;
#784 = AXIS2_PLACEMENT_3D ( 'NONE', #1564, #1320, #1422 ) ;
#785 = DIRECTION ( 'NONE',  ( 0.0000000000000000000, 0.0000000000000000000, -1.000000000000000000 ) ) ;
#786 = VERTEX_POINT ( 'NONE', #616 ) ;
#787 = AXIS2_PLACEMENT_3D ( 'NONE', #401, #1376, #276 ) ;
#788 = CARTESIAN_POINT ( 'NONE',  ( -0.3998896957054422496, 0.01968503937007873988, 0.1445011863388394602 ) ) ;
#789 = ORIENTED_EDGE ( 'NONE', *, *, #123, .T. ) ;
#790 = DIRECTION ( 'NONE',  ( 0.4999999999999927836, 0.0000000000000000000, -0.8660254037844429265 ) ) ;
#791 = EDGE_CURVE ( 'NONE', #1558, #665, #1110, .T. ) ;
#792 = ORIENTED_EDGE ( 'NONE', *, *, #143, .T. ) ;
#793 = EDGE_CURVE ( 'NONE', #469, #1147, #294, .T. ) ;
#794 = CARTESIAN_POINT ( 'NONE',  ( 0.0000000000000000000, 0.01968503937007873988, 0.0000000000000000000 ) ) ;
#795 = ORIENTED_EDGE ( 'NONE', *, *, #842, .T. ) ;
#796 = DIRECTION ( 'NONE',  ( -0.0000000000000000000, -1.000000000000000000, -0.0000000000000000000 ) ) ;
#797 = DIRECTION ( 'NONE',  ( 0.0000000000000000000, 0.0000000000000000000, -1.000000000000000000 ) ) ;
#798 = ORIENTED_EDGE ( 'NONE', *, *, #1193, .T. ) ;
#799 = DIRECTION ( 'NONE',  ( 0.0000000000000000000, -1.000000000000000000, 0.0000000000000000000 ) ) ;
#800 = CARTESIAN_POINT ( 'NONE',  ( 0.3740157480314960647, 0.3307086614173229133, -0.1181102362204724532 ) ) ;
#801 = ORIENTED_EDGE ( 'NONE', *, *, #742, .F. ) ;
#802 = CYLINDRICAL_SURFACE ( 'NONE', #474, 0.3740157480314960647 ) ;
#803 = VECTOR ( 'NONE', #951, 39.37007874015748143 ) ;
#804 = AXIS2_PLACEMENT_3D ( 'NONE', #47, #1029, #410 ) ;
#805 = FILL_AREA_STYLE_COLOUR ( '', #622 ) ;
#806 = AXIS2_PLACEMENT_3D ( 'NONE', #648, #1345, #1233 ) ;
#807 =( GEOMETRIC_REPRESENTATION_CONTEXT ( 3 ) GLOBAL_UNCERTAINTY_ASSIGNED_CONTEXT ( ( #566 ) ) GLOBAL_UNIT_ASSIGNED_CONTEXT ( ( #1354, #974, #133 ) ) REPRESENTATION_CONTEXT ( 'NONE', 'WORKASPACE' ) );
#808 = DIRECTION ( 'NONE',  ( 0.0000000000000000000, -1.000000000000000000, 0.0000000000000000000 ) ) ;
#809 = AXIS2_PLACEMENT_3D ( 'NONE', #270, #1129, #34 ) ;
#810 = AXIS2_PLACEMENT_3D ( 'NONE', #1006, #1131, #149 ) ;
#811 = CARTESIAN_POINT ( 'NONE',  ( 0.4241111545766529378, 0.0000000000000000000, 0.1584854521382912385 ) ) ;
#812 = ORIENTED_EDGE ( 'NONE', *, *, #1481, .T. ) ;
#813 = ADVANCED_FACE ( 'NONE', ( #678 ), #1399, .F. ) ;
#814 = CIRCLE ( 'NONE', #46, 0.4251968503937009758 ) ;
#815 = VECTOR ( 'NONE', #128, 39.37007874015748143 ) ;
#816 = EDGE_CURVE ( 'NONE', #919, #526, #314, .T. ) ;
#817 =( LENGTH_UNIT ( ) NAMED_UNIT ( * ) SI_UNIT ( $, .METRE. ) );
#818 = ORIENTED_EDGE ( 'NONE', *, *, #55, .T. ) ;
#819 = CARTESIAN_POINT ( 'NONE',  ( 0.3493080049703548573, 0.0000000000000000000, 0.2880483078225780647 ) ) ;
#820 = CYLINDRICAL_SURFACE ( 'NONE', #64, 0.01574803149606299885 ) ;
#821 = ORIENTED_EDGE ( 'NONE', *, *, #1012, .F. ) ;
#822 = ADVANCED_FACE ( 'NONE', ( #559 ), #1415, .T. ) ;
#823 = CYLINDRICAL_SURFACE ( 'NONE', #315, 0.02165354330708662081 ) ;
#824 = DIRECTION ( 'NONE',  ( 0.0000000000000000000, 1.000000000000000000, 0.0000000000000000000 ) ) ;
#825 = VERTEX_POINT ( 'NONE', #197 ) ;
#826 = DIRECTION ( 'NONE',  ( 0.8660254037844362651, 0.0000000000000000000, -0.5000000000000038858 ) ) ;
#827 = FACE_OUTER_BOUND ( 'NONE', #1168, .T. ) ;
#828 = ORIENTED_EDGE ( 'NONE', *, *, #615, .F. ) ;
#829 = DIRECTION ( 'NONE',  ( 0.0000000000000000000, 0.0000000000000000000, 1.000000000000000000 ) ) ;
#830 = UNCERTAINTY_MEASURE_WITH_UNIT (LENGTH_MEASURE( 1.000000000000000082E-05 ), #1378, 'distance_accuracy_value', 'NONE');
#831 = SURFACE_SIDE_STYLE ('',( #963 ) ) ;
#832 = LINE ( 'NONE', #711, #1265 ) ;
#833 = EDGE_LOOP ( 'NONE', ( #996, #1275, #657, #219 ) ) ;
#834 = STYLED_ITEM ( 'NONE', ( #319 ), #813 ) ;
#835 =( NAMED_UNIT ( * ) SI_UNIT ( $, .STERADIAN. ) SOLID_ANGLE_UNIT ( ) );
#836 = VERTEX_POINT ( 'NONE', #685 ) ;
#837 = AXIS2_PLACEMENT_3D ( 'NONE', #1506, #131, #1365 ) ;
#838 = AXIS2_PLACEMENT_3D ( 'NONE', #1346, #438, #248 ) ;
#839 = COLOUR_RGB ( '',0.2509803921568627416, 0.2509803921568627416, 0.2509803921568627416 ) ;
#840 = DIRECTION ( 'NONE',  ( 0.0000000000000000000, 1.000000000000000000, 0.0000000000000000000 ) ) ;
#841 = PRESENTATION_STYLE_ASSIGNMENT (( #1456 ) ) ;
#842 = EDGE_CURVE ( 'NONE', #501, #63, #574, .T. ) ;
#843 = ORIENTED_EDGE ( 'NONE', *, *, #602, .F. ) ;
#844 = SURFACE_SIDE_STYLE ('',( #1296 ) ) ;
#845 = SURFACE_STYLE_USAGE ( .BOTH. , #990 ) ;
#846 = ORIENTED_EDGE ( 'NONE', *, *, #1078, .F. ) ;
#847 =( CONVERSION_BASED_UNIT ( 'INCH', #359 ) LENGTH_UNIT ( ) NAMED_UNIT ( #640 ) );
#848 =( NAMED_UNIT ( * ) PLANE_ANGLE_UNIT ( ) SI_UNIT ( $, .RADIAN. ) );
#849 = SURFACE_SIDE_STYLE ('',( #362 ) ) ;
#850 =( CONVERSION_BASED_UNIT ( 'INCH', #479 ) LENGTH_UNIT ( ) NAMED_UNIT ( #383 ) );
#851 = SURFACE_STYLE_USAGE ( .BOTH. , #859 ) ;
#852 = ORIENTED_EDGE ( 'NONE', *, *, #216, .F. ) ;
#853 = CARTESIAN_POINT ( 'NONE',  ( 0.3493080049703548573, 0.0000000000000000000, 0.2880483078225780647 ) ) ;
#854 = CARTESIAN_POINT ( 'NONE',  ( 1.928577636452525688E-18, 0.0000000000000000000, 0.1811023622047244208 ) ) ;
#855 = DIRECTION ( 'NONE',  ( -0.0000000000000000000, -1.000000000000000000, -0.0000000000000000000 ) ) ;
#856 = DIRECTION ( 'NONE',  ( 0.0000000000000000000, 1.000000000000000000, 0.0000000000000000000 ) ) ;
#857 =( CONVERSION_BASED_UNIT ( 'INCH', #452 ) LENGTH_UNIT ( ) NAMED_UNIT ( #326 ) );
#858 = DIRECTION ( 'NONE',  ( 0.0000000000000000000, 1.000000000000000000, 0.0000000000000000000 ) ) ;
#859 = SURFACE_SIDE_STYLE ('',( #613 ) ) ;
#860 = STYLED_ITEM ( 'NONE', ( #230 ), #404 ) ;
#861 = ORIENTED_EDGE ( 'NONE', *, *, #1351, .T. ) ;
#862 = STYLED_ITEM ( 'NONE', ( #929 ), #621 ) ;
#863 = EDGE_CURVE ( 'NONE', #167, #1203, #1269, .T. ) ;
#864 = MECHANICAL_DESIGN_GEOMETRIC_PRESENTATION_REPRESENTATION (  '', ( #834 ), #1266 ) ;
#865 = VECTOR ( 'NONE', #1212, 39.37007874015748143 ) ;
#866 = FILL_AREA_STYLE_COLOUR ( '', #607 ) ;
#867 = EDGE_CURVE ( 'NONE', #919, #754, #656, .T. ) ;
#868 = DIRECTION ( 'NONE',  ( 0.0000000000000000000, 1.000000000000000000, 0.0000000000000000000 ) ) ;
#869 =( LENGTH_UNIT ( ) NAMED_UNIT ( * ) SI_UNIT ( $, .METRE. ) );
#870 = EDGE_LOOP ( 'NONE', ( #1349, #564 ) ) ;
#871 = CARTESIAN_POINT ( 'NONE',  ( 0.0000000000000000000, -0.2519685039370078705, -0.1811023622047244208 ) ) ;
#872 = LINE ( 'NONE', #904, #1319 ) ;
#873 = DIRECTION ( 'NONE',  ( 0.0000000000000000000, 0.0000000000000000000, -1.000000000000000000 ) ) ;
#874 = CARTESIAN_POINT ( 'NONE',  ( -0.3493080049703507495, 0.01968503937007873988, 0.2880483078225829496 ) ) ;
#875 = FILL_AREA_STYLE ('',( #739 ) ) ;
#876 = DIRECTION ( 'NONE',  ( 0.0000000000000000000, 1.000000000000000000, 0.0000000000000000000 ) ) ;
#877 = CARTESIAN_POINT ( 'NONE',  ( 0.0000000000000000000, 0.01968503937007873988, 0.0000000000000000000 ) ) ;
#878 = CARTESIAN_POINT ( 'NONE',  ( 0.0000000000000000000, 0.0000000000000000000, 0.0000000000000000000 ) ) ;
#879 =( CONVERSION_BASED_UNIT ( 'INCH', #1101 ) LENGTH_UNIT ( ) NAMED_UNIT ( #918 ) );
#880 = SURFACE_STYLE_FILL_AREA ( #1371 ) ;
#881 = EDGE_LOOP ( 'NONE', ( #1482, #1402 ) ) ;
#882 = AXIS2_PLACEMENT_3D ( 'NONE', #1204, #1088, #577 ) ;
#883 = PRESENTATION_LAYER_ASSIGNMENT (  '', '', ( #1115 ) ) ;
#884 = CIRCLE ( 'NONE', #784, 0.02165354330708662081 ) ;
#885 = VECTOR ( 'NONE', #868, 39.37007874015748143 ) ;
#886 = STYLED_ITEM ( 'NONE', ( #1545 ), #37 ) ;
#887 =( CONVERSION_BASED_UNIT ( 'INCH', #769 ) LENGTH_UNIT ( ) NAMED_UNIT ( #144 ) );
#888 = AXIS2_PLACEMENT_3D ( 'NONE', #877, #1111, #16 ) ;
#889 = CARTESIAN_POINT ( 'NONE',  ( 0.0000000000000000000, 0.01968503937007873988, -0.4251968503937008093 ) ) ;
#890 = ADVANCED_FACE ( 'NONE', ( #1279 ), #659, .F. ) ;
#891 = CARTESIAN_POINT ( 'NONE',  ( 5.424124602522726004E-17, 0.3307086614173229133, -0.4330708661417322913 ) ) ;
#892 = DIRECTION ( 'NONE',  ( -0.0000000000000000000, -1.000000000000000000, -0.0000000000000000000 ) ) ;
#893 = EDGE_LOOP ( 'NONE', ( #226, #1292 ) ) ;
#894 = EDGE_CURVE ( 'NONE', #926, #537, #1576, .T. ) ;
#895 = SURFACE_STYLE_FILL_AREA ( #1521 ) ;
#896 =( CONVERSION_BASED_UNIT ( 'INCH', #741 ) LENGTH_UNIT ( ) NAMED_UNIT ( #166 ) );
#897 = DIRECTION ( 'NONE',  ( 0.0000000000000000000, 0.0000000000000000000, 1.000000000000000000 ) ) ;
#898 = DIRECTION ( 'NONE',  ( 0.0000000000000000000, 0.0000000000000000000, 1.000000000000000000 ) ) ;
#899 = EDGE_LOOP ( 'NONE', ( #933, #1087, #1388, #480 ) ) ;
#900 =( LENGTH_UNIT ( ) NAMED_UNIT ( * ) SI_UNIT ( $, .METRE. ) );
#901 = EDGE_LOOP ( 'NONE', ( #78, #1524 ) ) ;
#902 = DIMENSIONAL_EXPONENTS ( 1.000000000000000000, 0.0000000000000000000, 0.0000000000000000000, 0.0000000000000000000, 0.0000000000000000000, 0.0000000000000000000, 0.0000000000000000000 ) ;
#903 = DIRECTION ( 'NONE',  ( 1.000000000000000000, 0.0000000000000000000, 8.921238645900943480E-16 ) ) ;
#904 = CARTESIAN_POINT ( 'NONE',  ( 2.651794250122221954E-18, 0.0000000000000000000, 0.1751968503937007815 ) ) ;
#905 = CARTESIAN_POINT ( 'NONE',  ( 5.544660704801009639E-17, 0.3110236220472441526, -0.4527559055118110520 ) ) ;
#906 = EDGE_LOOP ( 'NONE', ( #658, #1033, #411, #296 ) ) ;
#907 = ADVANCED_FACE ( 'NONE', ( #1226 ), #973, .T. ) ;
#908 = CARTESIAN_POINT ( 'NONE',  ( -0.4241111545766504398, 0.01968503937007873988, 0.1584854521382970116 ) ) ;
#909 = VERTEX_POINT ( 'NONE', #1099 ) ;
#910 = EDGE_CURVE ( 'NONE', #287, #631, #81, .T. ) ;
#911 = CARTESIAN_POINT ( 'NONE',  ( 0.0000000000000000000, 0.0000000000000000000, 0.0000000000000000000 ) ) ;
#912 = CIRCLE ( 'NONE', #468, 0.4251968503937008093 ) ;
#913 = CIRCLE ( 'NONE', #18, 0.02165354330708662081 ) ;
#914 = LENGTH_MEASURE_WITH_UNIT ( LENGTH_MEASURE( 0.02539999999999999897 ), #817 );
#915 = ADVANCED_FACE ( 'NONE', ( #1565, #1 ), #120, .T. ) ;
#916 =( GEOMETRIC_REPRESENTATION_CONTEXT ( 3 ) GLOBAL_UNCERTAINTY_ASSIGNED_CONTEXT ( ( #1214 ) ) GLOBAL_UNIT_ASSIGNED_CONTEXT ( ( #952, #617, #312 ) ) REPRESENTATION_CONTEXT ( 'NONE', 'WORKASPACE' ) );
#917 = DIRECTION ( 'NONE',  ( 0.0000000000000000000, -1.000000000000000000, 0.0000000000000000000 ) ) ;
#918 = DIMENSIONAL_EXPONENTS ( 1.000000000000000000, 0.0000000000000000000, 0.0000000000000000000, 0.0000000000000000000, 0.0000000000000000000, 0.0000000000000000000, 0.0000000000000000000 ) ;
#919 = VERTEX_POINT ( 'NONE', #1574 ) ;
#920 = MECHANICAL_DESIGN_GEOMETRIC_PRESENTATION_REPRESENTATION (  '', ( #734 ), #1246 ) ;
#921 = ORIENTED_EDGE ( 'NONE', *, *, #684, .F. ) ;
#922 = DIRECTION ( 'NONE',  ( 0.0000000000000000000, -1.000000000000000000, 0.0000000000000000000 ) ) ;
#923 =( LENGTH_UNIT ( ) NAMED_UNIT ( * ) SI_UNIT ( $, .METRE. ) );
#924 = VERTEX_POINT ( 'NONE', #1063 ) ;
#925 = PRESENTATION_STYLE_ASSIGNMENT (( #562 ) ) ;
#926 = VERTEX_POINT ( 'NONE', #348 ) ;
#927 = FACE_OUTER_BOUND ( 'NONE', #1327, .T. ) ;
#928 =( NAMED_UNIT ( * ) PLANE_ANGLE_UNIT ( ) SI_UNIT ( $, .RADIAN. ) );
#929 = PRESENTATION_STYLE_ASSIGNMENT (( #1177 ) ) ;
#930 = UNCERTAINTY_MEASURE_WITH_UNIT (LENGTH_MEASURE( 1.000000000000000082E-05 ), #879, 'distance_accuracy_value', 'NONE');
#931 = ORIENTED_EDGE ( 'NONE', *, *, #432, .T. ) ;
#932 = DIRECTION ( 'NONE',  ( 0.0000000000000000000, 1.000000000000000000, 0.0000000000000000000 ) ) ;
#933 = ORIENTED_EDGE ( 'NONE', *, *, #1431, .F. ) ;
#934 = DIRECTION ( 'NONE',  ( 0.0000000000000000000, 0.0000000000000000000, -1.000000000000000000 ) ) ;
#935 = VECTOR ( 'NONE', #1490, 39.37007874015748143 ) ;
#936 =( NAMED_UNIT ( * ) PLANE_ANGLE_UNIT ( ) SI_UNIT ( $, .RADIAN. ) );
#937 = VECTOR ( 'NONE', #824, 39.37007874015748143 ) ;
#938 = AXIS2_PLACEMENT_3D ( 'NONE', #1067, #1200, #87 ) ;
#939 = EDGE_LOOP ( 'NONE', ( #325, #846, #1134, #1073 ) ) ;
#940 = EDGE_CURVE ( 'NONE', #256, #501, #997, .T. ) ;
#941 = VECTOR ( 'NONE', #302, 39.37007874015748143 ) ;
#942 = CARTESIAN_POINT ( 'NONE',  ( 0.0000000000000000000, 0.3307086614173229133, 0.4330708661417322913 ) ) ;
#943 = CARTESIAN_POINT ( 'NONE',  ( 1.928577636452525688E-18, -0.2519685039370078705, -0.2125984251968504046 ) ) ;
#944 = ORIENTED_EDGE ( 'NONE', *, *, #519, .T. ) ;
#945 = STYLED_ITEM ( 'NONE', ( #1435 ), #1334 ) ;
#946 = CARTESIAN_POINT ( 'NONE',  ( 0.0000000000000000000, 0.3110236220472441526, 0.4330708661417322913 ) ) ;
#947 = UNCERTAINTY_MEASURE_WITH_UNIT (LENGTH_MEASURE( 1.000000000000000082E-05 ), #1056, 'distance_accuracy_value', 'NONE');
#948 = DIRECTION ( 'NONE',  ( 0.0000000000000000000, 0.0000000000000000000, 1.000000000000000000 ) ) ;
#949 = VERTEX_POINT ( 'NONE', #854 ) ;
#950 =( LENGTH_UNIT ( ) NAMED_UNIT ( * ) SI_UNIT ( $, .METRE. ) );
#951 = DIRECTION ( 'NONE',  ( 0.0000000000000000000, 1.000000000000000000, 0.0000000000000000000 ) ) ;
#952 =( CONVERSION_BASED_UNIT ( 'INCH', #1145 ) LENGTH_UNIT ( ) NAMED_UNIT ( #693 ) );
#953 = ORIENTED_EDGE ( 'NONE', *, *, #1124, .T. ) ;
#954 = CARTESIAN_POINT ( 'NONE',  ( 0.0000000000000000000, 0.3346456692913385988, -0.3740157480314960647 ) ) ;
#955 = DIRECTION ( 'NONE',  ( 0.0000000000000000000, 0.0000000000000000000, -1.000000000000000000 ) ) ;
#956 = FILL_AREA_STYLE_COLOUR ( '', #1525 ) ;
#957 = ORIENTED_EDGE ( 'NONE', *, *, #1080, .T. ) ;
#958 = CARTESIAN_POINT ( 'NONE',  ( -0.4241111545766505508, 0.01968503937007873988, 0.1584854521382971504 ) ) ;
#959 = ORIENTED_EDGE ( 'NONE', *, *, #1287, .T. ) ;
#960 = CARTESIAN_POINT ( 'NONE',  ( 4.580371886574746102E-17, 0.3346456692913385988, 0.3740157480314960647 ) ) ;
#961 = EDGE_CURVE ( 'NONE', #423, #631, #212, .T. ) ;
#962 = UNCERTAINTY_MEASURE_WITH_UNIT (LENGTH_MEASURE( 1.000000000000000082E-05 ), #360, 'distance_accuracy_value', 'NONE');
#963 = SURFACE_STYLE_FILL_AREA ( #553 ) ;
#964 = COLOUR_RGB ( '',0.2509803921568627416, 0.2509803921568627416, 0.2509803921568627416 ) ;
#965 = EDGE_CURVE ( 'NONE', #1407, #1232, #1302, .T. ) ;
#966 = FACE_BOUND ( 'NONE', #698, .T. ) ;
#967 = DIRECTION ( 'NONE',  ( 0.0000000000000000000, 0.0000000000000000000, -1.000000000000000000 ) ) ;
#968 = DIRECTION ( 'NONE',  ( -0.8660254037844362651, 0.0000000000000000000, 0.5000000000000038858 ) ) ;
#969 = ORIENTED_EDGE ( 'NONE', *, *, #51, .F. ) ;
#970 = AXIS2_PLACEMENT_3D ( 'NONE', #1167, #1472, #1338 ) ;
#971 = CIRCLE ( 'NONE', #1095, 0.01574803149606299885 ) ;
#972 = DIRECTION ( 'NONE',  ( -0.0000000000000000000, -1.000000000000000000, -0.0000000000000000000 ) ) ;
#973 = CYLINDRICAL_SURFACE ( 'NONE', #781, 0.3740157480314960647 ) ;
#974 =( NAMED_UNIT ( * ) PLANE_ANGLE_UNIT ( ) SI_UNIT ( $, .RADIAN. ) );
#975 = DIRECTION ( 'NONE',  ( 0.0000000000000000000, 0.0000000000000000000, -1.000000000000000000 ) ) ;
#976 = DIRECTION ( 'NONE',  ( 0.0000000000000000000, -1.000000000000000000, 0.0000000000000000000 ) ) ;
#977 = ORIENTED_EDGE ( 'NONE', *, *, #1461, .F. ) ;
#978 = UNCERTAINTY_MEASURE_WITH_UNIT (LENGTH_MEASURE( 1.000000000000000082E-05 ), #172, 'distance_accuracy_value', 'NONE');
#979 =( CONVERSION_BASED_UNIT ( 'INCH', #475 ) LENGTH_UNIT ( ) NAMED_UNIT ( #765 ) );
#980 = CARTESIAN_POINT ( 'NONE',  ( 0.0000000000000000000, 0.3307086614173229133, 0.0000000000000000000 ) ) ;
#981 = CARTESIAN_POINT ( 'NONE',  ( 0.3493080049703548573, 0.01968503937007873988, 0.2880483078225780647 ) ) ;
#982 = EDGE_CURVE ( 'NONE', #924, #395, #100, .T. ) ;
#983 = DIRECTION ( 'NONE',  ( 1.000000000000000000, 0.0000000000000000000, 0.0000000000000000000 ) ) ;
#984 = EDGE_LOOP ( 'NONE', ( #818, #130, #795, #798, #1108, #1252 ) ) ;
#985 = ADVANCED_FACE ( 'NONE', ( #1559 ), #221, .F. ) ;
#986 =( NAMED_UNIT ( * ) SI_UNIT ( $, .STERADIAN. ) SOLID_ANGLE_UNIT ( ) );
#987 = CARTESIAN_POINT ( 'NONE',  ( 0.0000000000000000000, 0.3110236220472441526, 0.0000000000000000000 ) ) ;
#988 = DIRECTION ( 'NONE',  ( 0.0000000000000000000, 0.0000000000000000000, 1.000000000000000000 ) ) ;
#989 = SURFACE_STYLE_USAGE ( .BOTH. , #487 ) ;
#990 = SURFACE_SIDE_STYLE ('',( #5 ) ) ;
#991 =( GEOMETRIC_REPRESENTATION_CONTEXT ( 3 ) GLOBAL_UNCERTAINTY_ASSIGNED_CONTEXT ( ( #1434 ) ) GLOBAL_UNIT_ASSIGNED_CONTEXT ( ( #1308, #193, #455 ) ) REPRESENTATION_CONTEXT ( 'NONE', 'WORKASPACE' ) );
#992 = ORIENTED_EDGE ( 'NONE', *, *, #195, .F. ) ;
#993 = EDGE_CURVE ( 'NONE', #1203, #1232, #1364, .T. ) ;
#994 = COLOUR_RGB ( '',1.000000000000000000, 1.000000000000000000, 1.000000000000000000 ) ;
#995 = PRESENTATION_STYLE_ASSIGNMENT (( #490 ) ) ;
#996 = ORIENTED_EDGE ( 'NONE', *, *, #1478, .T. ) ;
#997 = CIRCLE ( 'NONE', #187, 0.3740157480314960647 ) ;
#998 = CLOSED_SHELL ( 'NONE', ( #127, #1577, #907, #336, #164, #725, #646, #458 ) ) ;
#999 = VECTOR ( 'NONE', #645, 39.37007874015748143 ) ;
#1000 = CYLINDRICAL_SURFACE ( 'NONE', #1188, 0.4527559055118110520 ) ;
#1001 = FACE_OUTER_BOUND ( 'NONE', #186, .T. ) ;
#1002 = DIRECTION ( 'NONE',  ( 0.0000000000000000000, 1.000000000000000000, 0.0000000000000000000 ) ) ;
#1003 = ORIENTED_EDGE ( 'NONE', *, *, #453, .F. ) ;
#1004 = DIRECTION ( 'NONE',  ( 0.0000000000000000000, -1.000000000000000000, 0.0000000000000000000 ) ) ;
#1005 = LINE ( 'NONE', #759, #243 ) ;
#1006 = CARTESIAN_POINT ( 'NONE',  ( 0.0000000000000000000, -0.2519685039370078705, 0.1968503937007874127 ) ) ;
#1007 = ORIENTED_EDGE ( 'NONE', *, *, #965, .F. ) ;
#1008 = LINE ( 'NONE', #1350, #1416 ) ;
#1009 = EDGE_CURVE ( 'NONE', #836, #6, #884, .T. ) ;
#1010 = SURFACE_SIDE_STYLE ('',( #634 ) ) ;
#1011 = LENGTH_MEASURE_WITH_UNIT ( LENGTH_MEASURE( 0.02539999999999999897 ), #512 );
#1012 = EDGE_CURVE ( 'NONE', #501, #1527, #80, .T. ) ;
#1013 = CARTESIAN_POINT ( 'NONE',  ( -0.3493080049703507495, 0.01968503937007873988, 0.2880483078225829496 ) ) ;
#1014 = CARTESIAN_POINT ( 'NONE',  ( 0.0000000000000000000, 0.3307086614173229133, -0.4527559055118110520 ) ) ;
#1015 = VERTEX_POINT ( 'NONE', #1310 ) ;
#1016 = AXIS2_PLACEMENT_3D ( 'NONE', #1191, #572, #1283 ) ;
#1017 = CIRCLE ( 'NONE', #1219, 0.3740157480314960647 ) ;
#1018 = VECTOR ( 'NONE', #1377, 39.37007874015748143 ) ;
#1019 =( LENGTH_UNIT ( ) NAMED_UNIT ( * ) SI_UNIT ( $, .METRE. ) );
#1020 =( GEOMETRIC_REPRESENTATION_CONTEXT ( 3 ) GLOBAL_UNCERTAINTY_ASSIGNED_CONTEXT ( ( #349 ) ) GLOBAL_UNIT_ASSIGNED_CONTEXT ( ( #847, #106, #1104 ) ) REPRESENTATION_CONTEXT ( 'NONE', 'WORKASPACE' ) );
#1021 = AXIS2_PLACEMENT_3D ( 'NONE', #531, #1260, #772 ) ;
#1022 = DIRECTION ( 'NONE',  ( 0.0000000000000000000, 1.000000000000000000, 0.0000000000000000000 ) ) ;
#1023 = PRESENTATION_STYLE_ASSIGNMENT (( #523 ) ) ;
#1024 = ORIENTED_EDGE ( 'NONE', *, *, #993, .T. ) ;
#1025 = STYLED_ITEM ( 'NONE', ( #1475 ), #433 ) ;
#1026 = ORIENTED_EDGE ( 'NONE', *, *, #1240, .F. ) ;
#1027 = CARTESIAN_POINT ( 'NONE',  ( 0.0000000000000000000, 0.0000000000000000000, 0.0000000000000000000 ) ) ;
#1028 = ADVANCED_FACE ( 'NONE', ( #1432 ), #463, .F. ) ;
#1029 = DIRECTION ( 'NONE',  ( -0.0000000000000000000, -1.000000000000000000, -0.0000000000000000000 ) ) ;
#1030 = VERTEX_POINT ( 'NONE', #853 ) ;
#1031 = EDGE_CURVE ( 'NONE', #1147, #1522, #522, .T. ) ;
#1032 = CARTESIAN_POINT ( 'NONE',  ( 0.3250865460991464451, 0.01968503937007873988, 0.2740640420231206797 ) ) ;
#1033 = ORIENTED_EDGE ( 'NONE', *, *, #1431, .T. ) ;
#1034 = EDGE_CURVE ( 'NONE', #1128, #1077, #1008, .T. ) ;
#1035 = DIRECTION ( 'NONE',  ( 0.0000000000000000000, 0.0000000000000000000, 1.000000000000000000 ) ) ;
#1036 = SURFACE_SIDE_STYLE ('',( #426 ) ) ;
#1037 = LENGTH_MEASURE_WITH_UNIT ( LENGTH_MEASURE( 0.02539999999999999897 ), #1348 );
#1038 = CARTESIAN_POINT ( 'NONE',  ( -0.07480314960629917687, 0.0000000000000000000, -0.4465337599608763530 ) ) ;
#1039 = ORIENTED_EDGE ( 'NONE', *, *, #1556, .F. ) ;
#1040 = DIRECTION ( 'NONE',  ( 0.0000000000000000000, 1.000000000000000000, 0.0000000000000000000 ) ) ;
#1041 = EDGE_LOOP ( 'NONE', ( #159, #419, #682, #56 ) ) ;
#1042 = STYLED_ITEM ( 'NONE', ( #1375 ), #740 ) ;
#1043 = AXIS2_PLACEMENT_3D ( 'NONE', #185, #675, #169 ) ;
#1044 = CIRCLE ( 'NONE', #782, 0.01574803149606299885 ) ;
#1045 = PRESENTATION_LAYER_ASSIGNMENT (  '', '', ( #1048 ) ) ;
#1046 =( NAMED_UNIT ( * ) SI_UNIT ( $, .STERADIAN. ) SOLID_ANGLE_UNIT ( ) );
#1047 = ORIENTED_EDGE ( 'NONE', *, *, #863, .F. ) ;
#1048 = STYLED_ITEM ( 'NONE', ( #252 ), #1381 ) ;
#1049 = CARTESIAN_POINT ( 'NONE',  ( 0.3493080049703548573, 0.01968503937007873988, 0.2880483078225780647 ) ) ;
#1050 = ORIENTED_EDGE ( 'NONE', *, *, #267, .F. ) ;
#1051 = CARTESIAN_POINT ( 'NONE',  ( 0.0000000000000000000, 0.0000000000000000000, -0.1968503937007874127 ) ) ;
#1052 = ORIENTED_EDGE ( 'NONE', *, *, #1515, .F. ) ;
#1053 = CARTESIAN_POINT ( 'NONE',  ( 0.3740157480314960647, 0.3346456692913385988, 0.1181102362204724532 ) ) ;
#1054 = EDGE_LOOP ( 'NONE', ( #821, #414, #1192, #714 ) ) ;
#1055 = ADVANCED_FACE ( 'NONE', ( #1343 ), #244, .F. ) ;
#1056 =( CONVERSION_BASED_UNIT ( 'INCH', #1280 ) LENGTH_UNIT ( ) NAMED_UNIT ( #1306 ) );
#1057 = VERTEX_POINT ( 'NONE', #908 ) ;
#1058 = PRODUCT_RELATED_PRODUCT_CATEGORY ( 'part', '', ( #275 ) ) ;
#1059 = DIRECTION ( 'NONE',  ( 0.0000000000000000000, -1.000000000000000000, 0.0000000000000000000 ) ) ;
#1060 = DIRECTION ( 'NONE',  ( -0.8660254037844425934, 0.0000000000000000000, -0.4999999999999931166 ) ) ;
#1061 = LINE ( 'NONE', #73, #1447 ) ;
#1062 = EDGE_LOOP ( 'NONE', ( #1096, #1237, #1024, #1007 ) ) ;
#1063 = CARTESIAN_POINT ( 'NONE',  ( 0.4241111545766529378, 0.01968503937007873988, 0.1584854521382912385 ) ) ;
#1064 = AXIS2_PLACEMENT_3D ( 'NONE', #1395, #701, #1276 ) ;
#1065 = AXIS2_PLACEMENT_3D ( 'NONE', #321, #174, #58 ) ;
#1066 = CARTESIAN_POINT ( 'NONE',  ( 0.0000000000000000000, 0.01968503937007873988, -0.1751968503937007815 ) ) ;
#1067 = CARTESIAN_POINT ( 'NONE',  ( 0.0000000000000000000, -0.2519685039370078705, 0.1968503937007874127 ) ) ;
#1068 = CIRCLE ( 'NONE', #375, 0.4527559055118110520 ) ;
#1069 =( NAMED_UNIT ( * ) SI_UNIT ( $, .STERADIAN. ) SOLID_ANGLE_UNIT ( ) );
#1070 = FILL_AREA_STYLE_COLOUR ( '', #1133 ) ;
#1071 = LINE ( 'NONE', #1217, #885 ) ;
#1072 = ORIENTED_EDGE ( 'NONE', *, *, #335, .T. ) ;
#1073 = ORIENTED_EDGE ( 'NONE', *, *, #97, .T. ) ;
#1074 = ADVANCED_FACE ( 'NONE', ( #547 ), #1396, .T. ) ;
#1075 = CARTESIAN_POINT ( 'NONE',  ( 0.0000000000000000000, 0.01968503937007873988, 0.0000000000000000000 ) ) ;
#1076 = DIRECTION ( 'NONE',  ( 0.0000000000000000000, 0.0000000000000000000, -1.000000000000000000 ) ) ;
#1077 = VERTEX_POINT ( 'NONE', #177 ) ;
#1078 = EDGE_CURVE ( 'NONE', #256, #1077, #62, .T. ) ;
#1079 = CARTESIAN_POINT ( 'NONE',  ( 0.0000000000000000000, 0.01968503937007873988, 0.1968503937007874127 ) ) ;
#1080 = EDGE_CURVE ( 'NONE', #1057, #723, #1068, .T. ) ;
#1081 = LENGTH_MEASURE_WITH_UNIT ( LENGTH_MEASURE( 0.02539999999999999897 ), #1311 );
#1082 = FILL_AREA_STYLE ('',( #866 ) ) ;
#1083 = SURFACE_STYLE_FILL_AREA ( #1436 ) ;
#1084 = EDGE_LOOP ( 'NONE', ( #1309, #1211, #48, #49 ) ) ;
#1085 = PLANE ( 'NONE',  #550 ) ;
#1086 = PLANE ( 'NONE',  #394 ) ;
#1087 = ORIENTED_EDGE ( 'NONE', *, *, #768, .F. ) ;
#1088 = DIRECTION ( 'NONE',  ( 0.0000000000000000000, 1.000000000000000000, 0.0000000000000000000 ) ) ;
#1089 = PRESENTATION_STYLE_ASSIGNMENT (( #1454 ) ) ;
#1090 = LENGTH_MEASURE_WITH_UNIT ( LENGTH_MEASURE( 0.02539999999999999897 ), #1207 );
#1091 = ORIENTED_EDGE ( 'NONE', *, *, #666, .T. ) ;
#1092 = PRESENTATION_LAYER_ASSIGNMENT (  '', '', ( #862 ) ) ;
#1093 = COLOUR_RGB ( '',0.2509803921568627416, 0.2509803921568627416, 0.2509803921568627416 ) ;
#1094 = CARTESIAN_POINT ( 'NONE',  ( 0.0000000000000000000, 0.0000000000000000000, -0.1751968503937007815 ) ) ;
#1095 = AXIS2_PLACEMENT_3D ( 'NONE', #1360, #1004, #497 ) ;
#1096 = ORIENTED_EDGE ( 'NONE', *, *, #316, .F. ) ;
#1097 =( GEOMETRIC_REPRESENTATION_CONTEXT ( 3 ) GLOBAL_UNCERTAINTY_ASSIGNED_CONTEXT ( ( #1553 ) ) GLOBAL_UNIT_ASSIGNED_CONTEXT ( ( #722, #1231, #835 ) ) REPRESENTATION_CONTEXT ( 'NONE', 'WORKASPACE' ) );
#1098 = TOROIDAL_SURFACE ( 'NONE', #1290, 0.4330708661417322913, 0.01968503937007873988 ) ;
#1099 = CARTESIAN_POINT ( 'NONE',  ( -0.07480314960629917687, 0.01968503937007873988, -0.4185652283619612501 ) ) ;
#1100 =( NAMED_UNIT ( * ) PLANE_ANGLE_UNIT ( ) SI_UNIT ( $, .RADIAN. ) );
#1101 = LENGTH_MEASURE_WITH_UNIT ( LENGTH_MEASURE( 0.02539999999999999897 ), #1493 );
#1102 = FACE_OUTER_BOUND ( 'NONE', #91, .T. ) ;
#1103 = ORIENTED_EDGE ( 'NONE', *, *, #894, .T. ) ;
#1104 =( NAMED_UNIT ( * ) SI_UNIT ( $, .STERADIAN. ) SOLID_ANGLE_UNIT ( ) );
#1105 = EDGE_CURVE ( 'NONE', #738, #1030, #1516, .T. ) ;
#1106 = CARTESIAN_POINT ( 'NONE',  ( 0.0000000000000000000, 0.0000000000000000000, 0.0000000000000000000 ) ) ;
#1107 = FILL_AREA_STYLE ('',( #612 ) ) ;
#1108 = ORIENTED_EDGE ( 'NONE', *, *, #793, .T. ) ;
#1109 = SURFACE_SIDE_STYLE ('',( #614 ) ) ;
#1110 = LINE ( 'NONE', #494, #1504 ) ;
#1111 = DIRECTION ( 'NONE',  ( 0.0000000000000000000, -1.000000000000000000, 0.0000000000000000000 ) ) ;
#1112 = DIRECTION ( 'NONE',  ( 0.0000000000000000000, 0.0000000000000000000, 1.000000000000000000 ) ) ;
#1113 = MECHANICAL_DESIGN_GEOMETRIC_PRESENTATION_REPRESENTATION (  '', ( #1441 ), #1097 ) ;
#1114 = ORIENTED_EDGE ( 'NONE', *, *, #608, .F. ) ;
#1115 = STYLED_ITEM ( 'NONE', ( #697 ), #696 ) ;
#1116 =( GEOMETRIC_REPRESENTATION_CONTEXT ( 3 ) GLOBAL_UNCERTAINTY_ASSIGNED_CONTEXT ( ( #962 ) ) GLOBAL_UNIT_ASSIGNED_CONTEXT ( ( #360, #848, #337 ) ) REPRESENTATION_CONTEXT ( 'NONE', 'WORKASPACE' ) );
#1117 = CIRCLE ( 'NONE', #448, 0.01968503937007875723 ) ;
#1118 = MECHANICAL_DESIGN_GEOMETRIC_PRESENTATION_REPRESENTATION (  '', ( #291 ), #1160 ) ;
#1119 = DIRECTION ( 'NONE',  ( 0.0000000000000000000, 1.000000000000000000, 0.0000000000000000000 ) ) ;
#1120 = STYLED_ITEM ( 'NONE', ( #504 ), #1332 ) ;
#1121 = CARTESIAN_POINT ( 'NONE',  ( 0.3740157480314960647, 0.3346456692913385988, -0.1181102362204724532 ) ) ;
#1122 = DIRECTION ( 'NONE',  ( 0.0000000000000000000, 1.000000000000000000, 0.0000000000000000000 ) ) ;
#1123 = VERTEX_POINT ( 'NONE', #1032 ) ;
#1124 = EDGE_CURVE ( 'NONE', #723, #661, #664, .T. ) ;
#1125 = DIRECTION ( 'NONE',  ( 0.0000000000000000000, -1.000000000000000000, 0.0000000000000000000 ) ) ;
#1126 = FILL_AREA_STYLE ('',( #1347 ) ) ;
#1127 = LINE ( 'NONE', #752, #815 ) ;
#1128 = VERTEX_POINT ( 'NONE', #800 ) ;
#1129 = DIRECTION ( 'NONE',  ( -0.0000000000000000000, -1.000000000000000000, -0.0000000000000000000 ) ) ;
#1130 = CARTESIAN_POINT ( 'NONE',  ( 0.3740157480314960647, 0.3346456692913385988, 0.0000000000000000000 ) ) ;
#1131 = DIRECTION ( 'NONE',  ( 0.0000000000000000000, -1.000000000000000000, 0.0000000000000000000 ) ) ;
#1132 = VERTEX_POINT ( 'NONE', #1284 ) ;
#1133 = COLOUR_RGB ( '',0.2509803921568627416, 0.2509803921568627416, 0.2509803921568627416 ) ;
#1134 = ORIENTED_EDGE ( 'NONE', *, *, #55, .F. ) ;
#1135 = AXIS2_PLACEMENT_3D ( 'NONE', #1171, #1289, #934 ) ;
#1136 = AXIS2_PLACEMENT_3D ( 'NONE', #878, #1002, #1112 ) ;
#1137 = MECHANICAL_DESIGN_GEOMETRIC_PRESENTATION_REPRESENTATION (  '', ( #189 ), #1020 ) ;
#1138 = EDGE_CURVE ( 'NONE', #526, #702, #1387, .T. ) ;
#1139 = APPLICATION_CONTEXT ( 'automotive_design' ) ;
#1140 = CIRCLE ( 'NONE', #1509, 0.4330708661417322913 ) ;
#1141 = CYLINDRICAL_SURFACE ( 'NONE', #804, 0.4251968503937008093 ) ;
#1142 = ORIENTED_EDGE ( 'NONE', *, *, #602, .T. ) ;
#1143 =( GEOMETRIC_REPRESENTATION_CONTEXT ( 3 ) GLOBAL_UNCERTAINTY_ASSIGNED_CONTEXT ( ( #306 ) ) GLOBAL_UNIT_ASSIGNED_CONTEXT ( ( #555, #541, #38 ) ) REPRESENTATION_CONTEXT ( 'NONE', 'WORKASPACE' ) );
#1144 = EDGE_CURVE ( 'NONE', #754, #702, #706, .T. ) ;
#1145 = LENGTH_MEASURE_WITH_UNIT ( LENGTH_MEASURE( 0.02539999999999999897 ), #900 );
#1146 = ORIENTED_EDGE ( 'NONE', *, *, #76, .F. ) ;
#1147 = VERTEX_POINT ( 'NONE', #1053 ) ;
#1148 = DIRECTION ( 'NONE',  ( 0.0000000000000000000, 0.0000000000000000000, 1.000000000000000000 ) ) ;
#1149 = EDGE_LOOP ( 'NONE', ( #861, #773, #1273, #1091 ) ) ;
#1150 = DIMENSIONAL_EXPONENTS ( 1.000000000000000000, 0.0000000000000000000, 0.0000000000000000000, 0.0000000000000000000, 0.0000000000000000000, 0.0000000000000000000, 0.0000000000000000000 ) ;
#1151 = ORIENTED_EDGE ( 'NONE', *, *, #816, .T. ) ;
#1152 = CARTESIAN_POINT ( 'NONE',  ( 0.4241111545766529378, 0.0000000000000000000, 0.1584854521382912385 ) ) ;
#1153 = DIRECTION ( 'NONE',  ( -0.0000000000000000000, -1.000000000000000000, -0.0000000000000000000 ) ) ;
#1154 = ORIENTED_EDGE ( 'NONE', *, *, #1282, .T. ) ;
#1155 = PRESENTATION_LAYER_ASSIGNMENT (  '', '', ( #258 ) ) ;
#1156 =( GEOMETRIC_REPRESENTATION_CONTEXT ( 3 ) GLOBAL_UNCERTAINTY_ASSIGNED_CONTEXT ( ( #101 ) ) GLOBAL_UNIT_ASSIGNED_CONTEXT ( ( #1523, #330, #77 ) ) REPRESENTATION_CONTEXT ( 'NONE', 'WORKASPACE' ) );
#1157 = DIRECTION ( 'NONE',  ( 0.0000000000000000000, -1.000000000000000000, 0.0000000000000000000 ) ) ;
#1158 =( GEOMETRIC_REPRESENTATION_CONTEXT ( 3 ) GLOBAL_UNCERTAINTY_ASSIGNED_CONTEXT ( ( #2 ) ) GLOBAL_UNIT_ASSIGNED_CONTEXT ( ( #761, #510, #986 ) ) REPRESENTATION_CONTEXT ( 'NONE', 'WORKASPACE' ) );
#1159 = DIRECTION ( 'NONE',  ( 0.0000000000000000000, 1.000000000000000000, 0.0000000000000000000 ) ) ;
#1160 =( GEOMETRIC_REPRESENTATION_CONTEXT ( 3 ) GLOBAL_UNCERTAINTY_ASSIGNED_CONTEXT ( ( #1323 ) ) GLOBAL_UNIT_ASSIGNED_CONTEXT ( ( #509, #533, #1272 ) ) REPRESENTATION_CONTEXT ( 'NONE', 'WORKASPACE' ) );
#1161 = CIRCLE ( 'NONE', #1267, 0.02165354330708662081 ) ;
#1162 = AXIS2_PLACEMENT_3D ( 'NONE', #1248, #770, #897 ) ;
#1163 = MANIFOLD_SOLID_BREP ( 'Boss-Extrude4', #998 ) ;
#1164 = VERTEX_POINT ( 'NONE', #9 ) ;
#1165 = AXIS2_PLACEMENT_3D ( 'NONE', #89, #700, #1562 ) ;
#1166 = FACE_OUTER_BOUND ( 'NONE', #1149, .T. ) ;
#1167 = CARTESIAN_POINT ( 'NONE',  ( 0.0000000000000000000, 0.0000000000000000000, 0.1968503937007874127 ) ) ;
#1168 = EDGE_LOOP ( 'NONE', ( #1539, #1535, #801, #118, #828, #584 ) ) ;
#1169 = EDGE_CURVE ( 'NONE', #1132, #949, #544, .T. ) ;
#1170 = APPLICATION_CONTEXT ( 'automotive_design' ) ;
#1171 = CARTESIAN_POINT ( 'NONE',  ( 0.0000000000000000000, 0.01968503937007873988, 0.0000000000000000000 ) ) ;
#1172 = EDGE_CURVE ( 'NONE', #1030, #395, #213, .T. ) ;
#1173 = FACE_OUTER_BOUND ( 'NONE', #1571, .T. ) ;
#1174 = CARTESIAN_POINT ( 'NONE',  ( 4.580371886574746102E-17, 0.3307086614173229133, 0.3740157480314960647 ) ) ;
#1175 = ORIENTED_EDGE ( 'NONE', *, *, #724, .F. ) ;
#1176 = UNCERTAINTY_MEASURE_WITH_UNIT (LENGTH_MEASURE( 1.000000000000000082E-05 ), #857, 'distance_accuracy_value', 'NONE');
#1177 = SURFACE_STYLE_USAGE ( .BOTH. , #560 ) ;
#1178 =( LENGTH_UNIT ( ) NAMED_UNIT ( * ) SI_UNIT ( $, .METRE. ) );
#1179 = SURFACE_STYLE_FILL_AREA ( #546 ) ;
#1180 = ORIENTED_EDGE ( 'NONE', *, *, #335, .F. ) ;
#1181 = CYLINDRICAL_SURFACE ( 'NONE', #882, 0.02165354330708662081 ) ;
#1182 = DIRECTION ( 'NONE',  ( -0.0000000000000000000, -1.000000000000000000, -0.0000000000000000000 ) ) ;
#1183 = VECTOR ( 'NONE', #583, 39.37007874015748854 ) ;
#1184 = ADVANCED_FACE ( 'NONE', ( #1557 ), #820, .T. ) ;
#1185 =( NAMED_UNIT ( * ) SI_UNIT ( $, .STERADIAN. ) SOLID_ANGLE_UNIT ( ) );
#1186 = DIRECTION ( 'NONE',  ( 0.0000000000000000000, 1.000000000000000000, 0.0000000000000000000 ) ) ;
#1187 = EDGE_CURVE ( 'NONE', #69, #1132, #1071, .T. ) ;
#1188 = AXIS2_PLACEMENT_3D ( 'NONE', #15, #152, #528 ) ;
#1189 = CARTESIAN_POINT ( 'NONE',  ( 0.0000000000000000000, 0.0000000000000000000, -0.1968503937007874127 ) ) ;
#1190 = CARTESIAN_POINT ( 'NONE',  ( 2.651794250122221954E-18, 0.0000000000000000000, -0.2185039370078740439 ) ) ;
#1191 = CARTESIAN_POINT ( 'NONE',  ( 0.0000000000000000000, 0.0000000000000000000, 0.1968503937007874127 ) ) ;
#1192 = ORIENTED_EDGE ( 'NONE', *, *, #1078, .T. ) ;
#1193 = EDGE_CURVE ( 'NONE', #63, #469, #1245, .T. ) ;
#1194 = VECTOR ( 'NONE', #1215, 39.37007874015748143 ) ;
#1195 = VECTOR ( 'NONE', #229, 39.37007874015748143 ) ;
#1196 = DIRECTION ( 'NONE',  ( 0.0000000000000000000, 0.0000000000000000000, -1.000000000000000000 ) ) ;
#1197 = FILL_AREA_STYLE_COLOUR ( '', #624 ) ;
#1198 = DIRECTION ( 'NONE',  ( 0.0000000000000000000, 0.0000000000000000000, 1.000000000000000000 ) ) ;
#1199 = CARTESIAN_POINT ( 'NONE',  ( 0.3493080049703548573, 0.01968503937007873988, 0.2880483078225780647 ) ) ;
#1200 = DIRECTION ( 'NONE',  ( 0.0000000000000000000, -1.000000000000000000, 0.0000000000000000000 ) ) ;
#1201 = CARTESIAN_POINT ( 'NONE',  ( -0.4241111545766505508, 0.01968503937007873988, 0.1584854521382971504 ) ) ;
#1202 = DIRECTION ( 'NONE',  ( 0.0000000000000000000, 0.0000000000000000000, -1.000000000000000000 ) ) ;
#1203 = VERTEX_POINT ( 'NONE', #681 ) ;
#1204 = CARTESIAN_POINT ( 'NONE',  ( 0.0000000000000000000, 0.0000000000000000000, 0.1968503937007874127 ) ) ;
#1205 = CARTESIAN_POINT ( 'NONE',  ( 0.0000000000000000000, 0.3346456692913385988, 0.0000000000000000000 ) ) ;
#1206 =( NAMED_UNIT ( * ) PLANE_ANGLE_UNIT ( ) SI_UNIT ( $, .RADIAN. ) );
#1207 =( LENGTH_UNIT ( ) NAMED_UNIT ( * ) SI_UNIT ( $, .METRE. ) );
#1208 = ORIENTED_EDGE ( 'NONE', *, *, #143, .F. ) ;
#1209 = SURFACE_STYLE_USAGE ( .BOTH. , #844 ) ;
#1210 = CARTESIAN_POINT ( 'NONE',  ( 0.0000000000000000000, 0.3307086614173229133, 0.0000000000000000000 ) ) ;
#1211 = ORIENTED_EDGE ( 'NONE', *, *, #842, .F. ) ;
#1212 = DIRECTION ( 'NONE',  ( -0.0000000000000000000, -1.000000000000000000, -0.0000000000000000000 ) ) ;
#1213 = DIRECTION ( 'NONE',  ( -1.000000000000000000, 0.0000000000000000000, 0.0000000000000000000 ) ) ;
#1214 = UNCERTAINTY_MEASURE_WITH_UNIT (LENGTH_MEASURE( 1.000000000000000082E-05 ), #952, 'distance_accuracy_value', 'NONE');
#1215 = DIRECTION ( 'NONE',  ( 1.000000000000000000, 0.0000000000000000000, 8.921238645900943480E-16 ) ) ;
#1216 = CIRCLE ( 'NONE', #36, 0.01574803149606299885 ) ;
#1217 = CARTESIAN_POINT ( 'NONE',  ( 0.0000000000000000000, -0.2519685039370078705, 0.2125984251968504046 ) ) ;
#1218 = DIRECTION ( 'NONE',  ( 0.0000000000000000000, 0.0000000000000000000, -1.000000000000000000 ) ) ;
#1219 = AXIS2_PLACEMENT_3D ( 'NONE', #135, #1122, #764 ) ;
#1220 = LINE ( 'NONE', #1356, #1584 ) ;
#1221 = AXIS2_PLACEMENT_3D ( 'NONE', #668, #1159, #1294 ) ;
#1222 = CARTESIAN_POINT ( 'NONE',  ( 0.0000000000000000000, 0.0000000000000000000, 0.0000000000000000000 ) ) ;
#1223 = EDGE_LOOP ( 'NONE', ( #1542, #1561, #1358, #1479 ) ) ;
#1224 = VECTOR ( 'NONE', #968, 39.37007874015748854 ) ;
#1225 = EDGE_CURVE ( 'NONE', #766, #1164, #1061, .T. ) ;
#1226 = FACE_OUTER_BOUND ( 'NONE', #1054, .T. ) ;
#1227 = CARTESIAN_POINT ( 'NONE',  ( 1.928577636452525688E-18, -0.2519685039370078705, -0.2125984251968504046 ) ) ;
#1228 =( GEOMETRIC_REPRESENTATION_CONTEXT ( 3 ) GLOBAL_UNCERTAINTY_ASSIGNED_CONTEXT ( ( #930 ) ) GLOBAL_UNIT_ASSIGNED_CONTEXT ( ( #879, #499, #4 ) ) REPRESENTATION_CONTEXT ( 'NONE', 'WORKASPACE' ) );
#1229 = CARTESIAN_POINT ( 'NONE',  ( 0.3740157480314960647, 0.3307086614173229133, 0.1181102362204724532 ) ) ;
#1230 = DIRECTION ( 'NONE',  ( -0.0000000000000000000, -1.000000000000000000, -0.0000000000000000000 ) ) ;
#1231 =( NAMED_UNIT ( * ) PLANE_ANGLE_UNIT ( ) SI_UNIT ( $, .RADIAN. ) );
#1232 = VERTEX_POINT ( 'NONE', #563 ) ;
#1233 = DIRECTION ( 'NONE',  ( 0.0000000000000000000, 0.0000000000000000000, -1.000000000000000000 ) ) ;
#1234 = FILL_AREA_STYLE_COLOUR ( '', #265 ) ;
#1235 = DIRECTION ( 'NONE',  ( -0.8660254037844362651, 0.0000000000000000000, 0.5000000000000038858 ) ) ;
#1236 = LENGTH_MEASURE_WITH_UNIT ( LENGTH_MEASURE( 0.02539999999999999897 ), #250 );
#1237 = ORIENTED_EDGE ( 'NONE', *, *, #863, .T. ) ;
#1238 =( LENGTH_UNIT ( ) NAMED_UNIT ( * ) SI_UNIT ( $, .METRE. ) );
#1239 = COLOUR_RGB ( '',0.2509803921568627416, 0.2509803921568627416, 0.2509803921568627416 ) ;
#1240 = EDGE_CURVE ( 'NONE', #1057, #581, #1548, .T. ) ;
#1241 = DIRECTION ( 'NONE',  ( -0.0000000000000000000, -1.000000000000000000, -0.0000000000000000000 ) ) ;
#1242 = DIRECTION ( 'NONE',  ( -0.0000000000000000000, -1.000000000000000000, -0.0000000000000000000 ) ) ;
#1243 = MECHANICAL_DESIGN_GEOMETRIC_PRESENTATION_REPRESENTATION (  '', ( #1042 ), #599 ) ;
#1244 = ORIENTED_EDGE ( 'NONE', *, *, #1303, .F. ) ;
#1245 = CIRCLE ( 'NONE', #838, 0.3740157480314960647 ) ;
#1246 =( GEOMETRIC_REPRESENTATION_CONTEXT ( 3 ) GLOBAL_UNCERTAINTY_ASSIGNED_CONTEXT ( ( #163 ) ) GLOBAL_UNIT_ASSIGNED_CONTEXT ( ( #850, #689, #1069 ) ) REPRESENTATION_CONTEXT ( 'NONE', 'WORKASPACE' ) );
#1247 = FILL_AREA_STYLE_COLOUR ( '', #157 ) ;
#1248 = CARTESIAN_POINT ( 'NONE',  ( 0.0000000000000000000, 0.0000000000000000000, 0.1968503937007874127 ) ) ;
#1249 = DIRECTION ( 'NONE',  ( -1.000000000000000000, 0.0000000000000000000, 8.921238645900943480E-16 ) ) ;
#1250 = DIRECTION ( 'NONE',  ( 0.0000000000000000000, -1.000000000000000000, 0.0000000000000000000 ) ) ;
#1251 = LINE ( 'NONE', #753, #183 ) ;
#1252 = ORIENTED_EDGE ( 'NONE', *, *, #1031, .T. ) ;
#1253 = DIRECTION ( 'NONE',  ( 0.0000000000000000000, 1.000000000000000000, 0.0000000000000000000 ) ) ;
#1254 = FILL_AREA_STYLE_COLOUR ( '', #839 ) ;
#1255 =( CONVERSION_BASED_UNIT ( 'INCH', #1011 ) LENGTH_UNIT ( ) NAMED_UNIT ( #278 ) );
#1256 = CARTESIAN_POINT ( 'NONE',  ( 0.3548770940417312336, 0.3346456692913385988, 0.1181102362204724254 ) ) ;
#1257 = ORIENTED_EDGE ( 'NONE', *, *, #482, .F. ) ;
#1258 = SURFACE_STYLE_USAGE ( .BOTH. , #1373 ) ;
#1259 = ADVANCED_FACE ( 'NONE', ( #1428 ), #363, .F. ) ;
#1260 = DIRECTION ( 'NONE',  ( 0.0000000000000000000, -1.000000000000000000, 0.0000000000000000000 ) ) ;
#1261 = PRODUCT_DEFINITION_CONTEXT ( 'detailed design', #1170, 'design' ) ;
#1262 = ORIENTED_EDGE ( 'NONE', *, *, #1299, .T. ) ;
#1263 = AXIS2_PLACEMENT_3D ( 'NONE', #642, #1022, #520 ) ;
#1264 = ORIENTED_EDGE ( 'NONE', *, *, #1105, .T. ) ;
#1265 = VECTOR ( 'NONE', #735, 39.37007874015748143 ) ;
#1266 =( GEOMETRIC_REPRESENTATION_CONTEXT ( 3 ) GLOBAL_UNCERTAINTY_ASSIGNED_CONTEXT ( ( #1455 ) ) GLOBAL_UNIT_ASSIGNED_CONTEXT ( ( #1543, #299, #1383 ) ) REPRESENTATION_CONTEXT ( 'NONE', 'WORKASPACE' ) );
#1267 = AXIS2_PLACEMENT_3D ( 'NONE', #228, #727, #1218 ) ;
#1268 = EDGE_CURVE ( 'NONE', #924, #1558, #26, .T. ) ;
#1269 = LINE ( 'NONE', #162, #521 ) ;
#1270 = DIRECTION ( 'NONE',  ( -0.0000000000000000000, -1.000000000000000000, -0.0000000000000000000 ) ) ;
#1271 = ORIENTED_EDGE ( 'NONE', *, *, #1573, .T. ) ;
#1272 =( NAMED_UNIT ( * ) SI_UNIT ( $, .STERADIAN. ) SOLID_ANGLE_UNIT ( ) );
#1273 = ORIENTED_EDGE ( 'NONE', *, *, #793, .F. ) ;
#1274 = DIRECTION ( 'NONE',  ( 1.000000000000000000, 0.0000000000000000000, 0.0000000000000000000 ) ) ;
#1275 = ORIENTED_EDGE ( 'NONE', *, *, #1105, .F. ) ;
#1276 = DIRECTION ( 'NONE',  ( 0.0000000000000000000, 0.0000000000000000000, 1.000000000000000000 ) ) ;
#1277 = VERTEX_POINT ( 'NONE', #1510 ) ;
#1278 = DIRECTION ( 'NONE',  ( -0.0000000000000000000, -1.000000000000000000, -0.0000000000000000000 ) ) ;
#1279 = FACE_OUTER_BOUND ( 'NONE', #334, .T. ) ;
#1280 = LENGTH_MEASURE_WITH_UNIT ( LENGTH_MEASURE( 0.02539999999999999897 ), #923 );
#1281 = ORIENTED_EDGE ( 'NONE', *, *, #554, .T. ) ;
#1282 = EDGE_CURVE ( 'NONE', #588, #836, #872, .T. ) ;
#1283 = DIRECTION ( 'NONE',  ( 0.0000000000000000000, 0.0000000000000000000, 1.000000000000000000 ) ) ;
#1284 = CARTESIAN_POINT ( 'NONE',  ( 0.0000000000000000000, 0.0000000000000000000, 0.2125984251968504046 ) ) ;
#1285 = ORIENTED_EDGE ( 'NONE', *, *, #1187, .T. ) ;
#1286 = AXIS2_PLACEMENT_3D ( 'NONE', #1079, #972, #464 ) ;
#1287 = EDGE_CURVE ( 'NONE', #949, #1132, #266, .T. ) ;
#1288 = STYLED_ITEM ( 'NONE', ( #373 ), #746 ) ;
#1289 = DIRECTION ( 'NONE',  ( 0.0000000000000000000, -1.000000000000000000, 0.0000000000000000000 ) ) ;
#1290 = AXIS2_PLACEMENT_3D ( 'NONE', #987, #7, #1324 ) ;
#1291 = ORIENTED_EDGE ( 'NONE', *, *, #281, .T. ) ;
#1292 = ORIENTED_EDGE ( 'NONE', *, *, #216, .T. ) ;
#1293 = LINE ( 'NONE', #1413, #1018 ) ;
#1294 = DIRECTION ( 'NONE',  ( 0.0000000000000000000, 0.0000000000000000000, 1.000000000000000000 ) ) ;
#1295 = ORIENTED_EDGE ( 'NONE', *, *, #1031, .F. ) ;
#1296 = SURFACE_STYLE_FILL_AREA ( #721 ) ;
#1297 = CARTESIAN_POINT ( 'NONE',  ( 0.0000000000000000000, 0.01968503937007873988, 0.0000000000000000000 ) ) ;
#1298 = ORIENTED_EDGE ( 'NONE', *, *, #1461, .T. ) ;
#1299 = EDGE_CURVE ( 'NONE', #307, #1015, #214, .T. ) ;
#1300 = DIRECTION ( 'NONE',  ( 0.0000000000000000000, 1.000000000000000000, 0.0000000000000000000 ) ) ;
#1301 = EDGE_CURVE ( 'NONE', #926, #12, #153, .T. ) ;
#1302 = LINE ( 'NONE', #203, #1315 ) ;
#1303 = EDGE_CURVE ( 'NONE', #738, #12, #449, .T. ) ;
#1304 = FACE_BOUND ( 'NONE', #870, .T. ) ;
#1305 = CARTESIAN_POINT ( 'NONE',  ( 5.544660704801010255E-17, 0.01968503937007873988, 0.4527559055118111075 ) ) ;
#1306 = DIMENSIONAL_EXPONENTS ( 1.000000000000000000, 0.0000000000000000000, 0.0000000000000000000, 0.0000000000000000000, 0.0000000000000000000, 0.0000000000000000000, 0.0000000000000000000 ) ;
#1307 = CARTESIAN_POINT ( 'NONE',  ( 0.07480314960629926013, 0.01968503937007873988, -0.4185652283619612501 ) ) ;
#1308 =( CONVERSION_BASED_UNIT ( 'INCH', #184 ) LENGTH_UNIT ( ) NAMED_UNIT ( #1366 ) );
#1309 = ORIENTED_EDGE ( 'NONE', *, *, #245, .F. ) ;
#1310 = CARTESIAN_POINT ( 'NONE',  ( 0.3548770940417312336, 0.3307086614173229133, 0.1181102362204724254 ) ) ;
#1311 =( LENGTH_UNIT ( ) NAMED_UNIT ( * ) SI_UNIT ( $, .METRE. ) );
#1312 =( CONVERSION_BASED_UNIT ( 'INCH', #84 ) LENGTH_UNIT ( ) NAMED_UNIT ( #902 ) );
#1313 = AXIS2_PLACEMENT_3D ( 'NONE', #587, #855, #1328 ) ;
#1314 = SURFACE_SIDE_STYLE ('',( #1083 ) ) ;
#1315 = VECTOR ( 'NONE', #695, 39.37007874015748143 ) ;
#1316 =( GEOMETRIC_REPRESENTATION_CONTEXT ( 3 ) GLOBAL_UNCERTAINTY_ASSIGNED_CONTEXT ( ( #1176 ) ) GLOBAL_UNIT_ASSIGNED_CONTEXT ( ( #857, #505, #376 ) ) REPRESENTATION_CONTEXT ( 'NONE', 'WORKASPACE' ) );
#1317 = ORIENTED_EDGE ( 'NONE', *, *, #316, .T. ) ;
#1318 = EDGE_LOOP ( 'NONE', ( #1072, #532 ) ) ;
#1319 = VECTOR ( 'NONE', #1498, 39.37007874015748143 ) ;
#1320 = DIRECTION ( 'NONE',  ( -0.0000000000000000000, -1.000000000000000000, -0.0000000000000000000 ) ) ;
#1321 = LINE ( 'NONE', #960, #442 ) ;
#1322 = FILL_AREA_STYLE ('',( #1433 ) ) ;
#1323 = UNCERTAINTY_MEASURE_WITH_UNIT (LENGTH_MEASURE( 1.000000000000000082E-05 ), #509, 'distance_accuracy_value', 'NONE');
#1324 = DIRECTION ( 'NONE',  ( 0.0000000000000000000, 0.0000000000000000000, 1.000000000000000000 ) ) ;
#1325 = DIRECTION ( 'NONE',  ( 0.0000000000000000000, -1.000000000000000000, 0.0000000000000000000 ) ) ;
#1326 = PLANE ( 'NONE',  #320 ) ;
#1327 = EDGE_LOOP ( 'NONE', ( #944, #303, #1295, #1271 ) ) ;
#1328 = DIRECTION ( 'NONE',  ( 0.0000000000000000000, 0.0000000000000000000, -1.000000000000000000 ) ) ;
#1329 = CARTESIAN_POINT ( 'NONE',  ( 0.3740157480314960647, 0.3346456692913385988, -0.1181102362204724532 ) ) ;
#1330 = PLANE ( 'NONE',  #1470 ) ;
#1331 = ORIENTED_EDGE ( 'NONE', *, *, #1512, .T. ) ;
#1332 = ADVANCED_FACE ( 'NONE', ( #1001 ), #388, .T. ) ;
#1333 = CARTESIAN_POINT ( 'NONE',  ( 0.3740157480314960647, 0.3346456692913385988, 0.0000000000000000000 ) ) ;
#1334 = ADVANCED_FACE ( 'NONE', ( #686 ), #1098, .T. ) ;
#1335 = UNCERTAINTY_MEASURE_WITH_UNIT (LENGTH_MEASURE( 1.000000000000000082E-05 ), #979, 'distance_accuracy_value', 'NONE');
#1336 =( NAMED_UNIT ( * ) PLANE_ANGLE_UNIT ( ) SI_UNIT ( $, .RADIAN. ) );
#1337 = AXIS2_PLACEMENT_3D ( 'NONE', #176, #68, #311 ) ;
#1338 = DIRECTION ( 'NONE',  ( 0.0000000000000000000, 0.0000000000000000000, 1.000000000000000000 ) ) ;
#1339 = STYLED_ITEM ( 'NONE', ( #191 ), #646 ) ;
#1340 =( LENGTH_UNIT ( ) NAMED_UNIT ( * ) SI_UNIT ( $, .METRE. ) );
#1341 = AXIS2_PLACEMENT_3D ( 'NONE', #946, #552, #683 ) ;
#1342 = AXIS2_PLACEMENT_3D ( 'NONE', #289, #297, #1148 ) ;
#1343 = FACE_OUTER_BOUND ( 'NONE', #1041, .T. ) ;
#1344 = AXIS2_PLACEMENT_3D ( 'NONE', #958, #728, #94 ) ;
#1345 = DIRECTION ( 'NONE',  ( 0.0000000000000000000, -1.000000000000000000, 0.0000000000000000000 ) ) ;
#1346 = CARTESIAN_POINT ( 'NONE',  ( 0.0000000000000000000, 0.3346456692913385988, 0.0000000000000000000 ) ) ;
#1347 = FILL_AREA_STYLE_COLOUR ( '', #20 ) ;
#1348 =( LENGTH_UNIT ( ) NAMED_UNIT ( * ) SI_UNIT ( $, .METRE. ) );
#1349 = ORIENTED_EDGE ( 'NONE', *, *, #232, .F. ) ;
#1350 = CARTESIAN_POINT ( 'NONE',  ( 0.3740157480314960647, 0.3307086614173229133, -0.1181102362204724532 ) ) ;
#1351 = EDGE_CURVE ( 'NONE', #1015, #731, #1425, .T. ) ;
#1352 = ADVANCED_FACE ( 'NONE', ( #1444, #367 ), #465, .F. ) ;
#1353 = FILL_AREA_STYLE ('',( #1487 ) ) ;
#1354 =( CONVERSION_BASED_UNIT ( 'INCH', #745 ) LENGTH_UNIT ( ) NAMED_UNIT ( #88 ) );
#1355 = ADVANCED_FACE ( 'NONE', ( #586 ), #629, .T. ) ;
#1356 = CARTESIAN_POINT ( 'NONE',  ( -0.07480314960629917687, 0.01968503937007873988, -0.4185652283619612501 ) ) ;
#1357 = CARTESIAN_POINT ( 'NONE',  ( 0.3740157480314960647, 0.3307086614173229133, 0.0000000000000000000 ) ) ;
#1358 = ORIENTED_EDGE ( 'NONE', *, *, #1225, .T. ) ;
#1359 =( NAMED_UNIT ( * ) PLANE_ANGLE_UNIT ( ) SI_UNIT ( $, .RADIAN. ) );
#1360 = CARTESIAN_POINT ( 'NONE',  ( 0.0000000000000000000, -0.2519685039370078705, 0.1968503937007874127 ) ) ;
#1361 = AXIS2_PLACEMENT_3D ( 'NONE', #680, #1526, #323 ) ;
#1362 = DIRECTION ( 'NONE',  ( -0.0000000000000000000, -1.000000000000000000, -0.0000000000000000000 ) ) ;
#1363 = VERTEX_POINT ( 'NONE', #1227 ) ;
#1364 = CIRCLE ( 'NONE', #672, 0.4251968503937008093 ) ;
#1365 = DIRECTION ( 'NONE',  ( 0.0000000000000000000, 0.0000000000000000000, -1.000000000000000000 ) ) ;
#1366 = DIMENSIONAL_EXPONENTS ( 1.000000000000000000, 0.0000000000000000000, 0.0000000000000000000, 0.0000000000000000000, 0.0000000000000000000, 0.0000000000000000000, 0.0000000000000000000 ) ;
#1367 = SURFACE_STYLE_FILL_AREA ( #13 ) ;
#1368 = PRESENTATION_LAYER_ASSIGNMENT (  '', '', ( #1025 ) ) ;
#1369 = SURFACE_STYLE_USAGE ( .BOTH. , #324 ) ;
#1370 = DIRECTION ( 'NONE',  ( 0.0000000000000000000, 1.000000000000000000, 0.0000000000000000000 ) ) ;
#1371 = FILL_AREA_STYLE ('',( #1494 ) ) ;
#1372 = ORIENTED_EDGE ( 'NONE', *, *, #1169, .T. ) ;
#1373 = SURFACE_SIDE_STYLE ('',( #895 ) ) ;
#1374 = DIMENSIONAL_EXPONENTS ( 1.000000000000000000, 0.0000000000000000000, 0.0000000000000000000, 0.0000000000000000000, 0.0000000000000000000, 0.0000000000000000000, 0.0000000000000000000 ) ;
#1375 = PRESENTATION_STYLE_ASSIGNMENT (( #215 ) ) ;
#1376 = DIRECTION ( 'NONE',  ( 0.0000000000000000000, 1.000000000000000000, 0.0000000000000000000 ) ) ;
#1377 = DIRECTION ( 'NONE',  ( -0.0000000000000000000, -0.0000000000000000000, -1.000000000000000000 ) ) ;
#1378 =( CONVERSION_BASED_UNIT ( 'INCH', #393 ) LENGTH_UNIT ( ) NAMED_UNIT ( #1374 ) );
#1379 = VERTEX_POINT ( 'NONE', #22 ) ;
#1380 = DIRECTION ( 'NONE',  ( -0.0000000000000000000, -1.000000000000000000, -0.0000000000000000000 ) ) ;
#1381 = ADVANCED_FACE ( 'NONE', ( #762 ), #224, .F. ) ;
#1382 = ORIENTED_EDGE ( 'NONE', *, *, #32, .T. ) ;
#1383 =( NAMED_UNIT ( * ) SI_UNIT ( $, .STERADIAN. ) SOLID_ANGLE_UNIT ( ) );
#1384 = UNCERTAINTY_MEASURE_WITH_UNIT (LENGTH_MEASURE( 1.000000000000000082E-05 ), #33, 'distance_accuracy_value', 'NONE');
#1385 = DIRECTION ( 'NONE',  ( 0.0000000000000000000, 1.000000000000000000, 0.0000000000000000000 ) ) ;
#1386 = EDGE_LOOP ( 'NONE', ( #1520, #1180, #792, #428 ) ) ;
#1387 = LINE ( 'NONE', #788, #999 ) ;
#1388 = ORIENTED_EDGE ( 'NONE', *, *, #961, .T. ) ;
#1389 =( GEOMETRIC_REPRESENTATION_CONTEXT ( 3 ) GLOBAL_UNCERTAINTY_ASSIGNED_CONTEXT ( ( #1566 ) ) GLOBAL_UNIT_ASSIGNED_CONTEXT ( ( #477, #1100, #111 ) ) REPRESENTATION_CONTEXT ( 'NONE', 'WORKASPACE' ) );
#1390 = CIRCLE ( 'NONE', #806, 0.02165354330708662081 ) ;
#1391 = CLOSED_SHELL ( 'NONE', ( #746, #1355, #530, #309, #1074, #1421, #198, #822, #1184, #263, #168, #1028, #1334, #1332, #1352, #915, #740, #985, #37, #621, #338, #404, #1381, #696, #1485, #813, #1259, #1055, #890, #1400, #10 ) ) ;
#1392 = CIRCLE ( 'NONE', #709, 0.4527559055118111631 ) ;
#1393 = DIRECTION ( 'NONE',  ( 0.0000000000000000000, 0.0000000000000000000, -1.000000000000000000 ) ) ;
#1394 = ORIENTED_EDGE ( 'NONE', *, *, #1009, .T. ) ;
#1395 = CARTESIAN_POINT ( 'NONE',  ( 0.0000000000000000000, 0.0000000000000000000, 0.0000000000000000000 ) ) ;
#1396 = CYLINDRICAL_SURFACE ( 'NONE', #1342, 0.02165354330708662081 ) ;
#1397 = EDGE_LOOP ( 'NONE', ( #812, #43, #692, #1142 ) ) ;
#1398 = DIRECTION ( 'NONE',  ( 0.0000000000000000000, 0.0000000000000000000, -1.000000000000000000 ) ) ;
#1399 = PLANE ( 'NONE',  #493 ) ;
#1400 = ADVANCED_FACE ( 'NONE', ( #1581 ), #1326, .T. ) ;
#1401 = SURFACE_STYLE_FILL_AREA ( #165 ) ;
#1402 = ORIENTED_EDGE ( 'NONE', *, *, #482, .T. ) ;
#1403 = FACE_OUTER_BOUND ( 'NONE', #403, .T. ) ;
#1404 = EDGE_LOOP ( 'NONE', ( #386, #536 ) ) ;
#1405 = DIRECTION ( 'NONE',  ( 0.0000000000000000000, 0.0000000000000000000, 1.000000000000000000 ) ) ;
#1406 = FACE_OUTER_BOUND ( 'NONE', #280, .T. ) ;
#1407 = VERTEX_POINT ( 'NONE', #1307 ) ;
#1408 =( LENGTH_UNIT ( ) NAMED_UNIT ( * ) SI_UNIT ( $, .METRE. ) );
#1409 = DIRECTION ( 'NONE',  ( 0.0000000000000000000, 1.000000000000000000, 0.0000000000000000000 ) ) ;
#1410 = ORIENTED_EDGE ( 'NONE', *, *, #161, .T. ) ;
#1411 = CIRCLE ( 'NONE', #1572, 0.4251968503937008093 ) ;
#1412 = AXIS2_PLACEMENT_3D ( 'NONE', #630, #285, #785 ) ;
#1413 = CARTESIAN_POINT ( 'NONE',  ( 0.07480314960629926013, 0.01968503937007873988, -0.4465337599608763530 ) ) ;
#1414 = MECHANICAL_DESIGN_GEOMETRIC_PRESENTATION_REPRESENTATION (  '', ( #447 ), #1116 ) ;
#1415 = CYLINDRICAL_SURFACE ( 'NONE', #1221, 0.01574803149606299885 ) ;
#1416 = VECTOR ( 'NONE', #1468, 39.37007874015748143 ) ;
#1417 = VECTOR ( 'NONE', #443, 39.37007874015747433 ) ;
#1418 = CARTESIAN_POINT ( 'NONE',  ( 1.928577636452525688E-18, -0.2519685039370078705, 0.1811023622047244208 ) ) ;
#1419 = SURFACE_STYLE_FILL_AREA ( #445 ) ;
#1420 = VERTEX_POINT ( 'NONE', #942 ) ;
#1421 = ADVANCED_FACE ( 'NONE', ( #218 ), #332, .T. ) ;
#1422 = DIRECTION ( 'NONE',  ( 0.0000000000000000000, 0.0000000000000000000, 1.000000000000000000 ) ) ;
#1423 = EDGE_CURVE ( 'NONE', #1277, #949, #454, .T. ) ;
#1424 = CARTESIAN_POINT ( 'NONE',  ( 0.0000000000000000000, 0.0000000000000000000, -0.1968503937007874127 ) ) ;
#1425 = LINE ( 'NONE', #592, #1194 ) ;
#1426 = DIRECTION ( 'NONE',  ( 0.0000000000000000000, 0.0000000000000000000, -1.000000000000000000 ) ) ;
#1427 = ORIENTED_EDGE ( 'NONE', *, *, #99, .F. ) ;
#1428 = FACE_OUTER_BOUND ( 'NONE', #558, .T. ) ;
#1429 = ORIENTED_EDGE ( 'NONE', *, *, #1138, .T. ) ;
#1430 = DIMENSIONAL_EXPONENTS ( 1.000000000000000000, 0.0000000000000000000, 0.0000000000000000000, 0.0000000000000000000, 0.0000000000000000000, 0.0000000000000000000, 0.0000000000000000000 ) ;
#1431 = EDGE_CURVE ( 'NONE', #654, #287, #104, .T. ) ;
#1432 = FACE_OUTER_BOUND ( 'NONE', #274, .T. ) ;
#1433 = FILL_AREA_STYLE_COLOUR ( '', #703 ) ;
#1434 = UNCERTAINTY_MEASURE_WITH_UNIT (LENGTH_MEASURE( 1.000000000000000082E-05 ), #1308, 'distance_accuracy_value', 'NONE');
#1435 = PRESENTATION_STYLE_ASSIGNMENT (( #235 ) ) ;
#1436 = FILL_AREA_STYLE ('',( #956 ) ) ;
#1437 = ORIENTED_EDGE ( 'NONE', *, *, #502, .F. ) ;
#1438 = LINE ( 'NONE', #819, #1417 ) ;
#1439 = DIRECTION ( 'NONE',  ( 0.0000000000000000000, 0.0000000000000000000, 1.000000000000000000 ) ) ;
#1440 = ORIENTED_EDGE ( 'NONE', *, *, #910, .F. ) ;
#1441 = STYLED_ITEM ( 'NONE', ( #124 ), #458 ) ;
#1442 = CARTESIAN_POINT ( 'NONE',  ( 0.07480314960629926013, 0.01968503937007873988, -0.4465337599608763530 ) ) ;
#1443 = CIRCLE ( 'NONE', #1474, 0.4251968503937009758 ) ;
#1444 = FACE_OUTER_BOUND ( 'NONE', #1318, .T. ) ;
#1445 = PRESENTATION_LAYER_ASSIGNMENT (  '', '', ( #623 ) ) ;
#1446 = CARTESIAN_POINT ( 'NONE',  ( -0.07480314960629917687, 0.01968503937007873988, -0.4465337599608763530 ) ) ;
#1447 = VECTOR ( 'NONE', #744, 39.37007874015748143 ) ;
#1448 = PRESENTATION_LAYER_ASSIGNMENT (  '', '', ( #136 ) ) ;
#1449 = PLANE ( 'NONE',  #650 ) ;
#1450 = CARTESIAN_POINT ( 'NONE',  ( 0.0000000000000000000, -0.2519685039370078705, -0.1968503937007874127 ) ) ;
#1451 = LINE ( 'NONE', #729, #284 ) ;
#1452 = VERTEX_POINT ( 'NONE', #713 ) ;
#1453 = COLOUR_RGB ( '',0.7529411764705882248, 0.7529411764705882248, 0.7529411764705882248 ) ;
#1454 = SURFACE_STYLE_USAGE ( .BOTH. , #481 ) ;
#1455 = UNCERTAINTY_MEASURE_WITH_UNIT (LENGTH_MEASURE( 1.000000000000000082E-05 ), #1543, 'distance_accuracy_value', 'NONE');
#1456 = SURFACE_STYLE_USAGE ( .BOTH. , #1567 ) ;
#1457 = LINE ( 'NONE', #486, #571 ) ;
#1458 = EDGE_CURVE ( 'NONE', #526, #1057, #356, .T. ) ;
#1459 =( NAMED_UNIT ( * ) SI_UNIT ( $, .STERADIAN. ) SOLID_ANGLE_UNIT ( ) );
#1460 = ORIENTED_EDGE ( 'NONE', *, *, #432, .F. ) ;
#1461 = EDGE_CURVE ( 'NONE', #1514, #924, #1392, .T. ) ;
#1462 = DIRECTION ( 'NONE',  ( 0.0000000000000000000, 0.0000000000000000000, 1.000000000000000000 ) ) ;
#1463 =( LENGTH_UNIT ( ) NAMED_UNIT ( * ) SI_UNIT ( $, .METRE. ) );
#1464 = PLANE ( 'NONE',  #132 ) ;
#1465 = LINE ( 'NONE', #1329, #110 ) ;
#1466 = DIRECTION ( 'NONE',  ( 0.8660254037844362651, 0.0000000000000000000, -0.5000000000000038858 ) ) ;
#1467 = ORIENTED_EDGE ( 'NONE', *, *, #1458, .T. ) ;
#1468 = DIRECTION ( 'NONE',  ( -1.000000000000000000, 0.0000000000000000000, 8.921238645900943480E-16 ) ) ;
#1469 = ORIENTED_EDGE ( 'NONE', *, *, #1080, .F. ) ;
#1470 = AXIS2_PLACEMENT_3D ( 'NONE', #748, #983, #1202 ) ;
#1471 = FACE_OUTER_BOUND ( 'NONE', #1517, .T. ) ;
#1472 = DIRECTION ( 'NONE',  ( -0.0000000000000000000, -1.000000000000000000, -0.0000000000000000000 ) ) ;
#1473 = SURFACE_STYLE_USAGE ( .BOTH. , #24 ) ;
#1474 = AXIS2_PLACEMENT_3D ( 'NONE', #418, #917, #1393 ) ;
#1475 = PRESENTATION_STYLE_ASSIGNMENT (( #989 ) ) ;
#1476 = AXIS2_PLACEMENT_3D ( 'NONE', #1442, #1213, #829 ) ;
#1477 =( NAMED_UNIT ( * ) SI_UNIT ( $, .STERADIAN. ) SOLID_ANGLE_UNIT ( ) );
#1478 = EDGE_CURVE ( 'NONE', #825, #1030, #1438, .T. ) ;
#1479 = ORIENTED_EDGE ( 'NONE', *, *, #8, .T. ) ;
#1480 = STYLED_ITEM ( 'NONE', ( #151 ), #1163 ) ;
#1481 = EDGE_CURVE ( 'NONE', #1379, #754, #589, .T. ) ;
#1482 = ORIENTED_EDGE ( 'NONE', *, *, #51, .T. ) ;
#1483 = SURFACE_SIDE_STYLE ('',( #1367 ) ) ;
#1484 = DIRECTION ( 'NONE',  ( 0.0000000000000000000, 1.000000000000000000, 0.0000000000000000000 ) ) ;
#1485 = ADVANCED_FACE ( 'NONE', ( #340 ), #1085, .F. ) ;
#1486 =( NAMED_UNIT ( * ) SI_UNIT ( $, .STERADIAN. ) SOLID_ANGLE_UNIT ( ) );
#1487 = FILL_AREA_STYLE_COLOUR ( '', #115 ) ;
#1488 = SURFACE_STYLE_FILL_AREA ( #1126 ) ;
#1489 = CARTESIAN_POINT ( 'NONE',  ( 0.3740157480314960647, 0.3346456692913385988, -0.1181102362204724532 ) ) ;
#1490 = DIRECTION ( 'NONE',  ( -0.0000000000000000000, -1.000000000000000000, -0.0000000000000000000 ) ) ;
#1491 = ORIENTED_EDGE ( 'NONE', *, *, #615, .T. ) ;
#1492 =( NAMED_UNIT ( * ) PLANE_ANGLE_UNIT ( ) SI_UNIT ( $, .RADIAN. ) );
#1493 =( LENGTH_UNIT ( ) NAMED_UNIT ( * ) SI_UNIT ( $, .METRE. ) );
#1494 = FILL_AREA_STYLE_COLOUR ( '', #964 ) ;
#1495 = ORIENTED_EDGE ( 'NONE', *, *, #195, .T. ) ;
#1496 = CARTESIAN_POINT ( 'NONE',  ( 0.0000000000000000000, 0.3110236220472441526, 0.0000000000000000000 ) ) ;
#1497 = DIMENSIONAL_EXPONENTS ( 1.000000000000000000, 0.0000000000000000000, 0.0000000000000000000, 0.0000000000000000000, 0.0000000000000000000, 0.0000000000000000000, 0.0000000000000000000 ) ;
#1498 = DIRECTION ( 'NONE',  ( 0.0000000000000000000, 1.000000000000000000, 0.0000000000000000000 ) ) ;
#1499 = CIRCLE ( 'NONE', #1016, 0.02165354330708662081 ) ;
#1500 = CARTESIAN_POINT ( 'NONE',  ( 0.0000000000000000000, 0.0000000000000000000, 0.1968503937007874127 ) ) ;
#1501 = CARTESIAN_POINT ( 'NONE',  ( 0.0000000000000000000, 0.0000000000000000000, -0.1968503937007874127 ) ) ;
#1502 = AXIS2_PLACEMENT_3D ( 'NONE', #1027, #876, #139 ) ;
#1503 = ORIENTED_EDGE ( 'NONE', *, *, #965, .T. ) ;
#1504 = VECTOR ( 'NONE', #796, 39.37007874015748143 ) ;
#1505 = AXIS2_PLACEMENT_3D ( 'NONE', #239, #122, #478 ) ;
#1506 = CARTESIAN_POINT ( 'NONE',  ( 0.0000000000000000000, 0.01968503937007873988, 0.0000000000000000000 ) ) ;
#1507 = VECTOR ( 'NONE', #1153, 39.37007874015748143 ) ;
#1508 = CIRCLE ( 'NONE', #810, 0.01574803149606299885 ) ;
#1509 = AXIS2_PLACEMENT_3D ( 'NONE', #241, #858, #619 ) ;
#1510 = CARTESIAN_POINT ( 'NONE',  ( 1.928577636452525688E-18, -0.2519685039370078705, 0.1811023622047244208 ) ) ;
#1511 = CARTESIAN_POINT ( 'NONE',  ( 0.0000000000000000000, -0.2519685039370078705, -0.1968503937007874127 ) ) ;
#1512 = EDGE_CURVE ( 'NONE', #909, #786, #1220, .T. ) ;
#1513 = CARTESIAN_POINT ( 'NONE',  ( 0.0000000000000000000, 0.3346456692913385988, -0.3740157480314960647 ) ) ;
#1514 = VERTEX_POINT ( 'NONE', #254 ) ;
#1515 = EDGE_CURVE ( 'NONE', #1558, #1123, #814, .T. ) ;
#1516 = LINE ( 'NONE', #1049, #576 ) ;
#1517 = EDGE_LOOP ( 'NONE', ( #290, #231, #1317, #789, #1298, #142, #358, #279, #673, #1382, #548, #1151, #1467, #957 ) ) ;
#1518 = CARTESIAN_POINT ( 'NONE',  ( 0.3493080049703548573, 0.01968503937007873988, 0.2880483078225780647 ) ) ;
#1519 =( NAMED_UNIT ( * ) SI_UNIT ( $, .STERADIAN. ) SOLID_ANGLE_UNIT ( ) );
#1520 = ORIENTED_EDGE ( 'NONE', *, *, #1282, .F. ) ;
#1521 = FILL_AREA_STYLE ('',( #397 ) ) ;
#1522 = VERTEX_POINT ( 'NONE', #1489 ) ;
#1523 =( CONVERSION_BASED_UNIT ( 'INCH', #440 ) LENGTH_UNIT ( ) NAMED_UNIT ( #1497 ) );
#1524 = ORIENTED_EDGE ( 'NONE', *, *, #281, .F. ) ;
#1525 = COLOUR_RGB ( '',0.2509803921568627416, 0.2509803921568627416, 0.2509803921568627416 ) ;
#1526 = DIRECTION ( 'NONE',  ( 0.0000000000000000000, -1.000000000000000000, 0.0000000000000000000 ) ) ;
#1527 = VERTEX_POINT ( 'NONE', #506 ) ;
#1528 = EDGE_CURVE ( 'NONE', #1569, #1420, #1140, .T. ) ;
#1529 = AXIS2_PLACEMENT_3D ( 'NONE', #708, #450, #107 ) ;
#1530 = DIMENSIONAL_EXPONENTS ( 1.000000000000000000, 0.0000000000000000000, 0.0000000000000000000, 0.0000000000000000000, 0.0000000000000000000, 0.0000000000000000000, 0.0000000000000000000 ) ;
#1531 = CARTESIAN_POINT ( 'NONE',  ( 0.0000000000000000000, 0.3346456692913385988, 0.0000000000000000000 ) ) ;
#1532 = CARTESIAN_POINT ( 'NONE',  ( 0.0000000000000000000, 0.3307086614173229133, 0.0000000000000000000 ) ) ;
#1533 = AXIS2_PLACEMENT_3D ( 'NONE', #1496, #1484, #756 ) ;
#1534 = COLOUR_RGB ( '',0.2509803921568627416, 0.2509803921568627416, 0.2509803921568627416 ) ;
#1535 = ORIENTED_EDGE ( 'NONE', *, *, #1544, .F. ) ;
#1536 = CARTESIAN_POINT ( 'NONE',  ( 0.0000000000000000000, 0.0000000000000000000, 0.0000000000000000000 ) ) ;
#1537 = VERTEX_POINT ( 'NONE', #391 ) ;
#1538 = FILL_AREA_STYLE_COLOUR ( '', #1093 ) ;
#1539 = ORIENTED_EDGE ( 'NONE', *, *, #436, .F. ) ;
#1540 = CYLINDRICAL_SURFACE ( 'NONE', #538, 0.02165354330708662081 ) ;
#1541 = DIRECTION ( 'NONE',  ( 0.0000000000000000000, 0.0000000000000000000, 1.000000000000000000 ) ) ;
#1542 = ORIENTED_EDGE ( 'NONE', *, *, #382, .F. ) ;
#1543 =( CONVERSION_BASED_UNIT ( 'INCH', #914 ) LENGTH_UNIT ( ) NAMED_UNIT ( #268 ) );
#1544 = EDGE_CURVE ( 'NONE', #661, #786, #1005, .T. ) ;
#1545 = PRESENTATION_STYLE_ASSIGNMENT (( #561 ) ) ;
#1546 = DIRECTION ( 'NONE',  ( 0.0000000000000000000, 0.0000000000000000000, -1.000000000000000000 ) ) ;
#1547 = LINE ( 'NONE', #943, #803 ) ;
#1548 = LINE ( 'NONE', #456, #138 ) ;
#1549 = ORIENTED_EDGE ( 'NONE', *, *, #57, .T. ) ;
#1550 = VECTOR ( 'NONE', #1060, 39.37007874015748143 ) ;
#1551 = DIRECTION ( 'NONE',  ( 1.224646799147353207E-16, 0.0000000000000000000, -1.000000000000000000 ) ) ;
#1552 = DIRECTION ( 'NONE',  ( 0.0000000000000000000, -1.000000000000000000, 0.0000000000000000000 ) ) ;
#1553 = UNCERTAINTY_MEASURE_WITH_UNIT (LENGTH_MEASURE( 1.000000000000000082E-05 ), #722, 'distance_accuracy_value', 'NONE');
#1554 = DIRECTION ( 'NONE',  ( -0.0000000000000000000, -1.000000000000000000, -0.0000000000000000000 ) ) ;
#1555 = PRESENTATION_LAYER_ASSIGNMENT (  '', '', ( #291 ) ) ;
#1556 = EDGE_CURVE ( 'NONE', #588, #1537, #398, .T. ) ;
#1557 = FACE_OUTER_BOUND ( 'NONE', #1223, .T. ) ;
#1558 = VERTEX_POINT ( 'NONE', #747 ) ;
#1559 = FACE_OUTER_BOUND ( 'NONE', #543, .T. ) ;
#1560 = DIRECTION ( 'NONE',  ( 8.921238645900943480E-16, 0.0000000000000000000, 1.000000000000000000 ) ) ;
#1561 = ORIENTED_EDGE ( 'NONE', *, *, #551, .F. ) ;
#1562 = DIRECTION ( 'NONE',  ( 0.0000000000000000000, 0.0000000000000000000, 1.000000000000000000 ) ) ;
#1563 = ORIENTED_EDGE ( 'NONE', *, *, #436, .T. ) ;
#1564 = CARTESIAN_POINT ( 'NONE',  ( 0.0000000000000000000, 0.01968503937007873988, 0.1968503937007874127 ) ) ;
#1565 = FACE_OUTER_BOUND ( 'NONE', #457, .T. ) ;
#1566 = UNCERTAINTY_MEASURE_WITH_UNIT (LENGTH_MEASURE( 1.000000000000000082E-05 ), #477, 'distance_accuracy_value', 'NONE');
#1567 = SURFACE_SIDE_STYLE ('',( #611 ) ) ;
#1568 = DIRECTION ( 'NONE',  ( 1.000000000000000000, 0.0000000000000000000, -8.921238645900943480E-16 ) ) ;
#1569 = VERTEX_POINT ( 'NONE', #891 ) ;
#1570 = FILL_AREA_STYLE_COLOUR ( '', #1534 ) ;
#1571 = EDGE_LOOP ( 'NONE', ( #573, #644, #30, #313 ) ) ;
#1572 = AXIS2_PLACEMENT_3D ( 'NONE', #1222, #976, #1076 ) ;
#1573 = EDGE_CURVE ( 'NONE', #1147, #731, #1127, .T. ) ;
#1574 = CARTESIAN_POINT ( 'NONE',  ( -0.3250865460991423372, 0.01968503937007873988, 0.2740640420231253427 ) ) ;
#1575 = CIRCLE ( 'NONE', #1412, 0.01574803149606299885 ) ;
#1576 = CIRCLE ( 'NONE', #1529, 0.4527559055118110520 ) ;
#1577 = ADVANCED_FACE ( 'NONE', ( #609 ), #28, .T. ) ;
#1578 = FILL_AREA_STYLE_COLOUR ( '', #778 ) ;
#1579 =( GEOMETRIC_REPRESENTATION_CONTEXT ( 3 ) GLOBAL_UNCERTAINTY_ASSIGNED_CONTEXT ( ( #606 ) ) GLOBAL_UNIT_ASSIGNED_CONTEXT ( ( #1255, #529, #1519 ) ) REPRESENTATION_CONTEXT ( 'NONE', 'WORKASPACE' ) );
#1580 = ORIENTED_EDGE ( 'NONE', *, *, #1138, .F. ) ;
#1581 = FACE_OUTER_BOUND ( 'NONE', #893, .T. ) ;
#1582 = FILL_AREA_STYLE ('',( #488 ) ) ;
#1583 = EDGE_LOOP ( 'NONE', ( #331, #969, #1285, #1372 ) ) ;
#1584 = VECTOR ( 'NONE', #1241, 39.37007874015748143 ) ;
ENDSEC;
END-ISO-10303-21;
