ISO-10303-21;
HEADER;
FILE_DESCRIPTION (( 'STEP AP214' ),
    '1' );
FILE_NAME ('CUI_DEVICES_DS01-254-S-06BE.step',
    '2020-04-22T20:47:22',
    ( '' ),
    ( '' ),
    'SwSTEP 2.0',
    'SolidWorks 2020',
    '' );
FILE_SCHEMA (( 'AUTOMOTIVE_DESIGN' ));
ENDSEC;

DATA;
#1 =( CONVERSION_BASED_UNIT ( 'INCH', #3483 ) LENGTH_UNIT ( ) NAMED_UNIT ( #416 ) );
#2 = SURFACE_STYLE_USAGE ( .BOTH. , #1048 ) ;
#3 = EDGE_CURVE ( 'NONE', #8417, #3824, #9386, .T. ) ;
#4 = MECHANICAL_DESIGN_GEOMETRIC_PRESENTATION_REPRESENTATION (  '', ( #9737 ), #4157 ) ;
#5 = DIRECTION ( 'NONE',  ( -1.602884491802569361E-15, 1.000000000000000000, -1.644517855226017859E-15 ) ) ;
#6 = CARTESIAN_POINT ( 'NONE',  ( 0.06018589945968479821, 0.1564960629921263724, 0.03366141732283457061 ) ) ;
#7 = EDGE_CURVE ( 'NONE', #4204, #5549, #10410, .T. ) ;
#8 = CARTESIAN_POINT ( 'NONE',  ( -0.1464566929133855611, -0.1722440944881890590, -0.006889763779527056757 ) ) ;
#9 = SURFACE_STYLE_USAGE ( .BOTH. , #9740 ) ;
#10 = VERTEX_POINT ( 'NONE', #4897 ) ;
#11 = FACE_OUTER_BOUND ( 'NONE', #6253, .T. ) ;
#12 = ORIENTED_EDGE ( 'NONE', *, *, #4771, .T. ) ;
#13 = PRESENTATION_LAYER_ASSIGNMENT (  '', '', ( #564 ) ) ;
#14 = EDGE_LOOP ( 'NONE', ( #4631, #8594, #2315, #405 ) ) ;
#15 = EDGE_CURVE ( 'NONE', #7647, #7478, #7695, .T. ) ;
#16 = EDGE_CURVE ( 'NONE', #5147, #3358, #7679, .T. ) ;
#17 = ORIENTED_EDGE ( 'NONE', *, *, #10653, .T. ) ;
#18 =( CONVERSION_BASED_UNIT ( 'INCH', #2621 ) LENGTH_UNIT ( ) NAMED_UNIT ( #1990 ) );
#19 =( NAMED_UNIT ( * ) PLANE_ANGLE_UNIT ( ) SI_UNIT ( $, .RADIAN. ) );
#20 = CARTESIAN_POINT ( 'NONE',  ( -2.057162640966502078E-16, 0.1269685039370080371, -0.04586614173228350383 ) ) ;
#21 = MECHANICAL_DESIGN_GEOMETRIC_PRESENTATION_REPRESENTATION (  '', ( #749 ), #10283 ) ;
#22 = SURFACE_SIDE_STYLE ('',( #965 ) ) ;
#23 = CYLINDRICAL_SURFACE ( 'NONE', #10734, 0.009105439123007878083 ) ;
#24 = LENGTH_MEASURE_WITH_UNIT ( LENGTH_MEASURE( 0.02539999999999999897 ), #9050 );
#25 =( CONVERSION_BASED_UNIT ( 'INCH', #4396 ) LENGTH_UNIT ( ) NAMED_UNIT ( #11306 ) );
#26 = LENGTH_MEASURE_WITH_UNIT ( LENGTH_MEASURE( 0.02539999999999999897 ), #3747 );
#27 = SURFACE_STYLE_USAGE ( .BOTH. , #842 ) ;
#28 = PRESENTATION_STYLE_ASSIGNMENT (( #9644 ) ) ;
#29 = ORIENTED_EDGE ( 'NONE', *, *, #6184, .F. ) ;
#30 = VERTEX_POINT ( 'NONE', #402 ) ;
#31 = CLOSED_SHELL ( 'NONE', ( #5946, #953, #334, #6676, #4706, #4563, #73, #6831, #2617, #9945, #1229, #4253, #572, #1503, #5023, #1740, #7398, #10991, #5678, #275, #6315, #10510, #4675, #6464, #2913, #4850, #1649, #10791, #11155, #8695, #4903, #7153, #2526, #2674, #2258, #8453, #1585, #4200, #6960, #5961, #11129, #11140, #2847, #3977, #5482, #6308, #1139, #10288, #9243, #64, #6251, #962, #6266, #1896, #10582, #1686, #1363, #6043, #7666, #9248, #3259, #4406, #949, #2773, #5412, #7521, #2890, #6885, #929, #8977, #5829, #504, #1520, #8899, #8608, #7549, #5105, #11221, #4965, #3845, #11123, #8052, #3404, #3701, #3575, #8866, #2690, #9774, #7474, #8595, #624, #7459, #2831, #8036, #8611, #9033, #7662, #865, #6477, #2895, #710, #1799, #2180, #1519, #7475, #102, #3043, #1023, #7953, #8243, #8550, #2902, #9194, #6690, #9258, #165, #1374, #2309, #9941, #2524, #6188, #4066, #2981, #8029, #11402, #7261, #8983, #9614, #1782, #6059, #11437, #10195, #2149, #3764, #8359, #9952, #9309, #7168, #797, #9042, #6399, #2230, #9887, #787, #4991, #6813, #5352, #5321, #197, #10992, #1598, #845, #3359, #7819, #235, #2242, #3124, #7338, #164, #284, #361, #1155, #10101, #7096, #8799, #4237, #4056, #9895, #6326, #11301, #6599, #4489, #5835, #8534, #6451, #8902 ) ) ;
#32 = ORIENTED_EDGE ( 'NONE', *, *, #6882, .T. ) ;
#33 = CYLINDRICAL_SURFACE ( 'NONE', #568, 0.003937007874015749712 ) ;
#34 = EDGE_CURVE ( 'NONE', #3908, #8531, #3081, .T. ) ;
#35 = ORIENTED_EDGE ( 'NONE', *, *, #1736, .F. ) ;
#36 = ORIENTED_EDGE ( 'NONE', *, *, #6557, .F. ) ;
#37 = DIRECTION ( 'NONE',  ( 5.046588147372974893E-13, 1.000000000000000000, -4.605343884023600448E-14 ) ) ;
#38 = DIRECTION ( 'NONE',  ( -1.000000000000000000, -1.602884491802642922E-15, -4.458096893095998546E-14 ) ) ;
#39 = DIRECTION ( 'NONE',  ( 1.000000000000000000, 1.602884491802569361E-15, -2.711709361697226329E-31 ) ) ;
#40 = LINE ( 'NONE', #7364, #8724 ) ;
#41 = FILL_AREA_STYLE_COLOUR ( '', #4208 ) ;
#42 = VECTOR ( 'NONE', #1716, 39.37007874015748143 ) ;
#43 = SURFACE_SIDE_STYLE ('',( #5402 ) ) ;
#44 = VECTOR ( 'NONE', #5846, 39.37007874015748854 ) ;
#45 = MECHANICAL_DESIGN_GEOMETRIC_PRESENTATION_REPRESENTATION (  '', ( #8260 ), #8456 ) ;
#46 = LINE ( 'NONE', #984, #6502 ) ;
#47 = FACE_OUTER_BOUND ( 'NONE', #1504, .T. ) ;
#48 = LENGTH_MEASURE_WITH_UNIT ( LENGTH_MEASURE( 0.02539999999999999897 ), #9827 );
#49 = DIRECTION ( 'NONE',  ( 0.0000000000000000000, 0.0000000000000000000, 1.000000000000000000 ) ) ;
#50 = VECTOR ( 'NONE', #5776, 39.37007874015748143 ) ;
#51 = FACE_OUTER_BOUND ( 'NONE', #1921, .T. ) ;
#52 =( GEOMETRIC_REPRESENTATION_CONTEXT ( 3 ) GLOBAL_UNCERTAINTY_ASSIGNED_CONTEXT ( ( #7098 ) ) GLOBAL_UNIT_ASSIGNED_CONTEXT ( ( #5540, #9843, #6738 ) ) REPRESENTATION_CONTEXT ( 'NONE', 'WORKASPACE' ) );
#53 = VECTOR ( 'NONE', #37, 39.37007874015748143 ) ;
#54 = VERTEX_POINT ( 'NONE', #4025 ) ;
#55 = PLANE ( 'NONE',  #1559 ) ;
#56 = UNCERTAINTY_MEASURE_WITH_UNIT (LENGTH_MEASURE( 1.000000000000000082E-05 ), #11190, 'distance_accuracy_value', 'NONE');
#57 =( LENGTH_UNIT ( ) NAMED_UNIT ( * ) SI_UNIT ( $, .METRE. ) );
#58 = SURFACE_STYLE_FILL_AREA ( #7207 ) ;
#59 = CARTESIAN_POINT ( 'NONE',  ( 0.1500000000000003553, -0.1564960629921255120, -0.2053149606299208008 ) ) ;
#60 = COLOUR_RGB ( '',1.000000000000000000, 1.000000000000000000, 1.000000000000000000 ) ;
#61 = AXIS2_PLACEMENT_3D ( 'NONE', #1527, #871, #4242 ) ;
#62 = VERTEX_POINT ( 'NONE', #1364 ) ;
#63 = LINE ( 'NONE', #6223, #1661 ) ;
#64 = ADVANCED_FACE ( 'NONE', ( #1411 ), #8496, .T. ) ;
#65 =( NAMED_UNIT ( * ) PLANE_ANGLE_UNIT ( ) SI_UNIT ( $, .RADIAN. ) );
#66 = TOROIDAL_SURFACE ( 'NONE', #6794, 0.005168431248992125769, 0.003937007874015747977 ) ;
#67 = UNCERTAINTY_MEASURE_WITH_UNIT (LENGTH_MEASURE( 1.000000000000000082E-05 ), #8934, 'distance_accuracy_value', 'NONE');
#68 = FILL_AREA_STYLE_COLOUR ( '', #5445 ) ;
#69 =( NAMED_UNIT ( * ) PLANE_ANGLE_UNIT ( ) SI_UNIT ( $, .RADIAN. ) );
#70 = CARTESIAN_POINT ( 'NONE',  ( -0.06889763779527560694, 0.001377952755905703262, 0.1820866141732285226 ) ) ;
#71 = LINE ( 'NONE', #3560, #1628 ) ;
#72 = VERTEX_POINT ( 'NONE', #4493 ) ;
#73 = ADVANCED_FACE ( 'NONE', ( #11450 ), #8031, .T. ) ;
#74 = ORIENTED_EDGE ( 'NONE', *, *, #6650, .F. ) ;
#75 = EDGE_CURVE ( 'NONE', #10306, #8331, #9932, .T. ) ;
#76 = ORIENTED_EDGE ( 'NONE', *, *, #16, .F. ) ;
#77 = DIRECTION ( 'NONE',  ( 0.7715274047096014609, 2.282905139954359211E-15, 0.6361960890968026971 ) ) ;
#78 = ORIENTED_EDGE ( 'NONE', *, *, #1574, .F. ) ;
#79 = CARTESIAN_POINT ( 'NONE',  ( -0.1948818897637795144, -0.05413385826771657111, -0.4738188976377951112 ) ) ;
#80 = UNCERTAINTY_MEASURE_WITH_UNIT (LENGTH_MEASURE( 1.000000000000000082E-05 ), #1544, 'distance_accuracy_value', 'NONE');
#81 = CARTESIAN_POINT ( 'NONE',  ( 0.06889763779527535714, 0.1564960629921263724, 0.1624015748031495399 ) ) ;
#82 = LINE ( 'NONE', #9047, #2335 ) ;
#83 = DIRECTION ( 'NONE',  ( 1.000000000000000000, 1.602884491802569361E-15, -2.711709361697226329E-31 ) ) ;
#84 = FILL_AREA_STYLE ('',( #967 ) ) ;
#85 =( LENGTH_UNIT ( ) NAMED_UNIT ( * ) SI_UNIT ( $, .METRE. ) );
#86 = DIRECTION ( 'NONE',  ( 4.788507553440025214E-13, -1.000000000000000000, 2.236891227802259687E-13 ) ) ;
#87 = EDGE_CURVE ( 'NONE', #1011, #7647, #6589, .T. ) ;
#88 = EDGE_CURVE ( 'NONE', #3444, #9750, #5240, .T. ) ;
#89 = SURFACE_STYLE_USAGE ( .BOTH. , #10546 ) ;
#90 = CARTESIAN_POINT ( 'NONE',  ( 0.01934165962243668963, 0.1998031496062996903, -0.2663385826771654807 ) ) ;
#91 = ORIENTED_EDGE ( 'NONE', *, *, #8258, .T. ) ;
#92 = STYLED_ITEM ( 'NONE', ( #10318 ), #6885 ) ;
#93 = STYLED_ITEM ( 'NONE', ( #6862 ), #2532 ) ;
#94 = ORIENTED_EDGE ( 'NONE', *, *, #7932, .T. ) ;
#95 =( LENGTH_UNIT ( ) NAMED_UNIT ( * ) SI_UNIT ( $, .METRE. ) );
#96 = SURFACE_STYLE_USAGE ( .BOTH. , #4530 ) ;
#97 = DIRECTION ( 'NONE',  ( -2.348093788196916901E-30, 1.644517855226017859E-15, 1.000000000000000000 ) ) ;
#98 = DIRECTION ( 'NONE',  ( 1.000000000000000000, 1.602884491802569361E-15, -2.711709361697226329E-31 ) ) ;
#99 = DIRECTION ( 'NONE',  ( 1.602884491802569361E-15, -1.000000000000000000, 1.644517855226018450E-15 ) ) ;
#100 = VECTOR ( 'NONE', #6995, 39.37007874015748143 ) ;
#101 =( NAMED_UNIT ( * ) SI_UNIT ( $, .STERADIAN. ) SOLID_ANGLE_UNIT ( ) );
#102 = ADVANCED_FACE ( 'NONE', ( #2662 ), #10694, .F. ) ;
#103 = PLANE ( 'NONE',  #6873 ) ;
#104 = MECHANICAL_DESIGN_GEOMETRIC_PRESENTATION_REPRESENTATION (  '', ( #8332 ), #4730 ) ;
#105 = VECTOR ( 'NONE', #9354, 39.37007874015748143 ) ;
#106 =( NAMED_UNIT ( * ) SI_UNIT ( $, .STERADIAN. ) SOLID_ANGLE_UNIT ( ) );
#107 = VERTEX_POINT ( 'NONE', #4310 ) ;
#108 = CARTESIAN_POINT ( 'NONE',  ( 0.06929133858267692847, 0.1564960629921264834, -0.2663385826771654807 ) ) ;
#109 = FILL_AREA_STYLE ('',( #7377 ) ) ;
#110 = CARTESIAN_POINT ( 'NONE',  ( 0.08700787401574773539, 0.2037401574803155146, -0.3958661417322836829 ) ) ;
#111 = CARTESIAN_POINT ( 'NONE',  ( 0.06018589943271623194, 0.1998031496062996348, -0.3253937007874017628 ) ) ;
#112 = CARTESIAN_POINT ( 'NONE',  ( 0.01934165959544849669, 0.2037401574803154036, -0.1702755905511812995 ) ) ;
#113 = COLOUR_RGB ( '',0.7607843137254901578, 0.7607843137254901578, 0.0000000000000000000 ) ;
#114 = ORIENTED_EDGE ( 'NONE', *, *, #9540, .F. ) ;
#115 = CARTESIAN_POINT ( 'NONE',  ( 0.01934165959548794084, 0.1564960629921263169, -0.3253937007874017628 ) ) ;
#116 = CARTESIAN_POINT ( 'NONE',  ( 0.06929133858267687296, 0.1958661417322838660, -0.2253937007874017295 ) ) ;
#117 = CARTESIAN_POINT ( 'NONE',  ( 0.01934165959544861813, 0.1269685039370081203, -0.01628826166439373974 ) ) ;
#118 = COLOUR_RGB ( '',0.7607843137254901578, 0.7607843137254901578, 0.0000000000000000000 ) ;
#119 = AXIS2_PLACEMENT_3D ( 'NONE', #11475, #5386, #910 ) ;
#120 = VECTOR ( 'NONE', #3525, 39.37007874015748143 ) ;
#121 = FILL_AREA_STYLE_COLOUR ( '', #778 ) ;
#122 =( NAMED_UNIT ( * ) SI_UNIT ( $, .STERADIAN. ) SOLID_ANGLE_UNIT ( ) );
#123 = DIRECTION ( 'NONE',  ( 1.602884491802569361E-15, -1.000000000000000000, 1.644517855226018450E-15 ) ) ;
#124 = ORIENTED_EDGE ( 'NONE', *, *, #1523, .F. ) ;
#125 = CARTESIAN_POINT ( 'NONE',  ( -0.007480314960630252488, 0.2037401574803152093, 0.1041338582677163865 ) ) ;
#126 = ORIENTED_EDGE ( 'NONE', *, *, #11257, .T. ) ;
#127 = CIRCLE ( 'NONE', #2964, 0.009105439123007878083 ) ;
#128 = VERTEX_POINT ( 'NONE', #2720 ) ;
#129 = SURFACE_STYLE_USAGE ( .BOTH. , #2079 ) ;
#130 = VERTEX_POINT ( 'NONE', #5300 ) ;
#131 = EDGE_CURVE ( 'NONE', #3138, #5095, #11395, .T. ) ;
#132 = PRESENTATION_LAYER_ASSIGNMENT (  '', '', ( #8186 ) ) ;
#133 = FACE_OUTER_BOUND ( 'NONE', #8690, .T. ) ;
#134 = DIRECTION ( 'NONE',  ( 1.602884491802569361E-15, -1.000000000000000000, 1.644517855226018450E-15 ) ) ;
#135 = DIRECTION ( 'NONE',  ( 5.046588147372974893E-13, 1.000000000000000000, -4.605343884023600448E-14 ) ) ;
#136 = DIRECTION ( 'NONE',  ( 0.0000000000000000000, 0.0000000000000000000, -1.000000000000000000 ) ) ;
#137 =( CONVERSION_BASED_UNIT ( 'INCH', #24 ) LENGTH_UNIT ( ) NAMED_UNIT ( #3308 ) );
#138 = PRESENTATION_LAYER_ASSIGNMENT (  '', '', ( #6693 ) ) ;
#139 = AXIS2_PLACEMENT_3D ( 'NONE', #10661, #3635, #5504 ) ;
#140 = FACE_OUTER_BOUND ( 'NONE', #6874, .T. ) ;
#141 = DIRECTION ( 'NONE',  ( 2.255666698845082219E-10, 1.000000000000000000, -2.962197096095551764E-10 ) ) ;
#142 = ORIENTED_EDGE ( 'NONE', *, *, #6377, .T. ) ;
#143 = VECTOR ( 'NONE', #9413, 39.37007874015748143 ) ;
#144 = ORIENTED_EDGE ( 'NONE', *, *, #8101, .T. ) ;
#145 = STYLED_ITEM ( 'NONE', ( #11154 ), #9231 ) ;
#146 = VECTOR ( 'NONE', #9994, 39.37007874015748143 ) ;
#147 =( NAMED_UNIT ( * ) PLANE_ANGLE_UNIT ( ) SI_UNIT ( $, .RADIAN. ) );
#148 = EDGE_CURVE ( 'NONE', #6586, #3586, #9841, .T. ) ;
#149 = DIRECTION ( 'NONE',  ( -1.000000000000000000, -1.602884491802569361E-15, 2.711709361697226329E-31 ) ) ;
#150 = EDGE_CURVE ( 'NONE', #377, #1963, #11386, .T. ) ;
#151 = CARTESIAN_POINT ( 'NONE',  ( -0.1464566929133855611, -0.1722440944881889202, -0.3848425196850389085 ) ) ;
#152 = DIRECTION ( 'NONE',  ( 1.000000000000000000, 1.602884491802569361E-15, -2.711709361697226329E-31 ) ) ;
#153 = PLANE ( 'NONE',  #11504 ) ;
#154 = PLANE ( 'NONE',  #8853 ) ;
#155 = FILL_AREA_STYLE ('',( #10088 ) ) ;
#156 = FILL_AREA_STYLE ('',( #1093 ) ) ;
#157 = CARTESIAN_POINT ( 'NONE',  ( 0.1535433070866144833, -0.1407480314960625756, 0.01515748031496108768 ) ) ;
#158 =( CONVERSION_BASED_UNIT ( 'INCH', #10682 ) LENGTH_UNIT ( ) NAMED_UNIT ( #8170 ) );
#159 = COLOUR_RGB ( '',1.000000000000000000, 1.000000000000000000, 1.000000000000000000 ) ;
#160 = STYLED_ITEM ( 'NONE', ( #7833 ), #8611 ) ;
#161 = MECHANICAL_DESIGN_GEOMETRIC_PRESENTATION_REPRESENTATION (  '', ( #10607 ), #11342 ) ;
#162 = VERTEX_POINT ( 'NONE', #6974 ) ;
#163 = DIMENSIONAL_EXPONENTS ( 1.000000000000000000, 0.0000000000000000000, 0.0000000000000000000, 0.0000000000000000000, 0.0000000000000000000, 0.0000000000000000000, 0.0000000000000000000 ) ;
#164 = ADVANCED_FACE ( 'NONE', ( #10523 ), #8980, .T. ) ;
#165 = ADVANCED_FACE ( 'NONE', ( #10852 ), #10055, .T. ) ;
#166 = PLANE ( 'NONE',  #7275 ) ;
#167 = VECTOR ( 'NONE', #6997, 39.37007874015748143 ) ;
#168 =( NAMED_UNIT ( * ) SI_UNIT ( $, .STERADIAN. ) SOLID_ANGLE_UNIT ( ) );
#169 = SURFACE_SIDE_STYLE ('',( #1886 ) ) ;
#170 = LENGTH_MEASURE_WITH_UNIT ( LENGTH_MEASURE( 0.02539999999999999897 ), #3213 );
#171 = VECTOR ( 'NONE', #7754, 39.37007874015748143 ) ;
#172 = DIRECTION ( 'NONE',  ( -1.602884491802569361E-15, 1.000000000000000000, -1.644517855226017859E-15 ) ) ;
#173 = ORIENTED_EDGE ( 'NONE', *, *, #8734, .F. ) ;
#174 = CARTESIAN_POINT ( 'NONE',  ( 0.01209712494558641202, 0.1269685039370081758, 0.01904002503381884912 ) ) ;
#175 = LINE ( 'NONE', #5478, #1881 ) ;
#176 = VECTOR ( 'NONE', #243, 39.37007874015748143 ) ;
#177 = CARTESIAN_POINT ( 'NONE',  ( 0.01934165959543282173, 0.1564960629921264557, -0.3663385826771655140 ) ) ;
#178 = UNCERTAINTY_MEASURE_WITH_UNIT (LENGTH_MEASURE( 1.000000000000000082E-05 ), #835, 'distance_accuracy_value', 'NONE');
#179 = DIRECTION ( 'NONE',  ( 0.6057866173740993343, 2.279429041416232339E-15, 0.7956271577883993196 ) ) ;
#180 = LENGTH_MEASURE_WITH_UNIT ( LENGTH_MEASURE( 0.02539999999999999897 ), #10755 );
#181 = ORIENTED_EDGE ( 'NONE', *, *, #9393, .T. ) ;
#182 = COLOUR_RGB ( '',0.7607843137254901578, 0.7607843137254901578, 0.0000000000000000000 ) ;
#183 = ORIENTED_EDGE ( 'NONE', *, *, #11141, .T. ) ;
#184 = AXIS2_PLACEMENT_3D ( 'NONE', #1228, #10106, #2184 ) ;
#185 = VERTEX_POINT ( 'NONE', #6573 ) ;
#186 =( LENGTH_UNIT ( ) NAMED_UNIT ( * ) SI_UNIT ( $, .METRE. ) );
#187 = ORIENTED_EDGE ( 'NONE', *, *, #8499, .T. ) ;
#188 = DIMENSIONAL_EXPONENTS ( 1.000000000000000000, 0.0000000000000000000, 0.0000000000000000000, 0.0000000000000000000, 0.0000000000000000000, 0.0000000000000000000, 0.0000000000000000000 ) ;
#189 = UNCERTAINTY_MEASURE_WITH_UNIT (LENGTH_MEASURE( 1.000000000000000082E-05 ), #8862, 'distance_accuracy_value', 'NONE');
#190 =( NAMED_UNIT ( * ) PLANE_ANGLE_UNIT ( ) SI_UNIT ( $, .RADIAN. ) );
#191 = CARTESIAN_POINT ( 'NONE',  ( 0.01209712494559023188, 0.1998031496062994683, -0.01077230849836629221 ) ) ;
#192 = SURFACE_STYLE_USAGE ( .BOTH. , #1972 ) ;
#193 = PRESENTATION_STYLE_ASSIGNMENT (( #10123 ) ) ;
#194 = CARTESIAN_POINT ( 'NONE',  ( 0.06929133858267698398, 0.1269685039370083146, -0.07544402180015752357 ) ) ;
#195 = FACE_OUTER_BOUND ( 'NONE', #2334, .T. ) ;
#196 = ORIENTED_EDGE ( 'NONE', *, *, #1174, .F. ) ;
#197 = ADVANCED_FACE ( 'NONE', ( #6444 ), #7144, .T. ) ;
#198 = CARTESIAN_POINT ( 'NONE',  ( 0.01934165962243668963, 0.1998031496062995516, 0.1336614173228345137 ) ) ;
#199 = TOROIDAL_SURFACE ( 'NONE', #8074, 0.005168431248992125769, 0.003937007874015747977 ) ;
#200 = ORIENTED_EDGE ( 'NONE', *, *, #562, .T. ) ;
#201 =( CONVERSION_BASED_UNIT ( 'INCH', #10255 ) LENGTH_UNIT ( ) NAMED_UNIT ( #9353 ) );
#202 = CARTESIAN_POINT ( 'NONE',  ( 0.01934165959543282173, 0.1564960629921264001, -0.2663385826771654807 ) ) ;
#203 = LINE ( 'NONE', #7247, #2505 ) ;
#204 = DIRECTION ( 'NONE',  ( 0.0000000000000000000, 0.0000000000000000000, -1.000000000000000000 ) ) ;
#205 =( NAMED_UNIT ( * ) SI_UNIT ( $, .STERADIAN. ) SOLID_ANGLE_UNIT ( ) );
#206 = LENGTH_MEASURE_WITH_UNIT ( LENGTH_MEASURE( 0.02539999999999999897 ), #10886 );
#207 =( LENGTH_UNIT ( ) NAMED_UNIT ( * ) SI_UNIT ( $, .METRE. ) );
#208 = DIRECTION ( 'NONE',  ( 2.348093788196917952E-30, -1.644517855226018450E-15, -1.000000000000000000 ) ) ;
#209 =( NAMED_UNIT ( * ) SI_UNIT ( $, .STERADIAN. ) SOLID_ANGLE_UNIT ( ) );
#210 = STYLED_ITEM ( 'NONE', ( #7786 ), #164 ) ;
#211 = EDGE_CURVE ( 'NONE', #8287, #4330, #2786, .T. ) ;
#212 = ORIENTED_EDGE ( 'NONE', *, *, #8832, .F. ) ;
#213 = ORIENTED_EDGE ( 'NONE', *, *, #5630, .T. ) ;
#214 = EDGE_CURVE ( 'NONE', #6731, #8042, #2848, .T. ) ;
#215 = AXIS2_PLACEMENT_3D ( 'NONE', #9394, #9448, #8625 ) ;
#216 = CARTESIAN_POINT ( 'NONE',  ( -0.06929133858267744195, 0.1564960629921260948, -0.1253937007874016685 ) ) ;
#217 = DIRECTION ( 'NONE',  ( -1.000000000000000000, -1.602884491802569361E-15, 2.711709361697226329E-31 ) ) ;
#218 = FACE_OUTER_BOUND ( 'NONE', #8593, .T. ) ;
#219 = FACE_OUTER_BOUND ( 'NONE', #741, .T. ) ;
#220 = PLANE ( 'NONE',  #1651 ) ;
#221 = FILL_AREA_STYLE_COLOUR ( '', #7788 ) ;
#222 = EDGE_LOOP ( 'NONE', ( #4443, #11067, #2092, #2609 ) ) ;
#223 = EDGE_CURVE ( 'NONE', #8401, #9812, #1111, .T. ) ;
#224 = VECTOR ( 'NONE', #8857, 39.37007874015748143 ) ;
#225 = EDGE_CURVE ( 'NONE', #1337, #6176, #6393, .T. ) ;
#226 = COLOUR_RGB ( '',1.000000000000000000, 1.000000000000000000, 1.000000000000000000 ) ;
#227 =( GEOMETRIC_REPRESENTATION_CONTEXT ( 3 ) GLOBAL_UNCERTAINTY_ASSIGNED_CONTEXT ( ( #4015 ) ) GLOBAL_UNIT_ASSIGNED_CONTEXT ( ( #8005, #147, #5397 ) ) REPRESENTATION_CONTEXT ( 'NONE', 'WORKASPACE' ) );
#228 =( NAMED_UNIT ( * ) PLANE_ANGLE_UNIT ( ) SI_UNIT ( $, .RADIAN. ) );
#229 = CARTESIAN_POINT ( 'NONE',  ( 0.01934165959544849669, 0.2037401574803152926, -0.2214566929133859885 ) ) ;
#230 = AXIS2_PLACEMENT_3D ( 'NONE', #11193, #5704, #8541 ) ;
#231 = FILL_AREA_STYLE_COLOUR ( '', #10487 ) ;
#232 = LINE ( 'NONE', #5719, #4790 ) ;
#233 = SURFACE_STYLE_USAGE ( .BOTH. , #6453 ) ;
#234 = ORIENTED_EDGE ( 'NONE', *, *, #7313, .T. ) ;
#235 = ADVANCED_FACE ( 'NONE', ( #6509 ), #7335, .T. ) ;
#236 = ORIENTED_EDGE ( 'NONE', *, *, #427, .F. ) ;
#237 = CARTESIAN_POINT ( 'NONE',  ( 0.06743043410952737071, 0.1269685039370083701, -0.3809599749661812806 ) ) ;
#238 = PRESENTATION_LAYER_ASSIGNMENT (  '', '', ( #2318 ) ) ;
#239 = EDGE_LOOP ( 'NONE', ( #3941, #11160, #3820, #7401, #4382, #5498 ) ) ;
#240 = VERTEX_POINT ( 'NONE', #4716 ) ;
#241 = DIRECTION ( 'NONE',  ( -1.594929680954394613E-15, 0.9950371902099890420, -0.09950371902100052512 ) ) ;
#242 = DIMENSIONAL_EXPONENTS ( 1.000000000000000000, 0.0000000000000000000, 0.0000000000000000000, 0.0000000000000000000, 0.0000000000000000000, 0.0000000000000000000, 0.0000000000000000000 ) ;
#243 = DIRECTION ( 'NONE',  ( -1.602884491802569361E-15, 1.000000000000000000, -1.644517855226017859E-15 ) ) ;
#244 = PLANE ( 'NONE',  #6094 ) ;
#245 = CARTESIAN_POINT ( 'NONE',  ( 0.01934165959544861813, 0.1269685039370082036, -0.3253937007874017073 ) ) ;
#246 = SURFACE_SIDE_STYLE ('',( #8280 ) ) ;
#247 = CARTESIAN_POINT ( 'NONE',  ( -0.1464566929133855888, -0.1407480314960630752, 0.01515748031496108768 ) ) ;
#248 = AXIS2_PLACEMENT_3D ( 'NONE', #6080, #7755, #11291 ) ;
#249 = VERTEX_POINT ( 'NONE', #3953 ) ;
#250 = SURFACE_SIDE_STYLE ('',( #11055 ) ) ;
#251 = DIRECTION ( 'NONE',  ( 0.0000000000000000000, -1.875148439272792120E-15, -1.000000000000000000 ) ) ;
#252 = SURFACE_SIDE_STYLE ('',( #7578 ) ) ;
#253 =( LENGTH_UNIT ( ) NAMED_UNIT ( * ) SI_UNIT ( $, .METRE. ) );
#254 = CARTESIAN_POINT ( 'NONE',  ( 0.1464566929133855611, 0.2273622047244100164, -0.4458661417322836718 ) ) ;
#255 = VECTOR ( 'NONE', #4363, 39.37007874015748143 ) ;
#256 = FILL_AREA_STYLE ('',( #8297 ) ) ;
#257 = PRESENTATION_LAYER_ASSIGNMENT (  '', '', ( #8691 ) ) ;
#258 = DIMENSIONAL_EXPONENTS ( 1.000000000000000000, 0.0000000000000000000, 0.0000000000000000000, 0.0000000000000000000, 0.0000000000000000000, 0.0000000000000000000, 0.0000000000000000000 ) ;
#259 = ORIENTED_EDGE ( 'NONE', *, *, #6538, .F. ) ;
#260 = EDGE_LOOP ( 'NONE', ( #2678, #2474, #4523, #8826 ) ) ;
#261 = ORIENTED_EDGE ( 'NONE', *, *, #10653, .F. ) ;
#262 = SURFACE_STYLE_USAGE ( .BOTH. , #11188 ) ;
#263 =( CONVERSION_BASED_UNIT ( 'INCH', #5646 ) LENGTH_UNIT ( ) NAMED_UNIT ( #3868 ) );
#264 =( CONVERSION_BASED_UNIT ( 'INCH', #7548 ) LENGTH_UNIT ( ) NAMED_UNIT ( #8443 ) );
#265 = DIRECTION ( 'NONE',  ( 2.348093788196917952E-30, -1.644517855226018450E-15, -1.000000000000000000 ) ) ;
#266 = EDGE_CURVE ( 'NONE', #2063, #7444, #387, .T. ) ;
#267 = DIRECTION ( 'NONE',  ( -1.000000000000000000, -1.602884491802569361E-15, 2.711709361697226329E-31 ) ) ;
#268 =( NAMED_UNIT ( * ) PLANE_ANGLE_UNIT ( ) SI_UNIT ( $, .RADIAN. ) );
#269 = SURFACE_SIDE_STYLE ('',( #8314 ) ) ;
#270 = ORIENTED_EDGE ( 'NONE', *, *, #131, .T. ) ;
#271 = EDGE_CURVE ( 'NONE', #240, #6295, #11082, .T. ) ;
#272 = CARTESIAN_POINT ( 'NONE',  ( 0.1535433070866143168, -0.02263779527558995239, -0.3848425196850391861 ) ) ;
#273 = FILL_AREA_STYLE ('',( #9259 ) ) ;
#274 = SURFACE_SIDE_STYLE ('',( #7329 ) ) ;
#275 = ADVANCED_FACE ( 'NONE', ( #4065 ), #5864, .T. ) ;
#276 = AXIS2_PLACEMENT_3D ( 'NONE', #8551, #3241, #7609 ) ;
#277 = EDGE_CURVE ( 'NONE', #10, #8997, #11142, .T. ) ;
#278 = UNCERTAINTY_MEASURE_WITH_UNIT (LENGTH_MEASURE( 1.000000000000000082E-05 ), #2442, 'distance_accuracy_value', 'NONE');
#279 = LINE ( 'NONE', #10110, #3201 ) ;
#280 = FILL_AREA_STYLE_COLOUR ( '', #6228 ) ;
#281 = PRESENTATION_STYLE_ASSIGNMENT (( #1236 ) ) ;
#282 = CARTESIAN_POINT ( 'NONE',  ( -0.1464566929133855611, -0.1722440944881890035, -0.08799212598425146248 ) ) ;
#283 = EDGE_LOOP ( 'NONE', ( #2699, #236, #511, #2967 ) ) ;
#284 = ADVANCED_FACE ( 'NONE', ( #3182 ), #5880, .F. ) ;
#285 = FACE_OUTER_BOUND ( 'NONE', #1594, .T. ) ;
#286 = MECHANICAL_DESIGN_GEOMETRIC_PRESENTATION_REPRESENTATION (  '', ( #3326 ), #867 ) ;
#287 = ORIENTED_EDGE ( 'NONE', *, *, #1668, .F. ) ;
#288 = LENGTH_MEASURE_WITH_UNIT ( LENGTH_MEASURE( 0.02539999999999999897 ), #3022 );
#289 = STYLED_ITEM ( 'NONE', ( #193 ), #4489 ) ;
#290 = CIRCLE ( 'NONE', #6849, 0.003937007874015724558 ) ;
#291 = EDGE_LOOP ( 'NONE', ( #11287, #9313, #7857, #4378 ) ) ;
#292 = PRESENTATION_STYLE_ASSIGNMENT (( #129 ) ) ;
#293 = VERTEX_POINT ( 'NONE', #6733 ) ;
#294 = STYLED_ITEM ( 'NONE', ( #1458 ), #7725 ) ;
#295 = EDGE_CURVE ( 'NONE', #9477, #4560, #9315, .T. ) ;
#296 = UNCERTAINTY_MEASURE_WITH_UNIT (LENGTH_MEASURE( 1.000000000000000082E-05 ), #7470, 'distance_accuracy_value', 'NONE');
#297 = FILL_AREA_STYLE ('',( #4793 ) ) ;
#298 = LINE ( 'NONE', #8337, #4410 ) ;
#299 = COLOUR_RGB ( '',1.000000000000000000, 1.000000000000000000, 1.000000000000000000 ) ;
#300 = PRESENTATION_LAYER_ASSIGNMENT (  '', '', ( #5195 ) ) ;
#301 = LENGTH_MEASURE_WITH_UNIT ( LENGTH_MEASURE( 0.02539999999999999897 ), #9343 );
#302 = LINE ( 'NONE', #9005, #1482 ) ;
#303 = ORIENTED_EDGE ( 'NONE', *, *, #11211, .F. ) ;
#304 = MECHANICAL_DESIGN_GEOMETRIC_PRESENTATION_REPRESENTATION (  '', ( #2571 ), #10023 ) ;
#305 = AXIS2_PLACEMENT_3D ( 'NONE', #1579, #7664, #10507 ) ;
#306 = VERTEX_POINT ( 'NONE', #621 ) ;
#307 = CARTESIAN_POINT ( 'NONE',  ( 0.06018589943271623194, 0.1998031496062995238, 0.07460629921259827324 ) ) ;
#308 = SURFACE_STYLE_USAGE ( .BOTH. , #9410 ) ;
#309 =( GEOMETRIC_REPRESENTATION_CONTEXT ( 3 ) GLOBAL_UNCERTAINTY_ASSIGNED_CONTEXT ( ( #3741 ) ) GLOBAL_UNIT_ASSIGNED_CONTEXT ( ( #912, #6301, #10932 ) ) REPRESENTATION_CONTEXT ( 'NONE', 'WORKASPACE' ) );
#310 = DIRECTION ( 'NONE',  ( 0.0000000000000000000, 1.387778780781446464E-15, 1.000000000000000000 ) ) ;
#311 = TOROIDAL_SURFACE ( 'NONE', #4657, 0.005168431248992125769, 0.003937007874015747977 ) ;
#312 =( NAMED_UNIT ( * ) SI_UNIT ( $, .STERADIAN. ) SOLID_ANGLE_UNIT ( ) );
#313 = SURFACE_SIDE_STYLE ('',( #5806 ) ) ;
#314 =( NAMED_UNIT ( * ) SI_UNIT ( $, .STERADIAN. ) SOLID_ANGLE_UNIT ( ) );
#315 =( GEOMETRIC_REPRESENTATION_CONTEXT ( 3 ) GLOBAL_UNCERTAINTY_ASSIGNED_CONTEXT ( ( #4418 ) ) GLOBAL_UNIT_ASSIGNED_CONTEXT ( ( #5914, #8646, #7645 ) ) REPRESENTATION_CONTEXT ( 'NONE', 'WORKASPACE' ) );
#316 =( CONVERSION_BASED_UNIT ( 'INCH', #2763 ) LENGTH_UNIT ( ) NAMED_UNIT ( #8598 ) );
#317 = DIRECTION ( 'NONE',  ( -2.348093788196917952E-30, 1.644517855226018450E-15, 1.000000000000000000 ) ) ;
#318 = CARTESIAN_POINT ( 'NONE',  ( 0.1948818897637796532, -0.05413385826771593967, 0.1820866141732286614 ) ) ;
#319 = ORIENTED_EDGE ( 'NONE', *, *, #1451, .F. ) ;
#320 =( GEOMETRIC_REPRESENTATION_CONTEXT ( 3 ) GLOBAL_UNCERTAINTY_ASSIGNED_CONTEXT ( ( #11536 ) ) GLOBAL_UNIT_ASSIGNED_CONTEXT ( ( #5492, #2796, #2673 ) ) REPRESENTATION_CONTEXT ( 'NONE', 'WORKASPACE' ) );
#321 = EDGE_LOOP ( 'NONE', ( #8246, #4758, #7563, #10665 ) ) ;
#322 = ORIENTED_EDGE ( 'NONE', *, *, #4835, .T. ) ;
#323 = ORIENTED_EDGE ( 'NONE', *, *, #1071, .T. ) ;
#324 = CIRCLE ( 'NONE', #1281, 0.005168431248992120565 ) ;
#325 = FACE_OUTER_BOUND ( 'NONE', #4389, .T. ) ;
#326 = CARTESIAN_POINT ( 'NONE',  ( 0.1952755905511816270, -0.02263779527558992463, -0.4068897637795272915 ) ) ;
#327 = DIRECTION ( 'NONE',  ( -1.000000000000000000, -1.602884491802569361E-15, 2.711709361697226329E-31 ) ) ;
#328 =( LENGTH_UNIT ( ) NAMED_UNIT ( * ) SI_UNIT ( $, .METRE. ) );
#329 = VECTOR ( 'NONE', #5299, 39.37007874015748143 ) ;
#330 = AXIS2_PLACEMENT_3D ( 'NONE', #8421, #6907, #4939 ) ;
#331 = EDGE_LOOP ( 'NONE', ( #3999, #3168, #2934, #5782 ) ) ;
#332 = VECTOR ( 'NONE', #6274, 39.37007874015748143 ) ;
#333 =( LENGTH_UNIT ( ) NAMED_UNIT ( * ) SI_UNIT ( $, .METRE. ) );
#334 = ADVANCED_FACE ( 'NONE', ( #5990 ), #9549, .T. ) ;
#335 = CIRCLE ( 'NONE', #3371, 0.009105439123007878083 ) ;
#336 = VECTOR ( 'NONE', #6819, 39.37007874015748143 ) ;
#337 = DIRECTION ( 'NONE',  ( 1.602884491802569361E-15, -1.000000000000000000, 1.644517855226017859E-15 ) ) ;
#338 =( CONVERSION_BASED_UNIT ( 'INCH', #6682 ) LENGTH_UNIT ( ) NAMED_UNIT ( #11170 ) );
#339 = FILL_AREA_STYLE ('',( #1234 ) ) ;
#340 = CARTESIAN_POINT ( 'NONE',  ( 0.01934165959544849669, 0.2037401574803153759, -0.4214566929133860551 ) ) ;
#341 =( LENGTH_UNIT ( ) NAMED_UNIT ( * ) SI_UNIT ( $, .METRE. ) );
#342 = DIRECTION ( 'NONE',  ( -2.348093788196917952E-30, 1.644517855226018450E-15, 1.000000000000000000 ) ) ;
#343 = ORIENTED_EDGE ( 'NONE', *, *, #11371, .T. ) ;
#344 = EDGE_LOOP ( 'NONE', ( #3248, #3569, #5075, #8729 ) ) ;
#345 = STYLED_ITEM ( 'NONE', ( #9092 ), #6464 ) ;
#346 = EDGE_CURVE ( 'NONE', #7127, #8067, #6597, .T. ) ;
#347 = DIMENSIONAL_EXPONENTS ( 1.000000000000000000, 0.0000000000000000000, 0.0000000000000000000, 0.0000000000000000000, 0.0000000000000000000, 0.0000000000000000000, 0.0000000000000000000 ) ;
#348 = ORIENTED_EDGE ( 'NONE', *, *, #7785, .T. ) ;
#349 = MANIFOLD_SOLID_BREP ( 'LPattern1[5]', #6941 ) ;
#350 = ORIENTED_EDGE ( 'NONE', *, *, #6108, .F. ) ;
#351 = VECTOR ( 'NONE', #9028, 39.37007874015748143 ) ;
#352 = EDGE_CURVE ( 'NONE', #3647, #2337, #11275, .T. ) ;
#353 = FILL_AREA_STYLE ('',( #5788 ) ) ;
#354 = SURFACE_STYLE_USAGE ( .BOTH. , #8503 ) ;
#355 = STYLED_ITEM ( 'NONE', ( #5999 ), #6690 ) ;
#356 = CYLINDRICAL_SURFACE ( 'NONE', #7580, 0.009105439123007878083 ) ;
#357 = FILL_AREA_STYLE ('',( #3032 ) ) ;
#358 =( CONVERSION_BASED_UNIT ( 'INCH', #7413 ) LENGTH_UNIT ( ) NAMED_UNIT ( #1548 ) );
#359 = SURFACE_STYLE_FILL_AREA ( #5852 ) ;
#360 = STYLED_ITEM ( 'NONE', ( #6911 ), #10522 ) ;
#361 = ADVANCED_FACE ( 'NONE', ( #3970 ), #4145, .F. ) ;
#362 = EDGE_CURVE ( 'NONE', #7683, #5727, #8446, .T. ) ;
#363 = EDGE_LOOP ( 'NONE', ( #3518, #8328, #6664, #10718 ) ) ;
#364 = LINE ( 'NONE', #6548, #10735 ) ;
#365 =( NAMED_UNIT ( * ) PLANE_ANGLE_UNIT ( ) SI_UNIT ( $, .RADIAN. ) );
#366 = VECTOR ( 'NONE', #11083, 39.37007874015748143 ) ;
#367 = CARTESIAN_POINT ( 'NONE',  ( 0.1535433070866143168, -0.02263779527559005300, -0.08484251968503912777 ) ) ;
#368 = PLANE ( 'NONE',  #9858 ) ;
#369 = CARTESIAN_POINT ( 'NONE',  ( 0.06018589945968472882, 0.2037401574803152648, 0.07854330708661401428 ) ) ;
#370 = LINE ( 'NONE', #157, #8177 ) ;
#371 = SURFACE_SIDE_STYLE ('',( #9414 ) ) ;
#372 = ORIENTED_EDGE ( 'NONE', *, *, #10763, .F. ) ;
#373 = EDGE_CURVE ( 'NONE', #10097, #5661, #7685, .T. ) ;
#374 = AXIS2_PLACEMENT_3D ( 'NONE', #6199, #9923, #10778 ) ;
#375 = ORIENTED_EDGE ( 'NONE', *, *, #9676, .T. ) ;
#376 = LINE ( 'NONE', #6562, #7131 ) ;
#377 = VERTEX_POINT ( 'NONE', #10241 ) ;
#378 = ORIENTED_EDGE ( 'NONE', *, *, #6389, .F. ) ;
#379 = DIRECTION ( 'NONE',  ( -0.6057866173738133408, 3.374170927560872739E-16, 0.7956271577886172564 ) ) ;
#380 = LINE ( 'NONE', #4008, #9049 ) ;
#381 = DIRECTION ( 'NONE',  ( 1.602884491802569361E-15, -1.000000000000000000, 1.644517855226017859E-15 ) ) ;
#382 = PRESENTATION_STYLE_ASSIGNMENT (( #10274 ) ) ;
#383 = VECTOR ( 'NONE', #6003, 39.37007874015748143 ) ;
#384 = VECTOR ( 'NONE', #8230, 39.37007874015748143 ) ;
#385 = SURFACE_STYLE_USAGE ( .BOTH. , #3067 ) ;
#386 = EDGE_LOOP ( 'NONE', ( #9145, #5905, #1280 ) ) ;
#387 = LINE ( 'NONE', #1350, #6047 ) ;
#388 =( GEOMETRIC_REPRESENTATION_CONTEXT ( 3 ) GLOBAL_UNCERTAINTY_ASSIGNED_CONTEXT ( ( #5410 ) ) GLOBAL_UNIT_ASSIGNED_CONTEXT ( ( #6015, #10477, #5854 ) ) REPRESENTATION_CONTEXT ( 'NONE', 'WORKASPACE' ) );
#389 = DIMENSIONAL_EXPONENTS ( 1.000000000000000000, 0.0000000000000000000, 0.0000000000000000000, 0.0000000000000000000, 0.0000000000000000000, 0.0000000000000000000, 0.0000000000000000000 ) ;
#390 = CARTESIAN_POINT ( 'NONE',  ( 0.06018589945968484678, 0.1269685039370083146, -0.06633858267716538637 ) ) ;
#391 = LINE ( 'NONE', #3957, #11486 ) ;
#392 = PLANE ( 'NONE',  #4191 ) ;
#393 = UNCERTAINTY_MEASURE_WITH_UNIT (LENGTH_MEASURE( 1.000000000000000082E-05 ), #4271, 'distance_accuracy_value', 'NONE');
#394 = DIRECTION ( 'NONE',  ( 2.348093788196917952E-30, -1.644517855226018450E-15, -1.000000000000000000 ) ) ;
#395 = DIRECTION ( 'NONE',  ( 1.000000000000000000, 1.602884491802569361E-15, -2.711709361697224578E-31 ) ) ;
#396 = CARTESIAN_POINT ( 'NONE',  ( 0.01522951533058629174, 0.2037401574803153759, -0.1785749882836221991 ) ) ;
#397 = VECTOR ( 'NONE', #6852, 39.37007874015748143 ) ;
#398 = AXIS2_PLACEMENT_3D ( 'NONE', #6790, #8426, #1461 ) ;
#399 = STYLED_ITEM ( 'NONE', ( #3285 ), #11429 ) ;
#400 = ORIENTED_EDGE ( 'NONE', *, *, #5043, .F. ) ;
#401 = FACE_OUTER_BOUND ( 'NONE', #4620, .T. ) ;
#402 = CARTESIAN_POINT ( 'NONE',  ( 0.01522951533058629174, 0.2037401574803152093, 0.08684270481906283812 ) ) ;
#403 = ORIENTED_EDGE ( 'NONE', *, *, #4626, .T. ) ;
#404 = CIRCLE ( 'NONE', #11038, 0.02460629921259843353 ) ;
#405 = ORIENTED_EDGE ( 'NONE', *, *, #6101, .T. ) ;
#406 = SURFACE_STYLE_FILL_AREA ( #4674 ) ;
#407 = UNCERTAINTY_MEASURE_WITH_UNIT (LENGTH_MEASURE( 1.000000000000000082E-05 ), #18, 'distance_accuracy_value', 'NONE');
#408 = DIRECTION ( 'NONE',  ( -0.7956271577885695168, 0.0000000000000000000, -0.6057866173738759574 ) ) ;
#409 = EDGE_CURVE ( 'NONE', #5456, #3442, #10301, .T. ) ;
#410 = PRESENTATION_STYLE_ASSIGNMENT (( #10179 ) ) ;
#411 = SURFACE_STYLE_USAGE ( .BOTH. , #6536 ) ;
#412 = LINE ( 'NONE', #4205, #7418 ) ;
#413 = DIRECTION ( 'NONE',  ( 1.000000000000000000, 1.602884491802569361E-15, -2.711709361697226329E-31 ) ) ;
#414 = COLOUR_RGB ( '',1.000000000000000000, 1.000000000000000000, 1.000000000000000000 ) ;
#415 = DIRECTION ( 'NONE',  ( -2.047288890593917993E-10, 1.000000000000000000, -2.688773770073551715E-10 ) ) ;
#416 = DIMENSIONAL_EXPONENTS ( 1.000000000000000000, 0.0000000000000000000, 0.0000000000000000000, 0.0000000000000000000, 0.0000000000000000000, 0.0000000000000000000, 0.0000000000000000000 ) ;
#417 = EDGE_CURVE ( 'NONE', #9230, #8929, #8448, .T. ) ;
#418 = DIRECTION ( 'NONE',  ( 0.7956271577885689616, 2.392722035830078479E-15, 0.6057866173738765125 ) ) ;
#419 = ORIENTED_EDGE ( 'NONE', *, *, #6027, .F. ) ;
#420 = AXIS2_PLACEMENT_3D ( 'NONE', #9181, #4744, #251 ) ;
#422 = CARTESIAN_POINT ( 'NONE',  ( -0.1464566929133855888, -0.1407480314960631307, 0.09311023622047291670 ) ) ;
#421 = DIMENSIONAL_EXPONENTS ( 1.000000000000000000, 0.0000000000000000000, 0.0000000000000000000, 0.0000000000000000000, 0.0000000000000000000, 0.0000000000000000000, 0.0000000000000000000 ) ;
#423 = DIRECTION ( 'NONE',  ( 0.0000000000000000000, 1.875148439272792120E-15, 1.000000000000000000 ) ) ;
#424 = LENGTH_MEASURE_WITH_UNIT ( LENGTH_MEASURE( 0.02539999999999999897 ), #1433 );
#425 = DIRECTION ( 'NONE',  ( 0.0000000000000000000, 0.0000000000000000000, 1.000000000000000000 ) ) ;
#426 = DIRECTION ( 'NONE',  ( 1.602884491802569361E-15, -1.000000000000000000, 1.644517855226018450E-15 ) ) ;
#427 = EDGE_CURVE ( 'NONE', #2165, #4714, #1370, .T. ) ;
#428 = EDGE_CURVE ( 'NONE', #3348, #9762, #5497, .T. ) ;
#429 = CARTESIAN_POINT ( 'NONE',  ( 0.06929133858267687296, 0.1958661417322837828, -0.02539370078740171843 ) ) ;
#430 = SURFACE_SIDE_STYLE ('',( #10197 ) ) ;
#431 = EDGE_LOOP ( 'NONE', ( #9331, #5071, #3852, #3962 ) ) ;
#432 = ADVANCED_FACE ( 'NONE', ( #9280 ), #5011, .T. ) ;
#433 = VECTOR ( 'NONE', #4516, 39.37007874015748143 ) ;
#434 = FILL_AREA_STYLE_COLOUR ( '', #2087 ) ;
#435 = ORIENTED_EDGE ( 'NONE', *, *, #214, .T. ) ;
#436 = VERTEX_POINT ( 'NONE', #818 ) ;
#437 = LENGTH_MEASURE_WITH_UNIT ( LENGTH_MEASURE( 0.02539999999999999897 ), #3001 );
#438 = DIRECTION ( 'NONE',  ( 0.7956271577886170343, 0.0000000000000000000, 0.6057866173738133408 ) ) ;
#439 = SURFACE_SIDE_STYLE ('',( #2116 ) ) ;
#440 = DIRECTION ( 'NONE',  ( 0.0000000000000000000, 0.0000000000000000000, 1.000000000000000000 ) ) ;
#441 = LENGTH_MEASURE_WITH_UNIT ( LENGTH_MEASURE( 0.02539999999999999897 ), #328 );
#442 = MECHANICAL_DESIGN_GEOMETRIC_PRESENTATION_REPRESENTATION (  '', ( #11084 ), #7934 ) ;
#443 = EDGE_CURVE ( 'NONE', #5727, #3871, #3802, .T. ) ;
#444 = ORIENTED_EDGE ( 'NONE', *, *, #10351, .T. ) ;
#445 = FACE_OUTER_BOUND ( 'NONE', #6177, .T. ) ;
#446 = VECTOR ( 'NONE', #6765, 39.37007874015748143 ) ;
#447 = UNCERTAINTY_MEASURE_WITH_UNIT (LENGTH_MEASURE( 1.000000000000000082E-05 ), #7342, 'distance_accuracy_value', 'NONE');
#448 = LINE ( 'NONE', #6736, #6789 ) ;
#449 =( LENGTH_UNIT ( ) NAMED_UNIT ( * ) SI_UNIT ( $, .METRE. ) );
#450 = DIRECTION ( 'NONE',  ( 1.000000000000000000, 1.602884491802569361E-15, -2.711709361697226329E-31 ) ) ;
#451 = CARTESIAN_POINT ( 'NONE',  ( -0.1948818897637798475, 0.1564960629921255952, -0.07381889763779535263 ) ) ;
#452 = FILL_AREA_STYLE ('',( #3132 ) ) ;
#453 = PLANE ( 'NONE',  #1811 ) ;
#454 = PRESENTATION_LAYER_ASSIGNMENT (  '', '', ( #10366 ) ) ;
#455 = VERTEX_POINT ( 'NONE', #10468 ) ;
#456 = ORIENTED_EDGE ( 'NONE', *, *, #5476, .T. ) ;
#457 = SURFACE_STYLE_FILL_AREA ( #7511 ) ;
#458 = VERTEX_POINT ( 'NONE', #10642 ) ;
#459 = MECHANICAL_DESIGN_GEOMETRIC_PRESENTATION_REPRESENTATION (  '', ( #3499 ), #10561 ) ;
#460 = ORIENTED_EDGE ( 'NONE', *, *, #10716, .F. ) ;
#461 = LINE ( 'NONE', #869, #7270 ) ;
#462 = DIRECTION ( 'NONE',  ( -1.000000000000000000, -1.602884491802569361E-15, 2.711709361697226329E-31 ) ) ;
#463 = CARTESIAN_POINT ( 'NONE',  ( 0.01934165959544850363, 0.1998031496062995238, 0.1245559781998423626 ) ) ;
#464 = FACE_OUTER_BOUND ( 'NONE', #668, .T. ) ;
#465 = CARTESIAN_POINT ( 'NONE',  ( 0.1535433070866144833, -0.1407480314960626311, 0.09311023622047291670 ) ) ;
#466 = SURFACE_STYLE_FILL_AREA ( #357 ) ;
#467 = DIRECTION ( 'NONE',  ( 0.6057866173740993343, 2.279429041416232339E-15, 0.7956271577883993196 ) ) ;
#468 = CARTESIAN_POINT ( 'NONE',  ( -0.007480314960630246417, 0.1998031496062995516, -0.1958661417322836440 ) ) ;
#469 = CIRCLE ( 'NONE', #7774, 0.009105439123007876348 ) ;
#470 = SURFACE_STYLE_FILL_AREA ( #5954 ) ;
#471 = ADVANCED_FACE ( 'NONE', ( #6008 ), #8854, .F. ) ;
#472 =( CONVERSION_BASED_UNIT ( 'INCH', #2322 ) LENGTH_UNIT ( ) NAMED_UNIT ( #7005 ) );
#473 = ORIENTED_EDGE ( 'NONE', *, *, #6588, .F. ) ;
#474 = PRESENTATION_LAYER_ASSIGNMENT (  '', '', ( #1621 ) ) ;
#475 = PRESENTATION_STYLE_ASSIGNMENT (( #2987 ) ) ;
#476 = SURFACE_STYLE_USAGE ( .BOTH. , #252 ) ;
#477 = CARTESIAN_POINT ( 'NONE',  ( -0.06929133858267740032, 0.1269685039370080093, -0.1253937007874016407 ) ) ;
#478 = PRESENTATION_LAYER_ASSIGNMENT (  '', '', ( #2571 ) ) ;
#479 = CARTESIAN_POINT ( 'NONE',  ( 0.01934165959548794084, 0.1564960629921262059, -0.02539370078740165945 ) ) ;
#480 = PRESENTATION_STYLE_ASSIGNMENT (( #1439 ) ) ;
#481 = ORIENTED_EDGE ( 'NONE', *, *, #9734, .T. ) ;
#482 = STYLED_ITEM ( 'NONE', ( #8419 ), #4066 ) ;
#483 = ORIENTED_EDGE ( 'NONE', *, *, #6171, .F. ) ;
#484 = EDGE_CURVE ( 'NONE', #9762, #4562, #987, .T. ) ;
#485 = PRESENTATION_STYLE_ASSIGNMENT (( #11305 ) ) ;
#486 = ORIENTED_EDGE ( 'NONE', *, *, #2049, .T. ) ;
#487 = VERTEX_POINT ( 'NONE', #1654 ) ;
#488 = COLOUR_RGB ( '',0.0000000000000000000, 0.0000000000000000000, 1.000000000000000000 ) ;
#489 =( LENGTH_UNIT ( ) NAMED_UNIT ( * ) SI_UNIT ( $, .METRE. ) );
#490 =( CONVERSION_BASED_UNIT ( 'INCH', #4762 ) LENGTH_UNIT ( ) NAMED_UNIT ( #9475 ) );
#491 = CARTESIAN_POINT ( 'NONE',  ( 0.08700787401574784641, 0.1269685039370082591, -0.09586614173228349967 ) ) ;
#492 = EDGE_CURVE ( 'NONE', #7508, #7747, #5244, .T. ) ;
#493 = CARTESIAN_POINT ( 'NONE',  ( 0.01934165959544850363, 0.1998031496062995516, 0.02455597819984235014 ) ) ;
#494 = SURFACE_STYLE_USAGE ( .BOTH. , #4009 ) ;
#495 = DIRECTION ( 'NONE',  ( -1.602884491802569361E-15, 1.000000000000000000, -1.644517855226017859E-15 ) ) ;
#496 =( GEOMETRIC_REPRESENTATION_CONTEXT ( 3 ) GLOBAL_UNCERTAINTY_ASSIGNED_CONTEXT ( ( #1355 ) ) GLOBAL_UNIT_ASSIGNED_CONTEXT ( ( #6607, #2215, #314 ) ) REPRESENTATION_CONTEXT ( 'NONE', 'WORKASPACE' ) );
#497 =( NAMED_UNIT ( * ) PLANE_ANGLE_UNIT ( ) SI_UNIT ( $, .RADIAN. ) );
#498 = DIRECTION ( 'NONE',  ( 1.602884491802569361E-15, -1.000000000000000000, 1.644517855226017859E-15 ) ) ;
#499 = EDGE_LOOP ( 'NONE', ( #4314, #4000, #7226, #5096, #181, #10921 ) ) ;
#500 = FILL_AREA_STYLE ('',( #6959 ) ) ;
#501 = VECTOR ( 'NONE', #5387, 39.37007874015748143 ) ;
#502 = AXIS2_PLACEMENT_3D ( 'NONE', #5267, #5966, #8642 ) ;
#503 = TOROIDAL_SURFACE ( 'NONE', #1462, 0.005168431248992125769, 0.003937007874015747977 ) ;
#504 = ADVANCED_FACE ( 'NONE', ( #2603 ), #10118, .T. ) ;
#505 = EDGE_CURVE ( 'NONE', #8028, #5725, #6173, .T. ) ;
#506 =( GEOMETRIC_REPRESENTATION_CONTEXT ( 3 ) GLOBAL_UNCERTAINTY_ASSIGNED_CONTEXT ( ( #7118 ) ) GLOBAL_UNIT_ASSIGNED_CONTEXT ( ( #1840, #2906, #8993 ) ) REPRESENTATION_CONTEXT ( 'NONE', 'WORKASPACE' ) );
#507 = DIRECTION ( 'NONE',  ( -0.7956271577887868984, 0.0000000000000000000, 0.6057866173735905191 ) ) ;
#508 = DIRECTION ( 'NONE',  ( -1.000000000000000000, -1.602884491801855442E-15, 4.339543524116999257E-13 ) ) ;
#509 = PRESENTATION_STYLE_ASSIGNMENT (( #9494 ) ) ;
#510 = DIRECTION ( 'NONE',  ( -2.364801230464485631E-30, 1.644517855226018450E-15, 1.000000000000000000 ) ) ;
#511 = ORIENTED_EDGE ( 'NONE', *, *, #4111, .F. ) ;
#512 =( CONVERSION_BASED_UNIT ( 'INCH', #6637 ) LENGTH_UNIT ( ) NAMED_UNIT ( #7761 ) );
#513 = CARTESIAN_POINT ( 'NONE',  ( 0.1535433070866144833, -0.1407480314960624923, -0.3068897637795270916 ) ) ;
#514 =( GEOMETRIC_REPRESENTATION_CONTEXT ( 3 ) GLOBAL_UNCERTAINTY_ASSIGNED_CONTEXT ( ( #4792 ) ) GLOBAL_UNIT_ASSIGNED_CONTEXT ( ( #512, #6580, #2133 ) ) REPRESENTATION_CONTEXT ( 'NONE', 'WORKASPACE' ) );
#515 = STYLED_ITEM ( 'NONE', ( #9061 ), #5980 ) ;
#516 = EDGE_LOOP ( 'NONE', ( #6659, #7286, #2135 ) ) ;
#517 = VERTEX_POINT ( 'NONE', #5656 ) ;
#518 = DIRECTION ( 'NONE',  ( 1.602884491802569361E-15, -1.000000000000000000, 1.644517855226017859E-15 ) ) ;
#519 = DIRECTION ( 'NONE',  ( 2.348093788196917952E-30, -1.644517855226018450E-15, -1.000000000000000000 ) ) ;
#520 = UNCERTAINTY_MEASURE_WITH_UNIT (LENGTH_MEASURE( 1.000000000000000082E-05 ), #6151, 'distance_accuracy_value', 'NONE');
#521 = LINE ( 'NONE', #8736, #5063 ) ;
#522 = CIRCLE ( 'NONE', #4312, 0.02854330708661417804 ) ;
#523 = SURFACE_SIDE_STYLE ('',( #3490 ) ) ;
#524 = DIRECTION ( 'NONE',  ( -1.602884491802569361E-15, 1.000000000000000000, -1.644517855226017859E-15 ) ) ;
#525 = ORIENTED_EDGE ( 'NONE', *, *, #8589, .F. ) ;
#526 = LINE ( 'NONE', #11281, #2371 ) ;
#527 = VECTOR ( 'NONE', #4201, 39.37007874015748143 ) ;
#528 = SURFACE_STYLE_FILL_AREA ( #10308 ) ;
#529 = CARTESIAN_POINT ( 'NONE',  ( 0.06929133858267687296, 0.1958661417322838938, -0.3253937007874017628 ) ) ;
#530 = CIRCLE ( 'NONE', #3010, 0.02460629921259843700 ) ;
#531 = SURFACE_SIDE_STYLE ('',( #3267 ) ) ;
#532 = EDGE_LOOP ( 'NONE', ( #5509, #3110, #5811, #9870 ) ) ;
#533 = AXIS2_PLACEMENT_3D ( 'NONE', #2971, #6532, #5731 ) ;
#534 = LENGTH_MEASURE_WITH_UNIT ( LENGTH_MEASURE( 0.02539999999999999897 ), #7698 );
#535 = DIRECTION ( 'NONE',  ( -2.348093788196917952E-30, 1.644517855226018450E-15, 1.000000000000000000 ) ) ;
#536 = LINE ( 'NONE', #7865, #1299 ) ;
#537 = LINE ( 'NONE', #2497, #8688 ) ;
#538 = FILL_AREA_STYLE ('',( #7379 ) ) ;
#539 = PLANE ( 'NONE',  #8554 ) ;
#540 = AXIS2_PLACEMENT_3D ( 'NONE', #4426, #11514, #3551 ) ;
#541 =( CONVERSION_BASED_UNIT ( 'INCH', #1560 ) LENGTH_UNIT ( ) NAMED_UNIT ( #3282 ) );
#542 = EDGE_CURVE ( 'NONE', #2745, #1703, #2723, .T. ) ;
#543 = DIRECTION ( 'NONE',  ( 0.0000000000000000000, 0.0000000000000000000, -1.000000000000000000 ) ) ;
#544 = PLANE ( 'NONE',  #5413 ) ;
#545 = CARTESIAN_POINT ( 'NONE',  ( 0.1464566929133862272, -0.1722440944881884484, -0.2879921259842515013 ) ) ;
#546 = ORIENTED_EDGE ( 'NONE', *, *, #9514, .T. ) ;
#547 = AXIS2_PLACEMENT_3D ( 'NONE', #10403, #5166, #8492 ) ;
#548 = VERTEX_POINT ( 'NONE', #4551 ) ;
#549 = PLANE ( 'NONE',  #3605 ) ;
#550 = DIMENSIONAL_EXPONENTS ( 1.000000000000000000, 0.0000000000000000000, 0.0000000000000000000, 0.0000000000000000000, 0.0000000000000000000, 0.0000000000000000000, 0.0000000000000000000 ) ;
#551 = COLOUR_RGB ( '',1.000000000000000000, 1.000000000000000000, 1.000000000000000000 ) ;
#552 = ORIENTED_EDGE ( 'NONE', *, *, #9030, .T. ) ;
#553 = EDGE_LOOP ( 'NONE', ( #9216, #8945, #1098, #826 ) ) ;
#554 = CARTESIAN_POINT ( 'NONE',  ( 0.1500000000000003553, -0.1564960629921254287, -0.3864173228346452493 ) ) ;
#555 =( LENGTH_UNIT ( ) NAMED_UNIT ( * ) SI_UNIT ( $, .METRE. ) );
#556 =( CONVERSION_BASED_UNIT ( 'INCH', #3944 ) LENGTH_UNIT ( ) NAMED_UNIT ( #6382 ) );
#557 = DIRECTION ( 'NONE',  ( 0.6057866173740993343, 2.279429041416232339E-15, 0.7956271577883993196 ) ) ;
#558 = PRESENTATION_STYLE_ASSIGNMENT (( #7068 ) ) ;
#559 =( NAMED_UNIT ( * ) SI_UNIT ( $, .STERADIAN. ) SOLID_ANGLE_UNIT ( ) );
#560 = LINE ( 'NONE', #11253, #6887 ) ;
#561 = DIRECTION ( 'NONE',  ( 0.7956271577885690727, 2.775557561562890562E-15, 0.6057866173738766236 ) ) ;
#562 = EDGE_CURVE ( 'NONE', #3666, #6295, #10856, .T. ) ;
#563 = DIRECTION ( 'NONE',  ( -2.348093788196917952E-30, 1.644517855226018450E-15, 1.000000000000000000 ) ) ;
#564 = STYLED_ITEM ( 'NONE', ( #11126 ), #10602 ) ;
#565 = EDGE_CURVE ( 'NONE', #2745, #8104, #6449, .T. ) ;
#566 = LENGTH_MEASURE_WITH_UNIT ( LENGTH_MEASURE( 0.02539999999999999897 ), #7013 );
#567 =( CONVERSION_BASED_UNIT ( 'INCH', #7841 ) LENGTH_UNIT ( ) NAMED_UNIT ( #9115 ) );
#568 = AXIS2_PLACEMENT_3D ( 'NONE', #8121, #7186, #3752 ) ;
#569 = PLANE ( 'NONE',  #10327 ) ;
#570 = DIRECTION ( 'NONE',  ( -1.602884491802569361E-15, 1.000000000000000000, -1.644517855226017859E-15 ) ) ;
#571 = DIRECTION ( 'NONE',  ( 0.0000000000000000000, 0.0000000000000000000, 1.000000000000000000 ) ) ;
#572 = ADVANCED_FACE ( 'NONE', ( #6514 ), #1897, .T. ) ;
#573 = EDGE_CURVE ( 'NONE', #8689, #8255, #10853, .T. ) ;
#574 = DIMENSIONAL_EXPONENTS ( 1.000000000000000000, 0.0000000000000000000, 0.0000000000000000000, 0.0000000000000000000, 0.0000000000000000000, 0.0000000000000000000, 0.0000000000000000000 ) ;
#575 = EDGE_LOOP ( 'NONE', ( #5014, #6814, #1122, #9502 ) ) ;
#576 = VERTEX_POINT ( 'NONE', #6286 ) ;
#577 = AXIS2_PLACEMENT_3D ( 'NONE', #10235, #1533, #8439 ) ;
#578 = PRESENTATION_STYLE_ASSIGNMENT (( #9564 ) ) ;
#579 = EDGE_LOOP ( 'NONE', ( #10520, #3599, #5815, #5543 ) ) ;
#580 = SURFACE_SIDE_STYLE ('',( #5353 ) ) ;
#581 = FILL_AREA_STYLE_COLOUR ( '', #10113 ) ;
#582 =( GEOMETRIC_REPRESENTATION_CONTEXT ( 3 ) GLOBAL_UNCERTAINTY_ASSIGNED_CONTEXT ( ( #9792 ) ) GLOBAL_UNIT_ASSIGNED_CONTEXT ( ( #4096, #11114, #3102 ) ) REPRESENTATION_CONTEXT ( 'NONE', 'WORKASPACE' ) );
#583 = CARTESIAN_POINT ( 'NONE',  ( 0.01934165959548794084, 0.1564960629921261781, 0.07460629921259835651 ) ) ;
#584 = VECTOR ( 'NONE', #3141, 39.37007874015748143 ) ;
#585 = AXIS2_PLACEMENT_3D ( 'NONE', #4538, #10894, #2937 ) ;
#586 = DIRECTION ( 'NONE',  ( 2.348093788196917952E-30, -1.644517855226018450E-15, -1.000000000000000000 ) ) ;
#587 = EDGE_CURVE ( 'NONE', #6661, #7473, #1955, .T. ) ;
#588 = EDGE_LOOP ( 'NONE', ( #8329, #8528, #3217, #5929 ) ) ;
#589 = CARTESIAN_POINT ( 'NONE',  ( -0.06889763779527592613, 0.1958661417322837550, 0.1820866141732282173 ) ) ;
#590 = CARTESIAN_POINT ( 'NONE',  ( 0.06743043410952737071, 0.1269685039370082313, 0.01904002503381884912 ) ) ;
#591 = AXIS2_PLACEMENT_3D ( 'NONE', #888, #3377, #4431 ) ;
#592 = STYLED_ITEM ( 'NONE', ( #5114 ), #710 ) ;
#593 = ORIENTED_EDGE ( 'NONE', *, *, #9337, .F. ) ;
#594 = DIRECTION ( 'NONE',  ( 2.348093788196916901E-30, -1.644517855226017859E-15, -1.000000000000000000 ) ) ;
#595 = ORIENTED_EDGE ( 'NONE', *, *, #8452, .F. ) ;
#596 = FACE_OUTER_BOUND ( 'NONE', #10669, .T. ) ;
#597 = LINE ( 'NONE', #7753, #1795 ) ;
#598 = DIRECTION ( 'NONE',  ( 1.602884491802569361E-15, -1.000000000000000000, 1.644517855226017859E-15 ) ) ;
#599 = LENGTH_MEASURE_WITH_UNIT ( LENGTH_MEASURE( 0.02539999999999999897 ), #1497 );
#600 = MANIFOLD_SOLID_BREP ( 'LPattern1[12]', #11213 ) ;
#601 = DIRECTION ( 'NONE',  ( 2.255666698845082219E-10, 1.000000000000000000, -2.962197096095551764E-10 ) ) ;
#602 = AXIS2_PLACEMENT_3D ( 'NONE', #1176, #6448, #8050 ) ;
#603 =( LENGTH_UNIT ( ) NAMED_UNIT ( * ) SI_UNIT ( $, .METRE. ) );
#604 = PRESENTATION_LAYER_ASSIGNMENT (  '', '', ( #1180 ) ) ;
#605 = DIRECTION ( 'NONE',  ( 0.0000000000000000000, 0.0000000000000000000, 1.000000000000000000 ) ) ;
#606 =( NAMED_UNIT ( * ) PLANE_ANGLE_UNIT ( ) SI_UNIT ( $, .RADIAN. ) );
#607 = CARTESIAN_POINT ( 'NONE',  ( -0.1535433070866141225, -0.02263779527559054566, -0.2068897637795273081 ) ) ;
#608 = ORIENTED_EDGE ( 'NONE', *, *, #362, .F. ) ;
#609 = DIRECTION ( 'NONE',  ( 0.0000000000000000000, 0.0000000000000000000, -1.000000000000000000 ) ) ;
#610 = MECHANICAL_DESIGN_GEOMETRIC_PRESENTATION_REPRESENTATION (  '', ( #7154 ), #11436 ) ;
#611 = ORIENTED_EDGE ( 'NONE', *, *, #652, .F. ) ;
#612 = ORIENTED_EDGE ( 'NONE', *, *, #3064, .F. ) ;
#613 = FILL_AREA_STYLE_COLOUR ( '', #2117 ) ;
#614 = CARTESIAN_POINT ( 'NONE',  ( -0.1464566929133857831, -0.02263779527559057342, 0.01515748031496088298 ) ) ;
#615 = CARTESIAN_POINT ( 'NONE',  ( 0.1948818897637792369, 0.2037401574803158477, 0.04868126209397624637 ) ) ;
#616 = LINE ( 'NONE', #926, #4214 ) ;
#617 = DIRECTION ( 'NONE',  ( -1.000000000000000000, -1.602884491802569361E-15, 2.878783784372901366E-31 ) ) ;
#618 = CARTESIAN_POINT ( 'NONE',  ( -0.06929133858267749746, 0.1958661417322838105, -0.3663385826771656251 ) ) ;
#619 = ORIENTED_EDGE ( 'NONE', *, *, #6543, .F. ) ;
#620 = PRESENTATION_LAYER_ASSIGNMENT (  '', '', ( #4775 ) ) ;
#621 = CARTESIAN_POINT ( 'NONE',  ( 0.06429804372452725680, 0.2037401574803154036, -0.2131572951809371785 ) ) ;
#622 = SURFACE_STYLE_FILL_AREA ( #11258 ) ;
#623 = CARTESIAN_POINT ( 'NONE',  ( 0.06929133858267698398, 0.1269685039370083701, -0.2663385826771654252 ) ) ;
#624 = ADVANCED_FACE ( 'NONE', ( #8144 ), #11205, .F. ) ;
#625 = CIRCLE ( 'NONE', #6991, 0.005168431248992122300 ) ;
#626 = PRESENTATION_STYLE_ASSIGNMENT (( #7147 ) ) ;
#627 = UNCERTAINTY_MEASURE_WITH_UNIT (LENGTH_MEASURE( 1.000000000000000082E-05 ), #556, 'distance_accuracy_value', 'NONE');
#628 = FILL_AREA_STYLE_COLOUR ( '', #182 ) ;
#629 = DIMENSIONAL_EXPONENTS ( 1.000000000000000000, 0.0000000000000000000, 0.0000000000000000000, 0.0000000000000000000, 0.0000000000000000000, 0.0000000000000000000, 0.0000000000000000000 ) ;
#630 =( CONVERSION_BASED_UNIT ( 'INCH', #8910 ) LENGTH_UNIT ( ) NAMED_UNIT ( #2067 ) );
#631 = EDGE_LOOP ( 'NONE', ( #921, #8804, #6478, #7091 ) ) ;
#632 =( NAMED_UNIT ( * ) SI_UNIT ( $, .STERADIAN. ) SOLID_ANGLE_UNIT ( ) );
#633 = CIRCLE ( 'NONE', #7749, 0.009105439123007888491 ) ;
#634 = VERTEX_POINT ( 'NONE', #9264 ) ;
#635 = SURFACE_STYLE_FILL_AREA ( #4784 ) ;
#636 = ORIENTED_EDGE ( 'NONE', *, *, #4414, .F. ) ;
#637 = EDGE_CURVE ( 'NONE', #9751, #1690, #5831, .T. ) ;
#638 = ADVANCED_FACE ( 'NONE', ( #2126 ), #392, .F. ) ;
#639 = FILL_AREA_STYLE_COLOUR ( '', #11531 ) ;
#640 = SURFACE_STYLE_FILL_AREA ( #3555 ) ;
#641 = MECHANICAL_DESIGN_GEOMETRIC_PRESENTATION_REPRESENTATION (  '', ( #6651 ), #6096 ) ;
#642 = EDGE_CURVE ( 'NONE', #6686, #2527, #8837, .T. ) ;
#643 = LINE ( 'NONE', #4375, #1396 ) ;
#644 = DIRECTION ( 'NONE',  ( -0.1140686577440003652, -1.816622754153543789E-15, -0.9934728689403059532 ) ) ;
#645 = EDGE_LOOP ( 'NONE', ( #10536, #10828, #2255, #10268 ) ) ;
#646 = DIRECTION ( 'NONE',  ( 0.7956271577883986534, 0.0000000000000000000, -0.6057866173741002225 ) ) ;
#647 = DIMENSIONAL_EXPONENTS ( 1.000000000000000000, 0.0000000000000000000, 0.0000000000000000000, 0.0000000000000000000, 0.0000000000000000000, 0.0000000000000000000, 0.0000000000000000000 ) ;
#648 = AXIS2_PLACEMENT_3D ( 'NONE', #7637, #6766, #3680 ) ;
#649 = ORIENTED_EDGE ( 'NONE', *, *, #2368, .T. ) ;
#650 = EDGE_CURVE ( 'NONE', #5095, #6719, #1932, .T. ) ;
#651 = SURFACE_STYLE_FILL_AREA ( #8578 ) ;
#652 = EDGE_CURVE ( 'NONE', #517, #1703, #3305, .T. ) ;
#653 = ORIENTED_EDGE ( 'NONE', *, *, #6401, .F. ) ;
#654 =( NAMED_UNIT ( * ) PLANE_ANGLE_UNIT ( ) SI_UNIT ( $, .RADIAN. ) );
#655 = LENGTH_MEASURE_WITH_UNIT ( LENGTH_MEASURE( 0.02539999999999999897 ), #715 );
#656 = CARTESIAN_POINT ( 'NONE',  ( 0.06743043410952737071, 0.1269685039370082036, 0.1190400250338188581 ) ) ;
#657 = PRESENTATION_STYLE_ASSIGNMENT (( #8697 ) ) ;
#658 = STYLED_ITEM ( 'NONE', ( #7263 ), #3482 ) ;
#659 = FACE_OUTER_BOUND ( 'NONE', #9072, .T. ) ;
#660 =( NAMED_UNIT ( * ) SI_UNIT ( $, .STERADIAN. ) SOLID_ANGLE_UNIT ( ) );
#661 = LINE ( 'NONE', #479, #6696 ) ;
#662 = DIRECTION ( 'NONE',  ( 2.348093788196917952E-30, -1.644517855226018450E-15, -1.000000000000000000 ) ) ;
#663 = STYLED_ITEM ( 'NONE', ( #9838 ), #7590 ) ;
#664 = AXIS2_PLACEMENT_3D ( 'NONE', #429, #2388, #6886 ) ;
#665 = ORIENTED_EDGE ( 'NONE', *, *, #2049, .F. ) ;
#666 = PRESENTATION_LAYER_ASSIGNMENT (  '', '', ( #11110 ) ) ;
#667 = FILL_AREA_STYLE_COLOUR ( '', #9009 ) ;
#668 = EDGE_LOOP ( 'NONE', ( #6721, #10548, #5893, #2870 ) ) ;
#669 = ORIENTED_EDGE ( 'NONE', *, *, #737, .F. ) ;
#670 = SURFACE_STYLE_FILL_AREA ( #10391 ) ;
#671 = CARTESIAN_POINT ( 'NONE',  ( 0.1535433070866144833, -0.1407480314960625478, -0.2068897637795271138 ) ) ;
#672 = SURFACE_SIDE_STYLE ('',( #5281 ) ) ;
#673 = PLANE ( 'NONE',  #10678 ) ;
#674 = DIRECTION ( 'NONE',  ( 1.602884491802569361E-15, -1.000000000000000000, 1.548860246407864322E-15 ) ) ;
#675 = VECTOR ( 'NONE', #6984, 39.37007874015748143 ) ;
#676 = CARTESIAN_POINT ( 'NONE',  ( 0.01934165959544850363, 0.1998031496062995793, -0.07544402180015766235 ) ) ;
#677 =( NAMED_UNIT ( * ) SI_UNIT ( $, .STERADIAN. ) SOLID_ANGLE_UNIT ( ) );
#678 = COLOUR_RGB ( '',0.7607843137254901578, 0.7607843137254901578, 0.0000000000000000000 ) ;
#679 = SURFACE_STYLE_FILL_AREA ( #5107 ) ;
#680 = AXIS2_PLACEMENT_3D ( 'NONE', #5522, #2992, #10837 ) ;
#681 = DIRECTION ( 'NONE',  ( 1.602884491802569361E-15, -1.000000000000000000, 1.644517855226017859E-15 ) ) ;
#682 = PRODUCT_DEFINITION_CONTEXT ( 'detailed design', #8822, 'design' ) ;
#683 = STYLED_ITEM ( 'NONE', ( #2350 ), #4991 ) ;
#684 = AXIS2_PLACEMENT_3D ( 'NONE', #8348, #4750, #7425 ) ;
#685 =( LENGTH_UNIT ( ) NAMED_UNIT ( * ) SI_UNIT ( $, .METRE. ) );
#686 =( NAMED_UNIT ( * ) SI_UNIT ( $, .STERADIAN. ) SOLID_ANGLE_UNIT ( ) );
#687 = DIRECTION ( 'NONE',  ( -2.348093788196917952E-30, 1.644517855226018450E-15, 1.000000000000000000 ) ) ;
#688 = VECTOR ( 'NONE', #8224, 39.37007874015748143 ) ;
#690 = AXIS2_PLACEMENT_3D ( 'NONE', #9170, #9110, #1135 ) ;
#689 = CARTESIAN_POINT ( 'NONE',  ( -0.1535433070866138727, -0.1722440944881889757, -0.1879921259842514403 ) ) ;
#691 = PRESENTATION_STYLE_ASSIGNMENT (( #5779 ) ) ;
#692 = ORIENTED_EDGE ( 'NONE', *, *, #8589, .T. ) ;
#693 = FILL_AREA_STYLE_COLOUR ( '', #10418 ) ;
#694 = EDGE_CURVE ( 'NONE', #6234, #7529, #3812, .T. ) ;
#695 =( GEOMETRIC_REPRESENTATION_CONTEXT ( 3 ) GLOBAL_UNCERTAINTY_ASSIGNED_CONTEXT ( ( #189 ) ) GLOBAL_UNIT_ASSIGNED_CONTEXT ( ( #8862, #1603, #7744 ) ) REPRESENTATION_CONTEXT ( 'NONE', 'WORKASPACE' ) );
#696 = COLOUR_RGB ( '',0.7607843137254901578, 0.7607843137254901578, 0.0000000000000000000 ) ;
#697 = EDGE_LOOP ( 'NONE', ( #3314, #3500, #4439, #11549, #957, #270 ) ) ;
#698 = MECHANICAL_DESIGN_GEOMETRIC_PRESENTATION_REPRESENTATION (  '', ( #1844 ), #8008 ) ;
#699 = CARTESIAN_POINT ( 'NONE',  ( 0.01934165959544861813, 0.1269685039370082313, -0.1754440218001575014 ) ) ;
#700 = DIRECTION ( 'NONE',  ( 2.364801230464485631E-30, -1.644517855226018450E-15, -1.000000000000000000 ) ) ;
#701 = FACE_OUTER_BOUND ( 'NONE', #222, .T. ) ;
#702 = DIRECTION ( 'NONE',  ( 1.000000000000000000, 1.602884491801618981E-15, -5.779657525473999146E-13 ) ) ;
#703 = ORIENTED_EDGE ( 'NONE', *, *, #4782, .T. ) ;
#704 = DIRECTION ( 'NONE',  ( 1.602884491802569361E-15, -1.000000000000000000, 1.644517855226017859E-15 ) ) ;
#705 =( GEOMETRIC_REPRESENTATION_CONTEXT ( 3 ) GLOBAL_UNCERTAINTY_ASSIGNED_CONTEXT ( ( #1014 ) ) GLOBAL_UNIT_ASSIGNED_CONTEXT ( ( #5635, #2103, #101 ) ) REPRESENTATION_CONTEXT ( 'NONE', 'WORKASPACE' ) );
#706 = EDGE_CURVE ( 'NONE', #10053, #7529, #6230, .T. ) ;
#707 = CARTESIAN_POINT ( 'NONE',  ( 8.456990371011413673E-17, -0.05413385826771627968, 0.1624015748031499007 ) ) ;
#708 = COLOUR_RGB ( '',0.7607843137254901578, 0.7607843137254901578, 0.0000000000000000000 ) ;
#709 = DIMENSIONAL_EXPONENTS ( 1.000000000000000000, 0.0000000000000000000, 0.0000000000000000000, 0.0000000000000000000, 0.0000000000000000000, 0.0000000000000000000, 0.0000000000000000000 ) ;
#710 = ADVANCED_FACE ( 'NONE', ( #7843 ), #5697, .T. ) ;
#711 = VERTEX_POINT ( 'NONE', #6848 ) ;
#712 = ORIENTED_EDGE ( 'NONE', *, *, #1314, .F. ) ;
#713 = VECTOR ( 'NONE', #141, 39.37007874015748143 ) ;
#714 = PLANE ( 'NONE',  #9988 ) ;
#715 =( LENGTH_UNIT ( ) NAMED_UNIT ( * ) SI_UNIT ( $, .METRE. ) );
#716 = CARTESIAN_POINT ( 'NONE',  ( 0.01934165959543282173, 0.1564960629921264001, -0.2663385826771654807 ) ) ;
#717 =( NAMED_UNIT ( * ) PLANE_ANGLE_UNIT ( ) SI_UNIT ( $, .RADIAN. ) );
#718 = AXIS2_PLACEMENT_3D ( 'NONE', #6993, #10374, #7924 ) ;
#719 = PRESENTATION_STYLE_ASSIGNMENT (( #7756 ) ) ;
#720 = DIRECTION ( 'NONE',  ( 1.594929680954371539E-16, -0.09950371902099727772, 0.9950371902099893751 ) ) ;
#721 =( LENGTH_UNIT ( ) NAMED_UNIT ( * ) SI_UNIT ( $, .METRE. ) );
#722 = EDGE_CURVE ( 'NONE', #2695, #8652, #2416, .T. ) ;
#723 = EDGE_CURVE ( 'NONE', #10760, #728, #7018, .T. ) ;
#724 = CARTESIAN_POINT ( 'NONE',  ( 0.01209712494559034984, 0.1269685039370081203, -0.1107723084983661815 ) ) ;
#725 = STYLED_ITEM ( 'NONE', ( #5662 ), #10101 ) ;
#726 = EDGE_LOOP ( 'NONE', ( #8570, #7935, #3497, #3493 ) ) ;
#727 = PRESENTATION_LAYER_ASSIGNMENT (  '', '', ( #5821 ) ) ;
#728 = VERTEX_POINT ( 'NONE', #8908 ) ;
#729 = ORIENTED_EDGE ( 'NONE', *, *, #573, .F. ) ;
#730 = ORIENTED_EDGE ( 'NONE', *, *, #5062, .T. ) ;
#731 = LINE ( 'NONE', #2455, #8962 ) ;
#732 = LINE ( 'NONE', #11251, #2009 ) ;
#733 = DIRECTION ( 'NONE',  ( 1.602884491802569361E-15, -1.000000000000000000, 1.644517855226017859E-15 ) ) ;
#734 = FILL_AREA_STYLE_COLOUR ( '', #9137 ) ;
#735 = VECTOR ( 'NONE', #4893, 39.37007874015748143 ) ;
#736 =( CONVERSION_BASED_UNIT ( 'INCH', #6268 ) LENGTH_UNIT ( ) NAMED_UNIT ( #5925 ) );
#737 = EDGE_CURVE ( 'NONE', #1024, #9230, #4020, .T. ) ;
#738 = FILL_AREA_STYLE ('',( #11198 ) ) ;
#739 = STYLED_ITEM ( 'NONE', ( #7304 ), #10510 ) ;
#740 =( NAMED_UNIT ( * ) SI_UNIT ( $, .STERADIAN. ) SOLID_ANGLE_UNIT ( ) );
#741 = EDGE_LOOP ( 'NONE', ( #11389, #3711, #5691, #2979, #8704, #9415, #5987, #9857 ) ) ;
#742 = SURFACE_STYLE_USAGE ( .BOTH. , #6214 ) ;
#743 = LENGTH_MEASURE_WITH_UNIT ( LENGTH_MEASURE( 0.02539999999999999897 ), #9726 );
#744 = CARTESIAN_POINT ( 'NONE',  ( 0.06018589945980290512, 0.1564960629921263169, -0.1253937007874016685 ) ) ;
#745 = UNCERTAINTY_MEASURE_WITH_UNIT (LENGTH_MEASURE( 1.000000000000000082E-05 ), #2096, 'distance_accuracy_value', 'NONE');
#746 = LINE ( 'NONE', #1706, #11183 ) ;
#747 = DIRECTION ( 'NONE',  ( 1.602884491802569361E-15, -1.000000000000000000, 1.644517855226017859E-15 ) ) ;
#748 = ORIENTED_EDGE ( 'NONE', *, *, #1298, .T. ) ;
#749 = STYLED_ITEM ( 'NONE', ( #6816 ), #10991 ) ;
#750 = DIRECTION ( 'NONE',  ( 2.348093788196917952E-30, -1.644517855226018450E-15, -1.000000000000000000 ) ) ;
#751 = DIRECTION ( 'NONE',  ( 1.602884491802569361E-15, -1.000000000000000000, 1.644517855226018450E-15 ) ) ;
#752 = FILL_AREA_STYLE_COLOUR ( '', #10159 ) ;
#753 = ORIENTED_EDGE ( 'NONE', *, *, #8762, .F. ) ;
#754 = MECHANICAL_DESIGN_GEOMETRIC_PRESENTATION_REPRESENTATION (  '', ( #6762 ), #9208 ) ;
#755 = ORIENTED_EDGE ( 'NONE', *, *, #10848, .T. ) ;
#756 = PRESENTATION_LAYER_ASSIGNMENT (  '', '', ( #5490 ) ) ;
#757 = ORIENTED_EDGE ( 'NONE', *, *, #587, .F. ) ;
#758 = CARTESIAN_POINT ( 'NONE',  ( -2.057162640966502078E-16, 0.1269685039370080093, 0.05413385826771650866 ) ) ;
#759 = CARTESIAN_POINT ( 'NONE',  ( -0.1464566929133857831, -0.02263779527559043464, -0.3848425196850391861 ) ) ;
#760 = EDGE_LOOP ( 'NONE', ( #10452, #7876, #7901 ) ) ;
#761 = ORIENTED_EDGE ( 'NONE', *, *, #11072, .T. ) ;
#762 = CARTESIAN_POINT ( 'NONE',  ( -0.1535433070866145111, 0.2273622047244095168, -0.3458661417322837495 ) ) ;
#763 = AXIS2_PLACEMENT_3D ( 'NONE', #5126, #3427, #9791 ) ;
#764 =( GEOMETRIC_REPRESENTATION_CONTEXT ( 3 ) GLOBAL_UNCERTAINTY_ASSIGNED_CONTEXT ( ( #5159 ) ) GLOBAL_UNIT_ASSIGNED_CONTEXT ( ( #9833, #8965, #3601 ) ) REPRESENTATION_CONTEXT ( 'NONE', 'WORKASPACE' ) );
#765 = EDGE_LOOP ( 'NONE', ( #9006, #4814, #3494, #2630, #10704, #1949, #9577, #5001 ) ) ;
#766 = EDGE_CURVE ( 'NONE', #8064, #1485, #7726, .T. ) ;
#767 = LINE ( 'NONE', #9752, #4064 ) ;
#768 = UNCERTAINTY_MEASURE_WITH_UNIT (LENGTH_MEASURE( 1.000000000000000082E-05 ), #11298, 'distance_accuracy_value', 'NONE');
#769 = CARTESIAN_POINT ( 'NONE',  ( 0.01209712494559416970, 0.1998031496062995516, 0.01904002503381874850 ) ) ;
#770 = SURFACE_SIDE_STYLE ('',( #2441 ) ) ;
#771 =( CONVERSION_BASED_UNIT ( 'INCH', #3273 ) LENGTH_UNIT ( ) NAMED_UNIT ( #7746 ) );
#772 = CARTESIAN_POINT ( 'NONE',  ( -0.1464566929133857831, -0.02263779527559046933, -0.2848425196850391528 ) ) ;
#773 =( LENGTH_UNIT ( ) NAMED_UNIT ( * ) SI_UNIT ( $, .METRE. ) );
#774 = EDGE_CURVE ( 'NONE', #240, #4613, #11263, .T. ) ;
#775 = LINE ( 'NONE', #7758, #10940 ) ;
#776 = VECTOR ( 'NONE', #10643, 39.37007874015748143 ) ;
#777 = FILL_AREA_STYLE_COLOUR ( '', #4847 ) ;
#778 = COLOUR_RGB ( '',0.0000000000000000000, 0.0000000000000000000, 1.000000000000000000 ) ;
#780 = CARTESIAN_POINT ( 'NONE',  ( 0.1500000000000003553, -0.1564960629921254565, -0.4053149606299207841 ) ) ;
#779 = PRESENTATION_LAYER_ASSIGNMENT (  '', '', ( #4575 ) ) ;
#781 = EDGE_LOOP ( 'NONE', ( #8285, #4422, #9647, #525 ) ) ;
#782 = ORIENTED_EDGE ( 'NONE', *, *, #2259, .T. ) ;
#783 = CARTESIAN_POINT ( 'NONE',  ( 0.06743043410952737071, 0.1269685039370082036, -0.01077230849836617599 ) ) ;
#784 = ORIENTED_EDGE ( 'NONE', *, *, #7179, .F. ) ;
#785 = ORIENTED_EDGE ( 'NONE', *, *, #9896, .T. ) ;
#786 =( LENGTH_UNIT ( ) NAMED_UNIT ( * ) SI_UNIT ( $, .METRE. ) );
#787 = ADVANCED_FACE ( 'NONE', ( #9728 ), #5165, .T. ) ;
#788 = CIRCLE ( 'NONE', #10125, 0.009105439123007878083 ) ;
#789 = LENGTH_MEASURE_WITH_UNIT ( LENGTH_MEASURE( 0.02539999999999999897 ), #10830 );
#790 = EDGE_CURVE ( 'NONE', #6117, #2749, #6063, .T. ) ;
#791 = PRESENTATION_LAYER_ASSIGNMENT (  '', '', ( #10691 ) ) ;
#792 = CARTESIAN_POINT ( 'NONE',  ( 0.01934165959544849669, 0.2037401574803154314, -0.3754440218001577345 ) ) ;
#793 = DIMENSIONAL_EXPONENTS ( 1.000000000000000000, 0.0000000000000000000, 0.0000000000000000000, 0.0000000000000000000, 0.0000000000000000000, 0.0000000000000000000, 0.0000000000000000000 ) ;
#794 =( NAMED_UNIT ( * ) SI_UNIT ( $, .STERADIAN. ) SOLID_ANGLE_UNIT ( ) );
#795 = CARTESIAN_POINT ( 'NONE',  ( 0.08700787401574784641, 0.1269685039370083424, -0.2958661417322834830 ) ) ;
#796 = FILL_AREA_STYLE ('',( #3528 ) ) ;
#797 = ADVANCED_FACE ( 'NONE', ( #218 ), #3773, .F. ) ;
#798 = DIRECTION ( 'NONE',  ( 1.000000000000000000, 1.602884491802569361E-15, -2.711709361697226329E-31 ) ) ;
#799 = CARTESIAN_POINT ( 'NONE',  ( 0.1535433070866143168, -0.02263779527558995239, -0.3848425196850391861 ) ) ;
#800 =( GEOMETRIC_REPRESENTATION_CONTEXT ( 3 ) GLOBAL_UNCERTAINTY_ASSIGNED_CONTEXT ( ( #11149 ) ) GLOBAL_UNIT_ASSIGNED_CONTEXT ( ( #6050, #5293, #8720 ) ) REPRESENTATION_CONTEXT ( 'NONE', 'WORKASPACE' ) );
#801 = AXIS2_PLACEMENT_3D ( 'NONE', #795, #733, #6840 ) ;
#802 =( CONVERSION_BASED_UNIT ( 'INCH', #1580 ) LENGTH_UNIT ( ) NAMED_UNIT ( #5317 ) );
#803 = UNCERTAINTY_MEASURE_WITH_UNIT (LENGTH_MEASURE( 1.000000000000000082E-05 ), #3369, 'distance_accuracy_value', 'NONE');
#804 = VERTEX_POINT ( 'NONE', #8136 ) ;
#805 =( NAMED_UNIT ( * ) PLANE_ANGLE_UNIT ( ) SI_UNIT ( $, .RADIAN. ) );
#806 = EDGE_CURVE ( 'NONE', #938, #7747, #7318, .T. ) ;
#807 = DIRECTION ( 'NONE',  ( 0.7956271577885687396, 2.392722035830077690E-15, 0.6057866173738768456 ) ) ;
#808 = CIRCLE ( 'NONE', #10338, 0.009105439123007878083 ) ;
#809 = CARTESIAN_POINT ( 'NONE',  ( -0.1499999999999997446, -0.1564960629921260948, 0.09468503937007924365 ) ) ;
#810 = CARTESIAN_POINT ( 'NONE',  ( 0.08700787401574773539, 0.1998031496062995793, 0.1041338582677163865 ) ) ;
#811 = PLANE ( 'NONE',  #2799 ) ;
#812 = PRESENTATION_STYLE_ASSIGNMENT (( #5474 ) ) ;
#813 = ORIENTED_EDGE ( 'NONE', *, *, #1903, .T. ) ;
#814 = CARTESIAN_POINT ( 'NONE',  ( 0.01522951533057842477, 0.1998031496062995238, 0.1214250117163778037 ) ) ;
#815 = FILL_AREA_STYLE_COLOUR ( '', #3619 ) ;
#816 =( NAMED_UNIT ( * ) PLANE_ANGLE_UNIT ( ) SI_UNIT ( $, .RADIAN. ) );
#817 = VECTOR ( 'NONE', #2807, 39.37007874015748854 ) ;
#818 = CARTESIAN_POINT ( 'NONE',  ( 0.06018589946023603088, 0.1269685039370081758, -0.02539370078740161782 ) ) ;
#819 = SURFACE_STYLE_FILL_AREA ( #5368 ) ;
#820 = PLANE ( 'NONE',  #6446 ) ;
#821 = AXIS2_PLACEMENT_3D ( 'NONE', #110, #5296, #8024 ) ;
#822 = EDGE_LOOP ( 'NONE', ( #3252, #10794, #1310, #10818, #473, #3105 ) ) ;
#823 = EDGE_LOOP ( 'NONE', ( #11012, #8200, #4166, #7594 ) ) ;
#824 = DIRECTION ( 'NONE',  ( -1.000000000000000000, -1.602884491802569361E-15, 2.711709361697226329E-31 ) ) ;
#825 = SURFACE_STYLE_USAGE ( .BOTH. , #5184 ) ;
#826 = ORIENTED_EDGE ( 'NONE', *, *, #1313, .F. ) ;
#827 = LINE ( 'NONE', #10535, #9898 ) ;
#828 = ORIENTED_EDGE ( 'NONE', *, *, #737, .T. ) ;
#829 = AXIS2_PLACEMENT_3D ( 'NONE', #1498, #6021, #9584 ) ;
#830 = PLANE ( 'NONE',  #7328 ) ;
#831 = ORIENTED_EDGE ( 'NONE', *, *, #5855, .T. ) ;
#832 =( NAMED_UNIT ( * ) SI_UNIT ( $, .STERADIAN. ) SOLID_ANGLE_UNIT ( ) );
#833 = DIRECTION ( 'NONE',  ( 2.047204322355081778E-10, 1.000000000000000000, 2.688782288034447080E-10 ) ) ;
#834 = DIRECTION ( 'NONE',  ( 0.0000000000000000000, 0.0000000000000000000, 1.000000000000000000 ) ) ;
#835 =( CONVERSION_BASED_UNIT ( 'INCH', #2685 ) LENGTH_UNIT ( ) NAMED_UNIT ( #8257 ) );
#836 = FILL_AREA_STYLE ('',( #8875 ) ) ;
#837 = DIRECTION ( 'NONE',  ( -1.602884491802569361E-15, 1.000000000000000000, -1.644517855226017859E-15 ) ) ;
#838 = PLANE ( 'NONE',  #11495 ) ;
#839 = DIRECTION ( 'NONE',  ( -1.000000000000000000, -1.602884491802569361E-15, 2.711709361697226329E-31 ) ) ;
#840 = CIRCLE ( 'NONE', #11283, 0.009105439123007881552 ) ;
#841 = VECTOR ( 'NONE', #833, 39.37007874015748143 ) ;
#842 = SURFACE_SIDE_STYLE ('',( #5449 ) ) ;
#843 = CARTESIAN_POINT ( 'NONE',  ( 0.06743043410952737071, 0.1269685039370083424, -0.4107723084983662121 ) ) ;
#844 = VERTEX_POINT ( 'NONE', #2840 ) ;
#845 = ADVANCED_FACE ( 'NONE', ( #9940 ), #6501, .F. ) ;
#846 = EDGE_LOOP ( 'NONE', ( #375, #6642, #6455, #4477 ) ) ;
#847 = ORIENTED_EDGE ( 'NONE', *, *, #5270, .T. ) ;
#848 = FILL_AREA_STYLE ('',( #2632 ) ) ;
#849 = EDGE_LOOP ( 'NONE', ( #4726, #9097, #10204, #8153 ) ) ;
#850 = ORIENTED_EDGE ( 'NONE', *, *, #5649, .F. ) ;
#851 = CARTESIAN_POINT ( 'NONE',  ( 0.1464566929133861717, -0.1407480314960625756, 0.01515748031496108768 ) ) ;
#852 = CIRCLE ( 'NONE', #9099, 0.003937007874015746242 ) ;
#853 = LINE ( 'NONE', #4465, #6828 ) ;
#854 = LENGTH_MEASURE_WITH_UNIT ( LENGTH_MEASURE( 0.02539999999999999897 ), #3591 );
#855 = CARTESIAN_POINT ( 'NONE',  ( -0.007480314960630130190, 0.1269685039370081203, 0.004133858267716503283 ) ) ;
#856 = LINE ( 'NONE', #8010, #1567 ) ;
#857 = LINE ( 'NONE', #4469, #4473 ) ;
#858 = DIRECTION ( 'NONE',  ( -0.7715274047096022381, -2.282905139954358816E-15, -0.6361960890968018090 ) ) ;
#859 = CARTESIAN_POINT ( 'NONE',  ( -0.06929133858267744195, 0.1564960629921261226, -0.2253937007874016463 ) ) ;
#860 = PRESENTATION_STYLE_ASSIGNMENT (( #9775 ) ) ;
#861 = AXIS2_PLACEMENT_3D ( 'NONE', #10931, #9227, #2031 ) ;
#862 = EDGE_CURVE ( 'NONE', #10326, #9422, #10686, .T. ) ;
#863 = AXIS2_PLACEMENT_3D ( 'NONE', #4764, #8308, #11489 ) ;
#864 = EDGE_LOOP ( 'NONE', ( #4558, #7707, #9136, #3905 ) ) ;
#865 = ADVANCED_FACE ( 'NONE', ( #4542 ), #55, .F. ) ;
#866 = DIMENSIONAL_EXPONENTS ( 1.000000000000000000, 0.0000000000000000000, 0.0000000000000000000, 0.0000000000000000000, 0.0000000000000000000, 0.0000000000000000000, 0.0000000000000000000 ) ;
#867 =( GEOMETRIC_REPRESENTATION_CONTEXT ( 3 ) GLOBAL_UNCERTAINTY_ASSIGNED_CONTEXT ( ( #3632 ) ) GLOBAL_UNIT_ASSIGNED_CONTEXT ( ( #10062, #10916, #2131 ) ) REPRESENTATION_CONTEXT ( 'NONE', 'WORKASPACE' ) );
#868 = SURFACE_STYLE_FILL_AREA ( #9987 ) ;
#869 = CARTESIAN_POINT ( 'NONE',  ( 0.06929133858267698398, 0.1269685039370082591, -0.3253937007874017073 ) ) ;
#870 = VECTOR ( 'NONE', #8572, 39.37007874015748143 ) ;
#871 = DIRECTION ( 'NONE',  ( 1.000000000000000000, 1.602884491802569361E-15, -2.711709361697226329E-31 ) ) ;
#872 = COLOUR_RGB ( '',1.000000000000000000, 1.000000000000000000, 1.000000000000000000 ) ;
#873 = UNCERTAINTY_MEASURE_WITH_UNIT (LENGTH_MEASURE( 1.000000000000000082E-05 ), #25, 'distance_accuracy_value', 'NONE');
#874 = FILL_AREA_STYLE_COLOUR ( '', #8500 ) ;
#875 = PRESENTATION_STYLE_ASSIGNMENT (( #2656 ) ) ;
#876 =( LENGTH_UNIT ( ) NAMED_UNIT ( * ) SI_UNIT ( $, .METRE. ) );
#877 =( NAMED_UNIT ( * ) PLANE_ANGLE_UNIT ( ) SI_UNIT ( $, .RADIAN. ) );
#878 = ORIENTED_EDGE ( 'NONE', *, *, #7295, .T. ) ;
#879 = CIRCLE ( 'NONE', #5401, 0.009105439123007881552 ) ;
#880 = EDGE_CURVE ( 'NONE', #3434, #576, #8364, .T. ) ;
#881 = EDGE_CURVE ( 'NONE', #3367, #7430, #10126, .T. ) ;
#882 = DIRECTION ( 'NONE',  ( -1.000000000000000000, -1.602884491802569361E-15, 2.711709361697226329E-31 ) ) ;
#883 = FACE_OUTER_BOUND ( 'NONE', #4940, .T. ) ;
#884 = CIRCLE ( 'NONE', #8933, 0.003937007874015752314 ) ;
#885 = MECHANICAL_DESIGN_GEOMETRIC_PRESENTATION_REPRESENTATION (  '', ( #9854 ), #4276 ) ;
#886 = UNCERTAINTY_MEASURE_WITH_UNIT (LENGTH_MEASURE( 1.000000000000000082E-05 ), #2099, 'distance_accuracy_value', 'NONE');
#887 =( NAMED_UNIT ( * ) SI_UNIT ( $, .STERADIAN. ) SOLID_ANGLE_UNIT ( ) );
#888 = CARTESIAN_POINT ( 'NONE',  ( 0.01934165959544850363, 0.1998031496062996903, -0.2702755905511812773 ) ) ;
#889 = CARTESIAN_POINT ( 'NONE',  ( 0.06429804372452725680, 0.1998031496062996348, -0.07857498828362222132 ) ) ;
#890 = AXIS2_PLACEMENT_3D ( 'NONE', #7586, #5576, #7539 ) ;
#891 = MECHANICAL_DESIGN_GEOMETRIC_PRESENTATION_REPRESENTATION (  '', ( #1814 ), #6298 ) ;
#892 = FILL_AREA_STYLE ('',( #9035 ) ) ;
#893 = ORIENTED_EDGE ( 'NONE', *, *, #6113, .F. ) ;
#894 = PRESENTATION_STYLE_ASSIGNMENT (( #1779 ) ) ;
#895 = ORIENTED_EDGE ( 'NONE', *, *, #5256, .T. ) ;
#896 = DIRECTION ( 'NONE',  ( 1.602884491802569361E-15, -1.000000000000000000, 1.644517855226017859E-15 ) ) ;
#897 = STYLED_ITEM ( 'NONE', ( #4623 ), #8225 ) ;
#898 = AXIS2_PLACEMENT_3D ( 'NONE', #7738, #10412, #6805 ) ;
#899 = ORIENTED_EDGE ( 'NONE', *, *, #5842, .F. ) ;
#900 = FILL_AREA_STYLE_COLOUR ( '', #11025 ) ;
#901 = EDGE_LOOP ( 'NONE', ( #2452, #2747, #3133, #7397 ) ) ;
#902 = FILL_AREA_STYLE_COLOUR ( '', #60 ) ;
#903 = CARTESIAN_POINT ( 'NONE',  ( 0.06018589945968484678, 0.1269685039370081758, -0.01628826166439373974 ) ) ;
#904 = UNCERTAINTY_MEASURE_WITH_UNIT (LENGTH_MEASURE( 1.000000000000000082E-05 ), #3343, 'distance_accuracy_value', 'NONE');
#905 = DIRECTION ( 'NONE',  ( 0.0000000000000000000, 0.0000000000000000000, -1.000000000000000000 ) ) ;
#906 = VECTOR ( 'NONE', #8141, 39.37007874015748143 ) ;
#907 = PRESENTATION_LAYER_ASSIGNMENT (  '', '', ( #8756 ) ) ;
#908 = FACE_OUTER_BOUND ( 'NONE', #1491, .T. ) ;
#909 = CARTESIAN_POINT ( 'NONE',  ( -0.1499999999999997446, -0.1564960629921259561, -0.1864173228346452105 ) ) ;
#910 = DIRECTION ( 'NONE',  ( 0.7956271577883977653, 0.0000000000000000000, -0.6057866173741013327 ) ) ;
#911 = PRESENTATION_LAYER_ASSIGNMENT (  '', '', ( #4682 ) ) ;
#912 =( CONVERSION_BASED_UNIT ( 'INCH', #26 ) LENGTH_UNIT ( ) NAMED_UNIT ( #2400 ) );
#913 = DIRECTION ( 'NONE',  ( -2.348093788196917952E-30, 1.644517855226018450E-15, 1.000000000000000000 ) ) ;
#914 = ORIENTED_EDGE ( 'NONE', *, *, #150, .T. ) ;
#915 = ORIENTED_EDGE ( 'NONE', *, *, #5460, .T. ) ;
#916 = MECHANICAL_DESIGN_GEOMETRIC_PRESENTATION_REPRESENTATION (  '', ( #8391 ), #6542 ) ;
#917 = ORIENTED_EDGE ( 'NONE', *, *, #10087, .T. ) ;
#918 = MECHANICAL_DESIGN_GEOMETRIC_PRESENTATION_REPRESENTATION (  '', ( #10613 ), #5210 ) ;
#919 = CARTESIAN_POINT ( 'NONE',  ( 0.1535433070866143168, -0.02263779527559001831, -0.1848425196850391194 ) ) ;
#920 = ORIENTED_EDGE ( 'NONE', *, *, #8296, .T. ) ;
#921 = ORIENTED_EDGE ( 'NONE', *, *, #9825, .T. ) ;
#922 =( GEOMETRIC_REPRESENTATION_CONTEXT ( 3 ) GLOBAL_UNCERTAINTY_ASSIGNED_CONTEXT ( ( #2654 ) ) GLOBAL_UNIT_ASSIGNED_CONTEXT ( ( #3099, #5266, #3334 ) ) REPRESENTATION_CONTEXT ( 'NONE', 'WORKASPACE' ) );
#923 = CARTESIAN_POINT ( 'NONE',  ( 0.01934165959544850363, 0.1998031496062995238, 0.1245559781998423626 ) ) ;
#924 = LINE ( 'NONE', #11487, #8326 ) ;
#925 = FILL_AREA_STYLE_COLOUR ( '', #10249 ) ;
#926 = CARTESIAN_POINT ( 'NONE',  ( 0.01934165959543282173, 0.1564960629921264557, -0.3663385826771655140 ) ) ;
#927 = DIRECTION ( 'NONE',  ( 1.359243330564626174E-15, -0.8479983040050815823, 0.5299989400031900333 ) ) ;
#928 = DIRECTION ( 'NONE',  ( -0.7956271577887875646, 0.0000000000000000000, 0.6057866173735895199 ) ) ;
#929 = ADVANCED_FACE ( 'NONE', ( #3879 ), #6616, .T. ) ;
#930 = DIRECTION ( 'NONE',  ( -2.047288890593917993E-10, 1.000000000000000000, -2.688773770073551715E-10 ) ) ;
#931 = AXIS2_PLACEMENT_3D ( 'NONE', #780, #7181, #7995 ) ;
#932 = DIRECTION ( 'NONE',  ( 0.0000000000000000000, 0.0000000000000000000, 1.000000000000000000 ) ) ;
#933 = PRESENTATION_STYLE_ASSIGNMENT (( #7139 ) ) ;
#934 = AXIS2_PLACEMENT_3D ( 'NONE', #20, #10711, #2201 ) ;
#935 = CARTESIAN_POINT ( 'NONE',  ( -0.1464566929133861994, 0.2273622047244094335, -0.1458661417322836273 ) ) ;
#936 = UNCERTAINTY_MEASURE_WITH_UNIT (LENGTH_MEASURE( 1.000000000000000082E-05 ), #3501, 'distance_accuracy_value', 'NONE');
#937 = VECTOR ( 'NONE', #10705, 39.37007874015748143 ) ;
#938 = VERTEX_POINT ( 'NONE', #6727 ) ;
#939 = LINE ( 'NONE', #9935, #9397 ) ;
#940 =( LENGTH_UNIT ( ) NAMED_UNIT ( * ) SI_UNIT ( $, .METRE. ) );
#941 = LINE ( 'NONE', #5529, #4018 ) ;
#942 = EDGE_CURVE ( 'NONE', #3521, #7405, #7542, .T. ) ;
#943 = DIRECTION ( 'NONE',  ( 2.364801230464485631E-30, -1.644517855226018450E-15, -1.000000000000000000 ) ) ;
#944 = PRESENTATION_STYLE_ASSIGNMENT (( #10744 ) ) ;
#945 = DIRECTION ( 'NONE',  ( -1.000000000000000000, -1.602884491802642922E-15, -4.458096893095998546E-14 ) ) ;
#946 = DIRECTION ( 'NONE',  ( 1.000000000000000000, 1.602884491802569361E-15, -2.711709361697226329E-31 ) ) ;
#947 = ORIENTED_EDGE ( 'NONE', *, *, #8234, .T. ) ;
#948 = CIRCLE ( 'NONE', #2072, 0.009105439123007872879 ) ;
#949 = ADVANCED_FACE ( 'NONE', ( #6569 ), #1220, .T. ) ;
#950 = SURFACE_SIDE_STYLE ('',( #1893 ) ) ;
#951 = COLOUR_RGB ( '',0.7607843137254901578, 0.7607843137254901578, 0.0000000000000000000 ) ;
#952 = ADVANCED_FACE ( 'NONE', ( #5218 ), #673, .F. ) ;
#953 = ADVANCED_FACE ( 'NONE', ( #4351 ), #1697, .T. ) ;
#954 = CARTESIAN_POINT ( 'NONE',  ( 0.01934165959548794084, 0.1564960629921262336, -0.1253937007874016685 ) ) ;
#955 = CARTESIAN_POINT ( 'NONE',  ( 0.1535433070866144833, -0.1407480314960626033, -0.006889763779527091452 ) ) ;
#956 = ORIENTED_EDGE ( 'NONE', *, *, #766, .F. ) ;
#957 = ORIENTED_EDGE ( 'NONE', *, *, #5129, .T. ) ;
#958 = SURFACE_SIDE_STYLE ('',( #8100 ) ) ;
#959 = ORIENTED_EDGE ( 'NONE', *, *, #7803, .F. ) ;
#960 = EDGE_LOOP ( 'NONE', ( #10119, #10009, #969, #3191 ) ) ;
#961 = DIRECTION ( 'NONE',  ( -1.000000000000000000, -1.602884491802569361E-15, 2.711709361697224578E-31 ) ) ;
#962 = ADVANCED_FACE ( 'NONE', ( #9597 ), #5283, .F. ) ;
#963 = SURFACE_SIDE_STYLE ('',( #5443 ) ) ;
#964 = AXIS2_PLACEMENT_3D ( 'NONE', #5565, #1081, #7416 ) ;
#965 = SURFACE_STYLE_FILL_AREA ( #8219 ) ;
#966 = FILL_AREA_STYLE ('',( #6300 ) ) ;
#967 = FILL_AREA_STYLE_COLOUR ( '', #8950 ) ;
#968 = DIRECTION ( 'NONE',  ( 1.000000000000000000, 1.602884491802569361E-15, -2.711709361697226329E-31 ) ) ;
#969 = ORIENTED_EDGE ( 'NONE', *, *, #4400, .T. ) ;
#970 = ORIENTED_EDGE ( 'NONE', *, *, #5177, .T. ) ;
#971 = VECTOR ( 'NONE', #8087, 39.37007874015748143 ) ;
#972 = VECTOR ( 'NONE', #10923, 39.37007874015748143 ) ;
#973 = ORIENTED_EDGE ( 'NONE', *, *, #10061, .F. ) ;
#974 = CARTESIAN_POINT ( 'NONE',  ( 0.1464566929133862272, -0.1722440944881884761, -0.3037401574803144655 ) ) ;
#975 = VERTEX_POINT ( 'NONE', #1573 ) ;
#976 = LINE ( 'NONE', #11485, #4373 ) ;
#977 =( NAMED_UNIT ( * ) PLANE_ANGLE_UNIT ( ) SI_UNIT ( $, .RADIAN. ) );
#978 =( NAMED_UNIT ( * ) SI_UNIT ( $, .STERADIAN. ) SOLID_ANGLE_UNIT ( ) );
#979 = DIRECTION ( 'NONE',  ( -1.602884491802569361E-15, 1.000000000000000000, -1.644517855226017859E-15 ) ) ;
#980 = AXIS2_PLACEMENT_3D ( 'NONE', #8797, #9678, #10585 ) ;
#981 =( CONVERSION_BASED_UNIT ( 'INCH', #1031 ) LENGTH_UNIT ( ) NAMED_UNIT ( #3523 ) );
#982 =( GEOMETRIC_REPRESENTATION_CONTEXT ( 3 ) GLOBAL_UNCERTAINTY_ASSIGNED_CONTEXT ( ( #10584 ) ) GLOBAL_UNIT_ASSIGNED_CONTEXT ( ( #5897, #1479, #5789 ) ) REPRESENTATION_CONTEXT ( 'NONE', 'WORKASPACE' ) );
#983 = CIRCLE ( 'NONE', #11223, 0.02460629921259844047 ) ;
#984 = CARTESIAN_POINT ( 'NONE',  ( 0.1535433070866143168, -0.02263779527558995239, -0.3848425196850391861 ) ) ;
#985 = CARTESIAN_POINT ( 'NONE',  ( -0.1464566929133857831, -0.02263779527559057342, -0.1068897637795273164 ) ) ;
#986 = CYLINDRICAL_SURFACE ( 'NONE', #6747, 0.003937007874015749712 ) ;
#987 = CIRCLE ( 'NONE', #3247, 0.009105439123007881552 ) ;
#988 = EDGE_LOOP ( 'NONE', ( #9814, #10547, #9955, #3753, #213, #1279 ) ) ;
#989 = DIMENSIONAL_EXPONENTS ( 1.000000000000000000, 0.0000000000000000000, 0.0000000000000000000, 0.0000000000000000000, 0.0000000000000000000, 0.0000000000000000000, 0.0000000000000000000 ) ;
#990 = FACE_OUTER_BOUND ( 'NONE', #697, .T. ) ;
#991 = DIRECTION ( 'NONE',  ( -6.234788562956082048E-10, -1.000000000000000000, -8.959562889578396700E-14 ) ) ;
#992 = CARTESIAN_POINT ( 'NONE',  ( -2.057162640966502078E-16, 0.1269685039370081203, -0.3458661417322835829 ) ) ;
#993 = CARTESIAN_POINT ( 'NONE',  ( 0.06018589945968472882, 0.2037401574803154036, -0.07027559055118128006 ) ) ;
#994 =( GEOMETRIC_REPRESENTATION_CONTEXT ( 3 ) GLOBAL_UNCERTAINTY_ASSIGNED_CONTEXT ( ( #6515 ) ) GLOBAL_UNIT_ASSIGNED_CONTEXT ( ( #1582, #7892, #11501 ) ) REPRESENTATION_CONTEXT ( 'NONE', 'WORKASPACE' ) );
#995 = ORIENTED_EDGE ( 'NONE', *, *, #3036, .F. ) ;
#996 = DIRECTION ( 'NONE',  ( 1.602884491802569361E-15, -1.000000000000000000, 1.644517855226017859E-15 ) ) ;
#997 = DIRECTION ( 'NONE',  ( -1.000000000000000000, -1.602884491802569361E-15, 2.711709361697226329E-31 ) ) ;
#998 = DIRECTION ( 'NONE',  ( -1.000000000000000000, -1.602884491802569361E-15, 2.711709361697226329E-31 ) ) ;
#999 = EDGE_CURVE ( 'NONE', #10390, #9500, #10867, .T. ) ;
#1000 = CARTESIAN_POINT ( 'NONE',  ( -0.06929133858267740032, 0.1269685039370081203, -0.06633858267716538637 ) ) ;
#1001 = SURFACE_STYLE_USAGE ( .BOTH. , #2073 ) ;
#1002 = PLANE ( 'NONE',  #8319 ) ;
#1003 = SURFACE_STYLE_FILL_AREA ( #892 ) ;
#1004 = ORIENTED_EDGE ( 'NONE', *, *, #2321, .T. ) ;
#1005 = SURFACE_SIDE_STYLE ('',( #3734 ) ) ;
#1006 = AXIS2_PLACEMENT_3D ( 'NONE', #3796, #8162, #5444 ) ;
#1007 = VERTEX_POINT ( 'NONE', #1633 ) ;
#1008 = EDGE_CURVE ( 'NONE', #107, #306, #2679, .T. ) ;
#1009 = ADVANCED_FACE ( 'NONE', ( #9482 ), #1454, .T. ) ;
#1010 = ORIENTED_EDGE ( 'NONE', *, *, #6863, .F. ) ;
#1011 = VERTEX_POINT ( 'NONE', #9064 ) ;
#1012 = VECTOR ( 'NONE', #1380, 39.37007874015748143 ) ;
#1013 = DIRECTION ( 'NONE',  ( 2.364801230464485631E-30, -1.644517855226018450E-15, -1.000000000000000000 ) ) ;
#1014 = UNCERTAINTY_MEASURE_WITH_UNIT (LENGTH_MEASURE( 1.000000000000000082E-05 ), #5635, 'distance_accuracy_value', 'NONE');
#1015 = SURFACE_STYLE_USAGE ( .BOTH. , #7121 ) ;
#1016 = DIRECTION ( 'NONE',  ( 2.255666698845082219E-10, 1.000000000000000000, -2.962197096095551764E-10 ) ) ;
#1017 = FILL_AREA_STYLE_COLOUR ( '', #7061 ) ;
#1018 = FILL_AREA_STYLE ('',( #777 ) ) ;
#1019 = CARTESIAN_POINT ( 'NONE',  ( 0.06743043410952737071, 0.1269685039370083146, -0.1809599749661811585 ) ) ;
#1020 = ORIENTED_EDGE ( 'NONE', *, *, #9405, .F. ) ;
#1021 = ADVANCED_FACE ( 'NONE', ( #10726 ), #154, .T. ) ;
#1022 = PRESENTATION_LAYER_ASSIGNMENT (  '', '', ( #93 ) ) ;
#1023 = ADVANCED_FACE ( 'NONE', ( #5520 ), #8127, .F. ) ;
#1024 = VERTEX_POINT ( 'NONE', #1088 ) ;
#1025 = DIRECTION ( 'NONE',  ( -2.255731163044917930E-10, 1.000000000000000000, 2.962140801037447666E-10 ) ) ;
#1026 = CARTESIAN_POINT ( 'NONE',  ( -0.1464566929133855888, -0.1407480314960629919, -0.1848425196850389252 ) ) ;
#1027 =( NAMED_UNIT ( * ) PLANE_ANGLE_UNIT ( ) SI_UNIT ( $, .RADIAN. ) );
#1028 = CARTESIAN_POINT ( 'NONE',  ( 0.01934165959544850363, 0.1998031496062996071, -0.4214566929133859996 ) ) ;
#1029 = CARTESIAN_POINT ( 'NONE',  ( 0.1500000000000003553, -0.1564960629921255120, -0.08641732283464519104 ) ) ;
#1030 = AXIS2_PLACEMENT_3D ( 'NONE', #6414, #3746, #7232 ) ;
#1031 = LENGTH_MEASURE_WITH_UNIT ( LENGTH_MEASURE( 0.02539999999999999897 ), #10730 );
#1032 = DIRECTION ( 'NONE',  ( -2.348093788196917952E-30, 1.644517855226018450E-15, 1.000000000000000000 ) ) ;
#1033 = PLANE ( 'NONE',  #7823 ) ;
#1034 =( NAMED_UNIT ( * ) PLANE_ANGLE_UNIT ( ) SI_UNIT ( $, .RADIAN. ) );
#1035 =( CONVERSION_BASED_UNIT ( 'INCH', #3598 ) LENGTH_UNIT ( ) NAMED_UNIT ( #989 ) );
#1036 = PRESENTATION_LAYER_ASSIGNMENT (  '', '', ( #9457 ) ) ;
#1037 =( CONVERSION_BASED_UNIT ( 'INCH', #1758 ) LENGTH_UNIT ( ) NAMED_UNIT ( #6204 ) );
#1038 = VERTEX_POINT ( 'NONE', #8070 ) ;
#1039 = SURFACE_STYLE_USAGE ( .BOTH. , #2839 ) ;
#1040 = SURFACE_STYLE_FILL_AREA ( #109 ) ;
#1041 =( NAMED_UNIT ( * ) PLANE_ANGLE_UNIT ( ) SI_UNIT ( $, .RADIAN. ) );
#1042 = DIRECTION ( 'NONE',  ( -1.602884491802569361E-15, 1.000000000000000000, -1.644517855226017859E-15 ) ) ;
#1043 = FILL_AREA_STYLE_COLOUR ( '', #118 ) ;
#1044 = COLOUR_RGB ( '',0.7607843137254901578, 0.7607843137254901578, 0.0000000000000000000 ) ;
#1045 = CARTESIAN_POINT ( 'NONE',  ( 0.1464566929133861717, -0.1407480314960624923, -0.1848425196850389252 ) ) ;
#1046 = ORIENTED_EDGE ( 'NONE', *, *, #150, .F. ) ;
#1047 =( LENGTH_UNIT ( ) NAMED_UNIT ( * ) SI_UNIT ( $, .METRE. ) );
#1048 = SURFACE_SIDE_STYLE ('',( #4658 ) ) ;
#1049 = STYLED_ITEM ( 'NONE', ( #1108 ), #7662 ) ;
#1050 = MECHANICAL_DESIGN_GEOMETRIC_PRESENTATION_REPRESENTATION (  '', ( #8917 ), #8165 ) ;
#1051 = DIRECTION ( 'NONE',  ( 1.000000000000000000, 1.602884491802569361E-15, -2.711709361697226329E-31 ) ) ;
#1052 = FILL_AREA_STYLE ('',( #280 ) ) ;
#1053 = PLANE ( 'NONE',  #2529 ) ;
#1054 = DIMENSIONAL_EXPONENTS ( 1.000000000000000000, 0.0000000000000000000, 0.0000000000000000000, 0.0000000000000000000, 0.0000000000000000000, 0.0000000000000000000, 0.0000000000000000000 ) ;
#1055 = VECTOR ( 'NONE', #3530, 39.37007874015748143 ) ;
#1056 = EDGE_CURVE ( 'NONE', #4434, #3086, #4694, .T. ) ;
#1057 =( NAMED_UNIT ( * ) PLANE_ANGLE_UNIT ( ) SI_UNIT ( $, .RADIAN. ) );
#1058 = ORIENTED_EDGE ( 'NONE', *, *, #2166, .F. ) ;
#1059 = COLOUR_RGB ( '',1.000000000000000000, 1.000000000000000000, 1.000000000000000000 ) ;
#1060 = LINE ( 'NONE', #6456, #2599 ) ;
#1061 = VECTOR ( 'NONE', #9355, 39.37007874015748143 ) ;
#1062 = ORIENTED_EDGE ( 'NONE', *, *, #11085, .F. ) ;
#1063 = FILL_AREA_STYLE_COLOUR ( '', #2433 ) ;
#1064 = EDGE_LOOP ( 'NONE', ( #7283, #10706, #11136, #8066, #1745, #10721, #7371, #4167 ) ) ;
#1065 = SURFACE_STYLE_USAGE ( .BOTH. , #3025 ) ;
#1066 = ORIENTED_EDGE ( 'NONE', *, *, #484, .T. ) ;
#1067 = COLOUR_RGB ( '',0.7607843137254901578, 0.7607843137254901578, 0.0000000000000000000 ) ;
#1068 = PRESENTATION_LAYER_ASSIGNMENT (  '', '', ( #7794 ) ) ;
#1069 = FILL_AREA_STYLE ('',( #5962 ) ) ;
#1070 = DIRECTION ( 'NONE',  ( 0.0000000000000000000, 1.875148439272799614E-15, 1.000000000000000000 ) ) ;
#1071 = EDGE_CURVE ( 'NONE', #7647, #7938, #2893, .T. ) ;
#1072 = SURFACE_STYLE_FILL_AREA ( #966 ) ;
#1073 =( GEOMETRIC_REPRESENTATION_CONTEXT ( 3 ) GLOBAL_UNCERTAINTY_ASSIGNED_CONTEXT ( ( #9224 ) ) GLOBAL_UNIT_ASSIGNED_CONTEXT ( ( #5448, #9111, #3637 ) ) REPRESENTATION_CONTEXT ( 'NONE', 'WORKASPACE' ) );
#1074 = CARTESIAN_POINT ( 'NONE',  ( 0.06018589945968484678, 0.1269685039370082591, 0.03366141732283462612 ) ) ;
#1075 = CARTESIAN_POINT ( 'NONE',  ( 0.06889763779527553755, 0.04350393700787442280, 0.1702755905511812440 ) ) ;
#1076 = VECTOR ( 'NONE', #1016, 39.37007874015748143 ) ;
#1077 = DIRECTION ( 'NONE',  ( 1.594929680954395007E-15, -0.9950371902099891530, -0.09950371902099724997 ) ) ;
#1078 = EDGE_CURVE ( 'NONE', #9385, #6564, #5676, .T. ) ;
#1079 = ORIENTED_EDGE ( 'NONE', *, *, #6390, .T. ) ;
#1080 = AXIS2_PLACEMENT_3D ( 'NONE', #9543, #674, #5052 ) ;
#1081 = DIRECTION ( 'NONE',  ( 1.602884491802569361E-15, -1.000000000000000000, 1.644517855226017859E-15 ) ) ;
#1082 = EDGE_LOOP ( 'NONE', ( #2608, #3833, #7456, #2399 ) ) ;
#1083 = STYLED_ITEM ( 'NONE', ( #10745 ), #8281 ) ;
#1084 = DIRECTION ( 'NONE',  ( -1.000000000000000000, -1.602884491802569361E-15, 2.711709361697226329E-31 ) ) ;
#1085 = CARTESIAN_POINT ( 'NONE',  ( 0.01934165959548794084, 0.1564960629921262336, -0.1253937007874016685 ) ) ;
#1086 = STYLED_ITEM ( 'NONE', ( #3316 ), #5538 ) ;
#1087 = LENGTH_MEASURE_WITH_UNIT ( LENGTH_MEASURE( 0.02539999999999999897 ), #1929 );
#1088 = CARTESIAN_POINT ( 'NONE',  ( 0.06018589943271623194, 0.1998031496062995516, -0.02539370078740173925 ) ) ;
#1089 = EDGE_CURVE ( 'NONE', #1968, #10629, #3810, .T. ) ;
#1090 = DIRECTION ( 'NONE',  ( 1.602884491802569361E-15, -1.000000000000000000, 1.548860246407864322E-15 ) ) ;
#1091 = EDGE_CURVE ( 'NONE', #10538, #3165, #856, .T. ) ;
#1092 = DIRECTION ( 'NONE',  ( 2.348093788196917952E-30, -1.644517855226018450E-15, -1.000000000000000000 ) ) ;
#1093 = FILL_AREA_STYLE_COLOUR ( '', #10967 ) ;
#1094 = LINE ( 'NONE', #9982, #3904 ) ;
#1095 = DIMENSIONAL_EXPONENTS ( 1.000000000000000000, 0.0000000000000000000, 0.0000000000000000000, 0.0000000000000000000, 0.0000000000000000000, 0.0000000000000000000, 0.0000000000000000000 ) ;
#1096 = PRESENTATION_LAYER_ASSIGNMENT (  '', '', ( #160 ) ) ;
#1097 = COLOUR_RGB ( '',0.7607843137254901578, 0.7607843137254901578, 0.0000000000000000000 ) ;
#1098 = ORIENTED_EDGE ( 'NONE', *, *, #3395, .T. ) ;
#1099 = ORIENTED_EDGE ( 'NONE', *, *, #5701, .F. ) ;
#1100 = FACE_OUTER_BOUND ( 'NONE', #5844, .T. ) ;
#1101 = CARTESIAN_POINT ( 'NONE',  ( 0.06929133858267698398, 0.1269685039370081758, 0.08371173833575194789 ) ) ;
#1102 = VECTOR ( 'NONE', #2562, 39.37007874015748143 ) ;
#1103 = PRESENTATION_STYLE_ASSIGNMENT (( #2838 ) ) ;
#1104 = ADVANCED_FACE ( 'NONE', ( #3594 ), #8955, .T. ) ;
#1105 = DIRECTION ( 'NONE',  ( -0.7715274047096022381, -2.282905139954358816E-15, -0.6361960890968018090 ) ) ;
#1106 = MECHANICAL_DESIGN_GEOMETRIC_PRESENTATION_REPRESENTATION (  '', ( #2052 ), #3568 ) ;
#1107 = SURFACE_SIDE_STYLE ('',( #5589 ) ) ;
#1108 = PRESENTATION_STYLE_ASSIGNMENT (( #6505 ) ) ;
#1109 = CARTESIAN_POINT ( 'NONE',  ( -0.1535433070866141225, -0.02263779527559044505, -0.3848425196850391861 ) ) ;
#1110 = EDGE_LOOP ( 'NONE', ( #8299, #7297, #2277, #2631 ) ) ;
#1111 = LINE ( 'NONE', #2947, #7517 ) ;
#1112 = DIRECTION ( 'NONE',  ( -1.000000000000000000, -1.602884491802569361E-15, 2.711709361697226329E-31 ) ) ;
#1113 = VECTOR ( 'NONE', #5316, 39.37007874015748143 ) ;
#1114 = VECTOR ( 'NONE', #6980, 39.37007874015748143 ) ;
#1115 = FILL_AREA_STYLE_COLOUR ( '', #2491 ) ;
#1116 =( LENGTH_UNIT ( ) NAMED_UNIT ( * ) SI_UNIT ( $, .METRE. ) );
#1117 = UNCERTAINTY_MEASURE_WITH_UNIT (LENGTH_MEASURE( 1.000000000000000082E-05 ), #4093, 'distance_accuracy_value', 'NONE');
#1118 = COLOUR_RGB ( '',0.7607843137254901578, 0.7607843137254901578, 0.0000000000000000000 ) ;
#1119 =( NAMED_UNIT ( * ) SI_UNIT ( $, .STERADIAN. ) SOLID_ANGLE_UNIT ( ) );
#1120 = CARTESIAN_POINT ( 'NONE',  ( -0.06889763779527560694, 0.001377952755905669218, 0.1624015748031497897 ) ) ;
#1121 = PRESENTATION_STYLE_ASSIGNMENT (( #233 ) ) ;
#1122 = ORIENTED_EDGE ( 'NONE', *, *, #5330, .F. ) ;
#1123 = AXIS2_PLACEMENT_3D ( 'NONE', #10808, #7219, #8919 ) ;
#1124 = ORIENTED_EDGE ( 'NONE', *, *, #1078, .F. ) ;
#1125 = PLANE ( 'NONE',  #2827 ) ;
#1126 =( GEOMETRIC_REPRESENTATION_CONTEXT ( 3 ) GLOBAL_UNCERTAINTY_ASSIGNED_CONTEXT ( ( #8903 ) ) GLOBAL_UNIT_ASSIGNED_CONTEXT ( ( #3299, #9605, #11376 ) ) REPRESENTATION_CONTEXT ( 'NONE', 'WORKASPACE' ) );
#1127 = ORIENTED_EDGE ( 'NONE', *, *, #88, .T. ) ;
#1128 =( NAMED_UNIT ( * ) PLANE_ANGLE_UNIT ( ) SI_UNIT ( $, .RADIAN. ) );
#1129 = ORIENTED_EDGE ( 'NONE', *, *, #4641, .F. ) ;
#1130 =( NAMED_UNIT ( * ) PLANE_ANGLE_UNIT ( ) SI_UNIT ( $, .RADIAN. ) );
#1131 = UNCERTAINTY_MEASURE_WITH_UNIT (LENGTH_MEASURE( 1.000000000000000082E-05 ), #7090, 'distance_accuracy_value', 'NONE');
#1132 = CARTESIAN_POINT ( 'NONE',  ( 0.06018589946023603088, 0.1269685039370082036, -0.1253937007874016407 ) ) ;
#1133 = DIRECTION ( 'NONE',  ( 1.602884491802569361E-15, -1.000000000000000000, 1.644517855226017859E-15 ) ) ;
#1134 = DIRECTION ( 'NONE',  ( 1.324743555594197337E-12, 1.000000000000000000, -1.644517855226017859E-15 ) ) ;
#1135 = DIRECTION ( 'NONE',  ( -0.7956271577885687396, 0.0000000000000000000, -0.6057866173738770676 ) ) ;
#1136 = STYLED_ITEM ( 'NONE', ( #10388 ), #10728 ) ;
#1137 = SURFACE_STYLE_FILL_AREA ( #10020 ) ;
#1138 = DIRECTION ( 'NONE',  ( -1.000000000000000000, -1.602884491802569361E-15, 2.711709361697224578E-31 ) ) ;
#1139 = ADVANCED_FACE ( 'NONE', ( #5629 ), #6627, .T. ) ;
#1140 = SURFACE_STYLE_FILL_AREA ( #9175 ) ;
#1141 = CIRCLE ( 'NONE', #5288, 0.02854330708661417804 ) ;
#1142 = ORIENTED_EDGE ( 'NONE', *, *, #5747, .T. ) ;
#1143 = CARTESIAN_POINT ( 'NONE',  ( 0.1464566929133859496, -0.02263779527559007035, -0.08484251968503912777 ) ) ;
#1144 = DIRECTION ( 'NONE',  ( 1.602884491802569361E-15, -1.000000000000000000, 1.548860246407864322E-15 ) ) ;
#1145 = EDGE_CURVE ( 'NONE', #8677, #11121, #3160, .T. ) ;
#1146 =( NAMED_UNIT ( * ) SI_UNIT ( $, .STERADIAN. ) SOLID_ANGLE_UNIT ( ) );
#1147 = DIRECTION ( 'NONE',  ( -2.348093788196917952E-30, 1.644517855226018450E-15, 1.000000000000000000 ) ) ;
#1148 = CARTESIAN_POINT ( 'NONE',  ( 0.1535433070866143168, -0.02263779527558998361, -0.2848425196850391528 ) ) ;
#1149 = SURFACE_STYLE_USAGE ( .BOTH. , #9881 ) ;
#1150 = DIMENSIONAL_EXPONENTS ( 1.000000000000000000, 0.0000000000000000000, 0.0000000000000000000, 0.0000000000000000000, 0.0000000000000000000, 0.0000000000000000000, 0.0000000000000000000 ) ;
#1151 = DIRECTION ( 'NONE',  ( 0.0000000000000000000, 0.0000000000000000000, 1.000000000000000000 ) ) ;
#1152 = FACE_OUTER_BOUND ( 'NONE', #8588, .T. ) ;
#1153 = VERTEX_POINT ( 'NONE', #3928 ) ;
#1154 = ORIENTED_EDGE ( 'NONE', *, *, #8536, .T. ) ;
#1155 = ADVANCED_FACE ( 'NONE', ( #4040 ), #8293, .F. ) ;
#1156 = LENGTH_MEASURE_WITH_UNIT ( LENGTH_MEASURE( 0.02539999999999999897 ), #6720 );
#1157 = ADVANCED_FACE ( 'NONE', ( #10137 ), #2157, .T. ) ;
#1158 = EDGE_LOOP ( 'NONE', ( #7543, #456, #6527, #5338 ) ) ;
#1159 = ORIENTED_EDGE ( 'NONE', *, *, #8324, .T. ) ;
#1160 = CARTESIAN_POINT ( 'NONE',  ( -0.1464566929133855888, -0.1407480314960631029, 0.1151574803149610915 ) ) ;
#1161 = SURFACE_STYLE_USAGE ( .BOTH. , #2228 ) ;
#1162 = AXIS2_PLACEMENT_3D ( 'NONE', #5108, #1521, #519 ) ;
#1163 = SURFACE_STYLE_USAGE ( .BOTH. , #10044 ) ;
#1164 = STYLED_ITEM ( 'NONE', ( #4052 ), #11402 ) ;
#1165 = EDGE_CURVE ( 'NONE', #2718, #8638, #7341, .T. ) ;
#1166 = DIRECTION ( 'NONE',  ( -1.602884491802569361E-15, 1.000000000000000000, -1.644517855226017859E-15 ) ) ;
#1167 = CARTESIAN_POINT ( 'NONE',  ( 0.06929133858267698398, 0.1269685039370083424, -0.1754440218001575014 ) ) ;
#1168 = ORIENTED_EDGE ( 'NONE', *, *, #9604, .T. ) ;
#1169 = VECTOR ( 'NONE', #9559, 39.37007874015748143 ) ;
#1170 = DIRECTION ( 'NONE',  ( 0.0000000000000000000, 0.0000000000000000000, 1.000000000000000000 ) ) ;
#1171 = AXIS2_PLACEMENT_3D ( 'NONE', #6100, #2471, #7085 ) ;
#1172 =( LENGTH_UNIT ( ) NAMED_UNIT ( * ) SI_UNIT ( $, .METRE. ) );
#1173 = VECTOR ( 'NONE', #2751, 39.37007874015748143 ) ;
#1174 = EDGE_CURVE ( 'NONE', #1024, #3434, #4374, .T. ) ;
#1175 = DIMENSIONAL_EXPONENTS ( 1.000000000000000000, 0.0000000000000000000, 0.0000000000000000000, 0.0000000000000000000, 0.0000000000000000000, 0.0000000000000000000, 0.0000000000000000000 ) ;
#1176 = CARTESIAN_POINT ( 'NONE',  ( 0.06018589945968472882, 0.2037401574803154869, -0.2754440218001577012 ) ) ;
#1177 = DIRECTION ( 'NONE',  ( 1.359243330564626371E-15, -0.8479983040050815823, 0.5299989400031900333 ) ) ;
#1178 = PRESENTATION_LAYER_ASSIGNMENT (  '', '', ( #6238 ) ) ;
#1179 =( NAMED_UNIT ( * ) PLANE_ANGLE_UNIT ( ) SI_UNIT ( $, .RADIAN. ) );
#1180 = STYLED_ITEM ( 'NONE', ( #1998 ), #797 ) ;
#1181 = LINE ( 'NONE', #5486, #2481 ) ;
#1182 = PLANE ( 'NONE',  #7573 ) ;
#1183 = FACE_OUTER_BOUND ( 'NONE', #5755, .T. ) ;
#1184 = ORIENTED_EDGE ( 'NONE', *, *, #6904, .F. ) ;
#1185 = CARTESIAN_POINT ( 'NONE',  ( 0.06018589945968472882, 0.2037401574803152926, -0.02145669291338599474 ) ) ;
#1186 = VERTEX_POINT ( 'NONE', #10528 ) ;
#1187 = CARTESIAN_POINT ( 'NONE',  ( 0.01830074866882645118, 0.1998031496062996071, -0.4214566929133859996 ) ) ;
#1188 = ORIENTED_EDGE ( 'NONE', *, *, #6027, .T. ) ;
#1189 = FILL_AREA_STYLE ('',( #6409 ) ) ;
#1190 = ORIENTED_EDGE ( 'NONE', *, *, #7799, .T. ) ;
#1191 = CARTESIAN_POINT ( 'NONE',  ( 0.01522951533058629174, 0.2037401574803153759, -0.4131572951809372451 ) ) ;
#1192 = CARTESIAN_POINT ( 'NONE',  ( -0.06929133858267749746, 0.1958661417322837550, -0.1663385826771654752 ) ) ;
#1193 = DIRECTION ( 'NONE',  ( 0.0000000000000000000, 0.0000000000000000000, 1.000000000000000000 ) ) ;
#1194 = MECHANICAL_DESIGN_GEOMETRIC_PRESENTATION_REPRESENTATION (  '', ( #4775 ), #11444 ) ;
#1195 =( NAMED_UNIT ( * ) SI_UNIT ( $, .STERADIAN. ) SOLID_ANGLE_UNIT ( ) );
#1196 = LINE ( 'NONE', #4964, #7073 ) ;
#1197 = ORIENTED_EDGE ( 'NONE', *, *, #6930, .F. ) ;
#1198 = AXIS2_PLACEMENT_3D ( 'NONE', #4864, #6602, #310 ) ;
#1199 = ORIENTED_EDGE ( 'NONE', *, *, #4474, .T. ) ;
#1200 = DIRECTION ( 'NONE',  ( -2.348093788196917952E-30, 1.644517855226018450E-15, 1.000000000000000000 ) ) ;
#1201 =( CONVERSION_BASED_UNIT ( 'INCH', #3210 ) LENGTH_UNIT ( ) NAMED_UNIT ( #3888 ) );
#1202 = FILL_AREA_STYLE_COLOUR ( '', #11077 ) ;
#1203 =( NAMED_UNIT ( * ) PLANE_ANGLE_UNIT ( ) SI_UNIT ( $, .RADIAN. ) );
#1204 = SURFACE_STYLE_USAGE ( .BOTH. , #11004 ) ;
#1205 = DIRECTION ( 'NONE',  ( 1.602884491802569361E-15, -1.000000000000000000, 1.644517855226017859E-15 ) ) ;
#1206 = PRESENTATION_STYLE_ASSIGNMENT (( #10835 ) ) ;
#1207 = EDGE_CURVE ( 'NONE', #5315, #1442, #6781, .T. ) ;
#1208 = LINE ( 'NONE', #2104, #6496 ) ;
#1209 = AXIS2_PLACEMENT_3D ( 'NONE', #9156, #4838, #7453 ) ;
#1210 =( CONVERSION_BASED_UNIT ( 'INCH', #11120 ) LENGTH_UNIT ( ) NAMED_UNIT ( #4686 ) );
#1211 = ORIENTED_EDGE ( 'NONE', *, *, #10806, .F. ) ;
#1212 = ORIENTED_EDGE ( 'NONE', *, *, #706, .F. ) ;
#1213 = SURFACE_STYLE_USAGE ( .BOTH. , #2278 ) ;
#1214 = VERTEX_POINT ( 'NONE', #5248 ) ;
#1215 = ORIENTED_EDGE ( 'NONE', *, *, #3770, .F. ) ;
#1216 = VECTOR ( 'NONE', #5194, 39.37007874015748143 ) ;
#1217 = CARTESIAN_POINT ( 'NONE',  ( -0.1464566929133855611, -0.1722440944881890312, 0.01515748031496113972 ) ) ;
#1218 =( NAMED_UNIT ( * ) PLANE_ANGLE_UNIT ( ) SI_UNIT ( $, .RADIAN. ) );
#1219 =( CONVERSION_BASED_UNIT ( 'INCH', #4938 ) LENGTH_UNIT ( ) NAMED_UNIT ( #5079 ) );
#1220 = PLANE ( 'NONE',  #1748 ) ;
#1221 = PLANE ( 'NONE',  #6701 ) ;
#1222 = EDGE_CURVE ( 'NONE', #9750, #6140, #7713, .T. ) ;
#1223 = SURFACE_STYLE_FILL_AREA ( #7442 ) ;
#1224 = ORIENTED_EDGE ( 'NONE', *, *, #2736, .T. ) ;
#1225 = PRESENTATION_LAYER_ASSIGNMENT (  '', '', ( #8332 ) ) ;
#1226 = PRESENTATION_LAYER_ASSIGNMENT (  '', '', ( #4627 ) ) ;
#1227 =( NAMED_UNIT ( * ) SI_UNIT ( $, .STERADIAN. ) SOLID_ANGLE_UNIT ( ) );
#1228 = CARTESIAN_POINT ( 'NONE',  ( 0.1500000000000003553, -0.1564960629921254842, -0.3053149606299208063 ) ) ;
#1229 = ADVANCED_FACE ( 'NONE', ( #4553 ), #1836, .T. ) ;
#1230 = LENGTH_MEASURE_WITH_UNIT ( LENGTH_MEASURE( 0.02539999999999999897 ), #449 );
#1231 = DIRECTION ( 'NONE',  ( -2.348093788196917952E-30, 1.644517855226018450E-15, 1.000000000000000000 ) ) ;
#1232 = VECTOR ( 'NONE', #6737, 39.37007874015748143 ) ;
#1233 = UNCERTAINTY_MEASURE_WITH_UNIT (LENGTH_MEASURE( 1.000000000000000082E-05 ), #3209, 'distance_accuracy_value', 'NONE');
#1234 = FILL_AREA_STYLE_COLOUR ( '', #6189 ) ;
#1235 = CARTESIAN_POINT ( 'NONE',  ( 0.01522951533057842477, 0.1998031496062996348, -0.2785749882836222602 ) ) ;
#1236 = SURFACE_STYLE_USAGE ( .BOTH. , #8322 ) ;
#1237 = EDGE_CURVE ( 'NONE', #5939, #4204, #5179, .T. ) ;
#1238 = DIRECTION ( 'NONE',  ( -1.602884491802569361E-15, 1.000000000000000000, -1.644517855226017859E-15 ) ) ;
#1239 = EDGE_CURVE ( 'NONE', #10355, #975, #8040, .T. ) ;
#1240 = ORIENTED_EDGE ( 'NONE', *, *, #9403, .T. ) ;
#1241 = SURFACE_SIDE_STYLE ('',( #9272 ) ) ;
#1242 = AXIS2_PLACEMENT_3D ( 'NONE', #6853, #2300, #7782 ) ;
#1243 = ORIENTED_EDGE ( 'NONE', *, *, #1298, .F. ) ;
#1244 = CIRCLE ( 'NONE', #7780, 0.02460629921259842659 ) ;
#1245 = ORIENTED_EDGE ( 'NONE', *, *, #3719, .F. ) ;
#1246 = FACE_OUTER_BOUND ( 'NONE', #9247, .T. ) ;
#1247 = ORIENTED_EDGE ( 'NONE', *, *, #4471, .F. ) ;
#1248 = STYLED_ITEM ( 'NONE', ( #8422 ), #7666 ) ;
#1249 = PRESENTATION_STYLE_ASSIGNMENT (( #7739 ) ) ;
#1250 = UNCERTAINTY_MEASURE_WITH_UNIT (LENGTH_MEASURE( 1.000000000000000082E-05 ), #1957, 'distance_accuracy_value', 'NONE');
#1251 = CYLINDRICAL_SURFACE ( 'NONE', #533, 0.02460629921259842659 ) ;
#1252 = CARTESIAN_POINT ( 'NONE',  ( 0.1464566929133859496, -0.02263779527559010157, 0.01515748031496088298 ) ) ;
#1253 = CIRCLE ( 'NONE', #3889, 0.009105439123007878083 ) ;
#1254 = STYLED_ITEM ( 'NONE', ( #719 ), #4056 ) ;
#1255 = EDGE_CURVE ( 'NONE', #10143, #8556, #7908, .T. ) ;
#1256 = CARTESIAN_POINT ( 'NONE',  ( 0.1464566929133859496, -0.02263779527559003565, -0.1848425196850391194 ) ) ;
#1257 = DIMENSIONAL_EXPONENTS ( 1.000000000000000000, 0.0000000000000000000, 0.0000000000000000000, 0.0000000000000000000, 0.0000000000000000000, 0.0000000000000000000, 0.0000000000000000000 ) ;
#1258 = AXIS2_PLACEMENT_3D ( 'NONE', #9360, #1333, #3215 ) ;
#1259 =( GEOMETRIC_REPRESENTATION_CONTEXT ( 3 ) GLOBAL_UNCERTAINTY_ASSIGNED_CONTEXT ( ( #4543 ) ) GLOBAL_UNIT_ASSIGNED_CONTEXT ( ( #1035, #1813, #9882 ) ) REPRESENTATION_CONTEXT ( 'NONE', 'WORKASPACE' ) );
#1260 = MECHANICAL_DESIGN_GEOMETRIC_PRESENTATION_REPRESENTATION (  '', ( #8186 ), #496 ) ;
#1261 = CARTESIAN_POINT ( 'NONE',  ( 0.06429804372452725680, 0.2037401574803154869, -0.4131572951809372451 ) ) ;
#1262 = ORIENTED_EDGE ( 'NONE', *, *, #8891, .F. ) ;
#1264 = DIMENSIONAL_EXPONENTS ( 1.000000000000000000, 0.0000000000000000000, 0.0000000000000000000, 0.0000000000000000000, 0.0000000000000000000, 0.0000000000000000000, 0.0000000000000000000 ) ;
#1263 = LINE ( 'NONE', #3861, #105 ) ;
#1265 =( NAMED_UNIT ( * ) SI_UNIT ( $, .STERADIAN. ) SOLID_ANGLE_UNIT ( ) );
#1266 = STYLED_ITEM ( 'NONE', ( #3976 ), #9042 ) ;
#1267 = FILL_AREA_STYLE ('',( #1202 ) ) ;
#1268 = MECHANICAL_DESIGN_GEOMETRIC_PRESENTATION_REPRESENTATION (  '', ( #1843 ), #8746 ) ;
#1269 = FILL_AREA_STYLE_COLOUR ( '', #9611 ) ;
#1270 = CARTESIAN_POINT ( 'NONE',  ( 0.06018589945968472882, 0.1998031496062997181, -0.2754440218001577012 ) ) ;
#1271 = LINE ( 'NONE', #5686, #7617 ) ;
#1272 = MECHANICAL_DESIGN_GEOMETRIC_PRESENTATION_REPRESENTATION (  '', ( #6141 ), #7615 ) ;
#1273 =( NAMED_UNIT ( * ) PLANE_ANGLE_UNIT ( ) SI_UNIT ( $, .RADIAN. ) );
#1274 = DIRECTION ( 'NONE',  ( -1.602884491802569361E-15, 1.000000000000000000, -1.644517855226018450E-15 ) ) ;
#1275 = ORIENTED_EDGE ( 'NONE', *, *, #11351, .F. ) ;
#1276 = AXIS2_PLACEMENT_3D ( 'NONE', #3436, #3383, #3323 ) ;
#1277 = STYLED_ITEM ( 'NONE', ( #4711 ), #8513 ) ;
#1278 = CARTESIAN_POINT ( 'NONE',  ( 0.01934165959544849669, 0.2037401574803152926, -0.2214566929133859885 ) ) ;
#1279 = ORIENTED_EDGE ( 'NONE', *, *, #9749, .T. ) ;
#1280 = ORIENTED_EDGE ( 'NONE', *, *, #942, .F. ) ;
#1281 = AXIS2_PLACEMENT_3D ( 'NONE', #10356, #518, #2426 ) ;
#1282 = PLANE ( 'NONE',  #5677 ) ;
#1283 = EDGE_CURVE ( 'NONE', #6495, #1551, #3618, .T. ) ;
#1284 = LINE ( 'NONE', #8599, #8769 ) ;
#1285 = FACE_OUTER_BOUND ( 'NONE', #4236, .T. ) ;
#1286 = CARTESIAN_POINT ( 'NONE',  ( 0.1948818897637792369, 0.2037401574803158755, -0.05131873790602374530 ) ) ;
#1287 = VECTOR ( 'NONE', #5360, 39.37007874015748143 ) ;
#1289 = FACE_OUTER_BOUND ( 'NONE', #645, .T. ) ;
#1288 = STYLED_ITEM ( 'NONE', ( #7306 ), #8695 ) ;
#1290 = CARTESIAN_POINT ( 'NONE',  ( 0.06929133858267698398, 0.1269685039370082591, -0.3253937007874017073 ) ) ;
#1291 = CARTESIAN_POINT ( 'NONE',  ( -2.057162640966502078E-16, 0.1269685039370080093, 0.05413385826771650866 ) ) ;
#1292 = ORIENTED_EDGE ( 'NONE', *, *, #1449, .F. ) ;
#1293 = CIRCLE ( 'NONE', #5234, 0.02854330708661417804 ) ;
#1294 = CARTESIAN_POINT ( 'NONE',  ( 0.1464566929133859496, -0.02263779527559014321, 0.1151574803149608972 ) ) ;
#1295 = CARTESIAN_POINT ( 'NONE',  ( 0.1535433070866143168, -0.02263779527559012933, -0.006889763779527295282 ) ) ;
#1296 = UNCERTAINTY_MEASURE_WITH_UNIT (LENGTH_MEASURE( 1.000000000000000082E-05 ), #567, 'distance_accuracy_value', 'NONE');
#1297 = PRESENTATION_LAYER_ASSIGNMENT (  '', '', ( #5432 ) ) ;
#1298 = EDGE_CURVE ( 'NONE', #1024, #4103, #6605, .T. ) ;
#1299 = VECTOR ( 'NONE', #11236, 39.37007874015748143 ) ;
#1300 = DIRECTION ( 'NONE',  ( 1.602884491802569361E-15, -1.000000000000000000, 1.644517855226017859E-15 ) ) ;
#1301 = CYLINDRICAL_SURFACE ( 'NONE', #6844, 0.009105439123007878083 ) ;
#1302 =( NAMED_UNIT ( * ) PLANE_ANGLE_UNIT ( ) SI_UNIT ( $, .RADIAN. ) );
#1303 = CARTESIAN_POINT ( 'NONE',  ( -0.1535433070866141225, -0.02263779527559051791, -0.1848425196850391194 ) ) ;
#1304 = CARTESIAN_POINT ( 'NONE',  ( -0.06929133858267744195, 0.1564960629921262059, -0.4253937007874017406 ) ) ;
#1305 = EDGE_CURVE ( 'NONE', #4685, #6305, #7163, .T. ) ;
#1306 = LENGTH_MEASURE_WITH_UNIT ( LENGTH_MEASURE( 0.02539999999999999897 ), #7395 );
#1307 = ORIENTED_EDGE ( 'NONE', *, *, #6728, .F. ) ;
#1308 =( GEOMETRIC_REPRESENTATION_CONTEXT ( 3 ) GLOBAL_UNCERTAINTY_ASSIGNED_CONTEXT ( ( #3412 ) ) GLOBAL_UNIT_ASSIGNED_CONTEXT ( ( #9853, #8154, #7400 ) ) REPRESENTATION_CONTEXT ( 'NONE', 'WORKASPACE' ) );
#1309 = FILL_AREA_STYLE ('',( #8558 ) ) ;
#1310 = ORIENTED_EDGE ( 'NONE', *, *, #6112, .F. ) ;
#1311 =( GEOMETRIC_REPRESENTATION_CONTEXT ( 3 ) GLOBAL_UNCERTAINTY_ASSIGNED_CONTEXT ( ( #9782 ) ) GLOBAL_UNIT_ASSIGNED_CONTEXT ( ( #4570, #190, #9967 ) ) REPRESENTATION_CONTEXT ( 'NONE', 'WORKASPACE' ) );
#1312 = VERTEX_POINT ( 'NONE', #11520 ) ;
#1313 = EDGE_CURVE ( 'NONE', #2908, #2004, #3559, .T. ) ;
#1314 = EDGE_CURVE ( 'NONE', #5549, #240, #1181, .T. ) ;
#1315 = EDGE_LOOP ( 'NONE', ( #7652, #895, #9531, #6075 ) ) ;
#1316 = PRESENTATION_LAYER_ASSIGNMENT (  '', '', ( #11574 ) ) ;
#1317 = SURFACE_SIDE_STYLE ('',( #2257 ) ) ;
#1318 = PRESENTATION_STYLE_ASSIGNMENT (( #8447 ) ) ;
#1319 = DIMENSIONAL_EXPONENTS ( 1.000000000000000000, 0.0000000000000000000, 0.0000000000000000000, 0.0000000000000000000, 0.0000000000000000000, 0.0000000000000000000, 0.0000000000000000000 ) ;
#1320 = LENGTH_MEASURE_WITH_UNIT ( LENGTH_MEASURE( 0.02539999999999999897 ), #10928 );
#1321 = CYLINDRICAL_SURFACE ( 'NONE', #7268, 0.009105439123007878083 ) ;
#1322 = LINE ( 'NONE', #3149, #2798 ) ;
#1323 =( LENGTH_UNIT ( ) NAMED_UNIT ( * ) SI_UNIT ( $, .METRE. ) );
#1324 = STYLED_ITEM ( 'NONE', ( #5461 ), #10508 ) ;
#1325 = DIRECTION ( 'NONE',  ( -0.7956271577886172564, -2.775557561562892140E-15, -0.6057866173738131188 ) ) ;
#1326 = ADVANCED_FACE ( 'NONE', ( #6346 ), #5658, .F. ) ;
#1327 = ORIENTED_EDGE ( 'NONE', *, *, #7021, .T. ) ;
#1328 = PRESENTATION_LAYER_ASSIGNMENT (  '', '', ( #7860 ) ) ;
#1329 = LINE ( 'NONE', #11002, #9488 ) ;
#1330 = LENGTH_MEASURE_WITH_UNIT ( LENGTH_MEASURE( 0.02539999999999999897 ), #253 );
#1331 = SURFACE_STYLE_USAGE ( .BOTH. , #11241 ) ;
#1332 = DIRECTION ( 'NONE',  ( 0.0000000000000000000, 0.0000000000000000000, 1.000000000000000000 ) ) ;
#1333 = DIRECTION ( 'NONE',  ( 2.348093788196916901E-30, -1.644517855226017859E-15, -1.000000000000000000 ) ) ;
#1334 = SURFACE_STYLE_FILL_AREA ( #9362 ) ;
#1335 = VERTEX_POINT ( 'NONE', #10753 ) ;
#1336 = AXIS2_PLACEMENT_3D ( 'NONE', #5623, #4917, #1325 ) ;
#1337 = VERTEX_POINT ( 'NONE', #9903 ) ;
#1338 =( CONVERSION_BASED_UNIT ( 'INCH', #3108 ) LENGTH_UNIT ( ) NAMED_UNIT ( #10574 ) );
#1339 = DIMENSIONAL_EXPONENTS ( 1.000000000000000000, 0.0000000000000000000, 0.0000000000000000000, 0.0000000000000000000, 0.0000000000000000000, 0.0000000000000000000, 0.0000000000000000000 ) ;
#1340 = ORIENTED_EDGE ( 'NONE', *, *, #6951, .T. ) ;
#1341 = EDGE_LOOP ( 'NONE', ( #8475, #7132, #2409, #6832, #947, #9934 ) ) ;
#1342 = CARTESIAN_POINT ( 'NONE',  ( -0.1464566929133855888, -0.1407480314960631307, 0.09311023622047291670 ) ) ;
#1343 = DIRECTION ( 'NONE',  ( 1.000000000000000000, 1.602884491802569361E-15, -2.711709361697226329E-31 ) ) ;
#1344 = CARTESIAN_POINT ( 'NONE',  ( 0.1464566929133859496, -0.02263779527559010157, -0.1068897637795273164 ) ) ;
#1345 = VECTOR ( 'NONE', #1830, 39.37007874015748143 ) ;
#1346 = SURFACE_STYLE_USAGE ( .BOTH. , #6730 ) ;
#1347 = ORIENTED_EDGE ( 'NONE', *, *, #9896, .F. ) ;
#1348 = DIMENSIONAL_EXPONENTS ( 1.000000000000000000, 0.0000000000000000000, 0.0000000000000000000, 0.0000000000000000000, 0.0000000000000000000, 0.0000000000000000000, 0.0000000000000000000 ) ;
#1349 = DIRECTION ( 'NONE',  ( 0.7956271577885690727, 2.775557561562890562E-15, 0.6057866173738766236 ) ) ;
#1350 = CARTESIAN_POINT ( 'NONE',  ( -0.1535433070866138727, -0.1722440944881890590, -0.003740157480314449702 ) ) ;
#1351 = PRESENTATION_STYLE_ASSIGNMENT (( #9377 ) ) ;
#1352 = MECHANICAL_DESIGN_GEOMETRIC_PRESENTATION_REPRESENTATION (  '', ( #6410 ), #4749 ) ;
#1353 = CARTESIAN_POINT ( 'NONE',  ( 0.06018589945968484678, 0.1269685039370082313, 0.02455597819984248892 ) ) ;
#1354 = SURFACE_SIDE_STYLE ('',( #9381 ) ) ;
#1355 = UNCERTAINTY_MEASURE_WITH_UNIT (LENGTH_MEASURE( 1.000000000000000082E-05 ), #6607, 'distance_accuracy_value', 'NONE');
#1356 = SURFACE_SIDE_STYLE ('',( #9383 ) ) ;
#1357 = CARTESIAN_POINT ( 'NONE',  ( 0.06929133858267698398, 0.1269685039370083701, -0.2754440218001575347 ) ) ;
#1358 = DIRECTION ( 'NONE',  ( 1.602884491802569361E-15, -1.000000000000000000, 1.644517855226018450E-15 ) ) ;
#1359 = VECTOR ( 'NONE', #1471, 39.37007874015748143 ) ;
#1360 = VECTOR ( 'NONE', #2520, 39.37007874015748143 ) ;
#1361 = ORIENTED_EDGE ( 'NONE', *, *, #5421, .T. ) ;
#1362 = SURFACE_SIDE_STYLE ('',( #5837 ) ) ;
#1363 = ADVANCED_FACE ( 'NONE', ( #10859 ), #6577, .T. ) ;
#1364 = CARTESIAN_POINT ( 'NONE',  ( 0.1464566929133862272, -0.1722440944881885316, -0.08799212598425146248 ) ) ;
#1365 = EDGE_LOOP ( 'NONE', ( #2420, #10098, #3627, #3940, #8424 ) ) ;
#1366 = AXIS2_PLACEMENT_3D ( 'NONE', #6575, #1732, #9262 ) ;
#1367 = VECTOR ( 'NONE', #1584, 39.37007874015748143 ) ;
#1368 = EDGE_LOOP ( 'NONE', ( #4830, #10267, #9886, #7015 ) ) ;
#1369 = DIRECTION ( 'NONE',  ( 0.0000000000000000000, 0.0000000000000000000, 1.000000000000000000 ) ) ;
#1370 = LINE ( 'NONE', #8501, #6772 ) ;
#1371 = PLANE ( 'NONE',  #1969 ) ;
#1372 = EDGE_CURVE ( 'NONE', #4506, #2769, #11030, .T. ) ;
#1373 = TOROIDAL_SURFACE ( 'NONE', #7175, 0.005168431248992125769, 0.003937007874015747977 ) ;
#1374 = ADVANCED_FACE ( 'NONE', ( #6516 ), #10059, .T. ) ;
#1375 = AXIS2_PLACEMENT_3D ( 'NONE', #1029, #6264, #5344 ) ;
#1376 = DIRECTION ( 'NONE',  ( -0.1140686577440002542, -1.816622754153543789E-15, -0.9934728689403059532 ) ) ;
#1377 = EDGE_LOOP ( 'NONE', ( #3787, #3208, #6089, #1925, #8527, #1099 ) ) ;
#1378 = COLOUR_RGB ( '',1.000000000000000000, 1.000000000000000000, 1.000000000000000000 ) ;
#1379 = CARTESIAN_POINT ( 'NONE',  ( -0.007480314960630190038, 0.1643700787401578545, -0.3958661417322836273 ) ) ;
#1380 = DIRECTION ( 'NONE',  ( 1.000000000000000000, 1.602884491802569361E-15, -2.711709361697226329E-31 ) ) ;
#1381 = DIRECTION ( 'NONE',  ( -1.602884491802569361E-15, 1.000000000000000000, -1.644517855226017859E-15 ) ) ;
#1382 = PRESENTATION_STYLE_ASSIGNMENT (( #10957 ) ) ;
#1383 = DIRECTION ( 'NONE',  ( 2.348093788196917952E-30, -1.644517855226018450E-15, -1.000000000000000000 ) ) ;
#1384 = EDGE_CURVE ( 'NONE', #9487, #6691, #9438, .T. ) ;
#1385 = FACE_OUTER_BOUND ( 'NONE', #7515, .T. ) ;
#1386 = EDGE_CURVE ( 'NONE', #9446, #7382, #2357, .T. ) ;
#1387 = PLANE ( 'NONE',  #11522 ) ;
#1388 =( NAMED_UNIT ( * ) PLANE_ANGLE_UNIT ( ) SI_UNIT ( $, .RADIAN. ) );
#1389 = ORIENTED_EDGE ( 'NONE', *, *, #10351, .F. ) ;
#1390 = VECTOR ( 'NONE', #10304, 39.37007874015748143 ) ;
#1391 = ORIENTED_EDGE ( 'NONE', *, *, #1888, .T. ) ;
#1392 = VERTEX_POINT ( 'NONE', #4021 ) ;
#1393 = VERTEX_POINT ( 'NONE', #8553 ) ;
#1394 =( NAMED_UNIT ( * ) PLANE_ANGLE_UNIT ( ) SI_UNIT ( $, .RADIAN. ) );
#1395 = CARTESIAN_POINT ( 'NONE',  ( -0.1948818897637798475, 0.1564960629921260116, -0.4738188976377947781 ) ) ;
#1396 = VECTOR ( 'NONE', #4256, 39.37007874015748143 ) ;
#1397 = DIRECTION ( 'NONE',  ( 0.0000000000000000000, -1.875148439272799614E-15, -1.000000000000000000 ) ) ;
#1398 = SURFACE_STYLE_FILL_AREA ( #3357 ) ;
#1399 = ORIENTED_EDGE ( 'NONE', *, *, #9274, .T. ) ;
#1400 =( NAMED_UNIT ( * ) SI_UNIT ( $, .STERADIAN. ) SOLID_ANGLE_UNIT ( ) );
#1401 = SURFACE_SIDE_STYLE ('',( #3234 ) ) ;
#1402 = SURFACE_SIDE_STYLE ('',( #10219 ) ) ;
#1403 = COLOUR_RGB ( '',1.000000000000000000, 1.000000000000000000, 1.000000000000000000 ) ;
#1404 = UNCERTAINTY_MEASURE_WITH_UNIT (LENGTH_MEASURE( 1.000000000000000082E-05 ), #11319, 'distance_accuracy_value', 'NONE');
#1405 = CARTESIAN_POINT ( 'NONE',  ( 0.06018589945968472882, 0.1998031496062997459, -0.3754440218001577345 ) ) ;
#1406 = CYLINDRICAL_SURFACE ( 'NONE', #1549, 0.003937007874015758385 ) ;
#1407 = VECTOR ( 'NONE', #3491, 39.37007874015748143 ) ;
#1408 = SURFACE_SIDE_STYLE ('',( #8555 ) ) ;
#1409 =( GEOMETRIC_REPRESENTATION_CONTEXT ( 3 ) GLOBAL_UNCERTAINTY_ASSIGNED_CONTEXT ( ( #3243 ) ) GLOBAL_UNIT_ASSIGNED_CONTEXT ( ( #5084, #8514, #11408 ) ) REPRESENTATION_CONTEXT ( 'NONE', 'WORKASPACE' ) );
#1410 = EDGE_LOOP ( 'NONE', ( #10802, #4591, #2680, #9116 ) ) ;
#1411 = FACE_OUTER_BOUND ( 'NONE', #9036, .T. ) ;
#1412 = SURFACE_STYLE_FILL_AREA ( #9444 ) ;
#1413 = ORIENTED_EDGE ( 'NONE', *, *, #5287, .T. ) ;
#1414 = CIRCLE ( 'NONE', #276, 0.009105439123007872879 ) ;
#1415 = CARTESIAN_POINT ( 'NONE',  ( 0.01209712494558641202, 0.1269685039370083146, -0.3809599749661812806 ) ) ;
#1416 = EDGE_CURVE ( 'NONE', #1904, #6691, #9384, .T. ) ;
#1417 = CARTESIAN_POINT ( 'NONE',  ( -0.007480314960630130190, 0.1269685039370081758, -0.1958661417322834775 ) ) ;
#1418 = PLANE ( 'NONE',  #5639 ) ;
#1419 = DIRECTION ( 'NONE',  ( -1.000000000000000000, -1.602884491802569361E-15, 2.711709361697224578E-31 ) ) ;
#1420 = DIRECTION ( 'NONE',  ( -1.602884491802569361E-15, 1.000000000000000000, -1.644517855226017859E-15 ) ) ;
#1421 = PRESENTATION_LAYER_ASSIGNMENT (  '', '', ( #10385 ) ) ;
#1422 =( CONVERSION_BASED_UNIT ( 'INCH', #9401 ) LENGTH_UNIT ( ) NAMED_UNIT ( #6868 ) );
#1423 =( GEOMETRIC_REPRESENTATION_CONTEXT ( 3 ) GLOBAL_UNCERTAINTY_ASSIGNED_CONTEXT ( ( #7218 ) ) GLOBAL_UNIT_ASSIGNED_CONTEXT ( ( #3407, #9541, #8773 ) ) REPRESENTATION_CONTEXT ( 'NONE', 'WORKASPACE' ) );
#1424 = LINE ( 'NONE', #11050, #2620 ) ;
#1425 = AXIS2_PLACEMENT_3D ( 'NONE', #5720, #9213, #3844 ) ;
#1426 = ORIENTED_EDGE ( 'NONE', *, *, #2707, .F. ) ;
#1427 = CIRCLE ( 'NONE', #1820, 0.003937007874015748844 ) ;
#1428 = EDGE_CURVE ( 'NONE', #4794, #6257, #7559, .T. ) ;
#1429 = LINE ( 'NONE', #5027, #446 ) ;
#1430 = AXIS2_PLACEMENT_3D ( 'NONE', #1677, #9462, #5033 ) ;
#1431 = FILL_AREA_STYLE ('',( #9519 ) ) ;
#1432 = CARTESIAN_POINT ( 'NONE',  ( -0.007480314960630190038, 0.1643700787401578267, -0.2958661417322835940 ) ) ;
#1433 =( LENGTH_UNIT ( ) NAMED_UNIT ( * ) SI_UNIT ( $, .METRE. ) );
#1434 = SURFACE_SIDE_STYLE ('',( #9080 ) ) ;
#1435 = CARTESIAN_POINT ( 'NONE',  ( 0.06929133858267698398, 0.1269685039370083146, -0.07544402180015752357 ) ) ;
#1436 = EDGE_CURVE ( 'NONE', #4398, #6271, #7729, .T. ) ;
#1437 = PRESENTATION_STYLE_ASSIGNMENT (( #6827 ) ) ;
#1438 = LINE ( 'NONE', #6829, #8190 ) ;
#1439 = SURFACE_STYLE_USAGE ( .BOTH. , #4102 ) ;
#1440 = VERTEX_POINT ( 'NONE', #8616 ) ;
#1441 = VECTOR ( 'NONE', #2159, 39.37007874015748143 ) ;
#1442 = VERTEX_POINT ( 'NONE', #1357 ) ;
#1443 = SURFACE_STYLE_FILL_AREA ( #10494 ) ;
#1444 = VERTEX_POINT ( 'NONE', #4950 ) ;
#1445 = PRESENTATION_LAYER_ASSIGNMENT (  '', '', ( #4505 ) ) ;
#1446 = ORIENTED_EDGE ( 'NONE', *, *, #3203, .F. ) ;
#1447 = PRESENTATION_LAYER_ASSIGNMENT (  '', '', ( #6508 ) ) ;
#1448 = DIRECTION ( 'NONE',  ( 1.602884491802569361E-15, -1.000000000000000000, 1.644517855226018450E-15 ) ) ;
#1449 = EDGE_CURVE ( 'NONE', #8556, #7358, #2123, .T. ) ;
#1450 = LENGTH_MEASURE_WITH_UNIT ( LENGTH_MEASURE( 0.02539999999999999897 ), #5150 );
#1451 = EDGE_CURVE ( 'NONE', #8273, #6933, #3428, .T. ) ;
#1452 = LINE ( 'NONE', #5700, #10054 ) ;
#1453 = AXIS2_PLACEMENT_3D ( 'NONE', #7705, #8525, #2447 ) ;
#1454 = PLANE ( 'NONE',  #1375 ) ;
#1455 = MECHANICAL_DESIGN_GEOMETRIC_PRESENTATION_REPRESENTATION (  '', ( #10385 ), #10919 ) ;
#1456 = LINE ( 'NONE', #8543, #10049 ) ;
#1457 = EDGE_LOOP ( 'NONE', ( #234, #4646, #3349 ) ) ;
#1458 = PRESENTATION_STYLE_ASSIGNMENT (( #6909 ) ) ;
#1459 =( NAMED_UNIT ( * ) PLANE_ANGLE_UNIT ( ) SI_UNIT ( $, .RADIAN. ) );
#1460 =( GEOMETRIC_REPRESENTATION_CONTEXT ( 3 ) GLOBAL_UNCERTAINTY_ASSIGNED_CONTEXT ( ( #1734 ) ) GLOBAL_UNIT_ASSIGNED_CONTEXT ( ( #4150, #9346, #5736 ) ) REPRESENTATION_CONTEXT ( 'NONE', 'WORKASPACE' ) );
#1461 = DIRECTION ( 'NONE',  ( -0.7213327287321915637, -1.723857616129439208E-17, 0.6925886906813960575 ) ) ;
#1462 = AXIS2_PLACEMENT_3D ( 'NONE', #2141, #5728, #4029 ) ;
#1463 = EDGE_CURVE ( 'NONE', #5274, #4141, #3077, .T. ) ;
#1464 = STYLED_ITEM ( 'NONE', ( #9095 ), #9194 ) ;
#1465 = FACE_OUTER_BOUND ( 'NONE', #2395, .T. ) ;
#1466 = VECTOR ( 'NONE', #1768, 39.37007874015748143 ) ;
#1467 = LINE ( 'NONE', #4183, #8340 ) ;
#1468 = SURFACE_STYLE_USAGE ( .BOTH. , #10344 ) ;
#1469 = UNCERTAINTY_MEASURE_WITH_UNIT (LENGTH_MEASURE( 1.000000000000000082E-05 ), #10359, 'distance_accuracy_value', 'NONE');
#1470 = DIMENSIONAL_EXPONENTS ( 1.000000000000000000, 0.0000000000000000000, 0.0000000000000000000, 0.0000000000000000000, 0.0000000000000000000, 0.0000000000000000000, 0.0000000000000000000 ) ;
#1471 = DIRECTION ( 'NONE',  ( -1.602884491802569361E-15, 1.000000000000000000, -1.644517855226017859E-15 ) ) ;
#1472 = MECHANICAL_DESIGN_GEOMETRIC_PRESENTATION_REPRESENTATION (  '', ( #4682 ), #11540 ) ;
#1473 = LINE ( 'NONE', #11383, #5574 ) ;
#1474 = EDGE_LOOP ( 'NONE', ( #1798, #3040, #8076, #2921 ) ) ;
#1475 = DIRECTION ( 'NONE',  ( 1.602884491802569361E-15, -1.000000000000000000, 1.644517855226017859E-15 ) ) ;
#1476 = DIRECTION ( 'NONE',  ( -1.000000000000000000, -1.602884491802569361E-15, 2.711709361697226329E-31 ) ) ;
#1477 = LINE ( 'NONE', #7094, #10994 ) ;
#1478 = AXIS2_PLACEMENT_3D ( 'NONE', #9562, #9672, #1531 ) ;
#1479 =( NAMED_UNIT ( * ) PLANE_ANGLE_UNIT ( ) SI_UNIT ( $, .RADIAN. ) );
#1480 = UNCERTAINTY_MEASURE_WITH_UNIT (LENGTH_MEASURE( 1.000000000000000082E-05 ), #7904, 'distance_accuracy_value', 'NONE');
#1481 = CARTESIAN_POINT ( 'NONE',  ( 0.06889763779527552368, 0.05610236220472479551, 0.1624015748031496786 ) ) ;
#1482 = VECTOR ( 'NONE', #968, 39.37007874015748143 ) ;
#1483 = DIRECTION ( 'NONE',  ( 1.000000000000000000, 1.602884491802569361E-15, -2.711709361697226329E-31 ) ) ;
#1484 = SURFACE_SIDE_STYLE ('',( #11279 ) ) ;
#1485 = VERTEX_POINT ( 'NONE', #4188 ) ;
#1486 = LENGTH_MEASURE_WITH_UNIT ( LENGTH_MEASURE( 0.02539999999999999897 ), #7569 );
#1487 = DIMENSIONAL_EXPONENTS ( 1.000000000000000000, 0.0000000000000000000, 0.0000000000000000000, 0.0000000000000000000, 0.0000000000000000000, 0.0000000000000000000, 0.0000000000000000000 ) ;
#1488 = COLOUR_RGB ( '',1.000000000000000000, 1.000000000000000000, 1.000000000000000000 ) ;
#1489 = LINE ( 'NONE', #9455, #3750 ) ;
#1490 = DIMENSIONAL_EXPONENTS ( 1.000000000000000000, 0.0000000000000000000, 0.0000000000000000000, 0.0000000000000000000, 0.0000000000000000000, 0.0000000000000000000, 0.0000000000000000000 ) ;
#1491 = EDGE_LOOP ( 'NONE', ( #6572, #6040, #4785, #10187, #2250, #2548 ) ) ;
#1492 = VERTEX_POINT ( 'NONE', #9497 ) ;
#1493 =( GEOMETRIC_REPRESENTATION_CONTEXT ( 3 ) GLOBAL_UNCERTAINTY_ASSIGNED_CONTEXT ( ( #10710 ) ) GLOBAL_UNIT_ASSIGNED_CONTEXT ( ( #2954, #1179, #7451 ) ) REPRESENTATION_CONTEXT ( 'NONE', 'WORKASPACE' ) );
#1494 = DIRECTION ( 'NONE',  ( 1.000000000000000000, 1.602884491802569361E-15, -2.711709361697224578E-31 ) ) ;
#1495 = DIRECTION ( 'NONE',  ( 1.602884491802569361E-15, -1.000000000000000000, 1.644517855226017859E-15 ) ) ;
#1496 = CARTESIAN_POINT ( 'NONE',  ( 0.1535433070866144833, -0.1407480314960624646, -0.4068897637795271804 ) ) ;
#1497 =( LENGTH_UNIT ( ) NAMED_UNIT ( * ) SI_UNIT ( $, .METRE. ) );
#1498 = CARTESIAN_POINT ( 'NONE',  ( -0.06929133858267749746, 0.1958661417322836718, 0.1336614173228345137 ) ) ;
#1499 = VECTOR ( 'NONE', #6170, 39.37007874015748143 ) ;
#1500 = LINE ( 'NONE', #4098, #7778 ) ;
#1501 =( LENGTH_UNIT ( ) NAMED_UNIT ( * ) SI_UNIT ( $, .METRE. ) );
#1502 = LINE ( 'NONE', #607, #3353 ) ;
#1503 = ADVANCED_FACE ( 'NONE', ( #2246 ), #9404, .T. ) ;
#1504 = EDGE_LOOP ( 'NONE', ( #4047, #9688, #9593, #2783, #6420 ) ) ;
#1505 =( CONVERSION_BASED_UNIT ( 'INCH', #4226 ) LENGTH_UNIT ( ) NAMED_UNIT ( #1629 ) );
#1506 = AXIS2_PLACEMENT_3D ( 'NONE', #3411, #11200, #6046 ) ;
#1507 = EDGE_LOOP ( 'NONE', ( #9301, #1545, #4072, #4153, #6291, #9271 ) ) ;
#1508 = VERTEX_POINT ( 'NONE', #340 ) ;
#1509 = DIRECTION ( 'NONE',  ( 1.602884491802569361E-15, -1.000000000000000000, 1.644517855226017859E-15 ) ) ;
#1510 = DIRECTION ( 'NONE',  ( 1.602884491802569361E-15, -1.000000000000000000, 1.644517855226018450E-15 ) ) ;
#1511 =( NAMED_UNIT ( * ) SI_UNIT ( $, .STERADIAN. ) SOLID_ANGLE_UNIT ( ) );
#1512 = LENGTH_MEASURE_WITH_UNIT ( LENGTH_MEASURE( 0.02539999999999999897 ), #4171 );
#1513 = FILL_AREA_STYLE ('',( #3408 ) ) ;
#1514 = FILL_AREA_STYLE ('',( #734 ) ) ;
#1515 = FACE_OUTER_BOUND ( 'NONE', #3679, .T. ) ;
#1516 = ORIENTED_EDGE ( 'NONE', *, *, #6525, .F. ) ;
#1517 = FILL_AREA_STYLE ('',( #2349 ) ) ;
#1518 = PRESENTATION_STYLE_ASSIGNMENT (( #8546 ) ) ;
#1519 = ADVANCED_FACE ( 'NONE', ( #6742 ), #1406, .T. ) ;
#1520 = ADVANCED_FACE ( 'NONE', ( #9729 ), #8788, .F. ) ;
#1521 = DIRECTION ( 'NONE',  ( 1.000000000000000000, 1.602884491802569361E-15, -2.878783784372901366E-31 ) ) ;
#1522 = FACE_OUTER_BOUND ( 'NONE', #1341, .T. ) ;
#1523 = EDGE_CURVE ( 'NONE', #3086, #6875, #3821, .T. ) ;
#1524 = FILL_AREA_STYLE ('',( #5993 ) ) ;
#1525 = CARTESIAN_POINT ( 'NONE',  ( 0.01934165959544861813, 0.1269685039370082036, 0.03366141732283462612 ) ) ;
#1526 = LINE ( 'NONE', #6051, #7025 ) ;
#1527 = CARTESIAN_POINT ( 'NONE',  ( 0.06018589945968472882, 0.1998031496062995516, -0.02145669291338597739 ) ) ;
#1528 = FILL_AREA_STYLE ('',( #628 ) ) ;
#1529 = CARTESIAN_POINT ( 'NONE',  ( 0.06018589945968472882, 0.1998031496062996071, 0.1336614173228345137 ) ) ;
#1530 = VERTEX_POINT ( 'NONE', #4364 ) ;
#1531 = DIRECTION ( 'NONE',  ( -1.000000000000000000, -1.602884491802569361E-15, 2.711709361697224578E-31 ) ) ;
#1532 = EDGE_CURVE ( 'NONE', #8652, #8140, #7897, .T. ) ;
#1533 = DIRECTION ( 'NONE',  ( 0.6057866173738770676, -3.374170927559055893E-16, -0.7956271577885687396 ) ) ;
#1534 = AXIS2_PLACEMENT_3D ( 'NONE', #5172, #3550, #10466 ) ;
#1535 = LINE ( 'NONE', #5302, #1499 ) ;
#1536 = STYLED_ITEM ( 'NONE', ( #5376 ), #10995 ) ;
#1537 = ORIENTED_EDGE ( 'NONE', *, *, #2857, .F. ) ;
#1538 = LINE ( 'NONE', #4144, #7816 ) ;
#1539 = STYLED_ITEM ( 'NONE', ( #5066 ), #1503 ) ;
#1540 = CARTESIAN_POINT ( 'NONE',  ( 0.06929133858267687296, 0.1958661417322840326, -0.3663385826771656251 ) ) ;
#1541 = PRESENTATION_LAYER_ASSIGNMENT (  '', '', ( #5489 ) ) ;
#1542 = PRESENTATION_LAYER_ASSIGNMENT (  '', '', ( #399 ) ) ;
#1543 = LENGTH_MEASURE_WITH_UNIT ( LENGTH_MEASURE( 0.02539999999999999897 ), #4202 );
#1544 =( CONVERSION_BASED_UNIT ( 'INCH', #3261 ) LENGTH_UNIT ( ) NAMED_UNIT ( #3053 ) );
#1545 = ORIENTED_EDGE ( 'NONE', *, *, #6108, .T. ) ;
#1546 = DIRECTION ( 'NONE',  ( -1.000000000000000000, -1.602884491802569361E-15, 2.711709361697226329E-31 ) ) ;
#1547 = SURFACE_SIDE_STYLE ('',( #4440 ) ) ;
#1548 = DIMENSIONAL_EXPONENTS ( 1.000000000000000000, 0.0000000000000000000, 0.0000000000000000000, 0.0000000000000000000, 0.0000000000000000000, 0.0000000000000000000, 0.0000000000000000000 ) ;
#1549 = AXIS2_PLACEMENT_3D ( 'NONE', #7020, #9784, #2523 ) ;
#1550 = MECHANICAL_DESIGN_GEOMETRIC_PRESENTATION_REPRESENTATION (  '', ( #11417 ), #7887 ) ;
#1551 = VERTEX_POINT ( 'NONE', #8672 ) ;
#1552 = ORIENTED_EDGE ( 'NONE', *, *, #7863, .F. ) ;
#1553 = DIRECTION ( 'NONE',  ( 2.348093788196917952E-30, -1.644517855226018450E-15, -1.000000000000000000 ) ) ;
#1554 =( NAMED_UNIT ( * ) SI_UNIT ( $, .STERADIAN. ) SOLID_ANGLE_UNIT ( ) );
#1555 = LENGTH_MEASURE_WITH_UNIT ( LENGTH_MEASURE( 0.02539999999999999897 ), #3507 );
#1556 = CARTESIAN_POINT ( 'NONE',  ( -0.1535433070866141225, -0.02263779527559054566, -0.08484251968503912777 ) ) ;
#1557 = TOROIDAL_SURFACE ( 'NONE', #2127, 0.005168431248992125769, 0.003937007874015747977 ) ;
#1558 = CARTESIAN_POINT ( 'NONE',  ( 0.06429804372452725680, 0.1998031496062995516, 0.08684270481905496941 ) ) ;
#1559 = AXIS2_PLACEMENT_3D ( 'NONE', #1286, #4765, #265 ) ;
#1560 = LENGTH_MEASURE_WITH_UNIT ( LENGTH_MEASURE( 0.02539999999999999897 ), #2271 );
#1561 = DIRECTION ( 'NONE',  ( -1.000000000000000000, -1.602884491802569361E-15, 2.711709361697226329E-31 ) ) ;
#1562 = CARTESIAN_POINT ( 'NONE',  ( -0.06929133858267740032, 0.1269685039370081203, -0.4253937007874016851 ) ) ;
#1563 = DIMENSIONAL_EXPONENTS ( 1.000000000000000000, 0.0000000000000000000, 0.0000000000000000000, 0.0000000000000000000, 0.0000000000000000000, 0.0000000000000000000, 0.0000000000000000000 ) ;
#1564 = VERTEX_POINT ( 'NONE', #1587 ) ;
#1565 = AXIS2_PLACEMENT_3D ( 'NONE', #6623, #7716, #5758 ) ;
#1566 = FACE_OUTER_BOUND ( 'NONE', #1110, .T. ) ;
#1567 = VECTOR ( 'NONE', #11556, 39.37007874015748143 ) ;
#1568 = ORIENTED_EDGE ( 'NONE', *, *, #8717, .F. ) ;
#1569 = ORIENTED_EDGE ( 'NONE', *, *, #10863, .F. ) ;
#1570 = PLANE ( 'NONE',  #8702 ) ;
#1571 = LENGTH_MEASURE_WITH_UNIT ( LENGTH_MEASURE( 0.02539999999999999897 ), #7066 );
#1572 = DIRECTION ( 'NONE',  ( -1.000000000000000000, -1.602884491802569361E-15, 2.711709361697226329E-31 ) ) ;
#1573 = CARTESIAN_POINT ( 'NONE',  ( 0.01934165959548794084, 0.1564960629921262614, -0.2253937007874016463 ) ) ;
#1574 = EDGE_CURVE ( 'NONE', #3367, #5603, #404, .T. ) ;
#1575 = CARTESIAN_POINT ( 'NONE',  ( 0.06018589945968479821, 0.1564960629921263446, 0.1336614173228345692 ) ) ;
#1576 =( NAMED_UNIT ( * ) PLANE_ANGLE_UNIT ( ) SI_UNIT ( $, .RADIAN. ) );
#1577 = FACE_OUTER_BOUND ( 'NONE', #11153, .T. ) ;
#1578 = VECTOR ( 'NONE', #2825, 39.37007874015748143 ) ;
#1579 = CARTESIAN_POINT ( 'NONE',  ( 0.08700787401574773539, 0.2037401574803154036, -0.09586614173228362457 ) ) ;
#1580 = LENGTH_MEASURE_WITH_UNIT ( LENGTH_MEASURE( 0.02539999999999999897 ), #8836 );
#1581 = PRESENTATION_LAYER_ASSIGNMENT (  '', '', ( #2150 ) ) ;
#1582 =( CONVERSION_BASED_UNIT ( 'INCH', #5228 ) LENGTH_UNIT ( ) NAMED_UNIT ( #4698 ) );
#1583 = DIRECTION ( 'NONE',  ( 0.7956271577883992085, 0.0000000000000000000, -0.6057866173740995563 ) ) ;
#1584 = DIRECTION ( 'NONE',  ( 1.000000000000000000, 1.602884491802569361E-15, -2.711709361697226329E-31 ) ) ;
#1585 = ADVANCED_FACE ( 'NONE', ( #7206 ), #7986, .F. ) ;
#1586 =( NAMED_UNIT ( * ) SI_UNIT ( $, .STERADIAN. ) SOLID_ANGLE_UNIT ( ) );
#1587 = CARTESIAN_POINT ( 'NONE',  ( 0.1464566929133862272, -0.1722440944881885594, -0.1037401574803144821 ) ) ;
#1588 = PLANE ( 'NONE',  #7775 ) ;
#1589 = ORIENTED_EDGE ( 'NONE', *, *, #4042, .F. ) ;
#1590 = EDGE_CURVE ( 'NONE', #6596, #3106, #7899, .T. ) ;
#1591 = DIRECTION ( 'NONE',  ( -1.000000000000000000, -1.602884491802569361E-15, 2.711709361697224578E-31 ) ) ;
#1592 = COLOUR_RGB ( '',0.7607843137254901578, 0.7607843137254901578, 0.0000000000000000000 ) ;
#1593 =( NAMED_UNIT ( * ) SI_UNIT ( $, .STERADIAN. ) SOLID_ANGLE_UNIT ( ) );
#1594 = EDGE_LOOP ( 'NONE', ( #1347, #3952, #2872, #10664, #9865, #5148 ) ) ;
#1595 = VECTOR ( 'NONE', #9109, 39.37007874015748143 ) ;
#1596 = ADVANCED_FACE ( 'NONE', ( #9152 ), #2681, .F. ) ;
#1597 = AXIS2_PLACEMENT_3D ( 'NONE', #4286, #1509, #9652 ) ;
#1598 = ADVANCED_FACE ( 'NONE', ( #9802 ), #1557, .T. ) ;
#1599 = DIRECTION ( 'NONE',  ( 2.364801230464485631E-30, -1.644517855226018450E-15, -1.000000000000000000 ) ) ;
#1600 = CARTESIAN_POINT ( 'NONE',  ( 0.06018589945968484678, 0.1269685039370083424, -0.2754440218001575347 ) ) ;
#1601 = ORIENTED_EDGE ( 'NONE', *, *, #10742, .T. ) ;
#1602 = CARTESIAN_POINT ( 'NONE',  ( 0.01934165959544850363, 0.1998031496062994683, -0.02145669291338597739 ) ) ;
#1603 =( NAMED_UNIT ( * ) PLANE_ANGLE_UNIT ( ) SI_UNIT ( $, .RADIAN. ) );
#1604 = COLOUR_RGB ( '',0.7607843137254901578, 0.7607843137254901578, 0.0000000000000000000 ) ;
#1605 = VERTEX_POINT ( 'NONE', #7043 ) ;
#1606 = ORIENTED_EDGE ( 'NONE', *, *, #7605, .T. ) ;
#1607 = SURFACE_STYLE_FILL_AREA ( #10539 ) ;
#1608 = LENGTH_MEASURE_WITH_UNIT ( LENGTH_MEASURE( 0.02539999999999999897 ), #9635 );
#1609 = EDGE_CURVE ( 'NONE', #10866, #4953, #788, .T. ) ;
#1610 = UNCERTAINTY_MEASURE_WITH_UNIT (LENGTH_MEASURE( 1.000000000000000082E-05 ), #10348, 'distance_accuracy_value', 'NONE');
#1611 = CARTESIAN_POINT ( 'NONE',  ( 0.06929133858267698398, 0.1269685039370082591, -0.2162882616642480549 ) ) ;
#1612 = CARTESIAN_POINT ( 'NONE',  ( 0.06929133858267698398, 0.1269685039370082591, 0.03366141732283462612 ) ) ;
#1613 =( NAMED_UNIT ( * ) SI_UNIT ( $, .STERADIAN. ) SOLID_ANGLE_UNIT ( ) );
#1614 =( GEOMETRIC_REPRESENTATION_CONTEXT ( 3 ) GLOBAL_UNCERTAINTY_ASSIGNED_CONTEXT ( ( #5716 ) ) GLOBAL_UNIT_ASSIGNED_CONTEXT ( ( #10226, #5064, #4068 ) ) REPRESENTATION_CONTEXT ( 'NONE', 'WORKASPACE' ) );
#1615 = SURFACE_STYLE_FILL_AREA ( #5140 ) ;
#1616 = CARTESIAN_POINT ( 'NONE',  ( 0.1464566929133862272, -0.1722440944881884761, -0.3068897637795270916 ) ) ;
#1617 = DIRECTION ( 'NONE',  ( 0.0000000000000000000, 0.0000000000000000000, 1.000000000000000000 ) ) ;
#1618 = PRESENTATION_STYLE_ASSIGNMENT (( #1796 ) ) ;
#1619 = VECTOR ( 'NONE', #4712, 39.37007874015748143 ) ;
#1620 = ORIENTED_EDGE ( 'NONE', *, *, #9950, .T. ) ;
#1621 = STYLED_ITEM ( 'NONE', ( #6952 ), #3643 ) ;
#1622 =( CONVERSION_BASED_UNIT ( 'INCH', #9646 ) LENGTH_UNIT ( ) NAMED_UNIT ( #11465 ) );
#1623 = ORIENTED_EDGE ( 'NONE', *, *, #7948, .T. ) ;
#1624 = ORIENTED_EDGE ( 'NONE', *, *, #9866, .T. ) ;
#1625 = SURFACE_SIDE_STYLE ('',( #10497 ) ) ;
#1626 = CARTESIAN_POINT ( 'NONE',  ( 0.06429804372452725680, 0.2037401574803154314, -0.3131572951809372118 ) ) ;
#1627 = DIRECTION ( 'NONE',  ( 1.000000000000000000, 1.602884491802569361E-15, -2.711709361697226329E-31 ) ) ;
#1628 = VECTOR ( 'NONE', #10862, 39.37007874015748143 ) ;
#1629 = DIMENSIONAL_EXPONENTS ( 1.000000000000000000, 0.0000000000000000000, 0.0000000000000000000, 0.0000000000000000000, 0.0000000000000000000, 0.0000000000000000000, 0.0000000000000000000 ) ;
#1630 = CARTESIAN_POINT ( 'NONE',  ( 0.1535433070866145389, -0.1722440944881885871, 0.1120078740157485764 ) ) ;
#1631 =( GEOMETRIC_REPRESENTATION_CONTEXT ( 3 ) GLOBAL_UNCERTAINTY_ASSIGNED_CONTEXT ( ( #6296 ) ) GLOBAL_UNIT_ASSIGNED_CONTEXT ( ( #11316, #11137, #1400 ) ) REPRESENTATION_CONTEXT ( 'NONE', 'WORKASPACE' ) );
#1632 = LINE ( 'NONE', #6035, #4828 ) ;
#1633 = CARTESIAN_POINT ( 'NONE',  ( 0.1535433070866143168, -0.02263779527559011892, 0.1151574803149608972 ) ) ;
#1634 = COLOUR_RGB ( '',0.7607843137254901578, 0.7607843137254901578, 0.0000000000000000000 ) ;
#1635 = MECHANICAL_DESIGN_GEOMETRIC_PRESENTATION_REPRESENTATION (  '', ( #1829 ), #9498 ) ;
#1636 = ORIENTED_EDGE ( 'NONE', *, *, #6520, .T. ) ;
#1637 = VECTOR ( 'NONE', #3532, 39.37007874015748143 ) ;
#1638 = CARTESIAN_POINT ( 'NONE',  ( 0.06018589945980290512, 0.1564960629921263446, -0.2253937007874016463 ) ) ;
#1639 = PRESENTATION_LAYER_ASSIGNMENT (  '', '', ( #5207 ) ) ;
#1640 = DIRECTION ( 'NONE',  ( 1.602884491802569361E-15, -1.000000000000000000, 1.644517855226017859E-15 ) ) ;
#1641 = DIRECTION ( 'NONE',  ( -1.000000000000000000, -1.602884491802569361E-15, 2.711709361697224578E-31 ) ) ;
#1642 = AXIS2_PLACEMENT_3D ( 'NONE', #5619, #5558, #9172 ) ;
#1643 = SURFACE_SIDE_STYLE ('',( #9667 ) ) ;
#1644 = CIRCLE ( 'NONE', #8004, 0.003937007874015752314 ) ;
#1645 = LENGTH_MEASURE_WITH_UNIT ( LENGTH_MEASURE( 0.02539999999999999897 ), #5000 );
#1646 = AXIS2_PLACEMENT_3D ( 'NONE', #8761, #6714, #3277 ) ;
#1647 = FACE_OUTER_BOUND ( 'NONE', #8564, .T. ) ;
#1648 = LENGTH_MEASURE_WITH_UNIT ( LENGTH_MEASURE( 0.02539999999999999897 ), #1711 );
#1649 = ADVANCED_FACE ( 'NONE', ( #3126 ), #2296, .F. ) ;
#1650 =( GEOMETRIC_REPRESENTATION_CONTEXT ( 3 ) GLOBAL_UNCERTAINTY_ASSIGNED_CONTEXT ( ( #2683 ) ) GLOBAL_UNIT_ASSIGNED_CONTEXT ( ( #10065, #3192, #5660 ) ) REPRESENTATION_CONTEXT ( 'NONE', 'WORKASPACE' ) );
#1651 = AXIS2_PLACEMENT_3D ( 'NONE', #9081, #4597, #3829 ) ;
#1652 = EDGE_CURVE ( 'NONE', #6443, #6579, #3072, .T. ) ;
#1653 = CIRCLE ( 'NONE', #2413, 0.003937007874015749712 ) ;
#1654 = CARTESIAN_POINT ( 'NONE',  ( -0.06929133858267740032, 0.1269685039370081758, -0.2663385826771654252 ) ) ;
#1655 = CARTESIAN_POINT ( 'NONE',  ( -0.1464566929133855611, -0.1722440944881889202, -0.3879921259842515346 ) ) ;
#1656 = DIRECTION ( 'NONE',  ( -1.602884491802569361E-15, 1.000000000000000000, -1.644517855226017859E-15 ) ) ;
#1657 = DIRECTION ( 'NONE',  ( -1.000000000000000000, -1.602884491802569361E-15, 2.711709361697226329E-31 ) ) ;
#1658 = ORIENTED_EDGE ( 'NONE', *, *, #4554, .F. ) ;
#1659 = VERTEX_POINT ( 'NONE', #11086 ) ;
#1660 = ORIENTED_EDGE ( 'NONE', *, *, #3374, .F. ) ;
#1661 = VECTOR ( 'NONE', #996, 39.37007874015748143 ) ;
#1662 = DIRECTION ( 'NONE',  ( -1.594929680954395007E-15, 0.9950371902099891530, 0.09950371902099724997 ) ) ;
#1663 = PLANE ( 'NONE',  #5963 ) ;
#1664 = VERTEX_POINT ( 'NONE', #1525 ) ;
#1665 = CARTESIAN_POINT ( 'NONE',  ( -0.007480314960630130190, 0.1269685039370082036, -0.2958661417322834830 ) ) ;
#1666 = AXIS2_PLACEMENT_3D ( 'NONE', #11365, #5214, #10448 ) ;
#1667 = EDGE_CURVE ( 'NONE', #10615, #4874, #8847, .T. ) ;
#1668 = EDGE_CURVE ( 'NONE', #3348, #5603, #448, .T. ) ;
#1669 = ORIENTED_EDGE ( 'NONE', *, *, #4279, .T. ) ;
#1670 =( LENGTH_UNIT ( ) NAMED_UNIT ( * ) SI_UNIT ( $, .METRE. ) );
#1671 = ORIENTED_EDGE ( 'NONE', *, *, #10011, .F. ) ;
#1672 = CIRCLE ( 'NONE', #3934, 0.009105439123007878083 ) ;
#1673 = DIRECTION ( 'NONE',  ( -1.000000000000000000, -1.602884491802569361E-15, 2.711709361697226329E-31 ) ) ;
#1674 = LINE ( 'NONE', #10766, #7217 ) ;
#1675 = CARTESIAN_POINT ( 'NONE',  ( -0.1464566929133855888, -0.1407480314960629086, -0.3848425196850389085 ) ) ;
#1676 = PRESENTATION_LAYER_ASSIGNMENT (  '', '', ( #515 ) ) ;
#1677 = CARTESIAN_POINT ( 'NONE',  ( 0.01934165959544850363, 0.1998031496062995793, -0.3214566929133859663 ) ) ;
#1678 = PLANE ( 'NONE',  #829 ) ;
#1679 = PRESENTATION_STYLE_ASSIGNMENT (( #3511 ) ) ;
#1680 = CARTESIAN_POINT ( 'NONE',  ( 0.06018589945968472882, 0.2037401574803154314, -0.4214566929133860551 ) ) ;
#1681 = CARTESIAN_POINT ( 'NONE',  ( 0.01934165959544855914, 0.1643700787401578267, -0.07544402180015759296 ) ) ;
#1682 =( CONVERSION_BASED_UNIT ( 'INCH', #6138 ) LENGTH_UNIT ( ) NAMED_UNIT ( #9954 ) );
#1683 = SURFACE_STYLE_FILL_AREA ( #2693 ) ;
#1684 = AXIS2_PLACEMENT_3D ( 'NONE', #1187, #8045, #2251 ) ;
#1685 = ORIENTED_EDGE ( 'NONE', *, *, #7227, .F. ) ;
#1686 = ADVANCED_FACE ( 'NONE', ( #10161 ), #3303, .T. ) ;
#1687 = ORIENTED_EDGE ( 'NONE', *, *, #428, .F. ) ;
#1688 = CARTESIAN_POINT ( 'NONE',  ( 0.06018589943043277379, 0.1998031496062997736, -0.3663385826771656251 ) ) ;
#1689 = EDGE_LOOP ( 'NONE', ( #4225, #5181, #5919, #9594 ) ) ;
#1690 = VERTEX_POINT ( 'NONE', #11203 ) ;
#1691 = CARTESIAN_POINT ( 'NONE',  ( 0.06122681038629890909, 0.1998031496062997459, -0.2702755905511812773 ) ) ;
#1692 = LENGTH_MEASURE_WITH_UNIT ( LENGTH_MEASURE( 0.02539999999999999897 ), #555 );
#1693 = PRESENTATION_STYLE_ASSIGNMENT (( #7715 ) ) ;
#1694 = MECHANICAL_DESIGN_GEOMETRIC_PRESENTATION_REPRESENTATION (  '', ( #2638 ), #2844 ) ;
#1695 = CARTESIAN_POINT ( 'NONE',  ( 0.08700787401574773539, 0.1998031496062997181, -0.2958661417322836495 ) ) ;
#1696 = PLANE ( 'NONE',  #7035 ) ;
#1697 = PLANE ( 'NONE',  #3628 ) ;
#1698 =( NAMED_UNIT ( * ) PLANE_ANGLE_UNIT ( ) SI_UNIT ( $, .RADIAN. ) );
#1699 = VECTOR ( 'NONE', #4371, 39.37007874015748143 ) ;
#1700 = CARTESIAN_POINT ( 'NONE',  ( 0.06929133858267698398, 0.1269685039370081758, -0.02539370078740161782 ) ) ;
#1701 = DIRECTION ( 'NONE',  ( -1.602884491802569361E-15, 1.000000000000000000, -1.644517855226017859E-15 ) ) ;
#1702 =( LENGTH_UNIT ( ) NAMED_UNIT ( * ) SI_UNIT ( $, .METRE. ) );
#1703 = VERTEX_POINT ( 'NONE', #5931 ) ;
#1704 = DIRECTION ( 'NONE',  ( 1.602884491802569361E-15, -1.000000000000000000, 1.644517855226017859E-15 ) ) ;
#1705 = CARTESIAN_POINT ( 'NONE',  ( 0.01522951533058629695, 0.1998031496062995793, -0.3131572951809372118 ) ) ;
#1706 = CARTESIAN_POINT ( 'NONE',  ( 0.1535433070866145389, -0.1722440944881884206, -0.3879921259842515346 ) ) ;
#1707 = CYLINDRICAL_SURFACE ( 'NONE', #4456, 0.02460629921259843006 ) ;
#1708 = ORIENTED_EDGE ( 'NONE', *, *, #4929, .T. ) ;
#1709 = DIMENSIONAL_EXPONENTS ( 1.000000000000000000, 0.0000000000000000000, 0.0000000000000000000, 0.0000000000000000000, 0.0000000000000000000, 0.0000000000000000000, 0.0000000000000000000 ) ;
#1710 = CARTESIAN_POINT ( 'NONE',  ( 0.1535433070866144833, -0.1407480314960624368, -0.3848425196850389085 ) ) ;
#1711 =( LENGTH_UNIT ( ) NAMED_UNIT ( * ) SI_UNIT ( $, .METRE. ) );
#1712 = STYLED_ITEM ( 'NONE', ( #5190 ), #10992 ) ;
#1713 =( NAMED_UNIT ( * ) PLANE_ANGLE_UNIT ( ) SI_UNIT ( $, .RADIAN. ) );
#1714 = UNCERTAINTY_MEASURE_WITH_UNIT (LENGTH_MEASURE( 1.000000000000000082E-05 ), #5470, 'distance_accuracy_value', 'NONE');
#1715 = DIRECTION ( 'NONE',  ( 0.0000000000000000000, 0.0000000000000000000, 1.000000000000000000 ) ) ;
#1716 = DIRECTION ( 'NONE',  ( 6.749499564049081992E-10, 1.000000000000000000, -1.644517855226017859E-15 ) ) ;
#1717 =( NAMED_UNIT ( * ) PLANE_ANGLE_UNIT ( ) SI_UNIT ( $, .RADIAN. ) );
#1718 = ADVANCED_FACE ( 'NONE', ( #1465 ), #569, .T. ) ;
#1719 = PRESENTATION_STYLE_ASSIGNMENT (( #9 ) ) ;
#1720 = ORIENTED_EDGE ( 'NONE', *, *, #2817, .F. ) ;
#1721 = VECTOR ( 'NONE', #9563, 39.37007874015748143 ) ;
#1722 = ORIENTED_EDGE ( 'NONE', *, *, #7009, .F. ) ;
#1723 = ORIENTED_EDGE ( 'NONE', *, *, #10641, .F. ) ;
#1724 = CARTESIAN_POINT ( 'NONE',  ( -0.1535433070866141225, -0.02263779527559044505, -0.3848425196850391861 ) ) ;
#1725 = SURFACE_STYLE_USAGE ( .BOTH. , #9745 ) ;
#1726 = EDGE_LOOP ( 'NONE', ( #6764, #10265, #7762, #2023 ) ) ;
#1727 = LINE ( 'NONE', #6123, #6726 ) ;
#1728 = ORIENTED_EDGE ( 'NONE', *, *, #4771, .F. ) ;
#1729 = STYLED_ITEM ( 'NONE', ( #7097 ), #471 ) ;
#1730 =( GEOMETRIC_REPRESENTATION_CONTEXT ( 3 ) GLOBAL_UNCERTAINTY_ASSIGNED_CONTEXT ( ( #5770 ) ) GLOBAL_UNIT_ASSIGNED_CONTEXT ( ( #4112, #9249, #4984 ) ) REPRESENTATION_CONTEXT ( 'NONE', 'WORKASPACE' ) );
#1731 = EDGE_LOOP ( 'NONE', ( #4027, #11272, #5664, #8823 ) ) ;
#1732 = DIRECTION ( 'NONE',  ( -2.364801230464485631E-30, 1.644517855226018450E-15, 1.000000000000000000 ) ) ;
#1733 = CARTESIAN_POINT ( 'NONE',  ( 0.1535433070866144833, -0.1407480314960624646, -0.4068897637795271804 ) ) ;
#1734 = UNCERTAINTY_MEASURE_WITH_UNIT (LENGTH_MEASURE( 1.000000000000000082E-05 ), #4150, 'distance_accuracy_value', 'NONE');
#1735 = CARTESIAN_POINT ( 'NONE',  ( 0.06018589945968472882, 0.2037401574803154036, -0.3162882616643938882 ) ) ;
#1736 = EDGE_CURVE ( 'NONE', #9160, #128, #8907, .T. ) ;
#1737 = FACE_OUTER_BOUND ( 'NONE', #10649, .T. ) ;
#1738 = DIRECTION ( 'NONE',  ( -1.602884491802569361E-15, 1.000000000000000000, -1.644517855226018450E-15 ) ) ;
#1739 = MECHANICAL_DESIGN_GEOMETRIC_PRESENTATION_REPRESENTATION (  '', ( #5496 ), #7160 ) ;
#1740 = ADVANCED_FACE ( 'NONE', ( #6915 ), #66, .T. ) ;
#1741 = VERTEX_POINT ( 'NONE', #8668 ) ;
#1742 = ORIENTED_EDGE ( 'NONE', *, *, #5062, .F. ) ;
#1743 =( NAMED_UNIT ( * ) PLANE_ANGLE_UNIT ( ) SI_UNIT ( $, .RADIAN. ) );
#1744 = ORIENTED_EDGE ( 'NONE', *, *, #2387, .T. ) ;
#1745 = ORIENTED_EDGE ( 'NONE', *, *, #774, .T. ) ;
#1746 =( LENGTH_UNIT ( ) NAMED_UNIT ( * ) SI_UNIT ( $, .METRE. ) );
#1747 = PRESENTATION_LAYER_ASSIGNMENT (  '', '', ( #9228 ) ) ;
#1748 = AXIS2_PLACEMENT_3D ( 'NONE', #6902, #6092, #7772 ) ;
#1749 = LINE ( 'NONE', #3286, #8016 ) ;
#1750 = DIRECTION ( 'NONE',  ( 5.046588147372974893E-13, 1.000000000000000000, -4.605343884023600448E-14 ) ) ;
#1751 = DIRECTION ( 'NONE',  ( -1.000000000000000000, -1.602884491802569361E-15, 2.711709361697226329E-31 ) ) ;
#1752 = ADVANCED_FACE ( 'NONE', ( #4482 ), #7777, .T. ) ;
#1753 = EDGE_CURVE ( 'NONE', #9750, #6097, #941, .T. ) ;
#1754 = CARTESIAN_POINT ( 'NONE',  ( 0.06929133858267698398, 0.1269685039370081203, 0.07460629921259839814 ) ) ;
#1755 = DIRECTION ( 'NONE',  ( 1.602884491802569361E-15, -1.000000000000000000, 1.644517855226017859E-15 ) ) ;
#1756 = COLOUR_RGB ( '',0.7607843137254901578, 0.7607843137254901578, 0.0000000000000000000 ) ;
#1757 =( GEOMETRIC_REPRESENTATION_CONTEXT ( 3 ) GLOBAL_UNCERTAINTY_ASSIGNED_CONTEXT ( ( #2665 ) ) GLOBAL_UNIT_ASSIGNED_CONTEXT ( ( #4638, #6318, #205 ) ) REPRESENTATION_CONTEXT ( 'NONE', 'WORKASPACE' ) );
#1758 = LENGTH_MEASURE_WITH_UNIT ( LENGTH_MEASURE( 0.02539999999999999897 ), #8132 );
#1759 = UNCERTAINTY_MEASURE_WITH_UNIT (LENGTH_MEASURE( 1.000000000000000082E-05 ), #4724, 'distance_accuracy_value', 'NONE');
#1760 = VERTEX_POINT ( 'NONE', #6437 ) ;
#1761 = FILL_AREA_STYLE_COLOUR ( '', #4369 ) ;
#1762 = DIRECTION ( 'NONE',  ( -1.000000000000000000, -1.602884491802569361E-15, 2.711709361697226329E-31 ) ) ;
#1763 = SURFACE_STYLE_USAGE ( .BOTH. , #7502 ) ;
#1764 = CARTESIAN_POINT ( 'NONE',  ( 0.01934165959543282173, 0.1564960629921263446, -0.06633858267716544188 ) ) ;
#1765 = AXIS2_PLACEMENT_3D ( 'NONE', #10832, #2875, #6426 ) ;
#1766 = FACE_OUTER_BOUND ( 'NONE', #8801, .T. ) ;
#1767 =( LENGTH_UNIT ( ) NAMED_UNIT ( * ) SI_UNIT ( $, .METRE. ) );
#1768 = DIRECTION ( 'NONE',  ( -1.000000000000000000, -1.602884491802569361E-15, 2.711709361697226329E-31 ) ) ;
#1769 = ORIENTED_EDGE ( 'NONE', *, *, #10666, .F. ) ;
#1770 = LINE ( 'NONE', #9894, #1287 ) ;
#1771 =( NAMED_UNIT ( * ) PLANE_ANGLE_UNIT ( ) SI_UNIT ( $, .RADIAN. ) );
#1772 = CARTESIAN_POINT ( 'NONE',  ( 0.06929133858267698398, 0.1269685039370083424, -0.4162882616642480937 ) ) ;
#1773 = DIRECTION ( 'NONE',  ( -6.762023144706918568E-10, 1.000000000000000000, 8.919191143228396171E-14 ) ) ;
#1774 = DIRECTION ( 'NONE',  ( 1.602884491802569361E-15, -1.000000000000000000, 1.644517855226017859E-15 ) ) ;
#1775 = DIMENSIONAL_EXPONENTS ( 1.000000000000000000, 0.0000000000000000000, 0.0000000000000000000, 0.0000000000000000000, 0.0000000000000000000, 0.0000000000000000000, 0.0000000000000000000 ) ;
#1776 = DIRECTION ( 'NONE',  ( -1.000000000000000000, -1.602884491802569361E-15, 2.711709361697226329E-31 ) ) ;
#1777 = ORIENTED_EDGE ( 'NONE', *, *, #271, .F. ) ;
#1778 = ORIENTED_EDGE ( 'NONE', *, *, #9866, .F. ) ;
#1779 = SURFACE_STYLE_USAGE ( .BOTH. , #8267 ) ;
#1780 = ORIENTED_EDGE ( 'NONE', *, *, #8438, .T. ) ;
#1781 = DIRECTION ( 'NONE',  ( -2.348093788196917952E-30, 1.644517855226018450E-15, 1.000000000000000000 ) ) ;
#1782 = ADVANCED_FACE ( 'NONE', ( #9077 ), #1373, .T. ) ;
#1783 = ORIENTED_EDGE ( 'NONE', *, *, #3895, .F. ) ;
#1784 =( GEOMETRIC_REPRESENTATION_CONTEXT ( 3 ) GLOBAL_UNCERTAINTY_ASSIGNED_CONTEXT ( ( #4569 ) ) GLOBAL_UNIT_ASSIGNED_CONTEXT ( ( #6386, #1041, #9993 ) ) REPRESENTATION_CONTEXT ( 'NONE', 'WORKASPACE' ) );
#1785 =( GEOMETRIC_REPRESENTATION_CONTEXT ( 3 ) GLOBAL_UNCERTAINTY_ASSIGNED_CONTEXT ( ( #8146 ) ) GLOBAL_UNIT_ASSIGNED_CONTEXT ( ( #3756, #3696, #6203 ) ) REPRESENTATION_CONTEXT ( 'NONE', 'WORKASPACE' ) );
#1786 = ORIENTED_EDGE ( 'NONE', *, *, #11194, .F. ) ;
#1787 = SURFACE_STYLE_FILL_AREA ( #3838 ) ;
#1788 = DIRECTION ( 'NONE',  ( -1.000000000000000000, -1.602884491801855442E-15, 4.339543524116999257E-13 ) ) ;
#1789 = CARTESIAN_POINT ( 'NONE',  ( -0.1464566929133855611, -0.1722440944881890867, 0.09311023622047295834 ) ) ;
#1790 =( NAMED_UNIT ( * ) SI_UNIT ( $, .STERADIAN. ) SOLID_ANGLE_UNIT ( ) );
#1791 =( NAMED_UNIT ( * ) SI_UNIT ( $, .STERADIAN. ) SOLID_ANGLE_UNIT ( ) );
#1792 = SURFACE_STYLE_FILL_AREA ( #9807 ) ;
#1793 = LINE ( 'NONE', #7929, #501 ) ;
#1794 = VECTOR ( 'NONE', #2262, 39.37007874015748143 ) ;
#1795 = VECTOR ( 'NONE', #4967, 39.37007874015748143 ) ;
#1796 = SURFACE_STYLE_USAGE ( .BOTH. , #8817 ) ;
#1797 = VERTEX_POINT ( 'NONE', #108 ) ;
#1798 = ORIENTED_EDGE ( 'NONE', *, *, #6093, .F. ) ;
#1799 = ADVANCED_FACE ( 'NONE', ( #9990 ), #9418, .T. ) ;
#1800 = ORIENTED_EDGE ( 'NONE', *, *, #9540, .T. ) ;
#1801 = ORIENTED_EDGE ( 'NONE', *, *, #2293, .T. ) ;
#1802 = VECTOR ( 'NONE', #508, 39.37007874015748143 ) ;
#1803 = SURFACE_STYLE_FILL_AREA ( #2754 ) ;
#1804 = FACE_BOUND ( 'NONE', #1064, .T. ) ;
#1805 = EDGE_CURVE ( 'NONE', #9742, #4134, #6568, .T. ) ;
#1806 =( CONVERSION_BASED_UNIT ( 'INCH', #9877 ) LENGTH_UNIT ( ) NAMED_UNIT ( #6467 ) );
#1807 = DIRECTION ( 'NONE',  ( 1.602884491802569361E-15, -1.000000000000000000, 1.644517855226017859E-15 ) ) ;
#1808 = CARTESIAN_POINT ( 'NONE',  ( -0.007480314960630246417, 0.1998031496062996071, -0.3958661417322836829 ) ) ;
#1809 =( NAMED_UNIT ( * ) PLANE_ANGLE_UNIT ( ) SI_UNIT ( $, .RADIAN. ) );
#1810 = DIRECTION ( 'NONE',  ( -1.000000000000000000, -1.602884491802569361E-15, 2.711709361697226329E-31 ) ) ;
#1811 = AXIS2_PLACEMENT_3D ( 'NONE', #3897, #7454, #8494 ) ;
#1812 = CARTESIAN_POINT ( 'NONE',  ( 0.01934165959544861813, 0.1269685039370081203, 0.1245559781998425014 ) ) ;
#1813 =( NAMED_UNIT ( * ) PLANE_ANGLE_UNIT ( ) SI_UNIT ( $, .RADIAN. ) );
#1814 = STYLED_ITEM ( 'NONE', ( #7123 ), #4487 ) ;
#1815 = PRESENTATION_LAYER_ASSIGNMENT (  '', '', ( #8917 ) ) ;
#1816 = EDGE_CURVE ( 'NONE', #11422, #1860, #9252, .T. ) ;
#1817 = EDGE_CURVE ( 'NONE', #3589, #436, #2317, .T. ) ;
#1818 = VERTEX_POINT ( 'NONE', #4170 ) ;
#1819 = DIRECTION ( 'NONE',  ( -1.296102601205000191E-12, -1.644517855228095916E-15, -1.000000000000000000 ) ) ;
#1820 = AXIS2_PLACEMENT_3D ( 'NONE', #8506, #467, #646 ) ;
#1821 = SURFACE_STYLE_USAGE ( .BOTH. , #9991 ) ;
#1822 = FILL_AREA_STYLE ('',( #6385 ) ) ;
#1823 = VECTOR ( 'NONE', #9700, 39.37007874015748143 ) ;
#1824 = UNCERTAINTY_MEASURE_WITH_UNIT (LENGTH_MEASURE( 1.000000000000000082E-05 ), #2516, 'distance_accuracy_value', 'NONE');
#1825 = DIRECTION ( 'NONE',  ( -0.6057866173738133408, 3.374170927560872739E-16, 0.7956271577886172564 ) ) ;
#1826 = SURFACE_STYLE_FILL_AREA ( #2781 ) ;
#1827 = LENGTH_MEASURE_WITH_UNIT ( LENGTH_MEASURE( 0.02539999999999999897 ), #3607 );
#1828 = SURFACE_STYLE_USAGE ( .BOTH. , #950 ) ;
#1829 = STYLED_ITEM ( 'NONE', ( #10322 ), #7963 ) ;
#1830 = DIRECTION ( 'NONE',  ( 2.348093788196917952E-30, -1.644517855226018450E-15, -1.000000000000000000 ) ) ;
#1831 = DIRECTION ( 'NONE',  ( -1.594929680954395007E-15, 0.9950371902099891530, 0.09950371902099724997 ) ) ;
#1832 = EDGE_CURVE ( 'NONE', #54, #8266, #10332, .T. ) ;
#1833 = MECHANICAL_DESIGN_GEOMETRIC_PRESENTATION_REPRESENTATION (  '', ( #6137 ), #7052 ) ;
#1834 = UNCERTAINTY_MEASURE_WITH_UNIT (LENGTH_MEASURE( 1.000000000000000082E-05 ), #1806, 'distance_accuracy_value', 'NONE');
#1835 = FILL_AREA_STYLE ('',( #6229 ) ) ;
#1836 = PLANE ( 'NONE',  #2689 ) ;
#1837 =( LENGTH_UNIT ( ) NAMED_UNIT ( * ) SI_UNIT ( $, .METRE. ) );
#1838 = CARTESIAN_POINT ( 'NONE',  ( 0.1464566929133862272, -0.1722440944881886149, 0.09625984251968555672 ) ) ;
#1839 = EDGE_LOOP ( 'NONE', ( #2731, #9615, #3055, #9242 ) ) ;
#1840 =( CONVERSION_BASED_UNIT ( 'INCH', #9850 ) LENGTH_UNIT ( ) NAMED_UNIT ( #4206 ) );
#1841 = ORIENTED_EDGE ( 'NONE', *, *, #8011, .F. ) ;
#1842 = CARTESIAN_POINT ( 'NONE',  ( 0.1464566929133859496, -0.02263779527559000096, -0.4068897637795272915 ) ) ;
#1843 = STYLED_ITEM ( 'NONE', ( #3798 ), #8149 ) ;
#1844 = STYLED_ITEM ( 'NONE', ( #4904 ), #5483 ) ;
#1845 = VERTEX_POINT ( 'NONE', #10208 ) ;
#1846 = SURFACE_SIDE_STYLE ('',( #6241 ) ) ;
#1847 = ORIENTED_EDGE ( 'NONE', *, *, #10147, .T. ) ;
#1848 = LINE ( 'NONE', #8051, #7403 ) ;
#1849 = UNCERTAINTY_MEASURE_WITH_UNIT (LENGTH_MEASURE( 1.000000000000000082E-05 ), #5745, 'distance_accuracy_value', 'NONE');
#1850 = STYLED_ITEM ( 'NONE', ( #4548 ), #9378 ) ;
#1851 = FACE_OUTER_BOUND ( 'NONE', #6433, .T. ) ;
#1852 =( GEOMETRIC_REPRESENTATION_CONTEXT ( 3 ) GLOBAL_UNCERTAINTY_ASSIGNED_CONTEXT ( ( #10927 ) ) GLOBAL_UNIT_ASSIGNED_CONTEXT ( ( #7958, #8789, #4545 ) ) REPRESENTATION_CONTEXT ( 'NONE', 'WORKASPACE' ) );
#1853 = CYLINDRICAL_SURFACE ( 'NONE', #1030, 0.009105439123007843388 ) ;
#1854 = FILL_AREA_STYLE_COLOUR ( '', #8188 ) ;
#1855 = CARTESIAN_POINT ( 'NONE',  ( 0.06018589946023603088, 0.1269685039370083146, -0.4253937007874016851 ) ) ;
#1856 = DIRECTION ( 'NONE',  ( -0.6057866173738133408, 3.374170927560872739E-16, 0.7956271577886172564 ) ) ;
#1857 = LINE ( 'NONE', #10076, #7476 ) ;
#1859 = ORIENTED_EDGE ( 'NONE', *, *, #565, .T. ) ;
#1858 = DIMENSIONAL_EXPONENTS ( 1.000000000000000000, 0.0000000000000000000, 0.0000000000000000000, 0.0000000000000000000, 0.0000000000000000000, 0.0000000000000000000, 0.0000000000000000000 ) ;
#1860 = VERTEX_POINT ( 'NONE', #4820 ) ;
#1861 = VECTOR ( 'NONE', #11181, 39.37007874015748143 ) ;
#1862 = ORIENTED_EDGE ( 'NONE', *, *, #9626, .F. ) ;
#1863 = VECTOR ( 'NONE', #8013, 39.37007874015748143 ) ;
#1864 = PRESENTATION_STYLE_ASSIGNMENT (( #7242 ) ) ;
#1865 = ORIENTED_EDGE ( 'NONE', *, *, #6060, .F. ) ;
#1866 = VERTEX_POINT ( 'NONE', #6839 ) ;
#1867 = AXIS2_PLACEMENT_3D ( 'NONE', #8515, #1144, #10083 ) ;
#1868 = CARTESIAN_POINT ( 'NONE',  ( -0.1535433070866139282, -0.1407480314960631307, 0.1151574803149610915 ) ) ;
#1869 = PRESENTATION_STYLE_ASSIGNMENT (( #8123 ) ) ;
#1870 = PLANE ( 'NONE',  #1867 ) ;
#1871 = DIRECTION ( 'NONE',  ( 1.000000000000000000, 1.602884491802569361E-15, -2.711709361697226329E-31 ) ) ;
#1872 = CARTESIAN_POINT ( 'NONE',  ( 0.01934165959544850363, 0.1998031496062995238, -0.1214566929133859829 ) ) ;
#1873 = DIRECTION ( 'NONE',  ( -2.348093788196916901E-30, 1.644517855226017859E-15, 1.000000000000000000 ) ) ;
#1874 = LINE ( 'NONE', #6485, #9367 ) ;
#1875 = MECHANICAL_DESIGN_GEOMETRIC_PRESENTATION_REPRESENTATION (  '', ( #8398 ), #8600 ) ;
#1876 =( CONVERSION_BASED_UNIT ( 'INCH', #9716 ) LENGTH_UNIT ( ) NAMED_UNIT ( #10422 ) );
#1877 = EDGE_CURVE ( 'NONE', #1968, #2165, #5049, .T. ) ;
#1878 = CARTESIAN_POINT ( 'NONE',  ( 0.1464566929133862272, -0.1722440944881885871, 0.1120078740157485764 ) ) ;
#1879 = CARTESIAN_POINT ( 'NONE',  ( -0.1535433070866138727, -0.1722440944881890312, -0.1037401574803144821 ) ) ;
#1880 = CIRCLE ( 'NONE', #11360, 0.005168431248992119698 ) ;
#1881 = VECTOR ( 'NONE', #1112, 39.37007874015748143 ) ;
#1882 = ORIENTED_EDGE ( 'NONE', *, *, #5547, .T. ) ;
#1883 = PRESENTATION_STYLE_ASSIGNMENT (( #4479 ) ) ;
#1884 = MECHANICAL_DESIGN_GEOMETRIC_PRESENTATION_REPRESENTATION (  '', ( #355 ), #4707 ) ;
#1885 = FILL_AREA_STYLE ('',( #3004 ) ) ;
#1886 = SURFACE_STYLE_FILL_AREA ( #1822 ) ;
#1887 = CARTESIAN_POINT ( 'NONE',  ( 0.06018589945980290512, 0.1564960629921262336, 0.07460629921259835651 ) ) ;
#1888 = EDGE_CURVE ( 'NONE', #10442, #3358, #11018, .T. ) ;
#1889 = SURFACE_STYLE_FILL_AREA ( #8084 ) ;
#1890 = EDGE_CURVE ( 'NONE', #2359, #4285, #4582, .T. ) ;
#1891 = ORIENTED_EDGE ( 'NONE', *, *, #10922, .F. ) ;
#1892 = PRESENTATION_LAYER_ASSIGNMENT (  '', '', ( #10640 ) ) ;
#1893 = SURFACE_STYLE_FILL_AREA ( #6281 ) ;
#1894 = DIRECTION ( 'NONE',  ( -0.7715274047096014609, -2.282905139954359211E-15, -0.6361960890968026971 ) ) ;
#1895 = CARTESIAN_POINT ( 'NONE',  ( 0.01934165959544861813, 0.1269685039370081758, -0.2253937007874016185 ) ) ;
#1896 = ADVANCED_FACE ( 'NONE', ( #1285 ), #4879, .F. ) ;
#1897 = PLANE ( 'NONE',  #4748 ) ;
#1898 =( CONVERSION_BASED_UNIT ( 'INCH', #4605 ) LENGTH_UNIT ( ) NAMED_UNIT ( #2993 ) );
#1899 = CARTESIAN_POINT ( 'NONE',  ( 0.06929133858267698398, 0.1269685039370082591, -0.3253937007874017073 ) ) ;
#1900 = DIMENSIONAL_EXPONENTS ( 1.000000000000000000, 0.0000000000000000000, 0.0000000000000000000, 0.0000000000000000000, 0.0000000000000000000, 0.0000000000000000000, 0.0000000000000000000 ) ;
#1901 = EDGE_CURVE ( 'NONE', #2106, #3165, #9426, .T. ) ;
#1902 = CARTESIAN_POINT ( 'NONE',  ( 0.1535433070866144833, -0.1407480314960625756, -0.1068897637795270944 ) ) ;
#1903 = EDGE_CURVE ( 'NONE', #10417, #11246, #4989, .T. ) ;
#1904 = VERTEX_POINT ( 'NONE', #8538 ) ;
#1905 = CARTESIAN_POINT ( 'NONE',  ( 0.06929133858267698398, 0.1269685039370083979, -0.3663385826771654585 ) ) ;
#1906 = ORIENTED_EDGE ( 'NONE', *, *, #2321, .F. ) ;
#1907 = FACE_OUTER_BOUND ( 'NONE', #10424, .T. ) ;
#1908 = VECTOR ( 'NONE', #3587, 39.37007874015748143 ) ;
#1909 = ORIENTED_EDGE ( 'NONE', *, *, #2182, .F. ) ;
#1910 = PRESENTATION_STYLE_ASSIGNMENT (( #3678 ) ) ;
#1911 = ORIENTED_EDGE ( 'NONE', *, *, #8499, .F. ) ;
#1912 = CARTESIAN_POINT ( 'NONE',  ( 0.06429804372452725680, 0.1998031496062997181, -0.4131572951809450722 ) ) ;
#1913 = CLOSED_SHELL ( 'NONE', ( #3469, #5980, #2102, #9378, #10428, #1752, #1104, #11429 ) ) ;
#1914 = VECTOR ( 'NONE', #3804, 39.37007874015748143 ) ;
#1915 = DIRECTION ( 'NONE',  ( -1.602884491802569361E-15, 1.000000000000000000, -1.644517855226017859E-15 ) ) ;
#1916 = FILL_AREA_STYLE_COLOUR ( '', #5550 ) ;
#1917 = DIRECTION ( 'NONE',  ( -1.602884491802569361E-15, 1.000000000000000000, -1.644517855226017859E-15 ) ) ;
#1918 = DIRECTION ( 'NONE',  ( 1.594929680954394613E-15, -0.9950371902099890420, 0.09950371902100052512 ) ) ;
#1919 = FACE_OUTER_BOUND ( 'NONE', #6087, .T. ) ;
#1920 = CARTESIAN_POINT ( 'NONE',  ( 0.01934165959544850363, 0.1998031496062995793, -0.3162882616643938882 ) ) ;
#1921 = EDGE_LOOP ( 'NONE', ( #2894, #9685, #6381, #11068, #2248, #9706 ) ) ;
#1922 = STYLED_ITEM ( 'NONE', ( #6341 ), #235 ) ;
#1923 = VECTOR ( 'NONE', #11533, 39.37007874015748143 ) ;
#1924 =( LENGTH_UNIT ( ) NAMED_UNIT ( * ) SI_UNIT ( $, .METRE. ) );
#1925 = ORIENTED_EDGE ( 'NONE', *, *, #8118, .F. ) ;
#1926 = DIRECTION ( 'NONE',  ( 1.602884491802569361E-15, -1.000000000000000000, 1.644517855226017859E-15 ) ) ;
#1927 = FACE_BOUND ( 'NONE', #2858, .T. ) ;
#1928 = LINE ( 'NONE', #5518, #8863 ) ;
#1929 =( LENGTH_UNIT ( ) NAMED_UNIT ( * ) SI_UNIT ( $, .METRE. ) );
#1930 = MECHANICAL_DESIGN_GEOMETRIC_PRESENTATION_REPRESENTATION (  '', ( #1539 ), #2878 ) ;
#1931 = FILL_AREA_STYLE ('',( #7424 ) ) ;
#1932 = CIRCLE ( 'NONE', #8455, 0.003937007874015749712 ) ;
#1933 =( GEOMETRIC_REPRESENTATION_CONTEXT ( 3 ) GLOBAL_UNCERTAINTY_ASSIGNED_CONTEXT ( ( #8428 ) ) GLOBAL_UNIT_ASSIGNED_CONTEXT ( ( #5213, #2454, #2508 ) ) REPRESENTATION_CONTEXT ( 'NONE', 'WORKASPACE' ) );
#1934 = CARTESIAN_POINT ( 'NONE',  ( -0.06929133858267740032, 0.1269685039370080371, -0.2253937007874016185 ) ) ;
#1935 = CARTESIAN_POINT ( 'NONE',  ( 0.06018589943043277379, 0.1998031496062997181, -0.1663385826771654752 ) ) ;
#1936 = PRESENTATION_LAYER_ASSIGNMENT (  '', '', ( #10857 ) ) ;
#1937 = DIRECTION ( 'NONE',  ( -2.348093788196917952E-30, 1.644517855226018450E-15, 1.000000000000000000 ) ) ;
#1938 = VERTEX_POINT ( 'NONE', #3946 ) ;
#1939 = DIRECTION ( 'NONE',  ( 2.348093788196917952E-30, -1.644517855226018450E-15, -1.000000000000000000 ) ) ;
#1940 = EDGE_CURVE ( 'NONE', #9024, #9275, #8120, .T. ) ;
#1941 = SURFACE_STYLE_FILL_AREA ( #5468 ) ;
#1942 =( NAMED_UNIT ( * ) PLANE_ANGLE_UNIT ( ) SI_UNIT ( $, .RADIAN. ) );
#1943 =( CONVERSION_BASED_UNIT ( 'INCH', #8193 ) LENGTH_UNIT ( ) NAMED_UNIT ( #11022 ) );
#1944 = DIRECTION ( 'NONE',  ( 1.594929680954395007E-15, -0.9950371902099891530, -0.09950371902099724997 ) ) ;
#1945 = CARTESIAN_POINT ( 'NONE',  ( -0.06929133858267749746, 0.1958661417322835607, 0.07460629921259828712 ) ) ;
#1946 = STYLED_ITEM ( 'NONE', ( #10458 ), #1740 ) ;
#1947 = SURFACE_SIDE_STYLE ('',( #4437 ) ) ;
#1948 =( GEOMETRIC_REPRESENTATION_CONTEXT ( 3 ) GLOBAL_UNCERTAINTY_ASSIGNED_CONTEXT ( ( #1714 ) ) GLOBAL_UNIT_ASSIGNED_CONTEXT ( ( #5470, #10846, #5648 ) ) REPRESENTATION_CONTEXT ( 'NONE', 'WORKASPACE' ) );
#1949 = ORIENTED_EDGE ( 'NONE', *, *, #3843, .T. ) ;
#1950 = CARTESIAN_POINT ( 'NONE',  ( 0.01522951533058629174, 0.2037401574803152926, -0.2131572951809371785 ) ) ;
#1951 = FILL_AREA_STYLE_COLOUR ( '', #3423 ) ;
#1952 = CARTESIAN_POINT ( 'NONE',  ( 0.1464566929133861717, -0.1407480314960626033, -0.006889763779527091452 ) ) ;
#1953 = EDGE_CURVE ( 'NONE', #6305, #7133, #380, .T. ) ;
#1954 = COLOUR_RGB ( '',0.7607843137254901578, 0.7607843137254901578, 0.0000000000000000000 ) ;
#1955 = LINE ( 'NONE', #177, #9596 ) ;
#1956 = UNCERTAINTY_MEASURE_WITH_UNIT (LENGTH_MEASURE( 1.000000000000000082E-05 ), #5113, 'distance_accuracy_value', 'NONE');
#1957 =( CONVERSION_BASED_UNIT ( 'INCH', #9093 ) LENGTH_UNIT ( ) NAMED_UNIT ( #11014 ) );
#1958 = EDGE_CURVE ( 'NONE', #8929, #10068, #3091, .T. ) ;
#1959 = DIRECTION ( 'NONE',  ( 1.000000000000000000, 1.602884491802569361E-15, -2.711709361697226329E-31 ) ) ;
#1960 = DIRECTION ( 'NONE',  ( 0.7956271577885688506, 2.392722035830078084E-15, 0.6057866173738766236 ) ) ;
#1961 = DIRECTION ( 'NONE',  ( -1.602884491802569361E-15, 1.000000000000000000, -1.644517855226017859E-15 ) ) ;
#1962 = STYLED_ITEM ( 'NONE', ( #10873 ), #2375 ) ;
#1963 = VERTEX_POINT ( 'NONE', #1344 ) ;
#1964 = ORIENTED_EDGE ( 'NONE', *, *, #5913, .T. ) ;
#1965 = EDGE_CURVE ( 'NONE', #9561, #6176, #3458, .T. ) ;
#1966 = DIRECTION ( 'NONE',  ( 1.602884491802569361E-15, -1.000000000000000000, 1.644517855226018450E-15 ) ) ;
#1967 = ADVANCED_FACE ( 'NONE', ( #4115 ), #4057, .F. ) ;
#1968 = VERTEX_POINT ( 'NONE', #6034 ) ;
#1969 = AXIS2_PLACEMENT_3D ( 'NONE', #8738, #2367, #1419 ) ;
#1970 = UNCERTAINTY_MEASURE_WITH_UNIT (LENGTH_MEASURE( 1.000000000000000082E-05 ), #9201, 'distance_accuracy_value', 'NONE');
#1971 = SURFACE_STYLE_USAGE ( .BOTH. , #2028 ) ;
#1972 = SURFACE_SIDE_STYLE ('',( #3685 ) ) ;
#1973 = SURFACE_SIDE_STYLE ('',( #1137 ) ) ;
#1974 = SURFACE_STYLE_USAGE ( .BOTH. , #6418 ) ;
#1975 = DIRECTION ( 'NONE',  ( -0.7213327287321915637, -1.723857616129439208E-17, 0.6925886906813960575 ) ) ;
#1976 = ORIENTED_EDGE ( 'NONE', *, *, #6539, .F. ) ;
#1977 = DIMENSIONAL_EXPONENTS ( 1.000000000000000000, 0.0000000000000000000, 0.0000000000000000000, 0.0000000000000000000, 0.0000000000000000000, 0.0000000000000000000, 0.0000000000000000000 ) ;
#1978 = VECTOR ( 'NONE', #6876, 39.37007874015748143 ) ;
#1979 = CARTESIAN_POINT ( 'NONE',  ( 0.06018589945968479821, 0.1564960629921264834, -0.2663385826771654807 ) ) ;
#1980 = EDGE_CURVE ( 'NONE', #711, #6694, #5151, .T. ) ;
#1981 = ORIENTED_EDGE ( 'NONE', *, *, #2601, .T. ) ;
#1982 =( LENGTH_UNIT ( ) NAMED_UNIT ( * ) SI_UNIT ( $, .METRE. ) );
#1983 = SURFACE_STYLE_USAGE ( .BOTH. , #3808 ) ;
#1984 = CARTESIAN_POINT ( 'NONE',  ( 0.06929133858267698398, 0.1269685039370083146, -0.06633858267716538637 ) ) ;
#1985 =( NAMED_UNIT ( * ) PLANE_ANGLE_UNIT ( ) SI_UNIT ( $, .RADIAN. ) );
#1986 = MECHANICAL_DESIGN_GEOMETRIC_PRESENTATION_REPRESENTATION (  '', ( #2922 ), #10896 ) ;
#1987 = VECTOR ( 'NONE', #9178, 39.37007874015748143 ) ;
#1988 =( LENGTH_UNIT ( ) NAMED_UNIT ( * ) SI_UNIT ( $, .METRE. ) );
#1989 = CARTESIAN_POINT ( 'NONE',  ( -0.1464566929133857831, -0.02263779527559060811, 0.1151574803149608972 ) ) ;
#1990 = DIMENSIONAL_EXPONENTS ( 1.000000000000000000, 0.0000000000000000000, 0.0000000000000000000, 0.0000000000000000000, 0.0000000000000000000, 0.0000000000000000000, 0.0000000000000000000 ) ;
#1991 = LINE ( 'NONE', #10888, #5020 ) ;
#1992 = EDGE_LOOP ( 'NONE', ( #11423, #5896, #8680 ) ) ;
#1993 = AXIS2_PLACEMENT_3D ( 'NONE', #6847, #10402, #9554 ) ;
#1994 = VERTEX_POINT ( 'NONE', #1630 ) ;
#1995 = SURFACE_SIDE_STYLE ('',( #868 ) ) ;
#1996 =( NAMED_UNIT ( * ) PLANE_ANGLE_UNIT ( ) SI_UNIT ( $, .RADIAN. ) );
#1997 = FILL_AREA_STYLE_COLOUR ( '', #9657 ) ;
#1998 = PRESENTATION_STYLE_ASSIGNMENT (( #2778 ) ) ;
#1999 = VECTOR ( 'NONE', #11414, 39.37007874015748143 ) ;
#2000 = CARTESIAN_POINT ( 'NONE',  ( -0.1535433070866139282, -0.1407480314960631307, -0.006889763779527091452 ) ) ;
#2001 = CARTESIAN_POINT ( 'NONE',  ( 0.06929133858267698398, 0.1269685039370082591, 0.02455597819984248892 ) ) ;
#2002 = AXIS2_PLACEMENT_3D ( 'NONE', #10333, #2345, #5926 ) ;
#2003 = CARTESIAN_POINT ( 'NONE',  ( 0.06929133858267698398, 0.1269685039370081758, 0.08371173833575194789 ) ) ;
#2004 = VERTEX_POINT ( 'NONE', #9714 ) ;
#2005 = LINE ( 'NONE', #10805, #8996 ) ;
#2006 = COLOUR_RGB ( '',1.000000000000000000, 1.000000000000000000, 1.000000000000000000 ) ;
#2007 = DIMENSIONAL_EXPONENTS ( 1.000000000000000000, 0.0000000000000000000, 0.0000000000000000000, 0.0000000000000000000, 0.0000000000000000000, 0.0000000000000000000, 0.0000000000000000000 ) ;
#2008 = PRESENTATION_LAYER_ASSIGNMENT (  '', '', ( #4643 ) ) ;
#2009 = VECTOR ( 'NONE', #8602, 39.37007874015748143 ) ;
#2010 =( LENGTH_UNIT ( ) NAMED_UNIT ( * ) SI_UNIT ( $, .METRE. ) );
#2011 = DIRECTION ( 'NONE',  ( -8.495270816029135454E-16, 0.5299989400031901443, 0.8479983040050816934 ) ) ;
#2012 = CARTESIAN_POINT ( 'NONE',  ( -0.1464566929133855888, -0.1407480314960630197, -0.08484251968503893349 ) ) ;
#2013 = DIRECTION ( 'NONE',  ( 2.348093788196917952E-30, -1.644517855226018450E-15, -1.000000000000000000 ) ) ;
#2014 = CARTESIAN_POINT ( 'NONE',  ( -0.06929133858267744195, 0.1564960629921263169, -0.3663385826771655140 ) ) ;
#2015 = ORIENTED_EDGE ( 'NONE', *, *, #3480, .T. ) ;
#2016 = AXIS2_PLACEMENT_3D ( 'NONE', #3762, #5347, #11558 ) ;
#2017 = EDGE_CURVE ( 'NONE', #5868, #3024, #808, .T. ) ;
#2018 =( GEOMETRIC_REPRESENTATION_CONTEXT ( 3 ) GLOBAL_UNCERTAINTY_ASSIGNED_CONTEXT ( ( #6634 ) ) GLOBAL_UNIT_ASSIGNED_CONTEXT ( ( #7191, #5519, #978 ) ) REPRESENTATION_CONTEXT ( 'NONE', 'WORKASPACE' ) );
#2019 = ORIENTED_EDGE ( 'NONE', *, *, #6650, .T. ) ;
#2020 = FILL_AREA_STYLE_COLOUR ( '', #3945 ) ;
#2021 = EDGE_CURVE ( 'NONE', #7634, #634, #4954, .T. ) ;
#2022 = COLOUR_RGB ( '',1.000000000000000000, 1.000000000000000000, 1.000000000000000000 ) ;
#2023 = ORIENTED_EDGE ( 'NONE', *, *, #4760, .T. ) ;
#2024 = ORIENTED_EDGE ( 'NONE', *, *, #5768, .T. ) ;
#2025 = AXIS2_PLACEMENT_3D ( 'NONE', #2218, #3819, #11009 ) ;
#2026 = FILL_AREA_STYLE_COLOUR ( '', #6179 ) ;
#2027 = DIRECTION ( 'NONE',  ( 1.000000000000000000, 1.602884491802569361E-15, -2.711709361697224578E-31 ) ) ;
#2028 = SURFACE_SIDE_STYLE ('',( #5503 ) ) ;
#2029 = CARTESIAN_POINT ( 'NONE',  ( 0.1464566929133862272, -0.1722440944881885316, -0.2037401574803144599 ) ) ;
#2030 = TOROIDAL_SURFACE ( 'NONE', #1642, 0.005168431248992125769, 0.003937007874015747977 ) ;
#2031 = DIRECTION ( 'NONE',  ( 0.0000000000000000000, 1.875148439272792120E-15, 1.000000000000000000 ) ) ;
#2032 = CYLINDRICAL_SURFACE ( 'NONE', #2398, 0.02460629921259841271 ) ;
#2033 = COLOUR_RGB ( '',1.000000000000000000, 1.000000000000000000, 1.000000000000000000 ) ;
#2034 = ADVANCED_FACE ( 'NONE', ( #3464 ), #4467, .T. ) ;
#2035 = EDGE_CURVE ( 'NONE', #6661, #1860, #616, .T. ) ;
#2036 = CARTESIAN_POINT ( 'NONE',  ( -0.1464566929133855888, -0.1407480314960629919, -0.3068897637795270916 ) ) ;
#2037 = VERTEX_POINT ( 'NONE', #5400 ) ;
#2038 = VECTOR ( 'NONE', #3027, 39.37007874015748143 ) ;
#2039 = EDGE_CURVE ( 'NONE', #4402, #455, #8176, .T. ) ;
#2040 = CARTESIAN_POINT ( 'NONE',  ( 0.06018589945968472882, 0.2037401574803154314, -0.1702755905511812995 ) ) ;
#2041 = ORIENTED_EDGE ( 'NONE', *, *, #10861, .F. ) ;
#2042 = MECHANICAL_DESIGN_GEOMETRIC_PRESENTATION_REPRESENTATION (  '', ( #1464 ), #320 ) ;
#2043 = LINE ( 'NONE', #307, #3689 ) ;
#2044 = CARTESIAN_POINT ( 'NONE',  ( -0.1535433070866138727, -0.1722440944881890035, -0.2037401574803144599 ) ) ;
#2045 = DIRECTION ( 'NONE',  ( 2.047204322355081778E-10, 1.000000000000000000, 2.688782288034447080E-10 ) ) ;
#2046 = DIRECTION ( 'NONE',  ( -1.602884491802569361E-15, 1.000000000000000000, -1.644517855226017859E-15 ) ) ;
#2047 = FILL_AREA_STYLE_COLOUR ( '', #6689 ) ;
#2048 = DIRECTION ( 'NONE',  ( 1.602884491802569361E-15, -1.000000000000000000, 1.644517855226017859E-15 ) ) ;
#2049 = EDGE_CURVE ( 'NONE', #4106, #10143, #203, .T. ) ;
#2050 = PLANE ( 'NONE',  #890 ) ;
#2051 = AXIS2_PLACEMENT_3D ( 'NONE', #4024, #4136, #6688 ) ;
#2052 = STYLED_ITEM ( 'NONE', ( #10831 ), #5994 ) ;
#2053 = VERTEX_POINT ( 'NONE', #5459 ) ;
#2054 = CARTESIAN_POINT ( 'NONE',  ( 0.06018589945968484678, 0.1269685039370083424, -0.1663385826771653642 ) ) ;
#2055 = ORIENTED_EDGE ( 'NONE', *, *, #3045, .T. ) ;
#2056 = PRESENTATION_STYLE_ASSIGNMENT (( #1161 ) ) ;
#2057 = COLOUR_RGB ( '',0.7607843137254901578, 0.7607843137254901578, 0.0000000000000000000 ) ;
#2058 = LENGTH_MEASURE_WITH_UNIT ( LENGTH_MEASURE( 0.02539999999999999897 ), #10798 );
#2059 = DIRECTION ( 'NONE',  ( -1.602884491802569361E-15, 1.000000000000000000, -1.644517855226017859E-15 ) ) ;
#2060 = CARTESIAN_POINT ( 'NONE',  ( 0.08700787401574773539, 0.1998031496062996348, -0.09586614173228362457 ) ) ;
#2061 = FILL_AREA_STYLE_COLOUR ( '', #696 ) ;
#2062 =( CONVERSION_BASED_UNIT ( 'INCH', #10052 ) LENGTH_UNIT ( ) NAMED_UNIT ( #11228 ) );
#2063 = VERTEX_POINT ( 'NONE', #2757 ) ;
#2064 = DIRECTION ( 'NONE',  ( -1.000000000000000000, -1.602884491802569361E-15, 2.878783784372901366E-31 ) ) ;
#2065 = LENGTH_MEASURE_WITH_UNIT ( LENGTH_MEASURE( 0.02539999999999999897 ), #3070 );
#2066 = PRESENTATION_LAYER_ASSIGNMENT (  '', '', ( #7840 ) ) ;
#2067 = DIMENSIONAL_EXPONENTS ( 1.000000000000000000, 0.0000000000000000000, 0.0000000000000000000, 0.0000000000000000000, 0.0000000000000000000, 0.0000000000000000000, 0.0000000000000000000 ) ;
#2068 =( LENGTH_UNIT ( ) NAMED_UNIT ( * ) SI_UNIT ( $, .METRE. ) );
#2069 =( LENGTH_UNIT ( ) NAMED_UNIT ( * ) SI_UNIT ( $, .METRE. ) );
#2070 = UNCERTAINTY_MEASURE_WITH_UNIT (LENGTH_MEASURE( 1.000000000000000082E-05 ), #9411, 'distance_accuracy_value', 'NONE');
#2071 = DIRECTION ( 'NONE',  ( -1.602884491802569361E-15, 1.000000000000000000, -1.644517855226017859E-15 ) ) ;
#2072 = AXIS2_PLACEMENT_3D ( 'NONE', #3194, #10294, #2304 ) ;
#2073 = SURFACE_SIDE_STYLE ('',( #3894 ) ) ;
#2074 = EDGE_LOOP ( 'NONE', ( #343, #8119, #7169, #9567 ) ) ;
#2075 = ORIENTED_EDGE ( 'NONE', *, *, #3480, .F. ) ;
#2076 = DIRECTION ( 'NONE',  ( 0.7956271577887867874, 0.0000000000000000000, -0.6057866173735906301 ) ) ;
#2077 = STYLED_ITEM ( 'NONE', ( #2467 ), #10521 ) ;
#2078 = ORIENTED_EDGE ( 'NONE', *, *, #9403, .F. ) ;
#2079 = SURFACE_SIDE_STYLE ('',( #8156 ) ) ;
#2080 = EDGE_LOOP ( 'NONE', ( #9094, #4011, #10672, #3000, #10014, #7541, #9219, #2860 ) ) ;
#2081 = CARTESIAN_POINT ( 'NONE',  ( 0.1464566929133855611, 0.2273622047244099886, -0.3458661417322837495 ) ) ;
#2082 = EDGE_CURVE ( 'NONE', #4506, #6117, #5336, .T. ) ;
#2083 = DIMENSIONAL_EXPONENTS ( 1.000000000000000000, 0.0000000000000000000, 0.0000000000000000000, 0.0000000000000000000, 0.0000000000000000000, 0.0000000000000000000, 0.0000000000000000000 ) ;
#2084 = UNCERTAINTY_MEASURE_WITH_UNIT (LENGTH_MEASURE( 1.000000000000000082E-05 ), #316, 'distance_accuracy_value', 'NONE');
#2085 = LINE ( 'NONE', #1655, #9352 ) ;
#2086 = CARTESIAN_POINT ( 'NONE',  ( -0.06929133858267740032, 0.1269685039370080093, -0.1253937007874016407 ) ) ;
#2087 = COLOUR_RGB ( '',0.7607843137254901578, 0.7607843137254901578, 0.0000000000000000000 ) ;
#2088 = LENGTH_MEASURE_WITH_UNIT ( LENGTH_MEASURE( 0.02539999999999999897 ), #10822 );
#2089 = CARTESIAN_POINT ( 'NONE',  ( 0.08700787401574779090, 0.1643700787401579655, -0.2958661417322835940 ) ) ;
#2090 = ORIENTED_EDGE ( 'NONE', *, *, #7799, .F. ) ;
#2091 = LENGTH_MEASURE_WITH_UNIT ( LENGTH_MEASURE( 0.02539999999999999897 ), #4859 );
#2092 = ORIENTED_EDGE ( 'NONE', *, *, #277, .F. ) ;
#2093 = APPLICATION_PROTOCOL_DEFINITION ( 'draft international standard', 'automotive_design', 1998, #8822 ) ;
#2094 = EDGE_CURVE ( 'NONE', #8067, #8445, #4589, .T. ) ;
#2095 = LINE ( 'NONE', #5626, #1987 ) ;
#2096 =( CONVERSION_BASED_UNIT ( 'INCH', #6705 ) LENGTH_UNIT ( ) NAMED_UNIT ( #10926 ) );
#2097 =( CONVERSION_BASED_UNIT ( 'INCH', #8516 ) LENGTH_UNIT ( ) NAMED_UNIT ( #10038 ) );
#2098 = PRESENTATION_STYLE_ASSIGNMENT (( #476 ) ) ;
#2099 =( CONVERSION_BASED_UNIT ( 'INCH', #1330 ) LENGTH_UNIT ( ) NAMED_UNIT ( #5018 ) );
#2100 = SURFACE_STYLE_FILL_AREA ( #10191 ) ;
#2101 = DIRECTION ( 'NONE',  ( 2.348093788196917952E-30, -1.644517855226018450E-15, -1.000000000000000000 ) ) ;
#2102 = ADVANCED_FACE ( 'NONE', ( #7136 ), #7301, .T. ) ;
#2103 =( NAMED_UNIT ( * ) PLANE_ANGLE_UNIT ( ) SI_UNIT ( $, .RADIAN. ) );
#2104 = CARTESIAN_POINT ( 'NONE',  ( -0.06929133858267740032, 0.1269685039370081758, -0.2663385826771654252 ) ) ;
#2105 = AXIS2_PLACEMENT_3D ( 'NONE', #6169, #7093, #3422 ) ;
#2106 = VERTEX_POINT ( 'NONE', #3698 ) ;
#2107 = ORIENTED_EDGE ( 'NONE', *, *, #5271, .T. ) ;
#2108 = ORIENTED_EDGE ( 'NONE', *, *, #3179, .F. ) ;
#2109 = ORIENTED_EDGE ( 'NONE', *, *, #9329, .F. ) ;
#2110 = SURFACE_STYLE_FILL_AREA ( #6566 ) ;
#2111 = EDGE_CURVE ( 'NONE', #6617, #6686, #1928, .T. ) ;
#2112 = MECHANICAL_DESIGN_GEOMETRIC_PRESENTATION_REPRESENTATION (  '', ( #11245 ), #582 ) ;
#2113 =( LENGTH_UNIT ( ) NAMED_UNIT ( * ) SI_UNIT ( $, .METRE. ) );
#2114 = EDGE_CURVE ( 'NONE', #6661, #5452, #10784, .T. ) ;
#2115 = STYLED_ITEM ( 'NONE', ( #7625 ), #349 ) ;
#2116 = SURFACE_STYLE_FILL_AREA ( #2172 ) ;
#2117 = COLOUR_RGB ( '',0.7607843137254901578, 0.7607843137254901578, 0.0000000000000000000 ) ;
#2118 = DIRECTION ( 'NONE',  ( 0.7956271577883986534, 0.0000000000000000000, -0.6057866173741002225 ) ) ;
#2119 = DIRECTION ( 'NONE',  ( -1.000000000000000000, -1.602884491802569361E-15, 2.711709361697226329E-31 ) ) ;
#2120 =( LENGTH_UNIT ( ) NAMED_UNIT ( * ) SI_UNIT ( $, .METRE. ) );
#2121 = DIRECTION ( 'NONE',  ( 1.594929680954395007E-15, -0.9950371902099891530, -0.09950371902099724997 ) ) ;
#2122 = ORIENTED_EDGE ( 'NONE', *, *, #7011, .F. ) ;
#2123 = CIRCLE ( 'NONE', #5683, 0.003937007874015749712 ) ;
#2124 = LINE ( 'NONE', #4831, #366 ) ;
#2125 = DIRECTION ( 'NONE',  ( 0.7956271577886169233, 1.875148439272792514E-15, 0.6057866173738137849 ) ) ;
#2126 = FACE_OUTER_BOUND ( 'NONE', #9176, .T. ) ;
#2127 = AXIS2_PLACEMENT_3D ( 'NONE', #1405, #7556, #11261 ) ;
#2128 = DIRECTION ( 'NONE',  ( 2.348093788196917952E-30, -1.644517855226018450E-15, -1.000000000000000000 ) ) ;
#2129 =( GEOMETRIC_REPRESENTATION_CONTEXT ( 3 ) GLOBAL_UNCERTAINTY_ASSIGNED_CONTEXT ( ( #6754 ) ) GLOBAL_UNIT_ASSIGNED_CONTEXT ( ( #10334, #7496, #3227 ) ) REPRESENTATION_CONTEXT ( 'NONE', 'WORKASPACE' ) );
#2130 =( CONVERSION_BASED_UNIT ( 'INCH', #10111 ) LENGTH_UNIT ( ) NAMED_UNIT ( #3084 ) );
#2131 =( NAMED_UNIT ( * ) SI_UNIT ( $, .STERADIAN. ) SOLID_ANGLE_UNIT ( ) );
#2132 = ORIENTED_EDGE ( 'NONE', *, *, #5843, .T. ) ;
#2134 = ORIENTED_EDGE ( 'NONE', *, *, #5632, .T. ) ;
#2133 =( NAMED_UNIT ( * ) SI_UNIT ( $, .STERADIAN. ) SOLID_ANGLE_UNIT ( ) );
#2135 = ORIENTED_EDGE ( 'NONE', *, *, #10147, .F. ) ;
#2136 = MECHANICAL_DESIGN_GEOMETRIC_PRESENTATION_REPRESENTATION (  '', ( #3657 ), #5131 ) ;
#2137 = VECTOR ( 'NONE', #1751, 39.37007874015748143 ) ;
#2138 = ORIENTED_EDGE ( 'NONE', *, *, #4104, .F. ) ;
#2139 = DIRECTION ( 'NONE',  ( 1.602884491802569361E-15, -1.000000000000000000, 1.644517855226017859E-15 ) ) ;
#2140 = ORIENTED_EDGE ( 'NONE', *, *, #6101, .F. ) ;
#2141 = CARTESIAN_POINT ( 'NONE',  ( 0.06018589945968472882, 0.1998031496062995516, -0.01628826166439385770 ) ) ;
#2142 = DIMENSIONAL_EXPONENTS ( 1.000000000000000000, 0.0000000000000000000, 0.0000000000000000000, 0.0000000000000000000, 0.0000000000000000000, 0.0000000000000000000, 0.0000000000000000000 ) ;
#2143 = DIRECTION ( 'NONE',  ( 0.0000000000000000000, 0.0000000000000000000, 1.000000000000000000 ) ) ;
#2144 = DIRECTION ( 'NONE',  ( -1.000000000000000000, -1.602884491802569361E-15, 2.711709361697226329E-31 ) ) ;
#2145 = VECTOR ( 'NONE', #327, 39.37007874015748143 ) ;
#2146 = DIRECTION ( 'NONE',  ( -2.364801230464485631E-30, 1.644517855226018450E-15, 1.000000000000000000 ) ) ;
#2147 = FILL_AREA_STYLE_COLOUR ( '', #7620 ) ;
#2148 =( NAMED_UNIT ( * ) PLANE_ANGLE_UNIT ( ) SI_UNIT ( $, .RADIAN. ) );
#2149 = ADVANCED_FACE ( 'NONE', ( #3652 ), #9927, .F. ) ;
#2150 = STYLED_ITEM ( 'NONE', ( #657 ), #2305 ) ;
#2151 = CARTESIAN_POINT ( 'NONE',  ( -0.1535433070866141225, -0.02263779527559061505, -0.006889763779527295282 ) ) ;
#2152 = ORIENTED_EDGE ( 'NONE', *, *, #9734, .F. ) ;
#2153 = CARTESIAN_POINT ( 'NONE',  ( 0.06929133858267698398, 0.1269685039370083146, -0.3162882616642480604 ) ) ;
#2154 = PRESENTATION_STYLE_ASSIGNMENT (( #308 ) ) ;
#2155 = DIRECTION ( 'NONE',  ( 2.364801230464485631E-30, -1.644517855226018450E-15, -1.000000000000000000 ) ) ;
#2156 = LINE ( 'NONE', #367, #1061 ) ;
#2157 = PLANE ( 'NONE',  #3811 ) ;
#2158 =( LENGTH_UNIT ( ) NAMED_UNIT ( * ) SI_UNIT ( $, .METRE. ) );
#2159 = DIRECTION ( 'NONE',  ( 2.348093788196917952E-30, -1.644517855226018450E-15, -1.000000000000000000 ) ) ;
#2160 = FILL_AREA_STYLE_COLOUR ( '', #9150 ) ;
#2161 = COLOUR_RGB ( '',1.000000000000000000, 1.000000000000000000, 1.000000000000000000 ) ;
#2162 =( CONVERSION_BASED_UNIT ( 'INCH', #6610 ) LENGTH_UNIT ( ) NAMED_UNIT ( #3954 ) );
#2163 = VECTOR ( 'NONE', #7103, 39.37007874015748143 ) ;
#2164 = CARTESIAN_POINT ( 'NONE',  ( 0.1464566929133862272, -0.1722440944881884761, -0.3037401574803144655 ) ) ;
#2165 = VERTEX_POINT ( 'NONE', #8291 ) ;
#2166 = EDGE_CURVE ( 'NONE', #1818, #487, #8235, .T. ) ;
#2167 = DIMENSIONAL_EXPONENTS ( 1.000000000000000000, 0.0000000000000000000, 0.0000000000000000000, 0.0000000000000000000, 0.0000000000000000000, 0.0000000000000000000, 0.0000000000000000000 ) ;
#2168 = ORIENTED_EDGE ( 'NONE', *, *, #9184, .F. ) ;
#2169 = ORIENTED_EDGE ( 'NONE', *, *, #806, .F. ) ;
#2170 = EDGE_CURVE ( 'NONE', #8401, #4930, #6072, .T. ) ;
#2171 = DIRECTION ( 'NONE',  ( 4.788507553440025214E-13, -1.000000000000000000, 2.236891227802259687E-13 ) ) ;
#2172 = FILL_AREA_STYLE ('',( #7546 ) ) ;
#2173 = DIRECTION ( 'NONE',  ( 1.000000000000000000, 1.875148439272792120E-15, 0.0000000000000000000 ) ) ;
#2174 = FACE_OUTER_BOUND ( 'NONE', #6999, .T. ) ;
#2175 = FILL_AREA_STYLE ('',( #10100 ) ) ;
#2176 = CARTESIAN_POINT ( 'NONE',  ( -0.06929133858267740032, 0.1269685039370079260, 0.07460629921259839814 ) ) ;
#2177 =( NAMED_UNIT ( * ) PLANE_ANGLE_UNIT ( ) SI_UNIT ( $, .RADIAN. ) );
#2178 = DIMENSIONAL_EXPONENTS ( 1.000000000000000000, 0.0000000000000000000, 0.0000000000000000000, 0.0000000000000000000, 0.0000000000000000000, 0.0000000000000000000, 0.0000000000000000000 ) ;
#2179 = EDGE_LOOP ( 'NONE', ( #287, #2999, #10685, #4723 ) ) ;
#2180 = ADVANCED_FACE ( 'NONE', ( #10676 ), #5907, .F. ) ;
#2181 = TOROIDAL_SURFACE ( 'NONE', #5744, 0.02854330708661417110, 0.003937007874015747977 ) ;
#2182 = EDGE_CURVE ( 'NONE', #5134, #8140, #6706, .T. ) ;
#2183 = DIRECTION ( 'NONE',  ( 1.000000000000000000, 1.602884491802569361E-15, -2.711709361697226329E-31 ) ) ;
#2184 = DIRECTION ( 'NONE',  ( -1.594929680954394613E-15, 0.9950371902099890420, -0.09950371902100052512 ) ) ;
#2185 = SURFACE_SIDE_STYLE ('',( #5997 ) ) ;
#2186 = LINE ( 'NONE', #8374, #4816 ) ;
#2187 = MECHANICAL_DESIGN_GEOMETRIC_PRESENTATION_REPRESENTATION (  '', ( #10366 ), #4252 ) ;
#2188 = UNCERTAINTY_MEASURE_WITH_UNIT (LENGTH_MEASURE( 1.000000000000000082E-05 ), #6267, 'distance_accuracy_value', 'NONE');
#2189 = LINE ( 'NONE', #1303, #735 ) ;
#2190 = CARTESIAN_POINT ( 'NONE',  ( 0.06018589945968472882, 0.1998031496062996071, 0.02972440944881874630 ) ) ;
#2191 = CYLINDRICAL_SURFACE ( 'NONE', #1242, 0.009105439123007878083 ) ;
#2192 = ORIENTED_EDGE ( 'NONE', *, *, #4888, .F. ) ;
#2193 = FILL_AREA_STYLE ('',( #4841 ) ) ;
#2194 = EDGE_CURVE ( 'NONE', #3444, #3106, #5346, .T. ) ;
#2195 = ORIENTED_EDGE ( 'NONE', *, *, #5630, .F. ) ;
#2196 = ORIENTED_EDGE ( 'NONE', *, *, #9819, .T. ) ;
#2197 = VERTEX_POINT ( 'NONE', #11057 ) ;
#2198 = FACE_OUTER_BOUND ( 'NONE', #822, .T. ) ;
#2199 = PRESENTATION_LAYER_ASSIGNMENT (  '', '', ( #4079 ) ) ;
#2200 = CARTESIAN_POINT ( 'NONE',  ( -0.1464566929133857831, -0.02263779527559053872, -0.08484251968503912777 ) ) ;
#2201 = DIRECTION ( 'NONE',  ( -2.348093788196917952E-30, 1.644517855226018450E-15, 1.000000000000000000 ) ) ;
#2202 = DIRECTION ( 'NONE',  ( 0.6057866173738770676, -3.374170927559055893E-16, -0.7956271577885687396 ) ) ;
#2203 =( CONVERSION_BASED_UNIT ( 'INCH', #10988 ) LENGTH_UNIT ( ) NAMED_UNIT ( #5021 ) );
#2204 = CARTESIAN_POINT ( 'NONE',  ( 0.1464566929133859496, -0.02263779527559017096, 0.09311023622047270853 ) ) ;
#2205 = CARTESIAN_POINT ( 'NONE',  ( -0.1535433070866141225, -0.02263779527559058036, 0.01515748031496088298 ) ) ;
#2206 =( CONVERSION_BASED_UNIT ( 'INCH', #3035 ) LENGTH_UNIT ( ) NAMED_UNIT ( #6943 ) );
#2207 = AXIS2_PLACEMENT_3D ( 'NONE', #4868, #4639, #7305 ) ;
#2208 = CARTESIAN_POINT ( 'NONE',  ( 0.01209712494559023188, 0.1998031496062994405, 0.08922769150163371854 ) ) ;
#2209 = ORIENTED_EDGE ( 'NONE', *, *, #7885, .F. ) ;
#2210 = FILL_AREA_STYLE ('',( #5031 ) ) ;
#2211 = PRESENTATION_LAYER_ASSIGNMENT (  '', '', ( #3916 ) ) ;
#2212 = CARTESIAN_POINT ( 'NONE',  ( -0.1464566929133855611, -0.1722440944881890035, -0.2037401574803144599 ) ) ;
#2213 = DIRECTION ( 'NONE',  ( 1.602884491802569361E-15, -1.000000000000000000, 1.644517855226017859E-15 ) ) ;
#2214 =( NAMED_UNIT ( * ) SI_UNIT ( $, .STERADIAN. ) SOLID_ANGLE_UNIT ( ) );
#2215 =( NAMED_UNIT ( * ) PLANE_ANGLE_UNIT ( ) SI_UNIT ( $, .RADIAN. ) );
#2216 =( GEOMETRIC_REPRESENTATION_CONTEXT ( 3 ) GLOBAL_UNCERTAINTY_ASSIGNED_CONTEXT ( ( #5231 ) ) GLOBAL_UNIT_ASSIGNED_CONTEXT ( ( #1210, #9241, #9298 ) ) REPRESENTATION_CONTEXT ( 'NONE', 'WORKASPACE' ) );
#2217 = DIRECTION ( 'NONE',  ( -1.602884491802569361E-15, 1.000000000000000000, -1.644517855226017859E-15 ) ) ;
#2218 = CARTESIAN_POINT ( 'NONE',  ( 0.06018589945968472882, 0.2037401574803155146, -0.3754440218001577345 ) ) ;
#2219 = FACE_OUTER_BOUND ( 'NONE', #10238, .T. ) ;
#2220 = ORIENTED_EDGE ( 'NONE', *, *, #2835, .F. ) ;
#2221 = DIMENSIONAL_EXPONENTS ( 1.000000000000000000, 0.0000000000000000000, 0.0000000000000000000, 0.0000000000000000000, 0.0000000000000000000, 0.0000000000000000000, 0.0000000000000000000 ) ;
#2222 =( GEOMETRIC_REPRESENTATION_CONTEXT ( 3 ) GLOBAL_UNCERTAINTY_ASSIGNED_CONTEXT ( ( #4445 ) ) GLOBAL_UNIT_ASSIGNED_CONTEXT ( ( #3496, #6012, #5077 ) ) REPRESENTATION_CONTEXT ( 'NONE', 'WORKASPACE' ) );
#2223 = ORIENTED_EDGE ( 'NONE', *, *, #7009, .T. ) ;
#2224 = DIRECTION ( 'NONE',  ( -1.000000000000000000, -1.602884491802569361E-15, 2.711709361697226329E-31 ) ) ;
#2225 = ORIENTED_EDGE ( 'NONE', *, *, #3702, .T. ) ;
#2226 = ORIENTED_EDGE ( 'NONE', *, *, #4250, .F. ) ;
#2227 =( GEOMETRIC_REPRESENTATION_CONTEXT ( 3 ) GLOBAL_UNCERTAINTY_ASSIGNED_CONTEXT ( ( #4302 ) ) GLOBAL_UNIT_ASSIGNED_CONTEXT ( ( #4291, #5876, #6038 ) ) REPRESENTATION_CONTEXT ( 'NONE', 'WORKASPACE' ) );
#2228 = SURFACE_SIDE_STYLE ('',( #2281 ) ) ;
#2229 = CARTESIAN_POINT ( 'NONE',  ( 0.06929133858267692847, 0.1564960629921265112, -0.3663385826771655140 ) ) ;
#2230 = ADVANCED_FACE ( 'NONE', ( #8405 ), #2268, .T. ) ;
#2231 = CIRCLE ( 'NONE', #4861, 0.005168431248992117963 ) ;
#2232 = PLANE ( 'NONE',  #330 ) ;
#2233 = EDGE_LOOP ( 'NONE', ( #6280, #5441, #10982, #3693 ) ) ;
#2234 = CARTESIAN_POINT ( 'NONE',  ( 0.01522951533058629695, 0.1998031496062995516, -0.2131572951809371785 ) ) ;
#2235 = DIRECTION ( 'NONE',  ( 1.602884491802569361E-15, -1.000000000000000000, 1.644517855226017859E-15 ) ) ;
#2236 = PLANE ( 'NONE',  #6371 ) ;
#2237 = COLOUR_RGB ( '',0.7607843137254901578, 0.7607843137254901578, 0.0000000000000000000 ) ;
#2238 = COLOUR_RGB ( '',0.7607843137254901578, 0.7607843137254901578, 0.0000000000000000000 ) ;
#2239 =( LENGTH_UNIT ( ) NAMED_UNIT ( * ) SI_UNIT ( $, .METRE. ) );
#2240 = FILL_AREA_STYLE_COLOUR ( '', #11293 ) ;
#2241 = SURFACE_STYLE_FILL_AREA ( #5774 ) ;
#2242 = ADVANCED_FACE ( 'NONE', ( #3862 ), #10524, .T. ) ;
#2243 = EDGE_CURVE ( 'NONE', #6307, #1508, #625, .T. ) ;
#2244 = PRESENTATION_STYLE_ASSIGNMENT (( #4019 ) ) ;
#2245 = DIMENSIONAL_EXPONENTS ( 1.000000000000000000, 0.0000000000000000000, 0.0000000000000000000, 0.0000000000000000000, 0.0000000000000000000, 0.0000000000000000000, 0.0000000000000000000 ) ;
#2246 = FACE_OUTER_BOUND ( 'NONE', #4415, .T. ) ;
#2247 = PLANE ( 'NONE',  #2376 ) ;
#2248 = ORIENTED_EDGE ( 'NONE', *, *, #4279, .F. ) ;
#2249 = CIRCLE ( 'NONE', #4522, 0.003937007874015741905 ) ;
#2250 = ORIENTED_EDGE ( 'NONE', *, *, #5435, .F. ) ;
#2251 = DIRECTION ( 'NONE',  ( 0.0000000000000000000, 0.0000000000000000000, -1.000000000000000000 ) ) ;
#2252 = PRESENTATION_LAYER_ASSIGNMENT (  '', '', ( #345 ) ) ;
#2253 = DIMENSIONAL_EXPONENTS ( 1.000000000000000000, 0.0000000000000000000, 0.0000000000000000000, 0.0000000000000000000, 0.0000000000000000000, 0.0000000000000000000, 0.0000000000000000000 ) ;
#2254 = ORIENTED_EDGE ( 'NONE', *, *, #2772, .F. ) ;
#2255 = ORIENTED_EDGE ( 'NONE', *, *, #7260, .T. ) ;
#2256 = AXIS2_PLACEMENT_3D ( 'NONE', #8382, #10116, #3250 ) ;
#2257 = SURFACE_STYLE_FILL_AREA ( #8389 ) ;
#2258 = ADVANCED_FACE ( 'NONE', ( #7925 ), #7047, .T. ) ;
#2259 = EDGE_CURVE ( 'NONE', #10841, #8947, #10432, .T. ) ;
#2260 = LENGTH_MEASURE_WITH_UNIT ( LENGTH_MEASURE( 0.02539999999999999897 ), #4907 );
#2261 = MECHANICAL_DESIGN_GEOMETRIC_PRESENTATION_REPRESENTATION (  '', ( #345 ), #2438 ) ;
#2262 = DIRECTION ( 'NONE',  ( -1.602884491802569361E-15, 1.000000000000000000, -1.644517855226017859E-15 ) ) ;
#2263 = DIRECTION ( 'NONE',  ( 0.0000000000000000000, 0.0000000000000000000, 1.000000000000000000 ) ) ;
#2264 = PRESENTATION_STYLE_ASSIGNMENT (( #4855 ) ) ;
#2265 = ORIENTED_EDGE ( 'NONE', *, *, #2111, .F. ) ;
#2266 =( NAMED_UNIT ( * ) SI_UNIT ( $, .STERADIAN. ) SOLID_ANGLE_UNIT ( ) );
#2267 = MECHANICAL_DESIGN_GEOMETRIC_PRESENTATION_REPRESENTATION (  '', ( #564 ), #5840 ) ;
#2268 = PLANE ( 'NONE',  #9056 ) ;
#2269 = DIRECTION ( 'NONE',  ( -1.000000000000000000, -1.602884491802569361E-15, 2.711709361697226329E-31 ) ) ;
#2270 =( NAMED_UNIT ( * ) PLANE_ANGLE_UNIT ( ) SI_UNIT ( $, .RADIAN. ) );
#2271 =( LENGTH_UNIT ( ) NAMED_UNIT ( * ) SI_UNIT ( $, .METRE. ) );
#2272 = FILL_AREA_STYLE_COLOUR ( '', #2996 ) ;
#2273 = LINE ( 'NONE', #5863, #143 ) ;
#2274 = FILL_AREA_STYLE_COLOUR ( '', #7635 ) ;
#2275 = ORIENTED_EDGE ( 'NONE', *, *, #2468, .F. ) ;
#2276 = VECTOR ( 'NONE', #2982, 39.37007874015748143 ) ;
#2277 = ORIENTED_EDGE ( 'NONE', *, *, #11354, .F. ) ;
#2278 = SURFACE_SIDE_STYLE ('',( #8473 ) ) ;
#2279 = ORIENTED_EDGE ( 'NONE', *, *, #11085, .T. ) ;
#2280 = ORIENTED_EDGE ( 'NONE', *, *, #6389, .T. ) ;
#2281 = SURFACE_STYLE_FILL_AREA ( #8360 ) ;
#2282 = DIRECTION ( 'NONE',  ( -2.348093788196916901E-30, 1.644517855226017859E-15, 1.000000000000000000 ) ) ;
#2283 = CARTESIAN_POINT ( 'NONE',  ( 0.1535433070866143168, -0.02263779527559005300, -0.08484251968503912777 ) ) ;
#2284 = PLANE ( 'NONE',  #2002 ) ;
#2285 = MECHANICAL_DESIGN_GEOMETRIC_PRESENTATION_REPRESENTATION (  '', ( #210 ), #8078 ) ;
#2286 =( GEOMETRIC_REPRESENTATION_CONTEXT ( 3 ) GLOBAL_UNCERTAINTY_ASSIGNED_CONTEXT ( ( #936 ) ) GLOBAL_UNIT_ASSIGNED_CONTEXT ( ( #3501, #3443, #10013 ) ) REPRESENTATION_CONTEXT ( 'NONE', 'WORKASPACE' ) );
#2287 =( LENGTH_UNIT ( ) NAMED_UNIT ( * ) SI_UNIT ( $, .METRE. ) );
#2288 = PRESENTATION_STYLE_ASSIGNMENT (( #1346 ) ) ;
#2289 = ORIENTED_EDGE ( 'NONE', *, *, #9322, .F. ) ;
#2290 = CARTESIAN_POINT ( 'NONE',  ( 0.01934165959544850363, 0.1998031496062995516, -0.2162882616643938549 ) ) ;
#2291 = FACE_OUTER_BOUND ( 'NONE', #5026, .T. ) ;
#2292 = CARTESIAN_POINT ( 'NONE',  ( 0.01934165959544850363, 0.1998031496062994405, 0.08371173833560614785 ) ) ;
#2293 = EDGE_CURVE ( 'NONE', #7984, #2378, #537, .T. ) ;
#2294 = AXIS2_PLACEMENT_3D ( 'NONE', #3615, #5, #5366 ) ;
#2295 = CIRCLE ( 'NONE', #8265, 0.003937007874015758385 ) ;
#2296 = PLANE ( 'NONE',  #7353 ) ;
#2297 = SURFACE_STYLE_USAGE ( .BOTH. , #4948 ) ;
#2298 = UNCERTAINTY_MEASURE_WITH_UNIT (LENGTH_MEASURE( 1.000000000000000082E-05 ), #9012, 'distance_accuracy_value', 'NONE');
#2299 = CARTESIAN_POINT ( 'NONE',  ( 0.06929133858267698398, 0.1269685039370083424, -0.1663385826771653642 ) ) ;
#2300 = DIRECTION ( 'NONE',  ( 1.602884491802569361E-15, -1.000000000000000000, 1.644517855226017859E-15 ) ) ;
#2301 = PRESENTATION_LAYER_ASSIGNMENT (  '', '', ( #5496 ) ) ;
#2302 = VERTEX_POINT ( 'NONE', #2383 ) ;
#2303 = SURFACE_STYLE_USAGE ( .BOTH. , #10292 ) ;
#2304 = DIRECTION ( 'NONE',  ( 0.0000000000000000000, 1.875148439272793303E-15, 1.000000000000000000 ) ) ;
#2305 = ADVANCED_FACE ( 'NONE', ( #11472 ), #10483, .T. ) ;
#2306 = ORIENTED_EDGE ( 'NONE', *, *, #694, .T. ) ;
#2307 = VERTEX_POINT ( 'NONE', #1612 ) ;
#2308 = VECTOR ( 'NONE', #4016, 39.37007874015748143 ) ;
#2309 = ADVANCED_FACE ( 'NONE', ( #5197 ), #8755, .F. ) ;
#2310 = CARTESIAN_POINT ( 'NONE',  ( 0.01209712494559023188, 0.1998031496062995516, -0.2107723084983662842 ) ) ;
#2311 = UNCERTAINTY_MEASURE_WITH_UNIT (LENGTH_MEASURE( 1.000000000000000082E-05 ), #3296, 'distance_accuracy_value', 'NONE');
#2312 = CARTESIAN_POINT ( 'NONE',  ( 0.06929133858267698398, 0.1269685039370083979, -0.3754440218001576235 ) ) ;
#2313 =( NAMED_UNIT ( * ) PLANE_ANGLE_UNIT ( ) SI_UNIT ( $, .RADIAN. ) );
#2314 = DIRECTION ( 'NONE',  ( 1.602884491802569361E-15, -1.000000000000000000, 1.644517855226017859E-15 ) ) ;
#2315 = ORIENTED_EDGE ( 'NONE', *, *, #10763, .T. ) ;
#2316 = SURFACE_STYLE_USAGE ( .BOTH. , #5900 ) ;
#2317 = CIRCLE ( 'NONE', #9609, 0.009105439123007878083 ) ;
#2318 = STYLED_ITEM ( 'NONE', ( #2759 ), #1021 ) ;
#2319 = DIMENSIONAL_EXPONENTS ( 1.000000000000000000, 0.0000000000000000000, 0.0000000000000000000, 0.0000000000000000000, 0.0000000000000000000, 0.0000000000000000000, 0.0000000000000000000 ) ;
#2320 = EDGE_CURVE ( 'NONE', #6748, #4781, #8055, .T. ) ;
#2321 = EDGE_CURVE ( 'NONE', #5359, #2037, #9805, .T. ) ;
#2322 = LENGTH_MEASURE_WITH_UNIT ( LENGTH_MEASURE( 0.02539999999999999897 ), #11172 );
#2323 = ORIENTED_EDGE ( 'NONE', *, *, #10074, .T. ) ;
#2324 = SURFACE_SIDE_STYLE ('',( #10315 ) ) ;
#2325 = MECHANICAL_DESIGN_GEOMETRIC_PRESENTATION_REPRESENTATION (  '', ( #6432 ), #9796 ) ;
#2326 = SURFACE_STYLE_FILL_AREA ( #1431 ) ;
#2327 = FILL_AREA_STYLE ('',( #3924 ) ) ;
#2328 = LENGTH_MEASURE_WITH_UNIT ( LENGTH_MEASURE( 0.02539999999999999897 ), #6710 );
#2329 = LENGTH_MEASURE_WITH_UNIT ( LENGTH_MEASURE( 0.02539999999999999897 ), #2445 );
#2330 = LENGTH_MEASURE_WITH_UNIT ( LENGTH_MEASURE( 0.02539999999999999897 ), #3214 );
#2331 = CARTESIAN_POINT ( 'NONE',  ( 0.1535433070866145389, -0.1722440944881884484, -0.2879921259842515013 ) ) ;
#2332 = DIRECTION ( 'NONE',  ( 0.7956271577886170343, 0.0000000000000000000, 0.6057866173738133408 ) ) ;
#2333 = LENGTH_MEASURE_WITH_UNIT ( LENGTH_MEASURE( 0.02539999999999999897 ), #3998 );
#2334 = EDGE_LOOP ( 'NONE', ( #9365, #4379, #7861, #6068 ) ) ;
#2335 = VECTOR ( 'NONE', #3682, 39.37007874015748143 ) ;
#2336 = EDGE_CURVE ( 'NONE', #1186, #6391, #5144, .T. ) ;
#2337 = VERTEX_POINT ( 'NONE', #11539 ) ;
#2338 =( NAMED_UNIT ( * ) PLANE_ANGLE_UNIT ( ) SI_UNIT ( $, .RADIAN. ) );
#2339 = ORIENTED_EDGE ( 'NONE', *, *, #7606, .F. ) ;
#2340 = VERTEX_POINT ( 'NONE', #5381 ) ;
#2341 = CARTESIAN_POINT ( 'NONE',  ( -0.1464566929133855611, -0.1722440944881889757, -0.4068897637795271249 ) ) ;
#2342 = FILL_AREA_STYLE_COLOUR ( '', #1403 ) ;
#2343 = PRESENTATION_STYLE_ASSIGNMENT (( #9251 ) ) ;
#2344 = CARTESIAN_POINT ( 'NONE',  ( 0.1535433070866143168, -0.02263779527559012933, -0.006889763779527295282 ) ) ;
#2345 = DIRECTION ( 'NONE',  ( -1.000000000000000000, -1.602884491802569361E-15, 2.878783784372901366E-31 ) ) ;
#2346 = VECTOR ( 'NONE', #11506, 39.37007874015748854 ) ;
#2347 =( LENGTH_UNIT ( ) NAMED_UNIT ( * ) SI_UNIT ( $, .METRE. ) );
#2348 = ORIENTED_EDGE ( 'NONE', *, *, #9691, .F. ) ;
#2349 = FILL_AREA_STYLE_COLOUR ( '', #5769 ) ;
#2350 = PRESENTATION_STYLE_ASSIGNMENT (( #5221 ) ) ;
#2351 = LENGTH_MEASURE_WITH_UNIT ( LENGTH_MEASURE( 0.02539999999999999897 ), #4885 );
#2352 =( GEOMETRIC_REPRESENTATION_CONTEXT ( 3 ) GLOBAL_UNCERTAINTY_ASSIGNED_CONTEXT ( ( #11409 ) ) GLOBAL_UNIT_ASSIGNED_CONTEXT ( ( #6360, #9048, #1791 ) ) REPRESENTATION_CONTEXT ( 'NONE', 'WORKASPACE' ) );
#2353 = CARTESIAN_POINT ( 'NONE',  ( -0.007480314960630190038, 0.1643700787401576879, 0.1041338582677164837 ) ) ;
#2354 =( NAMED_UNIT ( * ) SI_UNIT ( $, .STERADIAN. ) SOLID_ANGLE_UNIT ( ) );
#2355 = CARTESIAN_POINT ( 'NONE',  ( 0.01209712494559034984, 0.1269685039370081758, -0.2107723084983661732 ) ) ;
#2356 = CARTESIAN_POINT ( 'NONE',  ( -0.06929133858267744195, 0.1564960629921260393, 0.07460629921259835651 ) ) ;
#2357 = LINE ( 'NONE', #1304, #1169 ) ;
#2358 = ORIENTED_EDGE ( 'NONE', *, *, #3107, .T. ) ;
#2359 = VERTEX_POINT ( 'NONE', #4678 ) ;
#2360 =( CONVERSION_BASED_UNIT ( 'INCH', #288 ) LENGTH_UNIT ( ) NAMED_UNIT ( #5162 ) );
#2361 = ORIENTED_EDGE ( 'NONE', *, *, #1877, .T. ) ;
#2362 = ORIENTED_EDGE ( 'NONE', *, *, #3109, .F. ) ;
#2363 = MECHANICAL_DESIGN_GEOMETRIC_PRESENTATION_REPRESENTATION (  '', ( #10004 ), #1614 ) ;
#2364 = CARTESIAN_POINT ( 'NONE',  ( -0.1535433070866141225, -0.02263779527559058036, -0.1068897637795273164 ) ) ;
#2365 = DIRECTION ( 'NONE',  ( -0.6057866173735902970, -2.279429041416054056E-15, -0.7956271577887871205 ) ) ;
#2366 = CARTESIAN_POINT ( 'NONE',  ( 0.06018589945968478433, 0.1643700787401579932, -0.2663385826771654807 ) ) ;
#2367 = DIRECTION ( 'NONE',  ( 2.364801230464485631E-30, -1.644517855226018450E-15, -1.000000000000000000 ) ) ;
#2368 = EDGE_CURVE ( 'NONE', #9422, #6088, #82, .T. ) ;
#2369 = ORIENTED_EDGE ( 'NONE', *, *, #3030, .F. ) ;
#2370 =( NAMED_UNIT ( * ) PLANE_ANGLE_UNIT ( ) SI_UNIT ( $, .RADIAN. ) );
#2371 = VECTOR ( 'NONE', #10181, 39.37007874015748143 ) ;
#2372 = DIRECTION ( 'NONE',  ( 0.0000000000000000000, 0.0000000000000000000, 1.000000000000000000 ) ) ;
#2373 = LINE ( 'NONE', #1256, #8782 ) ;
#2374 = DIMENSIONAL_EXPONENTS ( 1.000000000000000000, 0.0000000000000000000, 0.0000000000000000000, 0.0000000000000000000, 0.0000000000000000000, 0.0000000000000000000, 0.0000000000000000000 ) ;
#2375 = ADVANCED_FACE ( 'NONE', ( #1851 ), #10660, .F. ) ;
#2376 = AXIS2_PLACEMENT_3D ( 'NONE', #10166, #8378, #342 ) ;
#2377 = ORIENTED_EDGE ( 'NONE', *, *, #10414, .T. ) ;
#2378 = VERTEX_POINT ( 'NONE', #7348 ) ;
#2379 = STYLED_ITEM ( 'NONE', ( #10962 ), #4916 ) ;
#2380 =( CONVERSION_BASED_UNIT ( 'INCH', #534 ) LENGTH_UNIT ( ) NAMED_UNIT ( #2178 ) );
#2381 = PRESENTATION_STYLE_ASSIGNMENT (( #11347 ) ) ;
#2382 = PLANE ( 'NONE',  #9725 ) ;
#2383 = CARTESIAN_POINT ( 'NONE',  ( 0.06018589945968472882, 0.2037401574803154036, -0.3214566929133860773 ) ) ;
#2384 = LINE ( 'NONE', #6133, #1823 ) ;
#2385 = EDGE_CURVE ( 'NONE', #11484, #10093, #6469, .T. ) ;
#2386 = DIRECTION ( 'NONE',  ( 1.000000000000000000, 1.875148439272792120E-15, 1.587125639000491242E-11 ) ) ;
#2387 = EDGE_CURVE ( 'NONE', #5315, #10872, #8108, .T. ) ;
#2388 = DIRECTION ( 'NONE',  ( -1.000000000000000000, -1.602884491802569361E-15, 2.878783784372901366E-31 ) ) ;
#2389 = AXIS2_PLACEMENT_3D ( 'NONE', #2290, #2463, #4941 ) ;
#2390 = DIRECTION ( 'NONE',  ( -1.000000000000000000, -1.602884491802569361E-15, 2.711709361697224578E-31 ) ) ;
#2391 = CARTESIAN_POINT ( 'NONE',  ( 0.06018589945968484678, 0.1269685039370083979, -0.3663385826771654585 ) ) ;
#2392 = EDGE_CURVE ( 'NONE', #6719, #9743, #7989, .T. ) ;
#2393 = COLOUR_RGB ( '',0.0000000000000000000, 0.0000000000000000000, 1.000000000000000000 ) ;
#2394 = DIMENSIONAL_EXPONENTS ( 1.000000000000000000, 0.0000000000000000000, 0.0000000000000000000, 0.0000000000000000000, 0.0000000000000000000, 0.0000000000000000000, 0.0000000000000000000 ) ;
#2395 = EDGE_LOOP ( 'NONE', ( #7060, #10692, #11217, #403 ) ) ;
#2396 =( NAMED_UNIT ( * ) SI_UNIT ( $, .STERADIAN. ) SOLID_ANGLE_UNIT ( ) );
#2397 = ORIENTED_EDGE ( 'NONE', *, *, #10221, .T. ) ;
#2398 = AXIS2_PLACEMENT_3D ( 'NONE', #2089, #3687, #5673 ) ;
#2399 = ORIENTED_EDGE ( 'NONE', *, *, #637, .F. ) ;
#2400 = DIMENSIONAL_EXPONENTS ( 1.000000000000000000, 0.0000000000000000000, 0.0000000000000000000, 0.0000000000000000000, 0.0000000000000000000, 0.0000000000000000000, 0.0000000000000000000 ) ;
#2401 = CARTESIAN_POINT ( 'NONE',  ( -0.1499999999999997446, -0.1564960629921260393, 0.01358267716535481971 ) ) ;
#2402 = DIRECTION ( 'NONE',  ( -1.594929680954394613E-15, 0.9950371902099890420, -0.09950371902100052512 ) ) ;
#2403 = VECTOR ( 'NONE', #3870, 39.37007874015748143 ) ;
#2404 = CYLINDRICAL_SURFACE ( 'NONE', #2945, 0.009105439123007878083 ) ;
#2405 = FILL_AREA_STYLE ('',( #11369 ) ) ;
#2406 = STYLED_ITEM ( 'NONE', ( #6824 ), #4421 ) ;
#2407 = EDGE_CURVE ( 'NONE', #711, #7683, #3744, .T. ) ;
#2408 = CARTESIAN_POINT ( 'NONE',  ( -0.1464566929133855888, -0.1407480314960630752, 0.01515748031496108768 ) ) ;
#2409 = ORIENTED_EDGE ( 'NONE', *, *, #5048, .T. ) ;
#2410 = PLANE ( 'NONE',  #7981 ) ;
#2411 = VECTOR ( 'NONE', #2314, 39.37007874015748143 ) ;
#2412 = CARTESIAN_POINT ( 'NONE',  ( 0.06018589945980290512, 0.1564960629921263169, -0.1253937007874016685 ) ) ;
#2413 = AXIS2_PLACEMENT_3D ( 'NONE', #8020, #1762, #1369 ) ;
#2414 = VECTOR ( 'NONE', #9840, 39.37007874015748143 ) ;
#2415 = SURFACE_STYLE_FILL_AREA ( #6845 ) ;
#2416 = LINE ( 'NONE', #4301, #8474 ) ;
#2417 = UNCERTAINTY_MEASURE_WITH_UNIT (LENGTH_MEASURE( 1.000000000000000082E-05 ), #7315, 'distance_accuracy_value', 'NONE');
#2418 = DIRECTION ( 'NONE',  ( 1.602884491802569361E-15, -1.000000000000000000, 1.644517855226017859E-15 ) ) ;
#2419 = DIRECTION ( 'NONE',  ( 1.602884491802569361E-15, -1.000000000000000000, 1.644517855226017859E-15 ) ) ;
#2420 = ORIENTED_EDGE ( 'NONE', *, *, #9801, .F. ) ;
#2421 = LENGTH_MEASURE_WITH_UNIT ( LENGTH_MEASURE( 0.02539999999999999897 ), #11385 );
#2422 = CARTESIAN_POINT ( 'NONE',  ( 0.01934165962471621689, 0.1998031496062995238, -0.1253937007874017517 ) ) ;
#2423 = LENGTH_MEASURE_WITH_UNIT ( LENGTH_MEASURE( 0.02539999999999999897 ), #2531 );
#2424 = AXIS2_PLACEMENT_3D ( 'NONE', #1432, #598, #9460 ) ;
#2425 = EDGE_LOOP ( 'NONE', ( #9273, #5375, #3566, #2361 ) ) ;
#2426 = DIRECTION ( 'NONE',  ( 0.7956271577883993196, 0.0000000000000000000, -0.6057866173740992233 ) ) ;
#2427 = DIRECTION ( 'NONE',  ( -1.594929680954395007E-15, 0.9950371902099891530, 0.09950371902099724997 ) ) ;
#2428 = AXIS2_PLACEMENT_3D ( 'NONE', #707, #7859, #6013 ) ;
#2429 = VERTEX_POINT ( 'NONE', #2864 ) ;
#2430 = CARTESIAN_POINT ( 'NONE',  ( 0.06929133858267692847, 0.1564960629921264001, -0.06633858267716544188 ) ) ;
#2431 =( LENGTH_UNIT ( ) NAMED_UNIT ( * ) SI_UNIT ( $, .METRE. ) );
#2432 = DIRECTION ( 'NONE',  ( 1.000000000000000000, 1.602884491802569361E-15, -2.711709361697226329E-31 ) ) ;
#2433 = COLOUR_RGB ( '',1.000000000000000000, 1.000000000000000000, 1.000000000000000000 ) ;
#2434 = EDGE_CURVE ( 'NONE', #10534, #2745, #9968, .T. ) ;
#2435 = ORIENTED_EDGE ( 'NONE', *, *, #6904, .T. ) ;
#2436 = SURFACE_SIDE_STYLE ('',( #651 ) ) ;
#2437 = EDGE_LOOP ( 'NONE', ( #11400, #10114, #10117, #1976, #4783, #7764 ) ) ;
#2438 =( GEOMETRIC_REPRESENTATION_CONTEXT ( 3 ) GLOBAL_UNCERTAINTY_ASSIGNED_CONTEXT ( ( #9695 ) ) GLOBAL_UNIT_ASSIGNED_CONTEXT ( ( #1898, #4498, #887 ) ) REPRESENTATION_CONTEXT ( 'NONE', 'WORKASPACE' ) );
#2439 = FILL_AREA_STYLE_COLOUR ( '', #4425 ) ;
#2440 = FILL_AREA_STYLE ('',( #4155 ) ) ;
#2441 = SURFACE_STYLE_FILL_AREA ( #8813 ) ;
#2442 =( CONVERSION_BASED_UNIT ( 'INCH', #599 ) LENGTH_UNIT ( ) NAMED_UNIT ( #8650 ) );
#2443 = PRESENTATION_STYLE_ASSIGNMENT (( #9639 ) ) ;
#2444 = PRESENTATION_LAYER_ASSIGNMENT (  '', '', ( #7111 ) ) ;
#2445 =( LENGTH_UNIT ( ) NAMED_UNIT ( * ) SI_UNIT ( $, .METRE. ) );
#2446 =( LENGTH_UNIT ( ) NAMED_UNIT ( * ) SI_UNIT ( $, .METRE. ) );
#2447 = DIRECTION ( 'NONE',  ( 0.0000000000000000000, 0.0000000000000000000, 1.000000000000000000 ) ) ;
#2448 =( NAMED_UNIT ( * ) SI_UNIT ( $, .STERADIAN. ) SOLID_ANGLE_UNIT ( ) );
#2449 = ORIENTED_EDGE ( 'NONE', *, *, #1736, .T. ) ;
#2450 = EDGE_CURVE ( 'NONE', #804, #6234, #7921, .T. ) ;
#2451 = DIRECTION ( 'NONE',  ( 1.000000000000000000, 1.602884491802569361E-15, -2.711709361697226329E-31 ) ) ;
#2452 = ORIENTED_EDGE ( 'NONE', *, *, #9758, .T. ) ;
#2453 = ORIENTED_EDGE ( 'NONE', *, *, #7170, .F. ) ;
#2454 =( NAMED_UNIT ( * ) PLANE_ANGLE_UNIT ( ) SI_UNIT ( $, .RADIAN. ) );
#2455 = CARTESIAN_POINT ( 'NONE',  ( -0.06889763779527570409, 0.05610236220472458041, 0.1624015748031496786 ) ) ;
#2456 = EDGE_CURVE ( 'NONE', #975, #3608, #298, .T. ) ;
#2457 =( NAMED_UNIT ( * ) PLANE_ANGLE_UNIT ( ) SI_UNIT ( $, .RADIAN. ) );
#2458 = DIRECTION ( 'NONE',  ( -2.348093788196917952E-30, 1.644517855226018450E-15, 1.000000000000000000 ) ) ;
#2459 = SURFACE_STYLE_FILL_AREA ( #1513 ) ;
#2460 = PLANE ( 'NONE',  #10785 ) ;
#2461 =( NAMED_UNIT ( * ) SI_UNIT ( $, .STERADIAN. ) SOLID_ANGLE_UNIT ( ) );
#2462 = VERTEX_POINT ( 'NONE', #10178 ) ;
#2463 = DIRECTION ( 'NONE',  ( 1.602884491802569361E-15, -1.000000000000000000, 1.644517855226017859E-15 ) ) ;
#2464 = LENGTH_MEASURE_WITH_UNIT ( LENGTH_MEASURE( 0.02539999999999999897 ), #8606 );
#2465 = CIRCLE ( 'NONE', #374, 0.005168431248992119698 ) ;
#2466 = EDGE_CURVE ( 'NONE', #7499, #8064, #8870, .T. ) ;
#2467 = PRESENTATION_STYLE_ASSIGNMENT (( #5061 ) ) ;
#2468 = EDGE_CURVE ( 'NONE', #4134, #9246, #4960, .T. ) ;
#2469 = UNCERTAINTY_MEASURE_WITH_UNIT (LENGTH_MEASURE( 1.000000000000000082E-05 ), #2206, 'distance_accuracy_value', 'NONE');
#2470 = DIMENSIONAL_EXPONENTS ( 1.000000000000000000, 0.0000000000000000000, 0.0000000000000000000, 0.0000000000000000000, 0.0000000000000000000, 0.0000000000000000000, 0.0000000000000000000 ) ;
#2471 = DIRECTION ( 'NONE',  ( -0.6057866173735902970, -2.279429041416054056E-15, -0.7956271577887871205 ) ) ;
#2472 = CARTESIAN_POINT ( 'NONE',  ( 0.06018589945968472882, 0.1998031496062996348, -0.3162882616643938882 ) ) ;
#2473 = DIRECTION ( 'NONE',  ( 1.602884491802569361E-15, -1.000000000000000000, 1.644517855226018450E-15 ) ) ;
#2474 = ORIENTED_EDGE ( 'NONE', *, *, #1008, .T. ) ;
#2475 = DIRECTION ( 'NONE',  ( 1.602884491802569361E-15, -1.000000000000000000, 1.644517855226017859E-15 ) ) ;
#2476 = CLOSED_SHELL ( 'NONE', ( #5407, #5780, #1157, #432, #11206, #9532, #5892, #2605 ) ) ;
#2477 = DIRECTION ( 'NONE',  ( -1.000000000000000000, -1.602884491802569361E-15, 2.711709361697226329E-31 ) ) ;
#2478 = COLOUR_RGB ( '',1.000000000000000000, 1.000000000000000000, 1.000000000000000000 ) ;
#2479 = EDGE_CURVE ( 'NONE', #844, #11463, #10121, .T. ) ;
#2480 = ORIENTED_EDGE ( 'NONE', *, *, #3253, .T. ) ;
#2481 = VECTOR ( 'NONE', #10007, 39.37007874015748143 ) ;
#2482 = CARTESIAN_POINT ( 'NONE',  ( 0.06018589945968479821, 0.1564960629921264557, -0.1663385826771654197 ) ) ;
#2483 = COLOUR_RGB ( '',0.7607843137254901578, 0.7607843137254901578, 0.0000000000000000000 ) ;
#2484 = VECTOR ( 'NONE', #4592, 39.37007874015748143 ) ;
#2485 = SURFACE_SIDE_STYLE ('',( #3319 ) ) ;
#2486 =( NAMED_UNIT ( * ) SI_UNIT ( $, .STERADIAN. ) SOLID_ANGLE_UNIT ( ) );
#2487 = ORIENTED_EDGE ( 'NONE', *, *, #3556, .F. ) ;
#2488 = DIRECTION ( 'NONE',  ( 6.749499564049081992E-10, 1.000000000000000000, -1.644517855226017859E-15 ) ) ;
#2489 = CARTESIAN_POINT ( 'NONE',  ( 0.01934165959543282173, 0.1564960629921263446, -0.06633858267716544188 ) ) ;
#2490 = LINE ( 'NONE', #5258, #10251 ) ;
#2491 = COLOUR_RGB ( '',0.7607843137254901578, 0.7607843137254901578, 0.0000000000000000000 ) ;
#2492 = MECHANICAL_DESIGN_GEOMETRIC_PRESENTATION_REPRESENTATION (  '', ( #4574 ), #52 ) ;
#2493 = ORIENTED_EDGE ( 'NONE', *, *, #999, .T. ) ;
#2494 = EDGE_LOOP ( 'NONE', ( #899, #10654, #3920, #3964 ) ) ;
#2495 = DIRECTION ( 'NONE',  ( 1.594929680954371539E-16, -0.09950371902099727772, 0.9950371902099893751 ) ) ;
#2496 = LINE ( 'NONE', #3506, #7285 ) ;
#2497 = CARTESIAN_POINT ( 'NONE',  ( 0.1535433070866145389, -0.1722440944881884484, -0.2879921259842515013 ) ) ;
#2498 =( NAMED_UNIT ( * ) SI_UNIT ( $, .STERADIAN. ) SOLID_ANGLE_UNIT ( ) );
#2499 =( NAMED_UNIT ( * ) PLANE_ANGLE_UNIT ( ) SI_UNIT ( $, .RADIAN. ) );
#2500 = CARTESIAN_POINT ( 'NONE',  ( 0.06018589945968472882, 0.2037401574803153481, 0.1297244094488187449 ) ) ;
#2501 = PRESENTATION_LAYER_ASSIGNMENT (  '', '', ( #2884 ) ) ;
#2502 = FILL_AREA_STYLE_COLOUR ( '', #1067 ) ;
#2503 = CARTESIAN_POINT ( 'NONE',  ( 0.06929133858267698398, 0.1269685039370083146, -0.06633858267716538637 ) ) ;
#2504 = ORIENTED_EDGE ( 'NONE', *, *, #8607, .T. ) ;
#2505 = VECTOR ( 'NONE', #152, 39.37007874015748143 ) ;
#2506 = ORIENTED_EDGE ( 'NONE', *, *, #5422, .T. ) ;
#2507 = VERTEX_POINT ( 'NONE', #5732 ) ;
#2508 =( NAMED_UNIT ( * ) SI_UNIT ( $, .STERADIAN. ) SOLID_ANGLE_UNIT ( ) );
#2509 = LINE ( 'NONE', #614, #9075 ) ;
#2510 =( NAMED_UNIT ( * ) PLANE_ANGLE_UNIT ( ) SI_UNIT ( $, .RADIAN. ) );
#2511 = SURFACE_STYLE_FILL_AREA ( #5152 ) ;
#2512 = PRESENTATION_STYLE_ASSIGNMENT (( #10393 ) ) ;
#2513 = EDGE_CURVE ( 'NONE', #517, #8104, #7520, .T. ) ;
#2514 = PLANE ( 'NONE',  #7239 ) ;
#2515 = VECTOR ( 'NONE', #4447, 39.37007874015748143 ) ;
#2516 =( CONVERSION_BASED_UNIT ( 'INCH', #8779 ) LENGTH_UNIT ( ) NAMED_UNIT ( #1054 ) );
#2517 = ADVANCED_FACE ( 'NONE', ( #9342 ), #244, .F. ) ;
#2518 = VECTOR ( 'NONE', #5487, 39.37007874015748143 ) ;
#2519 = FACE_OUTER_BOUND ( 'NONE', #344, .T. ) ;
#2520 = DIRECTION ( 'NONE',  ( 4.788507553440025214E-13, -1.000000000000000000, 2.236891227802259687E-13 ) ) ;
#2521 = UNCERTAINTY_MEASURE_WITH_UNIT (LENGTH_MEASURE( 1.000000000000000082E-05 ), #8339, 'distance_accuracy_value', 'NONE');
#2522 = CARTESIAN_POINT ( 'NONE',  ( 0.06018589945968472882, 0.2037401574803153481, -0.1214566929133859968 ) ) ;
#2523 = DIRECTION ( 'NONE',  ( 0.0000000000000000000, 0.0000000000000000000, 1.000000000000000000 ) ) ;
#2524 = ADVANCED_FACE ( 'NONE', ( #464 ), #10244, .T. ) ;
#2525 =( NAMED_UNIT ( * ) PLANE_ANGLE_UNIT ( ) SI_UNIT ( $, .RADIAN. ) );
#2526 = ADVANCED_FACE ( 'NONE', ( #8392 ), #1371, .F. ) ;
#2527 = VERTEX_POINT ( 'NONE', #3260 ) ;
#2528 = DIMENSIONAL_EXPONENTS ( 1.000000000000000000, 0.0000000000000000000, 0.0000000000000000000, 0.0000000000000000000, 0.0000000000000000000, 0.0000000000000000000, 0.0000000000000000000 ) ;
#2529 = AXIS2_PLACEMENT_3D ( 'NONE', #70, #1774, #1959 ) ;
#2530 = FILL_AREA_STYLE ('',( #815 ) ) ;
#2531 =( LENGTH_UNIT ( ) NAMED_UNIT ( * ) SI_UNIT ( $, .METRE. ) );
#2532 = ADVANCED_FACE ( 'NONE', ( #701 ), #6807, .F. ) ;
#2533 = TOROIDAL_SURFACE ( 'NONE', #4424, 0.02854330708661417110, 0.003937007874015747977 ) ;
#2534 = PRESENTATION_LAYER_ASSIGNMENT (  '', '', ( #3114 ) ) ;
#2535 = CARTESIAN_POINT ( 'NONE',  ( 0.01934165962471621689, 0.1998031496062994683, -0.02539370078740173925 ) ) ;
#2536 = DIRECTION ( 'NONE',  ( 1.602884491802569361E-15, -1.000000000000000000, 1.644517855226017859E-15 ) ) ;
#2537 =( CONVERSION_BASED_UNIT ( 'INCH', #5949 ) LENGTH_UNIT ( ) NAMED_UNIT ( #4882 ) );
#2538 = FILL_AREA_STYLE ('',( #9624 ) ) ;
#2539 = EDGE_CURVE ( 'NONE', #1866, #8750, #5128, .T. ) ;
#2540 = ORIENTED_EDGE ( 'NONE', *, *, #1980, .T. ) ;
#2541 = EDGE_LOOP ( 'NONE', ( #2196, #11052, #2506, #7561, #1687, #10719 ) ) ;
#2542 = LINE ( 'NONE', #1109, #675 ) ;
#2543 = DIRECTION ( 'NONE',  ( 0.6057866173740993343, 2.279429041416232339E-15, 0.7956271577883993196 ) ) ;
#2544 = VERTEX_POINT ( 'NONE', #8569 ) ;
#2545 = DIRECTION ( 'NONE',  ( -1.602884491802569361E-15, 1.000000000000000000, -1.644517855226017859E-15 ) ) ;
#2546 = STYLED_ITEM ( 'NONE', ( #410 ), #7196 ) ;
#2547 = PRESENTATION_LAYER_ASSIGNMENT (  '', '', ( #5367 ) ) ;
#2548 = ORIENTED_EDGE ( 'NONE', *, *, #573, .T. ) ;
#2549 = FILL_AREA_STYLE_COLOUR ( '', #8080 ) ;
#2550 = VERTEX_POINT ( 'NONE', #11278 ) ;
#2551 = CARTESIAN_POINT ( 'NONE',  ( 0.01934165959544855914, 0.1643700787401577157, -0.02539370078740166639 ) ) ;
#2552 = DIRECTION ( 'NONE',  ( -0.6057866173738133408, 3.374170927560872739E-16, 0.7956271577886172564 ) ) ;
#2553 = UNCERTAINTY_MEASURE_WITH_UNIT (LENGTH_MEASURE( 1.000000000000000082E-05 ), #9844, 'distance_accuracy_value', 'NONE');
#2554 = DIRECTION ( 'NONE',  ( -0.7956271577886172564, -2.775557561562892140E-15, -0.6057866173738131188 ) ) ;
#2555 = DIRECTION ( 'NONE',  ( -6.234788562956082048E-10, -1.000000000000000000, -8.959562889578396700E-14 ) ) ;
#2556 = CIRCLE ( 'NONE', #2753, 0.003937007874015776600 ) ;
#2557 =( NAMED_UNIT ( * ) SI_UNIT ( $, .STERADIAN. ) SOLID_ANGLE_UNIT ( ) );
#2558 = DIRECTION ( 'NONE',  ( 0.7956271577886170343, 0.0000000000000000000, 0.6057866173738133408 ) ) ;
#2559 =( NAMED_UNIT ( * ) PLANE_ANGLE_UNIT ( ) SI_UNIT ( $, .RADIAN. ) );
#2560 = LINE ( 'NONE', #3337, #9314 ) ;
#2561 = DIRECTION ( 'NONE',  ( -1.602884491802569361E-15, 1.000000000000000000, -1.644517855226017859E-15 ) ) ;
#2562 = DIRECTION ( 'NONE',  ( 1.000000000000000000, 1.602884491802569361E-15, -2.711709361697226329E-31 ) ) ;
#2563 = VERTEX_POINT ( 'NONE', #5249 ) ;
#2564 = CIRCLE ( 'NONE', #3320, 0.009105439123007878083 ) ;
#2565 = ORIENTED_EDGE ( 'NONE', *, *, #4321, .F. ) ;
#2566 = PRESENTATION_LAYER_ASSIGNMENT (  '', '', ( #7591 ) ) ;
#2567 =( NAMED_UNIT ( * ) PLANE_ANGLE_UNIT ( ) SI_UNIT ( $, .RADIAN. ) );
#2568 = VERTEX_POINT ( 'NONE', #7686 ) ;
#2569 = ORIENTED_EDGE ( 'NONE', *, *, #3018, .T. ) ;
#2570 = SURFACE_STYLE_FILL_AREA ( #10554 ) ;
#2571 = STYLED_ITEM ( 'NONE', ( #10732 ), #7819 ) ;
#2572 =( NAMED_UNIT ( * ) PLANE_ANGLE_UNIT ( ) SI_UNIT ( $, .RADIAN. ) );
#2573 = SURFACE_STYLE_USAGE ( .BOTH. , #11313 ) ;
#2574 = DIRECTION ( 'NONE',  ( -2.364801230464485631E-30, 1.644517855226018450E-15, 1.000000000000000000 ) ) ;
#2575 = CARTESIAN_POINT ( 'NONE',  ( 0.01209712494559034984, 0.1269685039370081203, -0.1107723084983661815 ) ) ;
#2576 = COLOUR_RGB ( '',1.000000000000000000, 1.000000000000000000, 1.000000000000000000 ) ;
#2577 =( NAMED_UNIT ( * ) SI_UNIT ( $, .STERADIAN. ) SOLID_ANGLE_UNIT ( ) );
#2578 = COLOUR_RGB ( '',0.7607843137254901578, 0.7607843137254901578, 0.0000000000000000000 ) ;
#2579 = PLANE ( 'NONE',  #5080 ) ;
#2580 = UNCERTAINTY_MEASURE_WITH_UNIT (LENGTH_MEASURE( 1.000000000000000082E-05 ), #11479, 'distance_accuracy_value', 'NONE');
#2581 = ORIENTED_EDGE ( 'NONE', *, *, #3255, .F. ) ;
#2582 = VECTOR ( 'NONE', #5204, 39.37007874015748854 ) ;
#2583 =( NAMED_UNIT ( * ) SI_UNIT ( $, .STERADIAN. ) SOLID_ANGLE_UNIT ( ) );
#2584 = EDGE_CURVE ( 'NONE', #4804, #8926, #9451, .T. ) ;
#2585 = AXIS2_PLACEMENT_3D ( 'NONE', #8409, #10139, #1032 ) ;
#2586 = DIRECTION ( 'NONE',  ( -1.594929680954394613E-15, 0.9950371902099890420, -0.09950371902100052512 ) ) ;
#2587 =( NAMED_UNIT ( * ) PLANE_ANGLE_UNIT ( ) SI_UNIT ( $, .RADIAN. ) );
#2588 = DIRECTION ( 'NONE',  ( -0.7213327287321944503, -1.723857616130336537E-17, 0.6925886906813931709 ) ) ;
#2589 = PLANE ( 'NONE',  #11267 ) ;
#2590 = STYLED_ITEM ( 'NONE', ( #2264 ), #9033 ) ;
#2591 = SURFACE_STYLE_USAGE ( .BOTH. , #11570 ) ;
#2593 = PRESENTATION_LAYER_ASSIGNMENT (  '', '', ( #7621 ) ) ;
#2592 = CARTESIAN_POINT ( 'NONE',  ( 0.01934165959543282173, 0.1564960629921264001, -0.2663385826771654807 ) ) ;
#2594 =( CONVERSION_BASED_UNIT ( 'INCH', #11572 ) LENGTH_UNIT ( ) NAMED_UNIT ( #8414 ) );
#2595 = EDGE_LOOP ( 'NONE', ( #9515, #1142, #11546, #6144 ) ) ;
#2596 = MECHANICAL_DESIGN_GEOMETRIC_PRESENTATION_REPRESENTATION (  '', ( #11151 ), #10596 ) ;
#2597 = CARTESIAN_POINT ( 'NONE',  ( 0.06122681038629890909, 0.1998031496062996348, 0.02972440944881874630 ) ) ;
#2598 = SURFACE_STYLE_FILL_AREA ( #5173 ) ;
#2599 = VECTOR ( 'NONE', #10814, 39.37007874015748854 ) ;
#2600 = VECTOR ( 'NONE', #8911, 39.37007874015748854 ) ;
#2601 = EDGE_CURVE ( 'NONE', #1440, #2063, #643, .T. ) ;
#2602 = STYLED_ITEM ( 'NONE', ( #1693 ), #5892 ) ;
#2603 = FACE_OUTER_BOUND ( 'NONE', #11550, .T. ) ;
#2604 =( CONVERSION_BASED_UNIT ( 'INCH', #8920 ) LENGTH_UNIT ( ) NAMED_UNIT ( #8592 ) );
#2605 = ADVANCED_FACE ( 'NONE', ( #3378 ), #10471, .T. ) ;
#2606 = CARTESIAN_POINT ( 'NONE',  ( 0.06018589945968484678, 0.1269685039370082313, 0.1336614173228346247 ) ) ;
#2607 = VERTEX_POINT ( 'NONE', #10811 ) ;
#2608 = ORIENTED_EDGE ( 'NONE', *, *, #9817, .F. ) ;
#2609 = ORIENTED_EDGE ( 'NONE', *, *, #7325, .F. ) ;
#2610 = STYLED_ITEM ( 'NONE', ( #6774 ), #9483 ) ;
#2611 = DIRECTION ( 'NONE',  ( -1.296102601205000191E-12, -1.644517855228095916E-15, -1.000000000000000000 ) ) ;
#2612 = VECTOR ( 'NONE', #9067, 39.37007874015748143 ) ;
#2613 = VERTEX_POINT ( 'NONE', #8148 ) ;
#2614 = COLOUR_RGB ( '',0.7607843137254901578, 0.7607843137254901578, 0.0000000000000000000 ) ;
#2615 = DIMENSIONAL_EXPONENTS ( 1.000000000000000000, 0.0000000000000000000, 0.0000000000000000000, 0.0000000000000000000, 0.0000000000000000000, 0.0000000000000000000, 0.0000000000000000000 ) ;
#2616 = VERTEX_POINT ( 'NONE', #8858 ) ;
#2617 = ADVANCED_FACE ( 'NONE', ( #3783 ), #1053, .F. ) ;
#2618 = EDGE_CURVE ( 'NONE', #4283, #8997, #5369, .T. ) ;
#2619 = VERTEX_POINT ( 'NONE', #1899 ) ;
#2620 = VECTOR ( 'NONE', #3094, 39.37007874015748143 ) ;
#2621 = LENGTH_MEASURE_WITH_UNIT ( LENGTH_MEASURE( 0.02539999999999999897 ), #57 );
#2622 = DIRECTION ( 'NONE',  ( -1.000000000000000000, -1.602884491802642922E-15, -4.458096893095998546E-14 ) ) ;
#2623 =( LENGTH_UNIT ( ) NAMED_UNIT ( * ) SI_UNIT ( $, .METRE. ) );
#2624 =( NAMED_UNIT ( * ) PLANE_ANGLE_UNIT ( ) SI_UNIT ( $, .RADIAN. ) );
#2625 = VECTOR ( 'NONE', #11056, 39.37007874015748143 ) ;
#2626 = DIRECTION ( 'NONE',  ( 1.602884491802569361E-15, -1.000000000000000000, 1.644517855226017859E-15 ) ) ;
#2627 = SURFACE_SIDE_STYLE ('',( #5087 ) ) ;
#2628 = FILL_AREA_STYLE_COLOUR ( '', #7063 ) ;
#2629 = CARTESIAN_POINT ( 'NONE',  ( -0.1535433070866139282, -0.1407480314960630752, -0.08484251968503893349 ) ) ;
#2630 = ORIENTED_EDGE ( 'NONE', *, *, #8658, .F. ) ;
#2631 = ORIENTED_EDGE ( 'NONE', *, *, #10364, .T. ) ;
#2632 = FILL_AREA_STYLE_COLOUR ( '', #2664 ) ;
#2633 = ORIENTED_EDGE ( 'NONE', *, *, #6183, .F. ) ;
#2634 = ORIENTED_EDGE ( 'NONE', *, *, #7879, .T. ) ;
#2635 = CARTESIAN_POINT ( 'NONE',  ( 0.1464566929133862272, -0.1722440944881884206, -0.3879921259842515346 ) ) ;
#2636 = DIRECTION ( 'NONE',  ( 1.602884491802569361E-15, -1.000000000000000000, 1.644517855226018450E-15 ) ) ;
#2637 = PLANE ( 'NONE',  #6526 ) ;
#2638 = STYLED_ITEM ( 'NONE', ( #7554 ), #10380 ) ;
#2639 =( CONVERSION_BASED_UNIT ( 'INCH', #7941 ) LENGTH_UNIT ( ) NAMED_UNIT ( #5596 ) );
#2640 = FACE_OUTER_BOUND ( 'NONE', #10411, .T. ) ;
#2641 = DIRECTION ( 'NONE',  ( 0.0000000000000000000, 0.0000000000000000000, -1.000000000000000000 ) ) ;
#2642 =( NAMED_UNIT ( * ) SI_UNIT ( $, .STERADIAN. ) SOLID_ANGLE_UNIT ( ) );
#2643 = PRESENTATION_LAYER_ASSIGNMENT (  '', '', ( #7296 ) ) ;
#2644 = DIRECTION ( 'NONE',  ( -1.000000000000000000, -1.602884491802569361E-15, 2.711709361697226329E-31 ) ) ;
#2645 = SURFACE_STYLE_USAGE ( .BOTH. , #10624 ) ;
#2646 = DIRECTION ( 'NONE',  ( -1.602884491802569361E-15, 1.000000000000000000, -1.644517855226017859E-15 ) ) ;
#2647 = COLOUR_RGB ( '',0.7607843137254901578, 0.7607843137254901578, 0.0000000000000000000 ) ;
#2648 =( LENGTH_UNIT ( ) NAMED_UNIT ( * ) SI_UNIT ( $, .METRE. ) );
#2649 = ORIENTED_EDGE ( 'NONE', *, *, #8377, .F. ) ;
#2650 = SURFACE_STYLE_FILL_AREA ( #1524 ) ;
#2651 = DIRECTION ( 'NONE',  ( 2.348093788196917952E-30, -1.644517855226018450E-15, -1.000000000000000000 ) ) ;
#2652 = SURFACE_SIDE_STYLE ('',( #3475 ) ) ;
#2653 = SURFACE_SIDE_STYLE ('',( #6052 ) ) ;
#2654 = UNCERTAINTY_MEASURE_WITH_UNIT (LENGTH_MEASURE( 1.000000000000000082E-05 ), #3099, 'distance_accuracy_value', 'NONE');
#2655 = DIRECTION ( 'NONE',  ( -1.000000000000000000, -1.602884491802569361E-15, 2.711709361697226329E-31 ) ) ;
#2656 = SURFACE_STYLE_USAGE ( .BOTH. , #1643 ) ;
#2657 = DIRECTION ( 'NONE',  ( -1.000000000000000000, -1.602884491802569361E-15, 2.711709361697226329E-31 ) ) ;
#2658 =( NAMED_UNIT ( * ) SI_UNIT ( $, .STERADIAN. ) SOLID_ANGLE_UNIT ( ) );
#2659 = ORIENTED_EDGE ( 'NONE', *, *, #11496, .F. ) ;
#2660 = CARTESIAN_POINT ( 'NONE',  ( -0.1535433070866145111, 0.2273622047244095445, -0.4458661417322836718 ) ) ;
#2661 = EDGE_CURVE ( 'NONE', #1994, #7796, #9846, .T. ) ;
#2662 = FACE_OUTER_BOUND ( 'NONE', #760, .T. ) ;
#2663 = DIRECTION ( 'NONE',  ( -1.000000000000000000, -1.602884491802569361E-15, 2.711709361697226329E-31 ) ) ;
#2664 = COLOUR_RGB ( '',0.7607843137254901578, 0.7607843137254901578, 0.0000000000000000000 ) ;
#2665 = UNCERTAINTY_MEASURE_WITH_UNIT (LENGTH_MEASURE( 1.000000000000000082E-05 ), #4638, 'distance_accuracy_value', 'NONE');
#2666 = CARTESIAN_POINT ( 'NONE',  ( -0.1464566929133855888, -0.1407480314960629919, -0.1848425196850389252 ) ) ;
#2667 =( NAMED_UNIT ( * ) SI_UNIT ( $, .STERADIAN. ) SOLID_ANGLE_UNIT ( ) );
#2668 = PRESENTATION_STYLE_ASSIGNMENT (( #6400 ) ) ;
#2669 = VECTOR ( 'NONE', #1476, 39.37007874015748143 ) ;
#2670 = ORIENTED_EDGE ( 'NONE', *, *, #11370, .F. ) ;
#2671 = STYLED_ITEM ( 'NONE', ( #10456 ), #11155 ) ;
#2672 = LINE ( 'NONE', #1724, #5577 ) ;
#2673 =( NAMED_UNIT ( * ) SI_UNIT ( $, .STERADIAN. ) SOLID_ANGLE_UNIT ( ) );
#2674 = ADVANCED_FACE ( 'NONE', ( #5309 ), #820, .T. ) ;
#2675 = ORIENTED_EDGE ( 'NONE', *, *, #9759, .T. ) ;
#2676 =( NAMED_UNIT ( * ) SI_UNIT ( $, .STERADIAN. ) SOLID_ANGLE_UNIT ( ) );
#2677 = EDGE_CURVE ( 'NONE', #9423, #6327, #10586, .T. ) ;
#2678 = ORIENTED_EDGE ( 'NONE', *, *, #10666, .T. ) ;
#2679 = CIRCLE ( 'NONE', #5887, 0.005168431248992119698 ) ;
#2680 = ORIENTED_EDGE ( 'NONE', *, *, #8620, .F. ) ;
#2681 = PLANE ( 'NONE',  #4943 ) ;
#2682 = LINE ( 'NONE', #1733, #4245 ) ;
#2683 = UNCERTAINTY_MEASURE_WITH_UNIT (LENGTH_MEASURE( 1.000000000000000082E-05 ), #10065, 'distance_accuracy_value', 'NONE');
#2684 =( NAMED_UNIT ( * ) SI_UNIT ( $, .STERADIAN. ) SOLID_ANGLE_UNIT ( ) );
#2685 = LENGTH_MEASURE_WITH_UNIT ( LENGTH_MEASURE( 0.02539999999999999897 ), #7173 );
#2686 = FACE_OUTER_BOUND ( 'NONE', #4212, .T. ) ;
#2687 = CARTESIAN_POINT ( 'NONE',  ( 0.06929133858267692847, 0.1564960629921263724, -0.3253937007874017628 ) ) ;
#2688 = EDGE_CURVE ( 'NONE', #3138, #4722, #9442, .T. ) ;
#2689 = AXIS2_PLACEMENT_3D ( 'NONE', #7969, #751, #8987 ) ;
#2690 = ADVANCED_FACE ( 'NONE', ( #8988 ), #1002, .F. ) ;
#2691 =( NAMED_UNIT ( * ) SI_UNIT ( $, .STERADIAN. ) SOLID_ANGLE_UNIT ( ) );
#2692 = MECHANICAL_DESIGN_GEOMETRIC_PRESENTATION_REPRESENTATION (  '', ( #592 ), #3452 ) ;
#2693 = FILL_AREA_STYLE ('',( #10491 ) ) ;
#2695 = VERTEX_POINT ( 'NONE', #1120 ) ;
#2694 = DIMENSIONAL_EXPONENTS ( 1.000000000000000000, 0.0000000000000000000, 0.0000000000000000000, 0.0000000000000000000, 0.0000000000000000000, 0.0000000000000000000, 0.0000000000000000000 ) ;
#2696 = ORIENTED_EDGE ( 'NONE', *, *, #7869, .T. ) ;
#2697 = ORIENTED_EDGE ( 'NONE', *, *, #2901, .F. ) ;
#2698 =( NAMED_UNIT ( * ) SI_UNIT ( $, .STERADIAN. ) SOLID_ANGLE_UNIT ( ) );
#2699 = ORIENTED_EDGE ( 'NONE', *, *, #2707, .T. ) ;
#2700 = ORIENTED_EDGE ( 'NONE', *, *, #7537, .T. ) ;
#2701 = FILL_AREA_STYLE ('',( #7134 ) ) ;
#2702 = MECHANICAL_DESIGN_GEOMETRIC_PRESENTATION_REPRESENTATION (  '', ( #6238 ), #6977 ) ;
#2703 = DIRECTION ( 'NONE',  ( -1.000000000000000000, -1.602884491802569361E-15, 2.711709361697224578E-31 ) ) ;
#2704 = SURFACE_STYLE_FILL_AREA ( #3809 ) ;
#2705 =( LENGTH_UNIT ( ) NAMED_UNIT ( * ) SI_UNIT ( $, .METRE. ) );
#2706 = FILL_AREA_STYLE_COLOUR ( '', #7636 ) ;
#2707 = EDGE_CURVE ( 'NONE', #7796, #4714, #232, .T. ) ;
#2708 = CARTESIAN_POINT ( 'NONE',  ( 0.06018589945968472882, 0.1998031496062996903, -0.06633858267716551127 ) ) ;
#2709 =( GEOMETRIC_REPRESENTATION_CONTEXT ( 3 ) GLOBAL_UNCERTAINTY_ASSIGNED_CONTEXT ( ( #10345 ) ) GLOBAL_UNIT_ASSIGNED_CONTEXT ( ( #263, #1942, #8307 ) ) REPRESENTATION_CONTEXT ( 'NONE', 'WORKASPACE' ) );
#2710 = STYLED_ITEM ( 'NONE', ( #5050 ), #1009 ) ;
#2711 = UNCERTAINTY_MEASURE_WITH_UNIT (LENGTH_MEASURE( 1.000000000000000082E-05 ), #9632, 'distance_accuracy_value', 'NONE');
#2712 = ORIENTED_EDGE ( 'NONE', *, *, #8234, .F. ) ;
#2713 =( NAMED_UNIT ( * ) SI_UNIT ( $, .STERADIAN. ) SOLID_ANGLE_UNIT ( ) );
#2714 = FILL_AREA_STYLE ('',( #11322 ) ) ;
#2715 = VECTOR ( 'NONE', #8420, 39.37007874015748143 ) ;
#2716 = CARTESIAN_POINT ( 'NONE',  ( 0.06429804372452725680, 0.1998031496062995793, -0.01315729518094504308 ) ) ;
#2717 = DIRECTION ( 'NONE',  ( -0.7956271577887868984, 0.0000000000000000000, 0.6057866173735905191 ) ) ;
#2718 = VERTEX_POINT ( 'NONE', #10860 ) ;
#2719 = DIRECTION ( 'NONE',  ( 1.602884491802569361E-15, -1.000000000000000000, 1.644517855226017859E-15 ) ) ;
#2720 = CARTESIAN_POINT ( 'NONE',  ( -0.1464566929133855888, -0.1407480314960629086, -0.3848425196850389085 ) ) ;
#2721 = LINE ( 'NONE', #8914, #6735 ) ;
#2722 = COLOUR_RGB ( '',0.7607843137254901578, 0.7607843137254901578, 0.0000000000000000000 ) ;
#2723 = LINE ( 'NONE', #10058, #6971 ) ;
#2724 = CARTESIAN_POINT ( 'NONE',  ( 0.06018589945968478433, 0.1643700787401578267, 0.1245559781998424320 ) ) ;
#2725 = DIRECTION ( 'NONE',  ( 2.348093788196916901E-30, -1.644517855226017859E-15, -1.000000000000000000 ) ) ;
#2726 = PRESENTATION_STYLE_ASSIGNMENT (( #4606 ) ) ;
#2727 = VECTOR ( 'NONE', #1944, 39.37007874015748854 ) ;
#2728 = DIRECTION ( 'NONE',  ( -1.602884491802569361E-15, 1.000000000000000000, -1.644517855226017859E-15 ) ) ;
#2729 = VECTOR ( 'NONE', #4795, 39.37007874015748143 ) ;
#2730 = ORIENTED_EDGE ( 'NONE', *, *, #1901, .F. ) ;
#2731 = ORIENTED_EDGE ( 'NONE', *, *, #6557, .T. ) ;
#2732 =( GEOMETRIC_REPRESENTATION_CONTEXT ( 3 ) GLOBAL_UNCERTAINTY_ASSIGNED_CONTEXT ( ( #2805 ) ) GLOBAL_UNIT_ASSIGNED_CONTEXT ( ( #3202, #9399, #6757 ) ) REPRESENTATION_CONTEXT ( 'NONE', 'WORKASPACE' ) );
#2733 = AXIS2_PLACEMENT_3D ( 'NONE', #4113, #10445, #7654 ) ;
#2734 = CARTESIAN_POINT ( 'NONE',  ( 0.1535433070866144833, -0.1407480314960625478, -0.2068897637795271138 ) ) ;
#2735 = ORIENTED_EDGE ( 'NONE', *, *, #3403, .T. ) ;
#2736 = EDGE_CURVE ( 'NONE', #7938, #2507, #6273, .T. ) ;
#2737 = LENGTH_MEASURE_WITH_UNIT ( LENGTH_MEASURE( 0.02539999999999999897 ), #9694 );
#2738 = SURFACE_STYLE_FILL_AREA ( #1069 ) ;
#2739 = LINE ( 'NONE', #10713, #1595 ) ;
#2740 =( LENGTH_UNIT ( ) NAMED_UNIT ( * ) SI_UNIT ( $, .METRE. ) );
#2741 = SURFACE_STYLE_FILL_AREA ( #10543 ) ;
#2742 = COLOUR_RGB ( '',0.7607843137254901578, 0.7607843137254901578, 0.0000000000000000000 ) ;
#2743 = PRESENTATION_STYLE_ASSIGNMENT (( #89 ) ) ;
#2744 =( NAMED_UNIT ( * ) PLANE_ANGLE_UNIT ( ) SI_UNIT ( $, .RADIAN. ) );
#2745 = VERTEX_POINT ( 'NONE', #4721 ) ;
#2746 = EDGE_LOOP ( 'NONE', ( #10573, #5526, #5624, #2090 ) ) ;
#2747 = ORIENTED_EDGE ( 'NONE', *, *, #6804, .F. ) ;
#2748 = DIRECTION ( 'NONE',  ( -1.000000000000000000, -1.602884491802569361E-15, 2.711709361697226329E-31 ) ) ;
#2749 = VERTEX_POINT ( 'NONE', #9268 ) ;
#2750 = ORIENTED_EDGE ( 'NONE', *, *, #10368, .F. ) ;
#2751 = DIRECTION ( 'NONE',  ( 1.499671914429180214E-11, -1.000000000000000000, 1.644517855226017859E-15 ) ) ;
#2752 = EDGE_CURVE ( 'NONE', #6117, #6088, #633, .T. ) ;
#2753 = AXIS2_PLACEMENT_3D ( 'NONE', #5294, #9780, #9727 ) ;
#2754 = FILL_AREA_STYLE ('',( #9818 ) ) ;
#2755 = ADVANCED_FACE ( 'NONE', ( #9212 ), #1182, .T. ) ;
#2756 = CARTESIAN_POINT ( 'NONE',  ( 0.06018589945968484678, 0.1269685039370082591, 0.03366141732283462612 ) ) ;
#2757 = CARTESIAN_POINT ( 'NONE',  ( -0.1535433070866138727, -0.1722440944881890590, -0.003740157480314449702 ) ) ;
#2758 = DIRECTION ( 'NONE',  ( 1.602884491802569361E-15, -1.000000000000000000, 1.644517855226017859E-15 ) ) ;
#2759 = PRESENTATION_STYLE_ASSIGNMENT (( #6373 ) ) ;
#2760 = DIRECTION ( 'NONE',  ( -1.000000000000000000, -1.602884491802569361E-15, 2.878783784372901366E-31 ) ) ;
#2761 = PLANE ( 'NONE',  #2585 ) ;
#2762 = EDGE_CURVE ( 'NONE', #2718, #5939, #1429, .T. ) ;
#2763 = LENGTH_MEASURE_WITH_UNIT ( LENGTH_MEASURE( 0.02539999999999999897 ), #9981 );
#2764 = AXIS2_PLACEMENT_3D ( 'NONE', #9439, #2473, #9943 ) ;
#2765 = DIRECTION ( 'NONE',  ( -1.000000000000000000, -1.602884491801855442E-15, 4.339543524116999257E-13 ) ) ;
#2766 = COLOUR_RGB ( '',0.0000000000000000000, 0.0000000000000000000, 1.000000000000000000 ) ;
#2767 = VECTOR ( 'NONE', #8954, 39.37007874015748143 ) ;
#2768 = CARTESIAN_POINT ( 'NONE',  ( -0.06929133858267740032, 0.1269685039370080093, -0.1253937007874016407 ) ) ;
#2769 = VERTEX_POINT ( 'NONE', #6990 ) ;
#2770 = AXIS2_PLACEMENT_3D ( 'NONE', #9601, #8484, #6958 ) ;
#2771 = DIRECTION ( 'NONE',  ( 0.0000000000000000000, 0.0000000000000000000, 1.000000000000000000 ) ) ;
#2772 = EDGE_CURVE ( 'NONE', #2507, #8689, #8811, .T. ) ;
#2773 = ADVANCED_FACE ( 'NONE', ( #11470 ), #4154, .F. ) ;
#2774 =( LENGTH_UNIT ( ) NAMED_UNIT ( * ) SI_UNIT ( $, .METRE. ) );
#2775 = SURFACE_SIDE_STYLE ('',( #7316 ) ) ;
#2776 = VECTOR ( 'NONE', #704, 39.37007874015748143 ) ;
#2777 = FILL_AREA_STYLE_COLOUR ( '', #1044 ) ;
#2778 = SURFACE_STYLE_USAGE ( .BOTH. , #169 ) ;
#2779 =( GEOMETRIC_REPRESENTATION_CONTEXT ( 3 ) GLOBAL_UNCERTAINTY_ASSIGNED_CONTEXT ( ( #278 ) ) GLOBAL_UNIT_ASSIGNED_CONTEXT ( ( #2442, #8698, #1613 ) ) REPRESENTATION_CONTEXT ( 'NONE', 'WORKASPACE' ) );
#2780 = CARTESIAN_POINT ( 'NONE',  ( 0.06018589945968484678, 0.1269685039370083701, -0.2663385826771654252 ) ) ;
#2781 = FILL_AREA_STYLE ('',( #5419 ) ) ;
#2782 = LINE ( 'NONE', #4365, #5606 ) ;
#2783 = ORIENTED_EDGE ( 'NONE', *, *, #9390, .T. ) ;
#2784 = CARTESIAN_POINT ( 'NONE',  ( -0.1464566929133857831, -0.02263779527559046933, -0.2848425196850391528 ) ) ;
#2785 = STYLED_ITEM ( 'NONE', ( #1437 ), #8017 ) ;
#2786 = LINE ( 'NONE', #10804, #9578 ) ;
#2787 = LENGTH_MEASURE_WITH_UNIT ( LENGTH_MEASURE( 0.02539999999999999897 ), #6445 );
#2788 = STYLED_ITEM ( 'NONE', ( #9187 ), #5109 ) ;
#2789 = AXIS2_PLACEMENT_3D ( 'NONE', #6724, #7374, #3877 ) ;
#2790 =( GEOMETRIC_REPRESENTATION_CONTEXT ( 3 ) GLOBAL_UNCERTAINTY_ASSIGNED_CONTEXT ( ( #8753 ) ) GLOBAL_UNIT_ASSIGNED_CONTEXT ( ( #11474, #4336, #10542 ) ) REPRESENTATION_CONTEXT ( 'NONE', 'WORKASPACE' ) );
#2791 = CARTESIAN_POINT ( 'NONE',  ( 0.06018589945968472882, 0.1998031496062995793, -0.1162882616643938632 ) ) ;
#2792 = UNCERTAINTY_MEASURE_WITH_UNIT (LENGTH_MEASURE( 1.000000000000000082E-05 ), #7017, 'distance_accuracy_value', 'NONE');
#2793 = AXIS2_PLACEMENT_3D ( 'NONE', #6889, #7820, #2332 ) ;
#2794 = FILL_AREA_STYLE_COLOUR ( '', #5365 ) ;
#2795 = ORIENTED_EDGE ( 'NONE', *, *, #8169, .T. ) ;
#2796 =( NAMED_UNIT ( * ) PLANE_ANGLE_UNIT ( ) SI_UNIT ( $, .RADIAN. ) );
#2797 = ORIENTED_EDGE ( 'NONE', *, *, #6660, .T. ) ;
#2798 = VECTOR ( 'NONE', #7915, 39.37007874015748143 ) ;
#2799 = AXIS2_PLACEMENT_3D ( 'NONE', #11508, #3544, #7089 ) ;
#2800 = VECTOR ( 'NONE', #7684, 39.37007874015748143 ) ;
#2801 = ORIENTED_EDGE ( 'NONE', *, *, #1965, .T. ) ;
#2802 = CARTESIAN_POINT ( 'NONE',  ( -0.06929133858267740032, 0.1269685039370081758, -0.2663385826771654252 ) ) ;
#2803 = ORIENTED_EDGE ( 'NONE', *, *, #3189, .F. ) ;
#2804 = FACE_OUTER_BOUND ( 'NONE', #5393, .T. ) ;
#2805 = UNCERTAINTY_MEASURE_WITH_UNIT (LENGTH_MEASURE( 1.000000000000000082E-05 ), #3202, 'distance_accuracy_value', 'NONE');
#2806 = COLOUR_RGB ( '',0.7607843137254901578, 0.7607843137254901578, 0.0000000000000000000 ) ;
#2807 = DIRECTION ( 'NONE',  ( 1.594929680954395007E-15, -0.9950371902099891530, -0.09950371902099724997 ) ) ;
#2808 = CIRCLE ( 'NONE', #9333, 0.003937007874015724558 ) ;
#2809 = CARTESIAN_POINT ( 'NONE',  ( 0.06018589945968472882, 0.1998031496062996903, -0.4214566929133859996 ) ) ;
#2810 = CARTESIAN_POINT ( 'NONE',  ( -0.1464566929133855888, -0.1407480314960630752, -0.1068897637795270944 ) ) ;
#2811 = AXIS2_PLACEMENT_3D ( 'NONE', #1217, #2282, #5757 ) ;
#2812 = FILL_AREA_STYLE_COLOUR ( '', #3543 ) ;
#2813 = DIRECTION ( 'NONE',  ( 0.7956271577886194768, 0.0000000000000000000, 0.6057866173738100102 ) ) ;
#2814 = CARTESIAN_POINT ( 'NONE',  ( 0.1535433070866143168, -0.02263779527559005300, -0.08484251968503912777 ) ) ;
#2815 = ORIENTED_EDGE ( 'NONE', *, *, #8818, .T. ) ;
#2816 = DIMENSIONAL_EXPONENTS ( 1.000000000000000000, 0.0000000000000000000, 0.0000000000000000000, 0.0000000000000000000, 0.0000000000000000000, 0.0000000000000000000, 0.0000000000000000000 ) ;
#2817 = EDGE_CURVE ( 'NONE', #1442, #10390, #4055, .T. ) ;
#2818 = AXIS2_PLACEMENT_3D ( 'NONE', #10933, #3858, #9921 ) ;
#2819 = LINE ( 'NONE', #783, #3218 ) ;
#2820 = EDGE_LOOP ( 'NONE', ( #10917, #2055, #3137, #7999, #4736, #11481, #8888, #665 ) ) ;
#2821 = AXIS2_PLACEMENT_3D ( 'NONE', #151, #97, #6261 ) ;
#2822 = CARTESIAN_POINT ( 'NONE',  ( 0.06929133858267698398, 0.1269685039370082591, 0.03366141732283462612 ) ) ;
#2823 =( NAMED_UNIT ( * ) PLANE_ANGLE_UNIT ( ) SI_UNIT ( $, .RADIAN. ) );
#2824 = DIRECTION ( 'NONE',  ( 1.000000000000000000, 1.602884491802569361E-15, -2.711709361697226329E-31 ) ) ;
#2825 = DIRECTION ( 'NONE',  ( 4.788507553440025214E-13, -1.000000000000000000, 2.236891227802259687E-13 ) ) ;
#2826 = DIRECTION ( 'NONE',  ( 0.7956271577885690727, 2.775557561562890562E-15, 0.6057866173738766236 ) ) ;
#2827 = AXIS2_PLACEMENT_3D ( 'NONE', #3736, #5437, #9039 ) ;
#2828 = DIRECTION ( 'NONE',  ( 1.594929680954395007E-15, -0.9950371902099891530, -0.09950371902099724997 ) ) ;
#2829 = FILL_AREA_STYLE_COLOUR ( '', #5053 ) ;
#2830 = LINE ( 'NONE', #8897, #10194 ) ;
#2831 = ADVANCED_FACE ( 'NONE', ( #596 ), #714, .T. ) ;
#2832 = FILL_AREA_STYLE_COLOUR ( '', #6379 ) ;
#2833 =( GEOMETRIC_REPRESENTATION_CONTEXT ( 3 ) GLOBAL_UNCERTAINTY_ASSIGNED_CONTEXT ( ( #9491 ) ) GLOBAL_UNIT_ASSIGNED_CONTEXT ( ( #2360, #7680, #9332 ) ) REPRESENTATION_CONTEXT ( 'NONE', 'WORKASPACE' ) );
#2834 = EDGE_LOOP ( 'NONE', ( #7677, #11361, #4148, #7109 ) ) ;
#2835 = EDGE_CURVE ( 'NONE', #62, #1564, #7807, .T. ) ;
#2836 = LENGTH_MEASURE_WITH_UNIT ( LENGTH_MEASURE( 0.02539999999999999897 ), #11562 );
#2837 = CARTESIAN_POINT ( 'NONE',  ( 0.1464566929133859496, -0.02263779527559000096, -0.2848425196850391528 ) ) ;
#2838 = SURFACE_STYLE_USAGE ( .BOTH. , #2775 ) ;
#2839 = SURFACE_SIDE_STYLE ('',( #5647 ) ) ;
#2840 = CARTESIAN_POINT ( 'NONE',  ( 0.1464566929133859496, -0.02263779527559010157, 0.01515748031496088298 ) ) ;
#2841 = LENGTH_MEASURE_WITH_UNIT ( LENGTH_MEASURE( 0.02539999999999999897 ), #3950 );
#2842 = SURFACE_STYLE_USAGE ( .BOTH. , #7959 ) ;
#2843 = ORIENTED_EDGE ( 'NONE', *, *, #3757, .F. ) ;
#2844 =( GEOMETRIC_REPRESENTATION_CONTEXT ( 3 ) GLOBAL_UNCERTAINTY_ASSIGNED_CONTEXT ( ( #7839 ) ) GLOBAL_UNIT_ASSIGNED_CONTEXT ( ( #6510, #10965, #11143 ) ) REPRESENTATION_CONTEXT ( 'NONE', 'WORKASPACE' ) );
#2845 = DIRECTION ( 'NONE',  ( -1.000000000000000000, -1.602884491802569361E-15, 2.878783784372901366E-31 ) ) ;
#2846 = EDGE_CURVE ( 'NONE', #10349, #844, #4390, .T. ) ;
#2847 = ADVANCED_FACE ( 'NONE', ( #7752 ), #9643, .T. ) ;
#2848 = LINE ( 'NONE', #272, #971 ) ;
#2849 = DIRECTION ( 'NONE',  ( 1.602884491802569361E-15, -1.000000000000000000, 1.644517855226017859E-15 ) ) ;
#2850 = MECHANICAL_DESIGN_GEOMETRIC_PRESENTATION_REPRESENTATION (  '', ( #5655 ), #3400 ) ;
#2851 = DIRECTION ( 'NONE',  ( -0.1140686577440001431, -1.816622754153543789E-15, -0.9934728689403059532 ) ) ;
#2852 = LINE ( 'NONE', #5541, #1699 ) ;
#2853 = CARTESIAN_POINT ( 'NONE',  ( 0.06929133858267687296, 0.1958661417322838660, 0.1336614173228345137 ) ) ;
#2854 =( NAMED_UNIT ( * ) SI_UNIT ( $, .STERADIAN. ) SOLID_ANGLE_UNIT ( ) );
#2855 = VERTEX_POINT ( 'NONE', #1626 ) ;
#2856 = CARTESIAN_POINT ( 'NONE',  ( 0.01934165959544855914, 0.1643700787401578545, -0.1754440218001575846 ) ) ;
#2857 = EDGE_CURVE ( 'NONE', #2053, #2340, #2509, .T. ) ;
#2858 = EDGE_LOOP ( 'NONE', ( #9958, #9509, #1190, #6213, #4860, #7697, #3322, #483 ) ) ;
#2859 = MECHANICAL_DESIGN_GEOMETRIC_PRESENTATION_REPRESENTATION (  '', ( #4163 ), #5480 ) ;
#2860 = ORIENTED_EDGE ( 'NONE', *, *, #4474, .F. ) ;
#2861 = ORIENTED_EDGE ( 'NONE', *, *, #3626, .F. ) ;
#2862 = PRESENTATION_STYLE_ASSIGNMENT (( #10767 ) ) ;
#2863 = MECHANICAL_DESIGN_GEOMETRIC_PRESENTATION_REPRESENTATION (  '', ( #2671 ), #6763 ) ;
#2864 = CARTESIAN_POINT ( 'NONE',  ( 0.01934165959544849669, 0.2037401574803152093, 0.07854330708661401428 ) ) ;
#2865 = CARTESIAN_POINT ( 'NONE',  ( 0.01209712494558641202, 0.1269685039370083146, -0.3809599749661812806 ) ) ;
#2866 = CARTESIAN_POINT ( 'NONE',  ( -0.1464566929133855888, -0.1407480314960629919, -0.3068897637795270916 ) ) ;
#2867 = SURFACE_STYLE_USAGE ( .BOTH. , #1973 ) ;
#2868 = DIRECTION ( 'NONE',  ( 1.594929680954371539E-16, -0.09950371902099727772, 0.9950371902099893751 ) ) ;
#2869 =( NAMED_UNIT ( * ) SI_UNIT ( $, .STERADIAN. ) SOLID_ANGLE_UNIT ( ) );
#2870 = ORIENTED_EDGE ( 'NONE', *, *, #7877, .F. ) ;
#2871 = AXIS2_PLACEMENT_3D ( 'NONE', #9074, #9778, #10842 ) ;
#2872 = ORIENTED_EDGE ( 'NONE', *, *, #8313, .F. ) ;
#2873 = CARTESIAN_POINT ( 'NONE',  ( 0.06018589945980290512, 0.1564960629921264001, -0.4253937007874017406 ) ) ;
#2874 = CARTESIAN_POINT ( 'NONE',  ( 0.01934165959543282173, 0.1564960629921262614, 0.1336614173228345692 ) ) ;
#2875 = DIRECTION ( 'NONE',  ( 1.602884491802569361E-15, -1.000000000000000000, 1.644517855226018450E-15 ) ) ;
#2876 = CARTESIAN_POINT ( 'NONE',  ( 0.1464566929133859496, -0.02263779527559003565, -0.3068897637795273137 ) ) ;
#2877 = SURFACE_STYLE_FILL_AREA ( #4533 ) ;
#2878 =( GEOMETRIC_REPRESENTATION_CONTEXT ( 3 ) GLOBAL_UNCERTAINTY_ASSIGNED_CONTEXT ( ( #11043 ) ) GLOBAL_UNIT_ASSIGNED_CONTEXT ( ( #3244, #10405, #3188 ) ) REPRESENTATION_CONTEXT ( 'NONE', 'WORKASPACE' ) );
#2879 = VECTOR ( 'NONE', #750, 39.37007874015748143 ) ;
#2880 = CARTESIAN_POINT ( 'NONE',  ( -0.1535433070866139282, -0.1407480314960631029, 0.01515748031496108768 ) ) ;
#2881 = FACE_OUTER_BOUND ( 'NONE', #4266, .T. ) ;
#2882 = LINE ( 'NONE', #6431, #10580 ) ;
#2883 = MECHANICAL_DESIGN_GEOMETRIC_PRESENTATION_REPRESENTATION (  '', ( #5694 ), #6417 ) ;
#2884 = STYLED_ITEM ( 'NONE', ( #10211 ), #865 ) ;
#2885 = VERTEX_POINT ( 'NONE', #7878 ) ;
#2886 = DIMENSIONAL_EXPONENTS ( 1.000000000000000000, 0.0000000000000000000, 0.0000000000000000000, 0.0000000000000000000, 0.0000000000000000000, 0.0000000000000000000, 0.0000000000000000000 ) ;
#2887 = CARTESIAN_POINT ( 'NONE',  ( 0.1535433070866144833, -0.1407480314960626033, 0.1151574803149610915 ) ) ;
#2888 = DIRECTION ( 'NONE',  ( 1.000000000000000000, 1.602884491802569361E-15, -2.711709361697226329E-31 ) ) ;
#2889 =( LENGTH_UNIT ( ) NAMED_UNIT ( * ) SI_UNIT ( $, .METRE. ) );
#2890 = ADVANCED_FACE ( 'NONE', ( #8597 ), #1570, .T. ) ;
#2891 = SURFACE_SIDE_STYLE ('',( #7319 ) ) ;
#2892 = CARTESIAN_POINT ( 'NONE',  ( 0.06743043410952737071, 0.1269685039370082036, 0.1190400250338188581 ) ) ;
#2893 = CIRCLE ( 'NONE', #3832, 0.02460629921259843353 ) ;
#2894 = ORIENTED_EDGE ( 'NONE', *, *, #3395, .F. ) ;
#2895 = ADVANCED_FACE ( 'NONE', ( #7767 ), #9711, .F. ) ;
#2896 =( NAMED_UNIT ( * ) SI_UNIT ( $, .STERADIAN. ) SOLID_ANGLE_UNIT ( ) );
#2897 = LINE ( 'NONE', #3669, #6006 ) ;
#2898 = DIMENSIONAL_EXPONENTS ( 1.000000000000000000, 0.0000000000000000000, 0.0000000000000000000, 0.0000000000000000000, 0.0000000000000000000, 0.0000000000000000000, 0.0000000000000000000 ) ;
#2899 = STYLED_ITEM ( 'NONE', ( #3212 ), #2180 ) ;
#2900 = DIRECTION ( 'NONE',  ( 1.602884491802569361E-15, -1.000000000000000000, 1.644517855226017859E-15 ) ) ;
#2901 = EDGE_CURVE ( 'NONE', #30, #2429, #6454, .T. ) ;
#2902 = ADVANCED_FACE ( 'NONE', ( #11189 ), #6782, .F. ) ;
#2903 = CARTESIAN_POINT ( 'NONE',  ( 0.01934165959544849669, 0.2037401574803152648, -0.1214566929133859968 ) ) ;
#2904 = PRESENTATION_STYLE_ASSIGNMENT (( #1001 ) ) ;
#2905 = EDGE_LOOP ( 'NONE', ( #11525, #3251, #5045, #9633 ) ) ;
#2906 =( NAMED_UNIT ( * ) PLANE_ANGLE_UNIT ( ) SI_UNIT ( $, .RADIAN. ) );
#2907 = AXIS2_PLACEMENT_3D ( 'NONE', #4732, #2202, #408 ) ;
#2908 = VERTEX_POINT ( 'NONE', #1026 ) ;
#2909 = ORIENTED_EDGE ( 'NONE', *, *, #4038, .F. ) ;
#2910 = CARTESIAN_POINT ( 'NONE',  ( -0.06929133858267744195, 0.1564960629921261226, 0.1336614173228345692 ) ) ;
#2911 = ORIENTED_EDGE ( 'NONE', *, *, #8194, .F. ) ;
#2912 = MECHANICAL_DESIGN_GEOMETRIC_PRESENTATION_REPRESENTATION (  '', ( #93 ), #7567 ) ;
#2913 = ADVANCED_FACE ( 'NONE', ( #7189 ), #10619, .F. ) ;
#2914 = DIMENSIONAL_EXPONENTS ( 1.000000000000000000, 0.0000000000000000000, 0.0000000000000000000, 0.0000000000000000000, 0.0000000000000000000, 0.0000000000000000000, 0.0000000000000000000 ) ;
#2915 = UNCERTAINTY_MEASURE_WITH_UNIT (LENGTH_MEASURE( 1.000000000000000082E-05 ), #8615, 'distance_accuracy_value', 'NONE');
#2916 = PRESENTATION_STYLE_ASSIGNMENT (( #4731 ) ) ;
#2917 = DIRECTION ( 'NONE',  ( 0.7956271577886186996, 1.875148439272796853E-15, 0.6057866173738113424 ) ) ;
#2918 = CARTESIAN_POINT ( 'NONE',  ( 0.1535433070866143168, -0.02263779527559001831, -0.1848425196850391194 ) ) ;
#2919 = PRESENTATION_STYLE_ASSIGNMENT (( #9919 ) ) ;
#2920 = CARTESIAN_POINT ( 'NONE',  ( -0.1535433070866141225, -0.02263779527559054566, -0.08484251968503912777 ) ) ;
#2921 = ORIENTED_EDGE ( 'NONE', *, *, #1523, .T. ) ;
#2922 = STYLED_ITEM ( 'NONE', ( #1382 ), #6903 ) ;
#2923 = CARTESIAN_POINT ( 'NONE',  ( -0.1464566929133855888, -0.1407480314960630197, -0.08484251968503893349 ) ) ;
#2924 = EDGE_LOOP ( 'NONE', ( #12, #9516, #4673 ) ) ;
#2925 =( NAMED_UNIT ( * ) SI_UNIT ( $, .STERADIAN. ) SOLID_ANGLE_UNIT ( ) );
#2926 = CARTESIAN_POINT ( 'NONE',  ( 0.06929133858267687296, 0.1958661417322838660, 0.1336614173228345137 ) ) ;
#2927 = DIRECTION ( 'NONE',  ( -2.348093788196917952E-30, 1.644517855226018450E-15, 1.000000000000000000 ) ) ;
#2928 = DIRECTION ( 'NONE',  ( 2.348093788196917952E-30, -1.644517855226018450E-15, -1.000000000000000000 ) ) ;
#2929 = FILL_AREA_STYLE ('',( #3042 ) ) ;
#2930 = VECTOR ( 'NONE', #10360, 39.37007874015748143 ) ;
#2931 = VECTOR ( 'NONE', #10998, 39.37007874015748143 ) ;
#2932 = CARTESIAN_POINT ( 'NONE',  ( -0.06889763779527563470, 0.008858267716535609890, 0.1702755905511812995 ) ) ;
#2933 = CYLINDRICAL_SURFACE ( 'NONE', #5593, 0.003937007874015758385 ) ;
#2934 = ORIENTED_EDGE ( 'NONE', *, *, #492, .F. ) ;
#2935 =( NAMED_UNIT ( * ) SI_UNIT ( $, .STERADIAN. ) SOLID_ANGLE_UNIT ( ) );
#2936 = ORIENTED_EDGE ( 'NONE', *, *, #7023, .T. ) ;
#2937 = DIRECTION ( 'NONE',  ( 0.7956271577886186996, 1.875148439272796853E-15, 0.6057866173738113424 ) ) ;
#2938 = DIRECTION ( 'NONE',  ( 1.000000000000000000, 1.602884491802569361E-15, 0.0000000000000000000 ) ) ;
#2939 = DIRECTION ( 'NONE',  ( 0.1140686577440008093, 1.816622754153544578E-15, 0.9934728689403057311 ) ) ;
#2940 = CARTESIAN_POINT ( 'NONE',  ( -0.1464566929133855611, -0.1722440944881889757, -0.2848425196850389307 ) ) ;
#2941 =( NAMED_UNIT ( * ) SI_UNIT ( $, .STERADIAN. ) SOLID_ANGLE_UNIT ( ) );
#2942 = PRESENTATION_LAYER_ASSIGNMENT (  '', '', ( #7965 ) ) ;
#2943 = DIRECTION ( 'NONE',  ( -0.7956271577885686286, -1.875148439272791725E-15, -0.6057866173738771787 ) ) ;
#2944 = LINE ( 'NONE', #2001, #6668 ) ;
#2945 = AXIS2_PLACEMENT_3D ( 'NONE', #7248, #1807, #5571 ) ;
#2946 = ORIENTED_EDGE ( 'NONE', *, *, #11041, .T. ) ;
#2947 = CARTESIAN_POINT ( 'NONE',  ( 0.01934165959544861813, 0.1269685039370080926, 0.07460629921259839814 ) ) ;
#2948 = DIRECTION ( 'NONE',  ( 0.0000000000000000000, -1.875148439272793303E-15, -1.000000000000000000 ) ) ;
#2949 = MECHANICAL_DESIGN_GEOMETRIC_PRESENTATION_REPRESENTATION (  '', ( #9287 ), #5759 ) ;
#2950 = EDGE_CURVE ( 'NONE', #7358, #3874, #8890, .T. ) ;
#2951 = VECTOR ( 'NONE', #11047, 39.37007874015748143 ) ;
#2952 = CIRCLE ( 'NONE', #1430, 0.003937007874015724558 ) ;
#2953 = LENGTH_MEASURE_WITH_UNIT ( LENGTH_MEASURE( 0.02539999999999999897 ), #2010 );
#2954 =( CONVERSION_BASED_UNIT ( 'INCH', #4719 ) LENGTH_UNIT ( ) NAMED_UNIT ( #2083 ) );
#2955 = DIRECTION ( 'NONE',  ( 0.6057866173738770676, -3.374170927559055893E-16, -0.7956271577885687396 ) ) ;
#2956 =( NAMED_UNIT ( * ) SI_UNIT ( $, .STERADIAN. ) SOLID_ANGLE_UNIT ( ) );
#2957 = EDGE_LOOP ( 'NONE', ( #10130, #2306, #1212, #8808 ) ) ;
#2958 = CIRCLE ( 'NONE', #305, 0.02854330708661416763 ) ;
#2959 = FILL_AREA_STYLE_COLOUR ( '', #159 ) ;
#2960 = MECHANICAL_DESIGN_GEOMETRIC_PRESENTATION_REPRESENTATION (  '', ( #10039 ), #6322 ) ;
#2961 = ORIENTED_EDGE ( 'NONE', *, *, #9338, .T. ) ;
#2962 = EDGE_CURVE ( 'NONE', #2197, #7473, #853, .T. ) ;
#2963 = VECTOR ( 'NONE', #86, 39.37007874015748143 ) ;
#2964 = AXIS2_PLACEMENT_3D ( 'NONE', #4812, #5688, #1151 ) ;
#2965 = EDGE_LOOP ( 'NONE', ( #6349, #8931, #319, #7033 ) ) ;
#2966 =( NAMED_UNIT ( * ) SI_UNIT ( $, .STERADIAN. ) SOLID_ANGLE_UNIT ( ) );
#2967 = ORIENTED_EDGE ( 'NONE', *, *, #2661, .T. ) ;
#2968 = EDGE_CURVE ( 'NONE', #240, #5939, #924, .T. ) ;
#2969 = DIMENSIONAL_EXPONENTS ( 1.000000000000000000, 0.0000000000000000000, 0.0000000000000000000, 0.0000000000000000000, 0.0000000000000000000, 0.0000000000000000000, 0.0000000000000000000 ) ;
#2970 =( GEOMETRIC_REPRESENTATION_CONTEXT ( 3 ) GLOBAL_UNCERTAINTY_ASSIGNED_CONTEXT ( ( #7781 ) ) GLOBAL_UNIT_ASSIGNED_CONTEXT ( ( #541, #5141, #11296 ) ) REPRESENTATION_CONTEXT ( 'NONE', 'WORKASPACE' ) );
#2971 = CARTESIAN_POINT ( 'NONE',  ( 0.08700787401574779090, 0.1643700787401578545, 0.004133858267716452109 ) ) ;
#2972 = VERTEX_POINT ( 'NONE', #7939 ) ;
#2973 = DIRECTION ( 'NONE',  ( 1.000000000000000000, 1.602884491802569361E-15, -2.878783784372901366E-31 ) ) ;
#2974 = PRESENTATION_STYLE_ASSIGNMENT (( #11102 ) ) ;
#2975 = AXIS2_PLACEMENT_3D ( 'NONE', #468, #4913, #3264 ) ;
#2976 =( LENGTH_UNIT ( ) NAMED_UNIT ( * ) SI_UNIT ( $, .METRE. ) );
#2977 = MECHANICAL_DESIGN_GEOMETRIC_PRESENTATION_REPRESENTATION (  '', ( #3916 ), #7255 ) ;
#2978 =( CONVERSION_BASED_UNIT ( 'INCH', #5674 ) LENGTH_UNIT ( ) NAMED_UNIT ( #1563 ) );
#2979 = ORIENTED_EDGE ( 'NONE', *, *, #4579, .T. ) ;
#2980 = EDGE_CURVE ( 'NONE', #8947, #11065, #7135, .T. ) ;
#2981 = ADVANCED_FACE ( 'NONE', ( #10674 ), #2181, .T. ) ;
#2982 = DIRECTION ( 'NONE',  ( 1.602884491802569361E-15, -1.000000000000000000, -1.644517855226017859E-15 ) ) ;
#2983 = ORIENTED_EDGE ( 'NONE', *, *, #7244, .F. ) ;
#2984 = PRESENTATION_LAYER_ASSIGNMENT (  '', '', ( #1464 ) ) ;
#2985 = COLOUR_RGB ( '',1.000000000000000000, 1.000000000000000000, 1.000000000000000000 ) ;
#2986 =( LENGTH_UNIT ( ) NAMED_UNIT ( * ) SI_UNIT ( $, .METRE. ) );
#2987 = SURFACE_STYLE_USAGE ( .BOTH. , #10134 ) ;
#2988 =( NAMED_UNIT ( * ) PLANE_ANGLE_UNIT ( ) SI_UNIT ( $, .RADIAN. ) );
#2989 = AXIS2_PLACEMENT_3D ( 'NONE', #491, #6622, #8479 ) ;
#2990 = DIRECTION ( 'NONE',  ( 1.594929680954394613E-15, -0.9950371902099890420, 0.09950371902100052512 ) ) ;
#2991 = CARTESIAN_POINT ( 'NONE',  ( -0.1464566929133855888, -0.1407480314960629364, -0.4068897637795271804 ) ) ;
#2992 = DIRECTION ( 'NONE',  ( -1.602884491802569361E-15, 1.000000000000000000, -1.644517855226017859E-15 ) ) ;
#2993 = DIMENSIONAL_EXPONENTS ( 1.000000000000000000, 0.0000000000000000000, 0.0000000000000000000, 0.0000000000000000000, 0.0000000000000000000, 0.0000000000000000000, 0.0000000000000000000 ) ;
#2994 =( NAMED_UNIT ( * ) PLANE_ANGLE_UNIT ( ) SI_UNIT ( $, .RADIAN. ) );
#2995 = VERTEX_POINT ( 'NONE', #6260 ) ;
#2996 = COLOUR_RGB ( '',1.000000000000000000, 1.000000000000000000, 1.000000000000000000 ) ;
#2997 = VECTOR ( 'NONE', #8771, 39.37007874015748143 ) ;
#2998 = VERTEX_POINT ( 'NONE', #422 ) ;
#2999 = ORIENTED_EDGE ( 'NONE', *, *, #428, .T. ) ;
#3000 = ORIENTED_EDGE ( 'NONE', *, *, #9551, .F. ) ;
#3001 =( LENGTH_UNIT ( ) NAMED_UNIT ( * ) SI_UNIT ( $, .METRE. ) );
#3002 = FILL_AREA_STYLE_COLOUR ( '', #5013 ) ;
#3003 =( GEOMETRIC_REPRESENTATION_CONTEXT ( 3 ) GLOBAL_UNCERTAINTY_ASSIGNED_CONTEXT ( ( #2580 ) ) GLOBAL_UNIT_ASSIGNED_CONTEXT ( ( #11479, #2744, #9761 ) ) REPRESENTATION_CONTEXT ( 'NONE', 'WORKASPACE' ) );
#3004 = FILL_AREA_STYLE_COLOUR ( '', #414 ) ;
#3005 = FILL_AREA_STYLE_COLOUR ( '', #10920 ) ;
#3006 = PLANE ( 'NONE',  #5154 ) ;
#3007 = LINE ( 'NONE', #8252, #4495 ) ;
#3008 = CARTESIAN_POINT ( 'NONE',  ( 0.06018589945968472882, 0.1998031496062996071, -0.2162882616643938549 ) ) ;
#3009 = ORIENTED_EDGE ( 'NONE', *, *, #2857, .T. ) ;
#3010 = AXIS2_PLACEMENT_3D ( 'NONE', #8927, #2545, #7979 ) ;
#3011 = COLOUR_RGB ( '',1.000000000000000000, 1.000000000000000000, 1.000000000000000000 ) ;
#3012 = SURFACE_STYLE_FILL_AREA ( #5714 ) ;
#3013 = CARTESIAN_POINT ( 'NONE',  ( 0.06018589945968472882, 0.2037401574803153481, -0.1162882616643938632 ) ) ;
#3014 = UNCERTAINTY_MEASURE_WITH_UNIT (LENGTH_MEASURE( 1.000000000000000082E-05 ), #2639, 'distance_accuracy_value', 'NONE');
#3015 = STYLED_ITEM ( 'NONE', ( #8621 ), #10195 ) ;
#3016 = DIRECTION ( 'NONE',  ( -2.348093788196917952E-30, 1.644517855226018450E-15, 1.000000000000000000 ) ) ;
#3017 = FILL_AREA_STYLE_COLOUR ( '', #7201 ) ;
#3018 = EDGE_CURVE ( 'NONE', #8860, #6327, #364, .T. ) ;
#3019 = SURFACE_STYLE_FILL_AREA ( #8435 ) ;
#3020 = ORIENTED_EDGE ( 'NONE', *, *, #650, .T. ) ;
#3021 = ORIENTED_EDGE ( 'NONE', *, *, #3245, .F. ) ;
#3022 =( LENGTH_UNIT ( ) NAMED_UNIT ( * ) SI_UNIT ( $, .METRE. ) );
#3023 = CIRCLE ( 'NONE', #9558, 0.009105439123007878083 ) ;
#3024 = VERTEX_POINT ( 'NONE', #10082 ) ;
#3025 = SURFACE_SIDE_STYLE ('',( #6528 ) ) ;
#3026 = ORIENTED_EDGE ( 'NONE', *, *, #3612, .F. ) ;
#3027 = DIRECTION ( 'NONE',  ( -1.602884491802569361E-15, 1.000000000000000000, -1.644517855226017859E-15 ) ) ;
#3028 = UNCERTAINTY_MEASURE_WITH_UNIT (LENGTH_MEASURE( 1.000000000000000082E-05 ), #7486, 'distance_accuracy_value', 'NONE');
#3029 =( NAMED_UNIT ( * ) SI_UNIT ( $, .STERADIAN. ) SOLID_ANGLE_UNIT ( ) );
#3030 = EDGE_CURVE ( 'NONE', #1392, #4685, #1263, .T. ) ;
#3031 = LINE ( 'NONE', #6592, #9650 ) ;
#3032 = FILL_AREA_STYLE_COLOUR ( '', #9873 ) ;
#3033 = CARTESIAN_POINT ( 'NONE',  ( 0.06929133858267698398, 0.1269685039370083146, -0.4253937007874016851 ) ) ;
#3034 = FACE_OUTER_BOUND ( 'NONE', #7356, .T. ) ;
#3035 = LENGTH_MEASURE_WITH_UNIT ( LENGTH_MEASURE( 0.02539999999999999897 ), #1323 );
#3036 = EDGE_CURVE ( 'NONE', #3521, #2619, #7480, .T. ) ;
#3037 = VERTEX_POINT ( 'NONE', #8232 ) ;
#3038 = CARTESIAN_POINT ( 'NONE',  ( 0.01209712494559034984, 0.1269685039370082036, -0.3107723084983661788 ) ) ;
#3039 = MECHANICAL_DESIGN_GEOMETRIC_PRESENTATION_REPRESENTATION (  '', ( #1712 ), #388 ) ;
#3040 = ORIENTED_EDGE ( 'NONE', *, *, #4030, .T. ) ;
#3041 = DIRECTION ( 'NONE',  ( -1.602884491802569361E-15, 1.000000000000000000, -1.644517855226017859E-15 ) ) ;
#3042 = FILL_AREA_STYLE_COLOUR ( '', #3658 ) ;
#3043 = ADVANCED_FACE ( 'NONE', ( #9120 ), #6600, .F. ) ;
#3044 = PRESENTATION_STYLE_ASSIGNMENT (( #1204 ) ) ;
#3045 = EDGE_CURVE ( 'NONE', #293, #1038, #8403, .T. ) ;
#3046 = FILL_AREA_STYLE ('',( #10090 ) ) ;
#3047 = CYLINDRICAL_SURFACE ( 'NONE', #9707, 0.009105439123007843388 ) ;
#3048 = DIRECTION ( 'NONE',  ( -1.000000000000000000, -1.602884491802569361E-15, 2.711709361697226329E-31 ) ) ;
#3049 = CARTESIAN_POINT ( 'NONE',  ( -0.1948818897637798475, 0.1564960629921260116, 0.1820866141732282728 ) ) ;
#3050 = AXIS2_PLACEMENT_3D ( 'NONE', #116, #2064, #7446 ) ;
#3051 = LINE ( 'NONE', #8648, #8763 ) ;
#3052 = ORIENTED_EDGE ( 'NONE', *, *, #3245, .T. ) ;
#3053 = DIMENSIONAL_EXPONENTS ( 1.000000000000000000, 0.0000000000000000000, 0.0000000000000000000, 0.0000000000000000000, 0.0000000000000000000, 0.0000000000000000000, 0.0000000000000000000 ) ;
#3054 = EDGE_LOOP ( 'NONE', ( #973, #9445, #11108, #784 ) ) ;
#3055 = ORIENTED_EDGE ( 'NONE', *, *, #4697, .F. ) ;
#3056 = ORIENTED_EDGE ( 'NONE', *, *, #10299, .F. ) ;
#3057 = CARTESIAN_POINT ( 'NONE',  ( 0.06018589943271623194, 0.1998031496062996071, -0.2253937007874017573 ) ) ;
#3058 =( CONVERSION_BASED_UNIT ( 'INCH', #9425 ) LENGTH_UNIT ( ) NAMED_UNIT ( #5975 ) );
#3059 = STYLED_ITEM ( 'NONE', ( #4179 ), #275 ) ;
#3060 = VECTOR ( 'NONE', #1939, 39.37007874015748143 ) ;
#3061 = DIRECTION ( 'NONE',  ( 1.594929680954394613E-15, -0.9950371902099890420, 0.09950371902100052512 ) ) ;
#3062 = PLANE ( 'NONE',  #4076 ) ;
#3063 = FILL_AREA_STYLE_COLOUR ( '', #10320 ) ;
#3064 = EDGE_CURVE ( 'NONE', #377, #9246, #4805, .T. ) ;
#3065 =( CONVERSION_BASED_UNIT ( 'INCH', #2841 ) LENGTH_UNIT ( ) NAMED_UNIT ( #7693 ) );
#3066 = CYLINDRICAL_SURFACE ( 'NONE', #2770, 0.009105439123007872879 ) ;
#3067 = SURFACE_SIDE_STYLE ('',( #5879 ) ) ;
#3068 = VERTEX_POINT ( 'NONE', #3985 ) ;
#3069 = FILL_AREA_STYLE ('',( #8487 ) ) ;
#3070 =( LENGTH_UNIT ( ) NAMED_UNIT ( * ) SI_UNIT ( $, .METRE. ) );
#3071 = UNCERTAINTY_MEASURE_WITH_UNIT (LENGTH_MEASURE( 1.000000000000000082E-05 ), #8719, 'distance_accuracy_value', 'NONE');
#3072 = LINE ( 'NONE', #390, #2308 ) ;
#3073 = CARTESIAN_POINT ( 'NONE',  ( -0.1464566929133857831, -0.02263779527559046933, -0.2848425196850391528 ) ) ;
#3074 = PRESENTATION_LAYER_ASSIGNMENT (  '', '', ( #9789 ) ) ;
#3075 = PRESENTATION_LAYER_ASSIGNMENT (  '', '', ( #5125 ) ) ;
#3076 = DIMENSIONAL_EXPONENTS ( 1.000000000000000000, 0.0000000000000000000, 0.0000000000000000000, 0.0000000000000000000, 0.0000000000000000000, 0.0000000000000000000, 0.0000000000000000000 ) ;
#3077 = LINE ( 'NONE', #11090, #50 ) ;
#3078 = SURFACE_SIDE_STYLE ('',( #11029 ) ) ;
#3079 = ORIENTED_EDGE ( 'NONE', *, *, #5848, .F. ) ;
#3080 = ORIENTED_EDGE ( 'NONE', *, *, #11285, .F. ) ;
#3081 = LINE ( 'NONE', #513, #4359 ) ;
#3082 = CARTESIAN_POINT ( 'NONE',  ( 0.1948818897637793202, 0.1564960629921266222, -0.4738188976377947781 ) ) ;
#3083 = VECTOR ( 'NONE', #3061, 39.37007874015748143 ) ;
#3084 = DIMENSIONAL_EXPONENTS ( 1.000000000000000000, 0.0000000000000000000, 0.0000000000000000000, 0.0000000000000000000, 0.0000000000000000000, 0.0000000000000000000, 0.0000000000000000000 ) ;
#3085 = AXIS2_PLACEMENT_3D ( 'NONE', #3864, #426, #6604 ) ;
#3086 = VERTEX_POINT ( 'NONE', #10882 ) ;
#3087 = ORIENTED_EDGE ( 'NONE', *, *, #999, .F. ) ;
#3088 = FILL_AREA_STYLE_COLOUR ( '', #5224 ) ;
#3089 = CARTESIAN_POINT ( 'NONE',  ( 0.06889763779527560694, 0.001377952755905891046, 0.1624015748031497897 ) ) ;
#3090 = PRESENTATION_STYLE_ASSIGNMENT (( #11045 ) ) ;
#3091 = CIRCLE ( 'NONE', #4026, 0.02854330708661416763 ) ;
#3092 = FILL_AREA_STYLE_COLOUR ( '', #2033 ) ;
#3093 = CARTESIAN_POINT ( 'NONE',  ( 0.01934165959544850363, 0.1998031496062996071, -0.07027559055118126619 ) ) ;
#3094 = DIRECTION ( 'NONE',  ( -1.602884491802569361E-15, 1.000000000000000000, -1.644517855226017859E-15 ) ) ;
#3095 = EDGE_CURVE ( 'NONE', #7552, #3037, #2095, .T. ) ;
#3096 = MECHANICAL_DESIGN_GEOMETRIC_PRESENTATION_REPRESENTATION (  '', ( #1962 ), #6076 ) ;
#3097 = DIRECTION ( 'NONE',  ( 1.602884491802569361E-15, -1.000000000000000000, 1.548860246407864322E-15 ) ) ;
#3098 = ORIENTED_EDGE ( 'NONE', *, *, #2336, .F. ) ;
#3099 =( CONVERSION_BASED_UNIT ( 'INCH', #7531 ) LENGTH_UNIT ( ) NAMED_UNIT ( #258 ) );
#3100 = PRESENTATION_STYLE_ASSIGNMENT (( #4969 ) ) ;
#3101 = FILL_AREA_STYLE ('',( #6655 ) ) ;
#3102 =( NAMED_UNIT ( * ) SI_UNIT ( $, .STERADIAN. ) SOLID_ANGLE_UNIT ( ) );
#3103 =( NAMED_UNIT ( * ) PLANE_ANGLE_UNIT ( ) SI_UNIT ( $, .RADIAN. ) );
#3104 =( LENGTH_UNIT ( ) NAMED_UNIT ( * ) SI_UNIT ( $, .METRE. ) );
#3105 = ORIENTED_EDGE ( 'NONE', *, *, #5855, .F. ) ;
#3106 = VERTEX_POINT ( 'NONE', #4039 ) ;
#3107 = EDGE_CURVE ( 'NONE', #4387, #6972, #2043, .T. ) ;
#3108 = LENGTH_MEASURE_WITH_UNIT ( LENGTH_MEASURE( 0.02539999999999999897 ), #8244 );
#3109 = EDGE_CURVE ( 'NONE', #2106, #10105, #3923, .T. ) ;
#3110 = ORIENTED_EDGE ( 'NONE', *, *, #7835, .F. ) ;
#3111 = ORIENTED_EDGE ( 'NONE', *, *, #2752, .F. ) ;
#3112 = LENGTH_MEASURE_WITH_UNIT ( LENGTH_MEASURE( 0.02539999999999999897 ), #489 );
#3113 = VECTOR ( 'NONE', #837, 39.37007874015748143 ) ;
#3114 = STYLED_ITEM ( 'NONE', ( #6148 ), #2895 ) ;
#3115 = ADVANCED_FACE ( 'NONE', ( #4862 ), #7530, .F. ) ;
#3116 = CARTESIAN_POINT ( 'NONE',  ( 0.01934165959544850363, 0.1998031496062995516, -0.2253937007874017573 ) ) ;
#3117 =( NAMED_UNIT ( * ) SI_UNIT ( $, .STERADIAN. ) SOLID_ANGLE_UNIT ( ) );
#3118 = CARTESIAN_POINT ( 'NONE',  ( 0.06018589945968472882, 0.1998031496062996348, 0.03366141732283450816 ) ) ;
#3119 = DIRECTION ( 'NONE',  ( -1.000000000000000000, -1.602884491802569361E-15, 2.711709361697226329E-31 ) ) ;
#3120 = DIRECTION ( 'NONE',  ( 1.602884491802569361E-15, -1.000000000000000000, 1.644517855226017859E-15 ) ) ;
#3121 = ORIENTED_EDGE ( 'NONE', *, *, #9323, .F. ) ;
#3122 = COLOUR_RGB ( '',1.000000000000000000, 1.000000000000000000, 1.000000000000000000 ) ;
#3123 = EDGE_CURVE ( 'NONE', #5972, #5277, #597, .T. ) ;
#3124 = ADVANCED_FACE ( 'NONE', ( #5135 ), #6077, .F. ) ;
#3125 = DIMENSIONAL_EXPONENTS ( 1.000000000000000000, 0.0000000000000000000, 0.0000000000000000000, 0.0000000000000000000, 0.0000000000000000000, 0.0000000000000000000, 0.0000000000000000000 ) ;
#3126 = FACE_OUTER_BOUND ( 'NONE', #2924, .T. ) ;
#3127 = DIRECTION ( 'NONE',  ( 2.348093788196917952E-30, -1.644517855226018450E-15, -1.000000000000000000 ) ) ;
#3128 = CARTESIAN_POINT ( 'NONE',  ( 0.01934165959544855914, 0.1643700787401577434, -0.1253937007874016962 ) ) ;
#3129 = VECTOR ( 'NONE', #5998, 39.37007874015748143 ) ;
#3130 = UNCERTAINTY_MEASURE_WITH_UNIT (LENGTH_MEASURE( 1.000000000000000082E-05 ), #5324, 'distance_accuracy_value', 'NONE');
#3131 = CARTESIAN_POINT ( 'NONE',  ( -0.06929133858267749746, 0.1958661417322837550, -0.4253937007874017961 ) ) ;
#3132 = FILL_AREA_STYLE_COLOUR ( '', #4933 ) ;
#3133 = ORIENTED_EDGE ( 'NONE', *, *, #6975, .T. ) ;
#3134 = VERTEX_POINT ( 'NONE', #6818 ) ;
#3135 = AXIS2_PLACEMENT_3D ( 'NONE', #5652, #3180, #10278 ) ;
#3136 = PRESENTATION_LAYER_ASSIGNMENT (  '', '', ( #3884 ) ) ;
#3137 = ORIENTED_EDGE ( 'NONE', *, *, #7574, .T. ) ;
#3138 = VERTEX_POINT ( 'NONE', #7808 ) ;
#3139 = SURFACE_SIDE_STYLE ('',( #10870 ) ) ;
#3140 = COLOUR_RGB ( '',0.7607843137254901578, 0.7607843137254901578, 0.0000000000000000000 ) ;
#3141 = DIRECTION ( 'NONE',  ( -2.348093788196917952E-30, 1.644517855226018450E-15, 1.000000000000000000 ) ) ;
#3142 = UNCERTAINTY_MEASURE_WITH_UNIT (LENGTH_MEASURE( 1.000000000000000082E-05 ), #1, 'distance_accuracy_value', 'NONE');
#3143 = SURFACE_STYLE_FILL_AREA ( #297 ) ;
#3144 = AXIS2_PLACEMENT_3D ( 'NONE', #10104, #11080, #2121 ) ;
#3145 = MECHANICAL_DESIGN_GEOMETRIC_PRESENTATION_REPRESENTATION (  '', ( #5195 ), #2018 ) ;
#3146 =( CONVERSION_BASED_UNIT ( 'INCH', #301 ) LENGTH_UNIT ( ) NAMED_UNIT ( #2221 ) );
#3147 = CARTESIAN_POINT ( 'NONE',  ( 0.06018589945968478433, 0.1643700787401578545, -0.2162882616643937717 ) ) ;
#3148 = LINE ( 'NONE', #4034, #8172 ) ;
#3149 = CARTESIAN_POINT ( 'NONE',  ( 0.06929133858267698398, 0.1269685039370083701, -0.2754440218001575347 ) ) ;
#3150 = FACE_OUTER_BOUND ( 'NONE', #5534, .T. ) ;
#3151 = STYLED_ITEM ( 'NONE', ( #3044 ), #8029 ) ;
#3152 = MECHANICAL_DESIGN_GEOMETRIC_PRESENTATION_REPRESENTATION (  '', ( #5207 ), #3910 ) ;
#3153 = CARTESIAN_POINT ( 'NONE',  ( 0.1464566929133862272, -0.1722440944881884206, -0.3848425196850389085 ) ) ;
#3154 = VERTEX_POINT ( 'NONE', #10430 ) ;
#3155 = DIMENSIONAL_EXPONENTS ( 1.000000000000000000, 0.0000000000000000000, 0.0000000000000000000, 0.0000000000000000000, 0.0000000000000000000, 0.0000000000000000000, 0.0000000000000000000 ) ;
#3156 = CIRCLE ( 'NONE', #8187, 0.009105439123007881552 ) ;
#3157 = CARTESIAN_POINT ( 'NONE',  ( -0.1948818897637798475, 0.1564960629921260116, 0.1820866141732282728 ) ) ;
#3158 = MECHANICAL_DESIGN_GEOMETRIC_PRESENTATION_REPRESENTATION (  '', ( #897 ), #3729 ) ;
#3159 = LINE ( 'NONE', #4970, #3333 ) ;
#3160 = LINE ( 'NONE', #6709, #9420 ) ;
#3161 = LINE ( 'NONE', #11006, #3176 ) ;
#3162 = ADVANCED_FACE ( 'NONE', ( #11175 ), #9409, .T. ) ;
#3163 = SURFACE_STYLE_FILL_AREA ( #9527 ) ;
#3164 = VERTEX_POINT ( 'NONE', #7228 ) ;
#3165 = VERTEX_POINT ( 'NONE', #79 ) ;
#3166 = STYLED_ITEM ( 'NONE', ( #2288 ), #8608 ) ;
#3167 = SURFACE_SIDE_STYLE ('',( #5695 ) ) ;
#3168 = ORIENTED_EDGE ( 'NONE', *, *, #9021, .F. ) ;
#3169 = ORIENTED_EDGE ( 'NONE', *, *, #9746, .T. ) ;
#3170 = MECHANICAL_DESIGN_GEOMETRIC_PRESENTATION_REPRESENTATION (  '', ( #10222 ), #2227 ) ;
#3171 = CARTESIAN_POINT ( 'NONE',  ( 0.1535433070866144833, -0.1407480314960625478, -0.08484251968503893349 ) ) ;
#3172 = FILL_AREA_STYLE_COLOUR ( '', #3554 ) ;
#3173 =( NAMED_UNIT ( * ) SI_UNIT ( $, .STERADIAN. ) SOLID_ANGLE_UNIT ( ) );
#3174 = STYLED_ITEM ( 'NONE', ( #11449 ), #9309 ) ;
#3175 =( LENGTH_UNIT ( ) NAMED_UNIT ( * ) SI_UNIT ( $, .METRE. ) );
#3177 =( NAMED_UNIT ( * ) SI_UNIT ( $, .STERADIAN. ) SOLID_ANGLE_UNIT ( ) );
#3176 = VECTOR ( 'NONE', #8410, 39.37007874015748143 ) ;
#3178 = ORIENTED_EDGE ( 'NONE', *, *, #10025, .T. ) ;
#3179 = EDGE_CURVE ( 'NONE', #306, #7719, #9090, .T. ) ;
#3180 = DIRECTION ( 'NONE',  ( 1.602884491802569361E-15, -1.000000000000000000, 1.644517855226018450E-15 ) ) ;
#3181 = MECHANICAL_DESIGN_GEOMETRIC_PRESENTATION_REPRESENTATION (  '', ( #6344 ), #7075 ) ;
#3182 = FACE_OUTER_BOUND ( 'NONE', #3269, .T. ) ;
#3183 = CARTESIAN_POINT ( 'NONE',  ( 0.06743043410952737071, 0.1269685039370083424, -0.2809599749661811918 ) ) ;
#3184 = EDGE_CURVE ( 'NONE', #8255, #10880, #11477, .T. ) ;
#3185 = AXIS2_PLACEMENT_3D ( 'NONE', #5450, #5561, #8115 ) ;
#3186 = COLOUR_RGB ( '',1.000000000000000000, 1.000000000000000000, 1.000000000000000000 ) ;
#3187 = CARTESIAN_POINT ( 'NONE',  ( 0.06018589945968472882, 0.1998031496062996903, -0.4162882616643939215 ) ) ;
#3188 =( NAMED_UNIT ( * ) SI_UNIT ( $, .STERADIAN. ) SOLID_ANGLE_UNIT ( ) );
#3189 = EDGE_CURVE ( 'NONE', #7783, #1442, #767, .T. ) ;
#3190 = EDGE_CURVE ( 'NONE', #8693, #3589, #8900, .T. ) ;
#3191 = ORIENTED_EDGE ( 'NONE', *, *, #3389, .F. ) ;
#3192 =( NAMED_UNIT ( * ) PLANE_ANGLE_UNIT ( ) SI_UNIT ( $, .RADIAN. ) );
#3193 = SURFACE_STYLE_FILL_AREA ( #5069 ) ;
#3194 = CARTESIAN_POINT ( 'NONE',  ( 0.06018589945968484678, 0.1269685039370082313, 0.02455597819984248892 ) ) ;
#3195 = MECHANICAL_DESIGN_GEOMETRIC_PRESENTATION_REPRESENTATION (  '', ( #5821 ), #11174 ) ;
#3196 = ORIENTED_EDGE ( 'NONE', *, *, #8975, .T. ) ;
#3197 = ORIENTED_EDGE ( 'NONE', *, *, #8229, .T. ) ;
#3198 = LINE ( 'NONE', #3256, #3918 ) ;
#3199 = SURFACE_SIDE_STYLE ('',( #6861 ) ) ;
#3200 = SURFACE_STYLE_FILL_AREA ( #3972 ) ;
#3201 = VECTOR ( 'NONE', #7504, 39.37007874015748143 ) ;
#3202 =( CONVERSION_BASED_UNIT ( 'INCH', #8393 ) LENGTH_UNIT ( ) NAMED_UNIT ( #8275 ) );
#3203 = EDGE_CURVE ( 'NONE', #10891, #6117, #6243, .T. ) ;
#3204 = ORIENTED_EDGE ( 'NONE', *, *, #4770, .T. ) ;
#3205 = FILL_AREA_STYLE_COLOUR ( '', #299 ) ;
#3206 = PLANE ( 'NONE',  #5442 ) ;
#3207 = SURFACE_STYLE_USAGE ( .BOTH. , #2436 ) ;
#3208 = ORIENTED_EDGE ( 'NONE', *, *, #5913, .F. ) ;
#3209 =( CONVERSION_BASED_UNIT ( 'INCH', #655 ) LENGTH_UNIT ( ) NAMED_UNIT ( #5783 ) );
#3210 = LENGTH_MEASURE_WITH_UNIT ( LENGTH_MEASURE( 0.02539999999999999897 ), #4743 );
#3211 = VECTOR ( 'NONE', #11013, 39.37007874015748143 ) ;
#3212 = PRESENTATION_STYLE_ASSIGNMENT (( #6654 ) ) ;
#3213 =( LENGTH_UNIT ( ) NAMED_UNIT ( * ) SI_UNIT ( $, .METRE. ) );
#3214 =( LENGTH_UNIT ( ) NAMED_UNIT ( * ) SI_UNIT ( $, .METRE. ) );
#3215 = DIRECTION ( 'NONE',  ( -1.602884491802569361E-15, 1.000000000000000000, -1.644517855226017859E-15 ) ) ;
#3216 = LINE ( 'NONE', #1562, #8749 ) ;
#3217 = ORIENTED_EDGE ( 'NONE', *, *, #8886, .F. ) ;
#3218 = VECTOR ( 'NONE', #7059, 39.37007874015748143 ) ;
#3219 = ORIENTED_EDGE ( 'NONE', *, *, #1091, .T. ) ;
#3220 = DIMENSIONAL_EXPONENTS ( 1.000000000000000000, 0.0000000000000000000, 0.0000000000000000000, 0.0000000000000000000, 0.0000000000000000000, 0.0000000000000000000, 0.0000000000000000000 ) ;
#3221 = VERTEX_POINT ( 'NONE', #7922 ) ;
#3222 = ORIENTED_EDGE ( 'NONE', *, *, #2166, .T. ) ;
#3223 =( LENGTH_UNIT ( ) NAMED_UNIT ( * ) SI_UNIT ( $, .METRE. ) );
#3224 =( CONVERSION_BASED_UNIT ( 'INCH', #1450 ) LENGTH_UNIT ( ) NAMED_UNIT ( #1348 ) );
#3225 = PLANE ( 'NONE',  #2811 ) ;
#3226 = PRESENTATION_STYLE_ASSIGNMENT (( #494 ) ) ;
#3227 =( NAMED_UNIT ( * ) SI_UNIT ( $, .STERADIAN. ) SOLID_ANGLE_UNIT ( ) );
#3228 = VECTOR ( 'NONE', #11513, 39.37007874015748143 ) ;
#3229 =( GEOMETRIC_REPRESENTATION_CONTEXT ( 3 ) GLOBAL_UNCERTAINTY_ASSIGNED_CONTEXT ( ( #447 ) ) GLOBAL_UNIT_ASSIGNED_CONTEXT ( ( #7342, #1128, #2966 ) ) REPRESENTATION_CONTEXT ( 'NONE', 'WORKASPACE' ) );
#3230 = LENGTH_MEASURE_WITH_UNIT ( LENGTH_MEASURE( 0.02539999999999999897 ), #2287 );
#3231 = LINE ( 'NONE', #2408, #5425 ) ;
#3232 = ORIENTED_EDGE ( 'NONE', *, *, #3203, .T. ) ;
#3233 = FACE_OUTER_BOUND ( 'NONE', #5439, .T. ) ;
#3234 = SURFACE_STYLE_FILL_AREA ( #738 ) ;
#3235 = DIRECTION ( 'NONE',  ( -2.348093788196917952E-30, 1.644517855226018450E-15, 1.000000000000000000 ) ) ;
#3236 = MECHANICAL_DESIGN_GEOMETRIC_PRESENTATION_REPRESENTATION (  '', ( #2115 ), #982 ) ;
#3237 = AXIS2_PLACEMENT_3D ( 'NONE', #7199, #10738, #2771 ) ;
#3238 = DIRECTION ( 'NONE',  ( 2.348093788196917952E-30, -1.644517855226018450E-15, -1.000000000000000000 ) ) ;
#3239 = EDGE_CURVE ( 'NONE', #4599, #249, #1848, .T. ) ;
#3240 = DIRECTION ( 'NONE',  ( -1.602884491802569361E-15, 1.000000000000000000, -1.644517855226017859E-15 ) ) ;
#3241 = DIRECTION ( 'NONE',  ( 1.602884491802569361E-15, -1.000000000000000000, 1.644517855226017859E-15 ) ) ;
#3242 = FILL_AREA_STYLE ('',( #5934 ) ) ;
#3243 = UNCERTAINTY_MEASURE_WITH_UNIT (LENGTH_MEASURE( 1.000000000000000082E-05 ), #5084, 'distance_accuracy_value', 'NONE');
#3244 =( CONVERSION_BASED_UNIT ( 'INCH', #4894 ) LENGTH_UNIT ( ) NAMED_UNIT ( #2167 ) );
#3245 = EDGE_CURVE ( 'NONE', #6196, #1530, #2682, .T. ) ;
#3246 =( GEOMETRIC_REPRESENTATION_CONTEXT ( 3 ) GLOBAL_UNCERTAINTY_ASSIGNED_CONTEXT ( ( #8038 ) ) GLOBAL_UNIT_ASSIGNED_CONTEXT ( ( #2604, #11455, #11334 ) ) REPRESENTATION_CONTEXT ( 'NONE', 'WORKASPACE' ) );
#3247 = AXIS2_PLACEMENT_3D ( 'NONE', #699, #4315, #11390 ) ;
#3248 = ORIENTED_EDGE ( 'NONE', *, *, #4737, .T. ) ;
#3249 =( CONVERSION_BASED_UNIT ( 'INCH', #2421 ) LENGTH_UNIT ( ) NAMED_UNIT ( #647 ) );
#3250 = DIRECTION ( 'NONE',  ( 1.594929680954395007E-15, -0.9950371902099891530, -0.09950371902099724997 ) ) ;
#3251 = ORIENTED_EDGE ( 'NONE', *, *, #4501, .F. ) ;
#3252 = ORIENTED_EDGE ( 'NONE', *, *, #5693, .F. ) ;
#3253 = EDGE_CURVE ( 'NONE', #8638, #5671, #3866, .T. ) ;
#3254 = AXIS2_PLACEMENT_3D ( 'NONE', #11381, #747, #4486 ) ;
#3255 = EDGE_CURVE ( 'NONE', #7187, #6126, #1674, .T. ) ;
#3256 = CARTESIAN_POINT ( 'NONE',  ( 0.06018589945980290512, 0.1564960629921262336, 0.07460629921259835651 ) ) ;
#3257 = SURFACE_STYLE_FILL_AREA ( #11219 ) ;
#3258 = CARTESIAN_POINT ( 'NONE',  ( 0.01934165962243668963, 0.1998031496062997181, -0.3663385826771656251 ) ) ;
#3259 = ADVANCED_FACE ( 'NONE', ( #2804 ), #5322, .T. ) ;
#3260 = CARTESIAN_POINT ( 'NONE',  ( 0.06429804372452725680, 0.2037401574803153759, -0.1131572951809371869 ) ) ;
#3261 = LENGTH_MEASURE_WITH_UNIT ( LENGTH_MEASURE( 0.02539999999999999897 ), #4322 );
#3262 = EDGE_LOOP ( 'NONE', ( #2936, #3460, #9732, #729 ) ) ;
#3263 =( CONVERSION_BASED_UNIT ( 'INCH', #1486 ) LENGTH_UNIT ( ) NAMED_UNIT ( #10347 ) );
#3264 = DIRECTION ( 'NONE',  ( 0.7715274047096022381, 2.282905139954358816E-15, 0.6361960890968018090 ) ) ;
#3265 = MECHANICAL_DESIGN_GEOMETRIC_PRESENTATION_REPRESENTATION (  '', ( #1946 ), #800 ) ;
#3266 = PRESENTATION_STYLE_ASSIGNMENT (( #11227 ) ) ;
#3267 = SURFACE_STYLE_FILL_AREA ( #6932 ) ;
#3268 = EDGE_CURVE ( 'NONE', #4106, #293, #10601, .T. ) ;
#3269 = EDGE_LOOP ( 'NONE', ( #546, #3850, #3098 ) ) ;
#3270 = PRODUCT ( 'CUI_DEVICES_DS01-254-S-06BE', 'CUI_DEVICES_DS01-254-S-06BE', '', ( #6480 ) ) ;
#3271 = DIRECTION ( 'NONE',  ( -1.602884491802569361E-15, 1.000000000000000000, -1.644517855226017859E-15 ) ) ;
#3272 =( NAMED_UNIT ( * ) SI_UNIT ( $, .STERADIAN. ) SOLID_ANGLE_UNIT ( ) );
#3273 = LENGTH_MEASURE_WITH_UNIT ( LENGTH_MEASURE( 0.02539999999999999897 ), #9583 );
#3274 = DIRECTION ( 'NONE',  ( -1.000000000000000000, -1.602884491802569361E-15, 2.711709361697224578E-31 ) ) ;
#3275 = CARTESIAN_POINT ( 'NONE',  ( 0.1535433070866145389, -0.1722440944881885316, -0.2037401574803144599 ) ) ;
#3276 = FILL_AREA_STYLE_COLOUR ( '', #2578 ) ;
#3277 = DIRECTION ( 'NONE',  ( -0.7956271577883994306, 0.0000000000000000000, 0.6057866173740991123 ) ) ;
#3278 = PLANE ( 'NONE',  #5614 ) ;
#3279 = STYLED_ITEM ( 'NONE', ( #3100 ), #2242 ) ;
#3280 = EDGE_LOOP ( 'NONE', ( #7587, #8133, #8978, #8495 ) ) ;
#3281 = PLANE ( 'NONE',  #7501 ) ;
#3282 = DIMENSIONAL_EXPONENTS ( 1.000000000000000000, 0.0000000000000000000, 0.0000000000000000000, 0.0000000000000000000, 0.0000000000000000000, 0.0000000000000000000, 0.0000000000000000000 ) ;
#3283 = EDGE_LOOP ( 'NONE', ( #10918, #10764, #1865, #6775 ) ) ;
#3284 = ORIENTED_EDGE ( 'NONE', *, *, #9552, .F. ) ;
#3285 = PRESENTATION_STYLE_ASSIGNMENT (( #7002 ) ) ;
#3286 = CARTESIAN_POINT ( 'NONE',  ( 0.06929133858267698398, 0.1269685039370081203, 0.07460629921259839814 ) ) ;
#3287 = DIRECTION ( 'NONE',  ( -1.602884491802569361E-15, 1.000000000000000000, -1.644517855226017859E-15 ) ) ;
#3288 = LENGTH_MEASURE_WITH_UNIT ( LENGTH_MEASURE( 0.02539999999999999897 ), #11431 );
#3289 =( CONVERSION_BASED_UNIT ( 'INCH', #11252 ) LENGTH_UNIT ( ) NAMED_UNIT ( #4049 ) );
#3290 = STYLED_ITEM ( 'NONE', ( #5615 ), #2517 ) ;
#3291 = DIRECTION ( 'NONE',  ( 1.594929680954418377E-16, -0.09950371902100052512, -0.9950371902099890420 ) ) ;
#3292 = FACE_OUTER_BOUND ( 'NONE', #5739, .T. ) ;
#3293 = ORIENTED_EDGE ( 'NONE', *, *, #5793, .F. ) ;
#3294 = SURFACE_STYLE_FILL_AREA ( #9431 ) ;
#3295 =( NAMED_UNIT ( * ) PLANE_ANGLE_UNIT ( ) SI_UNIT ( $, .RADIAN. ) );
#3296 =( CONVERSION_BASED_UNIT ( 'INCH', #10157 ) LENGTH_UNIT ( ) NAMED_UNIT ( #9421 ) );
#3297 = VECTOR ( 'NONE', #1134, 39.37007874015748143 ) ;
#3298 = VECTOR ( 'NONE', #38, 39.37007874015748143 ) ;
#3299 =( CONVERSION_BASED_UNIT ( 'INCH', #566 ) LENGTH_UNIT ( ) NAMED_UNIT ( #4423 ) );
#3300 = UNCERTAINTY_MEASURE_WITH_UNIT (LENGTH_MEASURE( 1.000000000000000082E-05 ), #1622, 'distance_accuracy_value', 'NONE');
#3301 =( NAMED_UNIT ( * ) SI_UNIT ( $, .STERADIAN. ) SOLID_ANGLE_UNIT ( ) );
#3302 = DIMENSIONAL_EXPONENTS ( 1.000000000000000000, 0.0000000000000000000, 0.0000000000000000000, 0.0000000000000000000, 0.0000000000000000000, 0.0000000000000000000, 0.0000000000000000000 ) ;
#3303 = CYLINDRICAL_SURFACE ( 'NONE', #8852, 0.009105439123007874613 ) ;
#3304 = PLANE ( 'NONE',  #1993 ) ;
#3305 = LINE ( 'NONE', #1764, #1360 ) ;
#3306 =( LENGTH_UNIT ( ) NAMED_UNIT ( * ) SI_UNIT ( $, .METRE. ) );
#3307 = PRESENTATION_LAYER_ASSIGNMENT (  '', '', ( #4802 ) ) ;
#3308 = DIMENSIONAL_EXPONENTS ( 1.000000000000000000, 0.0000000000000000000, 0.0000000000000000000, 0.0000000000000000000, 0.0000000000000000000, 0.0000000000000000000, 0.0000000000000000000 ) ;
#3309 = ORIENTED_EDGE ( 'NONE', *, *, #225, .F. ) ;
#3310 = SURFACE_STYLE_FILL_AREA ( #5238 ) ;
#3311 = ADVANCED_FACE ( 'NONE', ( #133 ), #6190, .T. ) ;
#3312 = ORIENTED_EDGE ( 'NONE', *, *, #11509, .T. ) ;
#3313 =( NAMED_UNIT ( * ) SI_UNIT ( $, .STERADIAN. ) SOLID_ANGLE_UNIT ( ) );
#3314 = ORIENTED_EDGE ( 'NONE', *, *, #6342, .F. ) ;
#3315 = PRESENTATION_LAYER_ASSIGNMENT (  '', '', ( #10004 ) ) ;
#3316 = PRESENTATION_STYLE_ASSIGNMENT (( #5010 ) ) ;
#3317 = DIRECTION ( 'NONE',  ( -2.348093788196917952E-30, 1.644517855226018450E-15, 1.000000000000000000 ) ) ;
#3318 = FILL_AREA_STYLE_COLOUR ( '', #10807 ) ;
#3319 = SURFACE_STYLE_FILL_AREA ( #5074 ) ;
#3320 = AXIS2_PLACEMENT_3D ( 'NONE', #4071, #1238, #7613 ) ;
#3321 =( CONVERSION_BASED_UNIT ( 'INCH', #9508 ) LENGTH_UNIT ( ) NAMED_UNIT ( #4032 ) );
#3322 = ORIENTED_EDGE ( 'NONE', *, *, #3339, .T. ) ;
#3323 = DIRECTION ( 'NONE',  ( -1.602884491802569361E-15, 1.000000000000000000, -1.644517855226017859E-15 ) ) ;
#3324 = EDGE_CURVE ( 'NONE', #5456, #1392, #10343, .T. ) ;
#3325 = DIRECTION ( 'NONE',  ( 1.602884491802569361E-15, -1.000000000000000000, 1.644517855226017859E-15 ) ) ;
#3326 = STYLED_ITEM ( 'NONE', ( #1121 ), #7407 ) ;
#3327 = EDGE_CURVE ( 'NONE', #9335, #5920, #4017, .T. ) ;
#3328 = AXIS2_PLACEMENT_3D ( 'NONE', #7381, #11079, #11021 ) ;
#3329 = ORIENTED_EDGE ( 'NONE', *, *, #8400, .T. ) ;
#3330 = FACE_OUTER_BOUND ( 'NONE', #1158, .T. ) ;
#3331 = ORIENTED_EDGE ( 'NONE', *, *, #10382, .F. ) ;
#3332 = DIRECTION ( 'NONE',  ( 1.000000000000000000, 1.602884491802569361E-15, -2.878783784372901366E-31 ) ) ;
#3333 = VECTOR ( 'NONE', #2990, 39.37007874015748143 ) ;
#3334 =( NAMED_UNIT ( * ) SI_UNIT ( $, .STERADIAN. ) SOLID_ANGLE_UNIT ( ) );
#3335 = FILL_AREA_STYLE_COLOUR ( '', #2722 ) ;
#3336 = FILL_AREA_STYLE ('',( #2628 ) ) ;
#3337 = CARTESIAN_POINT ( 'NONE',  ( 0.1535433070866145389, -0.1722440944881885316, -0.08799212598425146248 ) ) ;
#3338 = MECHANICAL_DESIGN_GEOMETRIC_PRESENTATION_REPRESENTATION (  '', ( #3151 ), #5409 ) ;
#3339 = EDGE_CURVE ( 'NONE', #6691, #3777, #7503, .T. ) ;
#3340 = SURFACE_STYLE_FILL_AREA ( #10196 ) ;
#3341 = EDGE_CURVE ( 'NONE', #10297, #11246, #1467, .T. ) ;
#3342 = CARTESIAN_POINT ( 'NONE',  ( -0.1464566929133855611, -0.1722440944881890312, 0.01200787401574855001 ) ) ;
#3343 =( CONVERSION_BASED_UNIT ( 'INCH', #6715 ) LENGTH_UNIT ( ) NAMED_UNIT ( #10439 ) );
#3344 = COLOUR_RGB ( '',1.000000000000000000, 1.000000000000000000, 1.000000000000000000 ) ;
#3345 = CIRCLE ( 'NONE', #684, 0.005168431248992119698 ) ;
#3346 = ORIENTED_EDGE ( 'NONE', *, *, #5967, .T. ) ;
#3347 = DIRECTION ( 'NONE',  ( 2.348093788196916901E-30, -1.644517855226017859E-15, -1.000000000000000000 ) ) ;
#3348 = VERTEX_POINT ( 'NONE', #2355 ) ;
#3349 = ORIENTED_EDGE ( 'NONE', *, *, #10444, .F. ) ;
#3350 = PLANE ( 'NONE',  #4936 ) ;
#3351 = CARTESIAN_POINT ( 'NONE',  ( -0.1535433070866141225, -0.02263779527559047974, -0.2848425196850391528 ) ) ;
#3352 = SURFACE_SIDE_STYLE ('',( #3592 ) ) ;
#3353 = VECTOR ( 'NONE', #9703, 39.37007874015748143 ) ;
#3354 = CARTESIAN_POINT ( 'NONE',  ( 0.06889763779527553755, 0.04350393700787442280, 0.1702755905511812440 ) ) ;
#3355 =( LENGTH_UNIT ( ) NAMED_UNIT ( * ) SI_UNIT ( $, .METRE. ) );
#3356 = SURFACE_STYLE_FILL_AREA ( #1514 ) ;
#3357 = FILL_AREA_STYLE ('',( #4881 ) ) ;
#3358 = VERTEX_POINT ( 'NONE', #11087 ) ;
#3359 = ADVANCED_FACE ( 'NONE', ( #4997 ), #10910, .T. ) ;
#3360 = COLOUR_RGB ( '',1.000000000000000000, 1.000000000000000000, 1.000000000000000000 ) ;
#3361 = PRESENTATION_LAYER_ASSIGNMENT (  '', '', ( #897 ) ) ;
#3362 =( GEOMETRIC_REPRESENTATION_CONTEXT ( 3 ) GLOBAL_UNCERTAINTY_ASSIGNED_CONTEXT ( ( #11378 ) ) GLOBAL_UNIT_ASSIGNED_CONTEXT ( ( #11274, #6860, #9568 ) ) REPRESENTATION_CONTEXT ( 'NONE', 'WORKASPACE' ) );
#3363 = SURFACE_STYLE_FILL_AREA ( #9721 ) ;
#3364 = SURFACE_SIDE_STYLE ('',( #5163 ) ) ;
#3365 =( CONVERSION_BASED_UNIT ( 'INCH', #11377 ) LENGTH_UNIT ( ) NAMED_UNIT ( #2245 ) );
#3366 = UNCERTAINTY_MEASURE_WITH_UNIT (LENGTH_MEASURE( 1.000000000000000082E-05 ), #158, 'distance_accuracy_value', 'NONE');
#3367 = VERTEX_POINT ( 'NONE', #9435 ) ;
#3368 =( LENGTH_UNIT ( ) NAMED_UNIT ( * ) SI_UNIT ( $, .METRE. ) );
#3369 =( CONVERSION_BASED_UNIT ( 'INCH', #2423 ) LENGTH_UNIT ( ) NAMED_UNIT ( #2615 ) );
#3370 = AXIS2_PLACEMENT_3D ( 'NONE', #1920, #3800, #1975 ) ;
#3371 = AXIS2_PLACEMENT_3D ( 'NONE', #5285, #8834, #932 ) ;
#3372 = VECTOR ( 'NONE', #3446, 39.37007874015748143 ) ;
#3373 = ORIENTED_EDGE ( 'NONE', *, *, #862, .T. ) ;
#3374 = EDGE_CURVE ( 'NONE', #8343, #8556, #1414, .T. ) ;
#3375 = LINE ( 'NONE', #3258, #1114 ) ;
#3376 = AXIS2_PLACEMENT_3D ( 'NONE', #11282, #2432, #7800 ) ;
#3377 = DIRECTION ( 'NONE',  ( -1.000000000000000000, -1.602884491802569361E-15, 2.711709361697226329E-31 ) ) ;
#3378 = FACE_OUTER_BOUND ( 'NONE', #11534, .T. ) ;
#3379 = LINE ( 'NONE', #8629, #7215 ) ;
#3380 = ORIENTED_EDGE ( 'NONE', *, *, #9452, .F. ) ;
#3381 = LINE ( 'NONE', #2003, #8732 ) ;
#3382 = DIMENSIONAL_EXPONENTS ( 1.000000000000000000, 0.0000000000000000000, 0.0000000000000000000, 0.0000000000000000000, 0.0000000000000000000, 0.0000000000000000000, 0.0000000000000000000 ) ;
#3383 = DIRECTION ( 'NONE',  ( 2.348093788196916901E-30, -1.644517855226017859E-15, -1.000000000000000000 ) ) ;
#3384 = CARTESIAN_POINT ( 'NONE',  ( -0.06929133858267740032, 0.1269685039370079538, -0.02539370078740161782 ) ) ;
#3385 = VECTOR ( 'NONE', #3835, 39.37007874015748854 ) ;
#3386 = EDGE_LOOP ( 'NONE', ( #5261, #11561, #5592, #3111 ) ) ;
#3387 = ORIENTED_EDGE ( 'NONE', *, *, #10230, .T. ) ;
#3388 = VECTOR ( 'NONE', #394, 39.37007874015748143 ) ;
#3389 = EDGE_CURVE ( 'NONE', #54, #7873, #469, .T. ) ;
#3390 = UNCERTAINTY_MEASURE_WITH_UNIT (LENGTH_MEASURE( 1.000000000000000082E-05 ), #3065, 'distance_accuracy_value', 'NONE');
#3391 = LINE ( 'NONE', #656, #6910 ) ;
#3392 = CYLINDRICAL_SURFACE ( 'NONE', #9674, 0.009105439123007843388 ) ;
#3393 = VECTOR ( 'NONE', #9065, 39.37007874015748854 ) ;
#3394 = FILL_AREA_STYLE_COLOUR ( '', #9290 ) ;
#3395 = EDGE_CURVE ( 'NONE', #3221, #2004, #2186, .T. ) ;
#3396 = PRESENTATION_STYLE_ASSIGNMENT (( #5142 ) ) ;
#3397 = LENGTH_MEASURE_WITH_UNIT ( LENGTH_MEASURE( 0.02539999999999999897 ), #10488 );
#3398 = PLANE ( 'NONE',  #931 ) ;
#3399 = ORIENTED_EDGE ( 'NONE', *, *, #10777, .F. ) ;
#3400 =( GEOMETRIC_REPRESENTATION_CONTEXT ( 3 ) GLOBAL_UNCERTAINTY_ASSIGNED_CONTEXT ( ( #4947 ) ) GLOBAL_UNIT_ASSIGNED_CONTEXT ( ( #6270, #7256, #4413 ) ) REPRESENTATION_CONTEXT ( 'NONE', 'WORKASPACE' ) );
#3401 = ORIENTED_EDGE ( 'NONE', *, *, #9966, .F. ) ;
#3402 = ORIENTED_EDGE ( 'NONE', *, *, #722, .T. ) ;
#3403 = EDGE_CURVE ( 'NONE', #7455, #6582, #391, .T. ) ;
#3404 = ADVANCED_FACE ( 'NONE', ( #9320 ), #1301, .T. ) ;
#3405 = DIRECTION ( 'NONE',  ( 1.594929680954371539E-16, -0.09950371902099727772, 0.9950371902099893751 ) ) ;
#3406 = CARTESIAN_POINT ( 'NONE',  ( 0.06929133858267698398, 0.1269685039370082313, 0.1336614173228346247 ) ) ;
#3407 =( CONVERSION_BASED_UNIT ( 'INCH', #1512 ) LENGTH_UNIT ( ) NAMED_UNIT ( #550 ) );
#3408 = FILL_AREA_STYLE_COLOUR ( '', #5516 ) ;
#3409 = DIRECTION ( 'NONE',  ( -2.364801230464485631E-30, 1.644517855226018450E-15, 1.000000000000000000 ) ) ;
#3410 = PRESENTATION_LAYER_ASSIGNMENT (  '', '', ( #7512 ) ) ;
#3411 = CARTESIAN_POINT ( 'NONE',  ( -0.1499999999999997446, -0.1564960629921260671, 0.1135826771653548339 ) ) ;
#3412 = UNCERTAINTY_MEASURE_WITH_UNIT (LENGTH_MEASURE( 1.000000000000000082E-05 ), #9853, 'distance_accuracy_value', 'NONE');
#3413 = CARTESIAN_POINT ( 'NONE',  ( 0.06018589945968478433, 0.1643700787401577434, 0.08371173833560621724 ) ) ;
#3414 = EDGE_CURVE ( 'NONE', #7938, #6307, #2556, .T. ) ;
#3415 = PRESENTATION_LAYER_ASSIGNMENT (  '', '', ( #749 ) ) ;
#3416 =( CONVERSION_BASED_UNIT ( 'INCH', #8786 ) LENGTH_UNIT ( ) NAMED_UNIT ( #2253 ) );
#3417 = CARTESIAN_POINT ( 'NONE',  ( 0.1535433070866143168, -0.02263779527559001831, -0.1848425196850391194 ) ) ;
#3418 = LINE ( 'NONE', #7611, #4889 ) ;
#3419 = CARTESIAN_POINT ( 'NONE',  ( 0.06743043410952725969, 0.1998031496062997181, -0.4107723084983624373 ) ) ;
#3420 = ORIENTED_EDGE ( 'NONE', *, *, #8523, .F. ) ;
#3421 = DIRECTION ( 'NONE',  ( 1.000000000000000000, 1.602884491802569361E-15, -2.711709361697226329E-31 ) ) ;
#3422 = DIRECTION ( 'NONE',  ( 1.000000000000000000, 1.602884491802569361E-15, -2.711709361697224578E-31 ) ) ;
#3423 = COLOUR_RGB ( '',1.000000000000000000, 1.000000000000000000, 1.000000000000000000 ) ;
#3424 = FACE_OUTER_BOUND ( 'NONE', #9328, .T. ) ;
#3425 =( GEOMETRIC_REPRESENTATION_CONTEXT ( 3 ) GLOBAL_UNCERTAINTY_ASSIGNED_CONTEXT ( ( #7723 ) ) GLOBAL_UNIT_ASSIGNED_CONTEXT ( ( #10707, #6988, #8809 ) ) REPRESENTATION_CONTEXT ( 'NONE', 'WORKASPACE' ) );
#3426 = ORIENTED_EDGE ( 'NONE', *, *, #2017, .T. ) ;
#3427 = DIRECTION ( 'NONE',  ( -1.000000000000000000, -1.602884491802569361E-15, 2.878783784372901366E-31 ) ) ;
#3428 = CIRCLE ( 'NONE', #8653, 0.003937007874015758385 ) ;
#3429 = PRESENTATION_STYLE_ASSIGNMENT (( #7740 ) ) ;
#3430 = MECHANICAL_DESIGN_GEOMETRIC_PRESENTATION_REPRESENTATION (  '', ( #10500 ), #9406 ) ;
#3431 = PRESENTATION_STYLE_ASSIGNMENT (( #9623 ) ) ;
#3432 = SURFACE_STYLE_USAGE ( .BOTH. , #2485 ) ;
#3433 = LINE ( 'NONE', #11523, #6285 ) ;
#3434 = VERTEX_POINT ( 'NONE', #11442 ) ;
#3435 = CARTESIAN_POINT ( 'NONE',  ( 0.06743043410952737071, 0.1269685039370082313, 0.01904002503381884912 ) ) ;
#3436 = CARTESIAN_POINT ( 'NONE',  ( 0.1464566929133862272, -0.1722440944881885316, -0.08484251968503886410 ) ) ;
#3437 = VERTEX_POINT ( 'NONE', #10632 ) ;
#3438 = SURFACE_STYLE_USAGE ( .BOTH. , #1547 ) ;
#3439 =( GEOMETRIC_REPRESENTATION_CONTEXT ( 3 ) GLOBAL_UNCERTAINTY_ASSIGNED_CONTEXT ( ( #5847 ) ) GLOBAL_UNIT_ASSIGNED_CONTEXT ( ( #10969, #3891, #832 ) ) REPRESENTATION_CONTEXT ( 'NONE', 'WORKASPACE' ) );
#3440 = MECHANICAL_DESIGN_GEOMETRIC_PRESENTATION_REPRESENTATION (  '', ( #2884 ), #2129 ) ;
#3441 = DIMENSIONAL_EXPONENTS ( 1.000000000000000000, 0.0000000000000000000, 0.0000000000000000000, 0.0000000000000000000, 0.0000000000000000000, 0.0000000000000000000, 0.0000000000000000000 ) ;
#3442 = VERTEX_POINT ( 'NONE', #8840 ) ;
#3443 =( NAMED_UNIT ( * ) PLANE_ANGLE_UNIT ( ) SI_UNIT ( $, .RADIAN. ) );
#3444 = VERTEX_POINT ( 'NONE', #10514 ) ;
#3445 = CARTESIAN_POINT ( 'NONE',  ( 0.1500000000000003553, -0.1564960629921255952, 0.1135826771653548339 ) ) ;
#3446 = DIRECTION ( 'NONE',  ( -1.296102601205000191E-12, -1.644517855228095916E-15, -1.000000000000000000 ) ) ;
#3447 = DIRECTION ( 'NONE',  ( -1.594929680954395007E-15, 0.9950371902099891530, 0.09950371902099724997 ) ) ;
#3448 = DIRECTION ( 'NONE',  ( -2.348093788196917952E-30, 1.644517855226018450E-15, 1.000000000000000000 ) ) ;
#3449 = LINE ( 'NONE', #772, #100 ) ;
#3450 = COLOUR_RGB ( '',1.000000000000000000, 1.000000000000000000, 1.000000000000000000 ) ;
#3451 = FILL_AREA_STYLE_COLOUR ( '', #3533 ) ;
#3452 =( GEOMETRIC_REPRESENTATION_CONTEXT ( 3 ) GLOBAL_UNCERTAINTY_ASSIGNED_CONTEXT ( ( #6174 ) ) GLOBAL_UNIT_ASSIGNED_CONTEXT ( ( #3365, #10633, #686 ) ) REPRESENTATION_CONTEXT ( 'NONE', 'WORKASPACE' ) );
#3453 = CARTESIAN_POINT ( 'NONE',  ( -0.1948818897637795144, -0.05413385826771657111, -0.4738188976377951112 ) ) ;
#3454 = PLANE ( 'NONE',  #7258 ) ;
#3455 = ORIENTED_EDGE ( 'NONE', *, *, #1255, .F. ) ;
#3456 = EDGE_CURVE ( 'NONE', #1551, #4060, #11262, .T. ) ;
#3457 = ORIENTED_EDGE ( 'NONE', *, *, #4412, .F. ) ;
#3458 = CIRCLE ( 'NONE', #7734, 0.009105439123007872879 ) ;
#3459 = FILL_AREA_STYLE ('',( #667 ) ) ;
#3460 = ORIENTED_EDGE ( 'NONE', *, *, #4321, .T. ) ;
#3461 = EDGE_LOOP ( 'NONE', ( #7324, #6812, #3901, #9777 ) ) ;
#3462 = SURFACE_SIDE_STYLE ('',( #11364 ) ) ;
#3463 = DIRECTION ( 'NONE',  ( 1.594929680954395007E-15, -0.9950371902099891530, -0.09950371902099724997 ) ) ;
#3464 = FACE_OUTER_BOUND ( 'NONE', #291, .T. ) ;
#3465 = CARTESIAN_POINT ( 'NONE',  ( -0.1535433070866138727, -0.1722440944881889757, -0.4037401574803144988 ) ) ;
#3466 = CARTESIAN_POINT ( 'NONE',  ( 0.06018589945980290512, 0.1564960629921264001, -0.4253937007874017406 ) ) ;
#3467 = PLANE ( 'NONE',  #10397 ) ;
#3468 = STYLED_ITEM ( 'NONE', ( #6020 ), #2309 ) ;
#3469 = ADVANCED_FACE ( 'NONE', ( #2519 ), #3304, .F. ) ;
#3470 = EDGE_CURVE ( 'NONE', #1444, #1904, #1526, .T. ) ;
#3471 = FILL_AREA_STYLE_COLOUR ( '', #5465 ) ;
#3472 = ORIENTED_EDGE ( 'NONE', *, *, #1958, .T. ) ;
#3473 = PLANE ( 'NONE',  #2871 ) ;
#3474 = PRESENTATION_LAYER_ASSIGNMENT (  '', '', ( #3290 ) ) ;
#3475 = SURFACE_STYLE_FILL_AREA ( #10459 ) ;
#3476 = UNCERTAINTY_MEASURE_WITH_UNIT (LENGTH_MEASURE( 1.000000000000000082E-05 ), #9225, 'distance_accuracy_value', 'NONE');
#3477 = SURFACE_SIDE_STYLE ('',( #58 ) ) ;
#3478 = FACE_OUTER_BOUND ( 'NONE', #4399, .T. ) ;
#3479 = EDGE_LOOP ( 'NONE', ( #9008, #6746, #6618, #6803 ) ) ;
#3480 = EDGE_CURVE ( 'NONE', #8343, #10068, #852, .T. ) ;
#3481 =( GEOMETRIC_REPRESENTATION_CONTEXT ( 3 ) GLOBAL_UNCERTAINTY_ASSIGNED_CONTEXT ( ( #4185 ) ) GLOBAL_UNIT_ASSIGNED_CONTEXT ( ( #2130, #11234, #11407 ) ) REPRESENTATION_CONTEXT ( 'NONE', 'WORKASPACE' ) );
#3482 = ADVANCED_FACE ( 'NONE', ( #5164 ), #8722, .T. ) ;
#3483 = LENGTH_MEASURE_WITH_UNIT ( LENGTH_MEASURE( 0.02539999999999999897 ), #5942 );
#3484 = CYLINDRICAL_SURFACE ( 'NONE', #540, 0.009105439123007878083 ) ;
#3486 = DIRECTION ( 'NONE',  ( 1.000000000000000000, 1.602884491802569361E-15, 0.0000000000000000000 ) ) ;
#3485 = COLOUR_RGB ( '',0.7607843137254901578, 0.7607843137254901578, 0.0000000000000000000 ) ;
#3487 = STYLED_ITEM ( 'NONE', ( #11111 ), #3115 ) ;
#3488 = SURFACE_STYLE_USAGE ( .BOTH. , #7099 ) ;
#3489 = CARTESIAN_POINT ( 'NONE',  ( 0.01934165959544861813, 0.1269685039370081758, -0.2253937007874016185 ) ) ;
#3490 = SURFACE_STYLE_FILL_AREA ( #7909 ) ;
#3491 = DIRECTION ( 'NONE',  ( -1.602884491802569361E-15, 1.000000000000000000, -1.644517855226017859E-15 ) ) ;
#3492 = ORIENTED_EDGE ( 'NONE', *, *, #3919, .F. ) ;
#3493 = ORIENTED_EDGE ( 'NONE', *, *, #1816, .F. ) ;
#3494 = ORIENTED_EDGE ( 'NONE', *, *, #1386, .T. ) ;
#3495 = DIRECTION ( 'NONE',  ( -1.000000000000000000, -1.602884491802569361E-15, 2.711709361697226329E-31 ) ) ;
#3496 =( CONVERSION_BASED_UNIT ( 'INCH', #10648 ) LENGTH_UNIT ( ) NAMED_UNIT ( #1487 ) );
#3497 = ORIENTED_EDGE ( 'NONE', *, *, #9416, .T. ) ;
#3498 = FACE_OUTER_BOUND ( 'NONE', #4884, .T. ) ;
#3499 = STYLED_ITEM ( 'NONE', ( #8430 ), #3404 ) ;
#3500 = ORIENTED_EDGE ( 'NONE', *, *, #3830, .F. ) ;
#3501 =( CONVERSION_BASED_UNIT ( 'INCH', #9043 ) LENGTH_UNIT ( ) NAMED_UNIT ( #7165 ) );
#3502 = ORIENTED_EDGE ( 'NONE', *, *, #8181, .F. ) ;
#3503 = DIRECTION ( 'NONE',  ( -1.602884491802569361E-15, 1.000000000000000000, -1.644517855226017859E-15 ) ) ;
#3504 = CARTESIAN_POINT ( 'NONE',  ( -0.007480314960630130190, 0.1269685039370081203, -0.09586614173228349967 ) ) ;
#3505 = UNCERTAINTY_MEASURE_WITH_UNIT (LENGTH_MEASURE( 1.000000000000000082E-05 ), #9486, 'distance_accuracy_value', 'NONE');
#3506 = CARTESIAN_POINT ( 'NONE',  ( -0.1464566929133855888, -0.1407480314960631029, -0.006889763779527091452 ) ) ;
#3507 =( LENGTH_UNIT ( ) NAMED_UNIT ( * ) SI_UNIT ( $, .METRE. ) );
#3508 = PRESENTATION_LAYER_ASSIGNMENT (  '', '', ( #289 ) ) ;
#3509 = DIRECTION ( 'NONE',  ( 0.0000000000000000000, 0.0000000000000000000, 1.000000000000000000 ) ) ;
#3510 = LINE ( 'NONE', #10820, #3297 ) ;
#3511 = SURFACE_STYLE_USAGE ( .BOTH. , #9756 ) ;
#3512 = SURFACE_STYLE_USAGE ( .BOTH. , #8058 ) ;
#3513 = DIRECTION ( 'NONE',  ( -0.7956271577885686286, -1.875148439272791725E-15, -0.6057866173738771787 ) ) ;
#3514 =( NAMED_UNIT ( * ) PLANE_ANGLE_UNIT ( ) SI_UNIT ( $, .RADIAN. ) );
#3515 = DIRECTION ( 'NONE',  ( -1.000000000000000000, -1.602884491802569361E-15, 2.711709361697226329E-31 ) ) ;
#3516 = EDGE_LOOP ( 'NONE', ( #10963, #11247, #7463, #400 ) ) ;
#3517 = VECTOR ( 'NONE', #2488, 39.37007874015748143 ) ;
#3518 = ORIENTED_EDGE ( 'NONE', *, *, #10368, .T. ) ;
#3519 = MECHANICAL_DESIGN_GEOMETRIC_PRESENTATION_REPRESENTATION (  '', ( #482 ), #5950 ) ;
#3520 = VERTEX_POINT ( 'NONE', #3663 ) ;
#3521 = VERTEX_POINT ( 'NONE', #9939 ) ;
#3522 = LENGTH_MEASURE_WITH_UNIT ( LENGTH_MEASURE( 0.02539999999999999897 ), #5515 );
#3523 = DIMENSIONAL_EXPONENTS ( 1.000000000000000000, 0.0000000000000000000, 0.0000000000000000000, 0.0000000000000000000, 0.0000000000000000000, 0.0000000000000000000, 0.0000000000000000000 ) ;
#3524 = SURFACE_STYLE_USAGE ( .BOTH. , #3352 ) ;
#3525 = DIRECTION ( 'NONE',  ( -1.359243330564626174E-15, 0.8479983040050815823, -0.5299989400031900333 ) ) ;
#3526 = DIRECTION ( 'NONE',  ( -2.348093788196917952E-30, 1.644517855226018450E-15, 1.000000000000000000 ) ) ;
#3527 = EDGE_CURVE ( 'NONE', #5274, #8140, #4483, .T. ) ;
#3528 = FILL_AREA_STYLE_COLOUR ( '', #2393 ) ;
#3529 =( LENGTH_UNIT ( ) NAMED_UNIT ( * ) SI_UNIT ( $, .METRE. ) );
#3530 = DIRECTION ( 'NONE',  ( -1.000000000000000000, -1.602884491802569361E-15, 2.711709361697226329E-31 ) ) ;
#3531 = MECHANICAL_DESIGN_GEOMETRIC_PRESENTATION_REPRESENTATION (  '', ( #1254 ), #2779 ) ;
#3532 = DIRECTION ( 'NONE',  ( -1.000000000000000000, -1.602884491802569361E-15, 2.711709361697226329E-31 ) ) ;
#3533 = COLOUR_RGB ( '',1.000000000000000000, 1.000000000000000000, 1.000000000000000000 ) ;
#3534 = DIRECTION ( 'NONE',  ( -1.602884491802569361E-15, 1.000000000000000000, -1.644517855226017859E-15 ) ) ;
#3535 = UNCERTAINTY_MEASURE_WITH_UNIT (LENGTH_MEASURE( 1.000000000000000082E-05 ), #4945, 'distance_accuracy_value', 'NONE');
#3536 = ORIENTED_EDGE ( 'NONE', *, *, #2035, .T. ) ;
#3537 = AXIS2_PLACEMENT_3D ( 'NONE', #9920, #1856, #2813 ) ;
#3538 = TOROIDAL_SURFACE ( 'NONE', #2789, 0.02854330708661417110, 0.003937007874015747977 ) ;
#3539 = CARTESIAN_POINT ( 'NONE',  ( 0.01209712494558641202, 0.1269685039370082036, -0.08095997496618115297 ) ) ;
#3540 = DIRECTION ( 'NONE',  ( 1.594929680954418377E-16, -0.09950371902100052512, -0.9950371902099890420 ) ) ;
#3541 = EDGE_CURVE ( 'NONE', #2613, #1963, #5586, .T. ) ;
#3542 =( LENGTH_UNIT ( ) NAMED_UNIT ( * ) SI_UNIT ( $, .METRE. ) );
#3543 = COLOUR_RGB ( '',1.000000000000000000, 1.000000000000000000, 1.000000000000000000 ) ;
#3545 = PRESENTATION_LAYER_ASSIGNMENT (  '', '', ( #1843 ) ) ;
#3544 = DIRECTION ( 'NONE',  ( 1.602884491802569361E-15, -1.000000000000000000, 1.644517855226018450E-15 ) ) ;
#3546 = FILL_AREA_STYLE_COLOUR ( '', #5390 ) ;
#3547 = ORIENTED_EDGE ( 'NONE', *, *, #2392, .F. ) ;
#3548 = ADVANCED_FACE ( 'NONE', ( #6276 ), #10740, .T. ) ;
#3549 = STYLED_ITEM ( 'NONE', ( #2512 ), #5471 ) ;
#3550 = DIRECTION ( 'NONE',  ( 1.602884491802569361E-15, -1.000000000000000000, 1.644517855226018450E-15 ) ) ;
#3551 = DIRECTION ( 'NONE',  ( 0.0000000000000000000, 0.0000000000000000000, 1.000000000000000000 ) ) ;
#3552 = PRESENTATION_LAYER_ASSIGNMENT (  '', '', ( #4853 ) ) ;
#3553 = MECHANICAL_DESIGN_GEOMETRIC_PRESENTATION_REPRESENTATION (  '', ( #1277 ), #7074 ) ;
#3554 = COLOUR_RGB ( '',1.000000000000000000, 1.000000000000000000, 1.000000000000000000 ) ;
#3555 = FILL_AREA_STYLE ('',( #10526 ) ) ;
#3556 = EDGE_CURVE ( 'NONE', #4804, #7405, #4709, .T. ) ;
#3557 = EDGE_CURVE ( 'NONE', #1335, #8860, #11567, .T. ) ;
#3558 =( NAMED_UNIT ( * ) PLANE_ANGLE_UNIT ( ) SI_UNIT ( $, .RADIAN. ) );
#3559 = LINE ( 'NONE', #2666, #4004 ) ;
#3560 = CARTESIAN_POINT ( 'NONE',  ( 0.06889763779527559306, 0.008858267716535831934, 0.1702755905511812995 ) ) ;
#3561 = ORIENTED_EDGE ( 'NONE', *, *, #266, .T. ) ;
#3562 = EDGE_LOOP ( 'NONE', ( #3740, #4800, #3733, #4875 ) ) ;
#3563 = PRESENTATION_LAYER_ASSIGNMENT (  '', '', ( #8580 ) ) ;
#3564 = DIRECTION ( 'NONE',  ( -2.348093788196917952E-30, 1.644517855226018450E-15, 1.000000000000000000 ) ) ;
#3565 =( GEOMETRIC_REPRESENTATION_CONTEXT ( 3 ) GLOBAL_UNCERTAINTY_ASSIGNED_CONTEXT ( ( #6191 ) ) GLOBAL_UNIT_ASSIGNED_CONTEXT ( ( #4976, #3103, #4869 ) ) REPRESENTATION_CONTEXT ( 'NONE', 'WORKASPACE' ) );
#3566 = ORIENTED_EDGE ( 'NONE', *, *, #1089, .F. ) ;
#3567 =( CONVERSION_BASED_UNIT ( 'INCH', #8805 ) LENGTH_UNIT ( ) NAMED_UNIT ( #6070 ) );
#3568 =( GEOMETRIC_REPRESENTATION_CONTEXT ( 3 ) GLOBAL_UNCERTAINTY_ASSIGNED_CONTEXT ( ( #745 ) ) GLOBAL_UNIT_ASSIGNED_CONTEXT ( ( #2096, #9179, #2266 ) ) REPRESENTATION_CONTEXT ( 'NONE', 'WORKASPACE' ) );
#3569 = ORIENTED_EDGE ( 'NONE', *, *, #8164, .T. ) ;
#3570 = FACE_OUTER_BOUND ( 'NONE', #11187, .T. ) ;
#3571 = ORIENTED_EDGE ( 'NONE', *, *, #723, .F. ) ;
#3572 = AXIS2_PLACEMENT_3D ( 'NONE', #6026, #4397, #7054 ) ;
#3573 = SURFACE_STYLE_USAGE ( .BOTH. , #274 ) ;
#3574 = SURFACE_SIDE_STYLE ('',( #8999 ) ) ;
#3575 = ADVANCED_FACE ( 'NONE', ( #2174 ), #3062, .F. ) ;
#3576 = CYLINDRICAL_SURFACE ( 'NONE', #8590, 0.009105439123007872879 ) ;
#3577 = CARTESIAN_POINT ( 'NONE',  ( -0.06929133858267740032, 0.1269685039370081203, -0.1663385826771653642 ) ) ;
#3578 = DIRECTION ( 'NONE',  ( -1.000000000000000000, -1.602884491802569361E-15, 2.711709361697226329E-31 ) ) ;
#3579 = FILL_AREA_STYLE_COLOUR ( '', #3708 ) ;
#3580 = CARTESIAN_POINT ( 'NONE',  ( 0.01934165959543282173, 0.1564960629921262614, 0.1336614173228345692 ) ) ;
#3581 = LINE ( 'NONE', #843, #5242 ) ;
#3582 = MECHANICAL_DESIGN_GEOMETRIC_PRESENTATION_REPRESENTATION (  '', ( #7840 ), #5818 ) ;
#3583 = EDGE_LOOP ( 'NONE', ( #4120, #7826, #3660, #7172 ) ) ;
#3584 = ORIENTED_EDGE ( 'NONE', *, *, #806, .T. ) ;
#3585 = PRESENTATION_LAYER_ASSIGNMENT (  '', '', ( #3771 ) ) ;
#3586 = VERTEX_POINT ( 'NONE', #5703 ) ;
#3587 = DIRECTION ( 'NONE',  ( -1.594929680954394613E-15, 0.9950371902099890420, -0.09950371902100052512 ) ) ;
#3588 = EDGE_LOOP ( 'NONE', ( #8783, #5395, #11233, #3399 ) ) ;
#3589 = VERTEX_POINT ( 'NONE', #10154 ) ;
#3590 = DIRECTION ( 'NONE',  ( -1.000000000000000000, -1.602884491802569361E-15, 2.711709361697226329E-31 ) ) ;
#3591 =( LENGTH_UNIT ( ) NAMED_UNIT ( * ) SI_UNIT ( $, .METRE. ) );
#3592 = SURFACE_STYLE_FILL_AREA ( #8772 ) ;
#3593 = DIRECTION ( 'NONE',  ( 0.0000000000000000000, 0.0000000000000000000, -1.000000000000000000 ) ) ;
#3594 = FACE_OUTER_BOUND ( 'NONE', #3583, .T. ) ;
#3595 = FILL_AREA_STYLE_COLOUR ( '', #3728 ) ;
#3596 = LINE ( 'NONE', #7886, #5019 ) ;
#3597 = FILL_AREA_STYLE_COLOUR ( '', #7604 ) ;
#3598 = LENGTH_MEASURE_WITH_UNIT ( LENGTH_MEASURE( 0.02539999999999999897 ), #1702 );
#3599 = ORIENTED_EDGE ( 'NONE', *, *, #8102, .T. ) ;
#3600 = DIMENSIONAL_EXPONENTS ( 1.000000000000000000, 0.0000000000000000000, 0.0000000000000000000, 0.0000000000000000000, 0.0000000000000000000, 0.0000000000000000000, 0.0000000000000000000 ) ;
#3601 =( NAMED_UNIT ( * ) SI_UNIT ( $, .STERADIAN. ) SOLID_ANGLE_UNIT ( ) );
#3602 = FACE_OUTER_BOUND ( 'NONE', #1474, .T. ) ;
#3603 = SURFACE_SIDE_STYLE ('',( #4361 ) ) ;
#3604 = UNCERTAINTY_MEASURE_WITH_UNIT (LENGTH_MEASURE( 1.000000000000000082E-05 ), #3951, 'distance_accuracy_value', 'NONE');
#3605 = AXIS2_PLACEMENT_3D ( 'NONE', #9592, #3347, #10328 ) ;
#3606 = FILL_AREA_STYLE ('',( #6103 ) ) ;
#3607 =( LENGTH_UNIT ( ) NAMED_UNIT ( * ) SI_UNIT ( $, .METRE. ) );
#3608 = VERTEX_POINT ( 'NONE', #3116 ) ;
#3609 = CARTESIAN_POINT ( 'NONE',  ( -0.007480314960630130190, 0.1269685039370080926, 0.1041338582677165114 ) ) ;
#3610 = DIRECTION ( 'NONE',  ( -0.7956271577886172564, -2.775557561562892140E-15, -0.6057866173738131188 ) ) ;
#3611 = CARTESIAN_POINT ( 'NONE',  ( 0.01934165959544850363, 0.1998031496062995516, 0.02455597819984235014 ) ) ;
#3612 = EDGE_CURVE ( 'NONE', #3785, #11440, #7658, .T. ) ;
#3613 = AXIS2_PLACEMENT_3D ( 'NONE', #11051, #3097, #10186 ) ;
#3614 = PRODUCT_RELATED_PRODUCT_CATEGORY ( 'part', '', ( #3270 ) ) ;
#3615 = CARTESIAN_POINT ( 'NONE',  ( 0.06018589945968484678, 0.1269685039370081203, 0.08371173833560627275 ) ) ;
#3616 = UNCERTAINTY_MEASURE_WITH_UNIT (LENGTH_MEASURE( 1.000000000000000082E-05 ), #8682, 'distance_accuracy_value', 'NONE');
#3617 = PRESENTATION_STYLE_ASSIGNMENT (( #8039 ) ) ;
#3618 = LINE ( 'NONE', #10470, #11416 ) ;
#3619 = COLOUR_RGB ( '',1.000000000000000000, 1.000000000000000000, 1.000000000000000000 ) ;
#3620 = COLOUR_RGB ( '',0.7607843137254901578, 0.7607843137254901578, 0.0000000000000000000 ) ;
#3621 = EDGE_LOOP ( 'NONE', ( #4268, #595, #9809, #6368, #2449, #11127 ) ) ;
#3622 = SURFACE_STYLE_FILL_AREA ( #10865 ) ;
#3623 = ORIENTED_EDGE ( 'NONE', *, *, #1145, .T. ) ;
#3624 = LINE ( 'NONE', #237, #937 ) ;
#3625 = ADVANCED_FACE ( 'NONE', ( #6669 ), #2284, .F. ) ;
#3626 = EDGE_CURVE ( 'NONE', #4722, #6719, #5578, .T. ) ;
#3627 = ORIENTED_EDGE ( 'NONE', *, *, #8990, .F. ) ;
#3628 = AXIS2_PLACEMENT_3D ( 'NONE', #5153, #10621, #10450 ) ;
#3629 = DIRECTION ( 'NONE',  ( 1.602884491802569361E-15, -1.000000000000000000, 1.644517855226017859E-15 ) ) ;
#3630 = VECTOR ( 'NONE', #2183, 39.37007874015748143 ) ;
#3631 = ORIENTED_EDGE ( 'NONE', *, *, #10583, .F. ) ;
#3632 = UNCERTAINTY_MEASURE_WITH_UNIT (LENGTH_MEASURE( 1.000000000000000082E-05 ), #10062, 'distance_accuracy_value', 'NONE');
#3633 = SURFACE_STYLE_USAGE ( .BOTH. , #22 ) ;
#3634 = DIRECTION ( 'NONE',  ( -1.602884491802569361E-15, 1.000000000000000000, -1.644517855226017859E-15 ) ) ;
#3635 = DIRECTION ( 'NONE',  ( 1.602884491802569361E-15, -1.000000000000000000, 1.644517855226017859E-15 ) ) ;
#3636 = FILL_AREA_STYLE ('',( #4451 ) ) ;
#3637 =( NAMED_UNIT ( * ) SI_UNIT ( $, .STERADIAN. ) SOLID_ANGLE_UNIT ( ) );
#3638 = AXIS2_PLACEMENT_3D ( 'NONE', #1235, #2955, #9032 ) ;
#3639 = CARTESIAN_POINT ( 'NONE',  ( -0.06929133858267749746, 0.1958661417322837828, -0.2663385826771654807 ) ) ;
#3640 = PRESENTATION_LAYER_ASSIGNMENT (  '', '', ( #592 ) ) ;
#3641 = EDGE_LOOP ( 'NONE', ( #8216, #593, #7544, #2581, #1671, #6926, #8214, #1909 ) ) ;
#3642 = ORIENTED_EDGE ( 'NONE', *, *, #3780, .F. ) ;
#3643 = ADVANCED_FACE ( 'NONE', ( #5282 ), #1696, .T. ) ;
#3644 = ORIENTED_EDGE ( 'NONE', *, *, #8670, .T. ) ;
#3645 = CARTESIAN_POINT ( 'NONE',  ( 0.06743043410952737071, 0.1269685039370083146, -0.3107723084983661788 ) ) ;
#3646 = ORIENTED_EDGE ( 'NONE', *, *, #10783, .T. ) ;
#3647 = VERTEX_POINT ( 'NONE', #4231 ) ;
#3648 = MECHANICAL_DESIGN_GEOMETRIC_PRESENTATION_REPRESENTATION (  '', ( #5871 ), #5506 ) ;
#3649 = SURFACE_SIDE_STYLE ('',( #1803 ) ) ;
#3650 = MECHANICAL_DESIGN_GEOMETRIC_PRESENTATION_REPRESENTATION (  '', ( #8665 ), #6978 ) ;
#3651 = PLANE ( 'NONE',  #7837 ) ;
#3652 = FACE_OUTER_BOUND ( 'NONE', #10975, .T. ) ;
#3653 = PRESENTATION_STYLE_ASSIGNMENT (( #6263 ) ) ;
#3654 = CYLINDRICAL_SURFACE ( 'NONE', #7274, 0.009105439123007878083 ) ;
#3655 = LINE ( 'NONE', #859, #5187 ) ;
#3656 = CARTESIAN_POINT ( 'NONE',  ( 0.06122681038629890909, 0.1998031496062996903, -0.07027559055118126619 ) ) ;
#3657 = STYLED_ITEM ( 'NONE', ( #8192 ), #1799 ) ;
#3658 = COLOUR_RGB ( '',1.000000000000000000, 1.000000000000000000, 1.000000000000000000 ) ;
#3659 = SURFACE_SIDE_STYLE ('',( #9933 ) ) ;
#3660 = ORIENTED_EDGE ( 'NONE', *, *, #211, .F. ) ;
#3661 = LENGTH_MEASURE_WITH_UNIT ( LENGTH_MEASURE( 0.02539999999999999897 ), #940 );
#3662 = DIRECTION ( 'NONE',  ( 1.594929680954418377E-16, -0.09950371902100052512, -0.9950371902099890420 ) ) ;
#3663 = CARTESIAN_POINT ( 'NONE',  ( 0.06743043410952737071, 0.1269685039370083701, -0.3809599749661812806 ) ) ;
#3664 = PRESENTATION_LAYER_ASSIGNMENT (  '', '', ( #6432 ) ) ;
#3665 =( NAMED_UNIT ( * ) SI_UNIT ( $, .STERADIAN. ) SOLID_ANGLE_UNIT ( ) );
#3666 = VERTEX_POINT ( 'NONE', #7717 ) ;
#3667 = CARTESIAN_POINT ( 'NONE',  ( 0.01934165959544850363, 0.1998031496062997181, -0.3702755905511813106 ) ) ;
#3668 =( LENGTH_UNIT ( ) NAMED_UNIT ( * ) SI_UNIT ( $, .METRE. ) );
#3669 = CARTESIAN_POINT ( 'NONE',  ( -0.1464566929133855611, -0.1722440944881890312, 0.01200787401574855001 ) ) ;
#3670 = LENGTH_MEASURE_WITH_UNIT ( LENGTH_MEASURE( 0.02539999999999999897 ), #10973 );
#3671 = CARTESIAN_POINT ( 'NONE',  ( -0.1464566929133857831, -0.02263779527559060811, 0.1151574803149608972 ) ) ;
#3672 = EDGE_CURVE ( 'NONE', #8544, #3824, #732, .T. ) ;
#3673 = FACE_OUTER_BOUND ( 'NONE', #9041, .T. ) ;
#3674 = ORIENTED_EDGE ( 'NONE', *, *, #4265, .T. ) ;
#3675 = CARTESIAN_POINT ( 'NONE',  ( 0.06889763779527560694, 0.001377952755905891046, 0.1624015748031497897 ) ) ;
#3676 = VERTEX_POINT ( 'NONE', #11312 ) ;
#3677 = STYLED_ITEM ( 'NONE', ( #2443 ), #6945 ) ;
#3678 = SURFACE_STYLE_USAGE ( .BOTH. , #1846 ) ;
#3679 = EDGE_LOOP ( 'NONE', ( #10386, #6222, #6365, #7339 ) ) ;
#3680 = DIRECTION ( 'NONE',  ( 1.602884491802569361E-15, -1.000000000000000000, 1.644517855226017859E-15 ) ) ;
#3681 =( LENGTH_UNIT ( ) NAMED_UNIT ( * ) SI_UNIT ( $, .METRE. ) );
#3682 = DIRECTION ( 'NONE',  ( 6.749499564049081992E-10, 1.000000000000000000, -1.644517855226017859E-15 ) ) ;
#3683 = EDGE_CURVE ( 'NONE', #8635, #6411, #4407, .T. ) ;
#3684 = PRESENTATION_STYLE_ASSIGNMENT (( #1015 ) ) ;
#3685 = SURFACE_STYLE_FILL_AREA ( #84 ) ;
#3686 =( CONVERSION_BASED_UNIT ( 'INCH', #7992 ) LENGTH_UNIT ( ) NAMED_UNIT ( #4187 ) );
#3687 = DIRECTION ( 'NONE',  ( 1.602884491802569361E-15, -1.000000000000000000, 1.644517855226017859E-15 ) ) ;
#3688 =( GEOMETRIC_REPRESENTATION_CONTEXT ( 3 ) GLOBAL_UNCERTAINTY_ASSIGNED_CONTEXT ( ( #80 ) ) GLOBAL_UNIT_ASSIGNED_CONTEXT ( ( #1544, #7029, #11457 ) ) REPRESENTATION_CONTEXT ( 'NONE', 'WORKASPACE' ) );
#3689 = VECTOR ( 'NONE', #7360, 39.37007874015748143 ) ;
#3690 = FACE_OUTER_BOUND ( 'NONE', #9190, .T. ) ;
#3691 = DIRECTION ( 'NONE',  ( -1.602884491802569361E-15, 1.000000000000000000, -1.644517855226017859E-15 ) ) ;
#3692 = EDGE_CURVE ( 'NONE', #1153, #455, #1632, .T. ) ;
#3693 = ORIENTED_EDGE ( 'NONE', *, *, #9456, .F. ) ;
#3694 = EDGE_LOOP ( 'NONE', ( #3026, #2132, #3767, #7417, #1911, #9852 ) ) ;
#3695 = AXIS2_PLACEMENT_3D ( 'NONE', #3187, #7669, #10162 ) ;
#3696 =( NAMED_UNIT ( * ) PLANE_ANGLE_UNIT ( ) SI_UNIT ( $, .RADIAN. ) );
#3697 = FILL_AREA_STYLE_COLOUR ( '', #7648 ) ;
#3698 = CARTESIAN_POINT ( 'NONE',  ( -0.1948818897637798475, 0.1564960629921260116, -0.4738188976377947781 ) ) ;
#3699 = FACE_OUTER_BOUND ( 'NONE', #1726, .T. ) ;
#3700 = CARTESIAN_POINT ( 'NONE',  ( 0.01934165959544849669, 0.2037401574803152926, -0.2162882616643938549 ) ) ;
#3701 = ADVANCED_FACE ( 'NONE', ( #2640 ), #2404, .T. ) ;
#3702 = EDGE_CURVE ( 'NONE', #6196, #1659, #4468, .T. ) ;
#3703 = FILL_AREA_STYLE ('',( #3595 ) ) ;
#3704 = CARTESIAN_POINT ( 'NONE',  ( 0.06018589945980290512, 0.1564960629921262614, -0.02539370078740165945 ) ) ;
#3705 = VECTOR ( 'NONE', #3119, 39.37007874015748143 ) ;
#3706 =( CONVERSION_BASED_UNIT ( 'INCH', #9718 ) LENGTH_UNIT ( ) NAMED_UNIT ( #4851 ) );
#3707 = FILL_AREA_STYLE_COLOUR ( '', #9680 ) ;
#3708 = COLOUR_RGB ( '',0.7607843137254901578, 0.7607843137254901578, 0.0000000000000000000 ) ;
#3709 = MECHANICAL_DESIGN_GEOMETRIC_PRESENTATION_REPRESENTATION (  '', ( #7591 ), #10751 ) ;
#3710 = PLANE ( 'NONE',  #10279 ) ;
#3711 = ORIENTED_EDGE ( 'NONE', *, *, #3683, .F. ) ;
#3712 = DIMENSIONAL_EXPONENTS ( 1.000000000000000000, 0.0000000000000000000, 0.0000000000000000000, 0.0000000000000000000, 0.0000000000000000000, 0.0000000000000000000, 0.0000000000000000000 ) ;
#3713 = CARTESIAN_POINT ( 'NONE',  ( 0.1464566929133859496, -0.02263779527559014321, -0.006889763779527295282 ) ) ;
#3714 = LINE ( 'NONE', #2837, #332 ) ;
#3715 = SURFACE_SIDE_STYLE ('',( #6499 ) ) ;
#3716 = VECTOR ( 'NONE', #9454, 39.37007874015748143 ) ;
#3717 =( NAMED_UNIT ( * ) PLANE_ANGLE_UNIT ( ) SI_UNIT ( $, .RADIAN. ) );
#3718 = AXIS2_PLACEMENT_3D ( 'NONE', #11411, #4272, #3448 ) ;
#3719 = EDGE_CURVE ( 'NONE', #4741, #10143, #4637, .T. ) ;
#3720 = CARTESIAN_POINT ( 'NONE',  ( 0.06743043410952737071, 0.1269685039370083424, -0.4107723084983623263 ) ) ;
#3721 = LINE ( 'NONE', #10960, #6335 ) ;
#3722 = EDGE_LOOP ( 'NONE', ( #5310, #200, #3284 ) ) ;
#3723 = DIRECTION ( 'NONE',  ( 1.602884491802569361E-15, -1.000000000000000000, 1.644517855226017859E-15 ) ) ;
#3724 = VECTOR ( 'NONE', #8468, 39.37007874015748143 ) ;
#3725 = FILL_AREA_STYLE_COLOUR ( '', #6036 ) ;
#3726 = PLANE ( 'NONE',  #184 ) ;
#3727 =( GEOMETRIC_REPRESENTATION_CONTEXT ( 3 ) GLOBAL_UNCERTAINTY_ASSIGNED_CONTEXT ( ( #1824 ) ) GLOBAL_UNIT_ASSIGNED_CONTEXT ( ( #2516, #1459, #2577 ) ) REPRESENTATION_CONTEXT ( 'NONE', 'WORKASPACE' ) );
#3728 = COLOUR_RGB ( '',1.000000000000000000, 1.000000000000000000, 1.000000000000000000 ) ;
#3729 =( GEOMETRIC_REPRESENTATION_CONTEXT ( 3 ) GLOBAL_UNCERTAINTY_ASSIGNED_CONTEXT ( ( #7923 ) ) GLOBAL_UNIT_ASSIGNED_CONTEXT ( ( #8505, #8727, #8451 ) ) REPRESENTATION_CONTEXT ( 'NONE', 'WORKASPACE' ) );
#3730 = SURFACE_STYLE_FILL_AREA ( #6397 ) ;
#3731 =( LENGTH_UNIT ( ) NAMED_UNIT ( * ) SI_UNIT ( $, .METRE. ) );
#3732 = COLOUR_RGB ( '',0.7607843137254901578, 0.7607843137254901578, 0.0000000000000000000 ) ;
#3733 = ORIENTED_EDGE ( 'NONE', *, *, #11220, .T. ) ;
#3734 = SURFACE_STYLE_FILL_AREA ( #7337 ) ;
#3735 = ORIENTED_EDGE ( 'NONE', *, *, #2021, .T. ) ;
#3736 = CARTESIAN_POINT ( 'NONE',  ( 0.1464566929133862272, -0.1722440944881884761, -0.1848425196850388696 ) ) ;
#3737 = PRESENTATION_LAYER_ASSIGNMENT (  '', '', ( #1083 ) ) ;
#3738 = PRESENTATION_LAYER_ASSIGNMENT (  '', '', ( #3549 ) ) ;
#3739 = ORIENTED_EDGE ( 'NONE', *, *, #3993, .T. ) ;
#3740 = ORIENTED_EDGE ( 'NONE', *, *, #5260, .F. ) ;
#3741 = UNCERTAINTY_MEASURE_WITH_UNIT (LENGTH_MEASURE( 1.000000000000000082E-05 ), #912, 'distance_accuracy_value', 'NONE');
#3742 = CARTESIAN_POINT ( 'NONE',  ( -0.1535433070866139282, -0.1407480314960631584, 0.09311023622047291670 ) ) ;
#3743 = PRESENTATION_LAYER_ASSIGNMENT (  '', '', ( #2610 ) ) ;
#3744 = LINE ( 'NONE', #6245, #6438 ) ;
#3745 = VECTOR ( 'NONE', #6609, 39.37007874015748143 ) ;
#3746 = DIRECTION ( 'NONE',  ( 1.602884491802569361E-15, -1.000000000000000000, 1.644517855226017859E-15 ) ) ;
#3747 =( LENGTH_UNIT ( ) NAMED_UNIT ( * ) SI_UNIT ( $, .METRE. ) );
#3748 = PLANE ( 'NONE',  #1080 ) ;
#3749 =( NAMED_UNIT ( * ) PLANE_ANGLE_UNIT ( ) SI_UNIT ( $, .RADIAN. ) );
#3750 = VECTOR ( 'NONE', #11169, 39.37007874015748143 ) ;
#3751 = EDGE_CURVE ( 'NONE', #3134, #6636, #9063, .T. ) ;
#3752 = DIRECTION ( 'NONE',  ( 0.0000000000000000000, 0.0000000000000000000, -1.000000000000000000 ) ) ;
#3753 = ORIENTED_EDGE ( 'NONE', *, *, #9689, .T. ) ;
#3754 = PRESENTATION_LAYER_ASSIGNMENT (  '', '', ( #8780 ) ) ;
#3755 = SURFACE_SIDE_STYLE ('',( #6259 ) ) ;
#3756 =( CONVERSION_BASED_UNIT ( 'INCH', #3522 ) LENGTH_UNIT ( ) NAMED_UNIT ( #1264 ) );
#3757 = EDGE_CURVE ( 'NONE', #2507, #1508, #290, .T. ) ;
#3758 =( LENGTH_UNIT ( ) NAMED_UNIT ( * ) SI_UNIT ( $, .METRE. ) );
#3759 = DIRECTION ( 'NONE',  ( -2.348093788196916901E-30, 1.644517855226017859E-15, 1.000000000000000000 ) ) ;
#3760 = SURFACE_STYLE_USAGE ( .BOTH. , #43 ) ;
#3761 = PLANE ( 'NONE',  #2207 ) ;
#3762 = CARTESIAN_POINT ( 'NONE',  ( -0.007480314960630246417, 0.1998031496062994405, 0.1041338582677163865 ) ) ;
#3763 = MECHANICAL_DESIGN_GEOMETRIC_PRESENTATION_REPRESENTATION (  '', ( #7479 ), #8220 ) ;
#3764 = ADVANCED_FACE ( 'NONE', ( #8069 ), #10725, .F. ) ;
#3765 = EDGE_CURVE ( 'NONE', #3437, #7151, #40, .T. ) ;
#3766 = TOROIDAL_SURFACE ( 'NONE', #4887, 0.005168431248992125769, 0.003937007874015747977 ) ;
#3767 = ORIENTED_EDGE ( 'NONE', *, *, #8400, .F. ) ;
#3768 = CARTESIAN_POINT ( 'NONE',  ( -0.06889763779527560694, 0.001377952755905669218, 0.1624015748031497897 ) ) ;
#3769 = FILL_AREA_STYLE_COLOUR ( '', #5978 ) ;
#3770 = EDGE_CURVE ( 'NONE', #7000, #1337, #1244, .T. ) ;
#3771 = STYLED_ITEM ( 'NONE', ( #2244 ), #6620 ) ;
#3772 =( NAMED_UNIT ( * ) PLANE_ANGLE_UNIT ( ) SI_UNIT ( $, .RADIAN. ) );
#3773 = PLANE ( 'NONE',  #8283 ) ;
#3774 = LINE ( 'NONE', #7640, #9260 ) ;
#3775 = LINE ( 'NONE', #2176, #8960 ) ;
#3776 = DIRECTION ( 'NONE',  ( 1.000000000000000000, 1.602884491802569361E-15, -2.711709361697224578E-31 ) ) ;
#3777 = VERTEX_POINT ( 'NONE', #10833 ) ;
#3778 = AXIS2_PLACEMENT_3D ( 'NONE', #8180, #5631, #9183 ) ;
#3779 =( CONVERSION_BASED_UNIT ( 'INCH', #2787 ) LENGTH_UNIT ( ) NAMED_UNIT ( #3441 ) );
#3780 = EDGE_CURVE ( 'NONE', #4204, #6617, #4263, .T. ) ;
#3781 = PRESENTATION_LAYER_ASSIGNMENT (  '', '', ( #1136 ) ) ;
#3782 = CARTESIAN_POINT ( 'NONE',  ( 0.01209712494558641202, 0.1269685039370081203, 0.1190400250338188581 ) ) ;
#3783 = FACE_OUTER_BOUND ( 'NONE', #3805, .T. ) ;
#3784 = DIMENSIONAL_EXPONENTS ( 1.000000000000000000, 0.0000000000000000000, 0.0000000000000000000, 0.0000000000000000000, 0.0000000000000000000, 0.0000000000000000000, 0.0000000000000000000 ) ;
#3785 = VERTEX_POINT ( 'NONE', #4532 ) ;
#3786 = CARTESIAN_POINT ( 'NONE',  ( -0.1464566929133855611, -0.1722440944881889757, -0.1848425196850388696 ) ) ;
#3787 = ORIENTED_EDGE ( 'NONE', *, *, #3557, .T. ) ;
#3788 = CARTESIAN_POINT ( 'NONE',  ( -0.1464566929133855888, -0.1407480314960629919, -0.3068897637795270916 ) ) ;
#3789 = ORIENTED_EDGE ( 'NONE', *, *, #7309, .T. ) ;
#3790 = DIRECTION ( 'NONE',  ( -1.602884491802569361E-15, 1.000000000000000000, -1.644517855226017859E-15 ) ) ;
#3791 = ORIENTED_EDGE ( 'NONE', *, *, #8327, .F. ) ;
#3792 = PRESENTATION_STYLE_ASSIGNMENT (( #10176 ) ) ;
#3793 = DIMENSIONAL_EXPONENTS ( 1.000000000000000000, 0.0000000000000000000, 0.0000000000000000000, 0.0000000000000000000, 0.0000000000000000000, 0.0000000000000000000, 0.0000000000000000000 ) ;
#3794 = DIRECTION ( 'NONE',  ( 1.602884491802569361E-15, -1.000000000000000000, 1.644517855226017859E-15 ) ) ;
#3795 = STYLED_ITEM ( 'NONE', ( #3834 ), #197 ) ;
#3796 = CARTESIAN_POINT ( 'NONE',  ( 0.1464566929133859496, -0.02263779527559007035, -0.2068897637795273081 ) ) ;
#3797 = DIRECTION ( 'NONE',  ( 1.000000000000000000, 1.602884491802569361E-15, -2.711709361697226329E-31 ) ) ;
#3798 = PRESENTATION_STYLE_ASSIGNMENT (( #5447 ) ) ;
#3799 = LINE ( 'NONE', #8113, #2963 ) ;
#3800 = DIRECTION ( 'NONE',  ( 1.602884491802569361E-15, -1.000000000000000000, 1.644517855226017859E-15 ) ) ;
#3801 = ORIENTED_EDGE ( 'NONE', *, *, #1903, .F. ) ;
#3802 = CIRCLE ( 'NONE', #2294, 0.009105439123007878083 ) ;
#3803 = VECTOR ( 'NONE', #5583, 39.37007874015748143 ) ;
#3804 = DIRECTION ( 'NONE',  ( 1.000000000000000000, 1.602884491802569361E-15, -2.711709361697226329E-31 ) ) ;
#3805 = EDGE_LOOP ( 'NONE', ( #10198, #6057, #3402, #9408 ) ) ;
#3806 = DIRECTION ( 'NONE',  ( 0.7715274047096022381, 2.282905139954358816E-15, 0.6361960890968018090 ) ) ;
#3807 =( CONVERSION_BASED_UNIT ( 'INCH', #854 ) LENGTH_UNIT ( ) NAMED_UNIT ( #9186 ) );
#3808 = SURFACE_SIDE_STYLE ('',( #9122 ) ) ;
#3809 = FILL_AREA_STYLE ('',( #7137 ) ) ;
#3810 = LINE ( 'NONE', #7249, #2137 ) ;
#3811 = AXIS2_PLACEMENT_3D ( 'NONE', #9793, #2725, #2536 ) ;
#3812 = CIRCLE ( 'NONE', #5307, 0.02854330708661418844 ) ;
#3813 = MECHANICAL_DESIGN_GEOMETRIC_PRESENTATION_REPRESENTATION (  '', ( #4575 ), #7888 ) ;
#3814 = DIRECTION ( 'NONE',  ( -2.348093788196916901E-30, 1.644517855226017859E-15, 1.000000000000000000 ) ) ;
#3815 = SURFACE_STYLE_FILL_AREA ( #156 ) ;
#3816 = ADVANCED_FACE ( 'NONE', ( #3699 ), #153, .F. ) ;
#3817 = PRESENTATION_STYLE_ASSIGNMENT (( #8239 ) ) ;
#3818 = DIMENSIONAL_EXPONENTS ( 1.000000000000000000, 0.0000000000000000000, 0.0000000000000000000, 0.0000000000000000000, 0.0000000000000000000, 0.0000000000000000000, 0.0000000000000000000 ) ;
#3819 = DIRECTION ( 'NONE',  ( 1.602884491802569361E-15, -1.000000000000000000, 1.644517855226017859E-15 ) ) ;
#3820 = ORIENTED_EDGE ( 'NONE', *, *, #10444, .T. ) ;
#3821 = CIRCLE ( 'NONE', #9595, 0.02460629921259841965 ) ;
#3822 = SURFACE_STYLE_USAGE ( .BOTH. , #3167 ) ;
#3823 = VECTOR ( 'NONE', #9555, 39.37007874015748143 ) ;
#3824 = VERTEX_POINT ( 'NONE', #2876 ) ;
#3825 = PRESENTATION_STYLE_ASSIGNMENT (( #1163 ) ) ;
#3826 =( LENGTH_UNIT ( ) NAMED_UNIT ( * ) SI_UNIT ( $, .METRE. ) );
#3827 = DIRECTION ( 'NONE',  ( 1.602884491802569361E-15, -1.000000000000000000, 1.644517855226018450E-15 ) ) ;
#3828 = FACE_OUTER_BOUND ( 'NONE', #3479, .T. ) ;
#3829 = DIRECTION ( 'NONE',  ( -2.348093788196917952E-30, 1.644517855226018450E-15, 1.000000000000000000 ) ) ;
#3830 = EDGE_CURVE ( 'NONE', #6443, #249, #7302, .T. ) ;
#3831 = PRESENTATION_LAYER_ASSIGNMENT (  '', '', ( #3657 ) ) ;
#3832 = AXIS2_PLACEMENT_3D ( 'NONE', #1808, #7365, #2826 ) ;
#3833 = ORIENTED_EDGE ( 'NONE', *, *, #223, .F. ) ;
#3834 = PRESENTATION_STYLE_ASSIGNMENT (( #9147 ) ) ;
#3835 = DIRECTION ( 'NONE',  ( 1.594929680954395007E-15, -0.9950371902099891530, -0.09950371902099724997 ) ) ;
#3836 = EDGE_CURVE ( 'NONE', #6579, #4599, #10677, .T. ) ;
#3837 = MECHANICAL_DESIGN_GEOMETRIC_PRESENTATION_REPRESENTATION (  '', ( #2899 ), #8300 ) ;
#3838 = FILL_AREA_STYLE ('',( #902 ) ) ;
#3839 = UNCERTAINTY_MEASURE_WITH_UNIT (LENGTH_MEASURE( 1.000000000000000082E-05 ), #3416, 'distance_accuracy_value', 'NONE');
#3840 = DIRECTION ( 'NONE',  ( -2.364801230464485631E-30, 1.644517855226018450E-15, 1.000000000000000000 ) ) ;
#3841 = SURFACE_SIDE_STYLE ('',( #9953 ) ) ;
#3842 = DIRECTION ( 'NONE',  ( -0.7956271577887860103, 0.0000000000000000000, 0.6057866173735916293 ) ) ;
#3843 = EDGE_CURVE ( 'NONE', #4060, #11422, #3863, .T. ) ;
#3844 = DIRECTION ( 'NONE',  ( 1.602884491802569361E-15, -1.000000000000000000, 1.644517855226017859E-15 ) ) ;
#3845 = ADVANCED_FACE ( 'NONE', ( #9182 ), #7423, .F. ) ;
#3846 = ORIENTED_EDGE ( 'NONE', *, *, #11194, .T. ) ;
#3847 = AXIS2_PLACEMENT_3D ( 'NONE', #7627, #4033, #2143 ) ;
#3848 = ORIENTED_EDGE ( 'NONE', *, *, #9184, .T. ) ;
#3849 = SURFACE_STYLE_USAGE ( .BOTH. , #958 ) ;
#3850 = ORIENTED_EDGE ( 'NONE', *, *, #6962, .T. ) ;
#3851 = CARTESIAN_POINT ( 'NONE',  ( 0.08700787401574773539, 0.1998031496062996071, 0.004133858267716384455 ) ) ;
#3852 = ORIENTED_EDGE ( 'NONE', *, *, #2450, .F. ) ;
#3853 = CARTESIAN_POINT ( 'NONE',  ( 0.06018589945968472882, 0.2037401574803152648, 0.08371173833560614785 ) ) ;
#3854 = UNCERTAINTY_MEASURE_WITH_UNIT (LENGTH_MEASURE( 1.000000000000000082E-05 ), #5651, 'distance_accuracy_value', 'NONE');
#3855 = LENGTH_MEASURE_WITH_UNIT ( LENGTH_MEASURE( 0.02539999999999999897 ), #9169 );
#3856 = CARTESIAN_POINT ( 'NONE',  ( 0.1464566929133862272, -0.1722440944881884484, -0.2848425196850389307 ) ) ;
#3857 = FILL_AREA_STYLE_COLOUR ( '', #10727 ) ;
#3858 = DIRECTION ( 'NONE',  ( -1.602884491802569361E-15, 1.000000000000000000, -1.644517855226017859E-15 ) ) ;
#3859 = AXIS2_PLACEMENT_3D ( 'NONE', #5555, #9861, #8221 ) ;
#3860 = ORIENTED_EDGE ( 'NONE', *, *, #5793, .T. ) ;
#3861 = CARTESIAN_POINT ( 'NONE',  ( -0.1464566929133855611, -0.1722440944881889757, -0.3037401574803144655 ) ) ;
#3862 = FACE_OUTER_BOUND ( 'NONE', #7105, .T. ) ;
#3863 = LINE ( 'NONE', #6603, #4833 ) ;
#3864 = CARTESIAN_POINT ( 'NONE',  ( -2.057162640966502078E-16, 0.1269685039370081758, -0.4458661417322835607 ) ) ;
#3865 = AXIS2_PLACEMENT_3D ( 'NONE', #11224, #4376, #6808 ) ;
#3866 = CIRCLE ( 'NONE', #5559, 0.02460629921259843353 ) ;
#3867 = LINE ( 'NONE', #6429, #9910 ) ;
#3868 = DIMENSIONAL_EXPONENTS ( 1.000000000000000000, 0.0000000000000000000, 0.0000000000000000000, 0.0000000000000000000, 0.0000000000000000000, 0.0000000000000000000, 0.0000000000000000000 ) ;
#3869 = SURFACE_STYLE_FILL_AREA ( #256 ) ;
#3870 = DIRECTION ( 'NONE',  ( -2.047288890593917993E-10, 1.000000000000000000, -2.688773770073551715E-10 ) ) ;
#3871 = VERTEX_POINT ( 'NONE', #11113 ) ;
#3872 = FILL_AREA_STYLE ('',( #434 ) ) ;
#3873 = ORIENTED_EDGE ( 'NONE', *, *, #5761, .F. ) ;
#3874 = VERTEX_POINT ( 'NONE', #7639 ) ;
#3875 = CARTESIAN_POINT ( 'NONE',  ( 0.01934165959544850363, 0.1998031496062996348, -0.1702755905511812995 ) ) ;
#3876 = EDGE_CURVE ( 'NONE', #9742, #377, #2156, .T. ) ;
#3877 = DIRECTION ( 'NONE',  ( -0.7715274047096014609, -2.282905139954359211E-15, -0.6361960890968026971 ) ) ;
#3878 =( NAMED_UNIT ( * ) PLANE_ANGLE_UNIT ( ) SI_UNIT ( $, .RADIAN. ) );
#3879 = FACE_OUTER_BOUND ( 'NONE', #2957, .T. ) ;
#3880 = DIRECTION ( 'NONE',  ( -2.364801230464485631E-30, 1.644517855226018450E-15, 1.000000000000000000 ) ) ;
#3881 = VECTOR ( 'NONE', #6011, 39.37007874015748143 ) ;
#3882 = LINE ( 'NONE', #2000, #4107 ) ;
#3883 = FILL_AREA_STYLE_COLOUR ( '', #11499 ) ;
#3884 = STYLED_ITEM ( 'NONE', ( #558 ), #3701 ) ;
#3885 = ORIENTED_EDGE ( 'NONE', *, *, #3095, .F. ) ;
#3886 = FILL_AREA_STYLE ('',( #1951 ) ) ;
#3887 = VECTOR ( 'NONE', #7150, 39.37007874015748143 ) ;
#3888 = DIMENSIONAL_EXPONENTS ( 1.000000000000000000, 0.0000000000000000000, 0.0000000000000000000, 0.0000000000000000000, 0.0000000000000000000, 0.0000000000000000000, 0.0000000000000000000 ) ;
#3889 = AXIS2_PLACEMENT_3D ( 'NONE', #3008, #3120, #4942 ) ;
#3890 = EDGE_CURVE ( 'NONE', #8556, #9561, #7481, .T. ) ;
#3891 =( NAMED_UNIT ( * ) PLANE_ANGLE_UNIT ( ) SI_UNIT ( $, .RADIAN. ) );
#3892 = PRESENTATION_STYLE_ASSIGNMENT (( #10658 ) ) ;
#3893 = SURFACE_SIDE_STYLE ('',( #3730 ) ) ;
#3894 = SURFACE_STYLE_FILL_AREA ( #1052 ) ;
#3895 = EDGE_CURVE ( 'NONE', #4981, #6271, #3159, .T. ) ;
#3896 =( GEOMETRIC_REPRESENTATION_CONTEXT ( 3 ) GLOBAL_UNCERTAINTY_ASSIGNED_CONTEXT ( ( #8276 ) ) GLOBAL_UNIT_ASSIGNED_CONTEXT ( ( #5988, #8661, #677 ) ) REPRESENTATION_CONTEXT ( 'NONE', 'WORKASPACE' ) );
#3897 = CARTESIAN_POINT ( 'NONE',  ( -0.06929133858267749746, 0.1958661417322836440, -0.1253937007874017240 ) ) ;
#3898 = ORIENTED_EDGE ( 'NONE', *, *, #11359, .T. ) ;
#3899 = MECHANICAL_DESIGN_GEOMETRIC_PRESENTATION_REPRESENTATION (  '', ( #11122 ), #8363 ) ;
#3900 = MECHANICAL_DESIGN_GEOMETRIC_PRESENTATION_REPRESENTATION (  '', ( #8559 ), #8740 ) ;
#3901 = ORIENTED_EDGE ( 'NONE', *, *, #1237, .T. ) ;
#3902 = SURFACE_STYLE_USAGE ( .BOTH. , #9388 ) ;
#3903 = MECHANICAL_DESIGN_GEOMETRIC_PRESENTATION_REPRESENTATION (  '', ( #6693 ), #9496 ) ;
#3904 = VECTOR ( 'NONE', #208, 39.37007874015748143 ) ;
#3905 = ORIENTED_EDGE ( 'NONE', *, *, #1071, .F. ) ;
#3906 = EDGE_CURVE ( 'NONE', #1938, #7382, #1329, .T. ) ;
#3907 = EDGE_CURVE ( 'NONE', #3874, #1760, #6492, .T. ) ;
#3908 = VERTEX_POINT ( 'NONE', #8292 ) ;
#3909 = SURFACE_SIDE_STYLE ('',( #406 ) ) ;
#3910 =( GEOMETRIC_REPRESENTATION_CONTEXT ( 3 ) GLOBAL_UNCERTAINTY_ASSIGNED_CONTEXT ( ( #8491 ) ) GLOBAL_UNIT_ASSIGNED_CONTEXT ( ( #6023, #9359, #9525 ) ) REPRESENTATION_CONTEXT ( 'NONE', 'WORKASPACE' ) );
#3911 = SURFACE_SIDE_STYLE ('',( #3143 ) ) ;
#3912 = LINE ( 'NONE', #465, #7949 ) ;
#3913 = LENGTH_MEASURE_WITH_UNIT ( LENGTH_MEASURE( 0.02539999999999999897 ), #2740 );
#3914 = PRESENTATION_LAYER_ASSIGNMENT (  '', '', ( #145 ) ) ;
#3915 = DIRECTION ( 'NONE',  ( 1.000000000000000000, 1.602884491802569361E-15, -2.711709361697224578E-31 ) ) ;
#3916 = STYLED_ITEM ( 'NONE', ( #3974 ), #8242 ) ;
#3917 = CARTESIAN_POINT ( 'NONE',  ( 0.01934165959544849669, 0.2037401574803153759, -0.07027559055118128006 ) ) ;
#3918 = VECTOR ( 'NONE', #10300, 39.37007874015748143 ) ;
#3919 = EDGE_CURVE ( 'NONE', #8810, #4402, #3989, .T. ) ;
#3920 = ORIENTED_EDGE ( 'NONE', *, *, #6246, .F. ) ;
#3921 = AXIS2_PLACEMENT_3D ( 'NONE', #3609, #3723, #3933 ) ;
#3922 = AXIS2_PLACEMENT_3D ( 'NONE', #10902, #1166, #2943 ) ;
#3923 = LINE ( 'NONE', #5741, #4809 ) ;
#3924 = FILL_AREA_STYLE_COLOUR ( '', #3186 ) ;
#3925 = CARTESIAN_POINT ( 'NONE',  ( 0.01934165959544850363, 0.1998031496062996903, -0.3754440218001577345 ) ) ;
#3926 = VECTOR ( 'NONE', #4169, 39.37007874015748143 ) ;
#3927 = PLANE ( 'NONE',  #3718 ) ;
#3928 = CARTESIAN_POINT ( 'NONE',  ( -0.1464566929133855888, -0.1407480314960630197, -0.2068897637795271138 ) ) ;
#3929 = DIRECTION ( 'NONE',  ( 8.640684008184001570E-13, -1.644517855224633408E-15, -1.000000000000000000 ) ) ;
#3930 =( NAMED_UNIT ( * ) PLANE_ANGLE_UNIT ( ) SI_UNIT ( $, .RADIAN. ) );
#3931 = DIRECTION ( 'NONE',  ( 1.602884491802569361E-15, -1.000000000000000000, 1.644517855226017859E-15 ) ) ;
#3932 = SURFACE_STYLE_USAGE ( .BOTH. , #430 ) ;
#3933 = DIRECTION ( 'NONE',  ( 0.7956271577887870095, 0.0000000000000000000, -0.6057866173735900750 ) ) ;
#3934 = AXIS2_PLACEMENT_3D ( 'NONE', #11543, #9590, #8703 ) ;
#3935 = ORIENTED_EDGE ( 'NONE', *, *, #148, .F. ) ;
#3936 = CIRCLE ( 'NONE', #11547, 0.009105439123007878083 ) ;
#3937 = CIRCLE ( 'NONE', #5438, 0.02460629921259841965 ) ;
#3938 = ORIENTED_EDGE ( 'NONE', *, *, #2688, .T. ) ;
#3939 = DIRECTION ( 'NONE',  ( 0.0000000000000000000, 0.0000000000000000000, -1.000000000000000000 ) ) ;
#3940 = ORIENTED_EDGE ( 'NONE', *, *, #1753, .F. ) ;
#3941 = ORIENTED_EDGE ( 'NONE', *, *, #5460, .F. ) ;
#3942 = LINE ( 'NONE', #8533, #4567 ) ;
#3943 = LINE ( 'NONE', #8478, #11516 ) ;
#3944 = LENGTH_MEASURE_WITH_UNIT ( LENGTH_MEASURE( 0.02539999999999999897 ), #5047 );
#3945 = COLOUR_RGB ( '',0.7607843137254901578, 0.7607843137254901578, 0.0000000000000000000 ) ;
#3946 = CARTESIAN_POINT ( 'NONE',  ( 0.01934165959544861813, 0.1269685039370082313, -0.4253937007874016851 ) ) ;
#3947 = CARTESIAN_POINT ( 'NONE',  ( -0.1535433070866141225, -0.02263779527559058036, 0.01515748031496088298 ) ) ;
#3948 =( NAMED_UNIT ( * ) PLANE_ANGLE_UNIT ( ) SI_UNIT ( $, .RADIAN. ) );
#3949 = COLOUR_RGB ( '',1.000000000000000000, 1.000000000000000000, 1.000000000000000000 ) ;
#3950 =( LENGTH_UNIT ( ) NAMED_UNIT ( * ) SI_UNIT ( $, .METRE. ) );
#3951 =( CONVERSION_BASED_UNIT ( 'INCH', #4829 ) LENGTH_UNIT ( ) NAMED_UNIT ( #3784 ) );
#3952 = ORIENTED_EDGE ( 'NONE', *, *, #3751, .T. ) ;
#3953 = CARTESIAN_POINT ( 'NONE',  ( 0.06018589945968479821, 0.1564960629921264001, -0.06633858267716544188 ) ) ;
#3954 = DIMENSIONAL_EXPONENTS ( 1.000000000000000000, 0.0000000000000000000, 0.0000000000000000000, 0.0000000000000000000, 0.0000000000000000000, 0.0000000000000000000, 0.0000000000000000000 ) ;
#3955 = VECTOR ( 'NONE', #5600, 39.37007874015748143 ) ;
#3956 = CARTESIAN_POINT ( 'NONE',  ( 0.06018589945968478433, 0.1643700787401577990, -0.01628826166439378831 ) ) ;
#3957 = CARTESIAN_POINT ( 'NONE',  ( -0.1464566929133855611, -0.1722440944881890035, -0.08799212598425146248 ) ) ;
#3958 = UNCERTAINTY_MEASURE_WITH_UNIT (LENGTH_MEASURE( 1.000000000000000082E-05 ), #9198, 'distance_accuracy_value', 'NONE');
#3959 = PRESENTATION_LAYER_ASSIGNMENT (  '', '', ( #6185 ) ) ;
#3960 = CARTESIAN_POINT ( 'NONE',  ( -0.1535433070866138727, -0.1722440944881890867, 0.09625984251968555672 ) ) ;
#3961 = FILL_AREA_STYLE_COLOUR ( '', #2006 ) ;
#3962 = ORIENTED_EDGE ( 'NONE', *, *, #8683, .F. ) ;
#3963 = EDGE_CURVE ( 'NONE', #7000, #7127, #5742, .T. ) ;
#3964 = ORIENTED_EDGE ( 'NONE', *, *, #1463, .F. ) ;
#3965 = PLANE ( 'NONE',  #5451 ) ;
#3966 =( GEOMETRIC_REPRESENTATION_CONTEXT ( 3 ) GLOBAL_UNCERTAINTY_ASSIGNED_CONTEXT ( ( #6212 ) ) GLOBAL_UNIT_ASSIGNED_CONTEXT ( ( #5862, #7838, #10562 ) ) REPRESENTATION_CONTEXT ( 'NONE', 'WORKASPACE' ) );
#3967 = ORIENTED_EDGE ( 'NONE', *, *, #10215, .F. ) ;
#3968 = ORIENTED_EDGE ( 'NONE', *, *, #10909, .F. ) ;
#3969 =( NAMED_UNIT ( * ) SI_UNIT ( $, .STERADIAN. ) SOLID_ANGLE_UNIT ( ) );
#3970 = FACE_OUTER_BOUND ( 'NONE', #3562, .T. ) ;
#3971 = UNCERTAINTY_MEASURE_WITH_UNIT (LENGTH_MEASURE( 1.000000000000000082E-05 ), #4990, 'distance_accuracy_value', 'NONE');
#3972 = FILL_AREA_STYLE ('',( #10985 ) ) ;
#3973 = SURFACE_SIDE_STYLE ('',( #6700 ) ) ;
#3974 = PRESENTATION_STYLE_ASSIGNMENT (( #411 ) ) ;
#3975 = VECTOR ( 'NONE', #7709, 39.37007874015748143 ) ;
#3976 = PRESENTATION_STYLE_ASSIGNMENT (( #2316 ) ) ;
#3977 = ADVANCED_FACE ( 'NONE', ( #4806 ), #8517, .F. ) ;
#3978 = ADVANCED_FACE ( 'NONE', ( #11058 ), #3927, .T. ) ;
#3979 = LINE ( 'NONE', #4086, #11171 ) ;
#3980 = DIMENSIONAL_EXPONENTS ( 1.000000000000000000, 0.0000000000000000000, 0.0000000000000000000, 0.0000000000000000000, 0.0000000000000000000, 0.0000000000000000000, 0.0000000000000000000 ) ;
#3981 = CARTESIAN_POINT ( 'NONE',  ( -0.007480314960630252488, 0.2037401574803153759, -0.3958661417322836829 ) ) ;
#3982 = CLOSED_SHELL ( 'NONE', ( #471, #9113, #10652, #3978, #3115, #7736, #1009, #5109 ) ) ;
#3983 =( GEOMETRIC_REPRESENTATION_CONTEXT ( 3 ) GLOBAL_UNCERTAINTY_ASSIGNED_CONTEXT ( ( #5991 ) ) GLOBAL_UNIT_ASSIGNED_CONTEXT ( ( #10670, #1743, #2698 ) ) REPRESENTATION_CONTEXT ( 'NONE', 'WORKASPACE' ) );
#3984 = ORIENTED_EDGE ( 'NONE', *, *, #862, .F. ) ;
#3986 = DIMENSIONAL_EXPONENTS ( 1.000000000000000000, 0.0000000000000000000, 0.0000000000000000000, 0.0000000000000000000, 0.0000000000000000000, 0.0000000000000000000, 0.0000000000000000000 ) ;
#3985 = CARTESIAN_POINT ( 'NONE',  ( -0.1464566929133857831, -0.02263779527559046933, -0.4068897637795272915 ) ) ;
#3987 = SURFACE_STYLE_FILL_AREA ( #4968 ) ;
#3988 =( NAMED_UNIT ( * ) PLANE_ANGLE_UNIT ( ) SI_UNIT ( $, .RADIAN. ) );
#3989 = LINE ( 'NONE', #2212, #6309 ) ;
#3990 = DIRECTION ( 'NONE',  ( 2.364801230464485631E-30, -1.644517855226018450E-15, -1.000000000000000000 ) ) ;
#3991 = SURFACE_STYLE_FILL_AREA ( #3046 ) ;
#3992 = DIRECTION ( 'NONE',  ( 2.348093788196917952E-30, -1.644517855226018450E-15, -1.000000000000000000 ) ) ;
#3993 = EDGE_CURVE ( 'NONE', #6088, #1312, #2952, .T. ) ;
#3994 = DIRECTION ( 'NONE',  ( -1.000000000000000000, -1.602884491802569361E-15, 2.711709361697226329E-31 ) ) ;
#3995 = EDGE_CURVE ( 'NONE', #4434, #5727, #5944, .T. ) ;
#3996 = AXIS2_PLACEMENT_3D ( 'NONE', #2597, #882, #11329 ) ;
#3998 =( LENGTH_UNIT ( ) NAMED_UNIT ( * ) SI_UNIT ( $, .METRE. ) );
#3997 = VECTOR ( 'NONE', #11500, 39.37007874015748143 ) ;
#3999 = ORIENTED_EDGE ( 'NONE', *, *, #9058, .T. ) ;
#4000 = ORIENTED_EDGE ( 'NONE', *, *, #4626, .F. ) ;
#4001 = EDGE_LOOP ( 'NONE', ( #753, #653, #11023, #11544, #4876, #6014 ) ) ;
#4002 = VERTEX_POINT ( 'NONE', #7701 ) ;
#4003 = LINE ( 'NONE', #1342, #4181 ) ;
#4004 = VECTOR ( 'NONE', #6232, 39.37007874015748143 ) ;
#4005 = CARTESIAN_POINT ( 'NONE',  ( 0.1535433070866145389, -0.1722440944881885871, 0.1120078740157485764 ) ) ;
#4006 = CARTESIAN_POINT ( 'NONE',  ( 0.01934165959544861813, 0.1269685039370083146, -0.2663385826771654252 ) ) ;
#4007 = AXIS2_PLACEMENT_3D ( 'NONE', #6666, #7493, #7653 ) ;
#4008 = CARTESIAN_POINT ( 'NONE',  ( -0.1535433070866139282, -0.1407480314960630197, -0.3068897637795270916 ) ) ;
#4009 = SURFACE_SIDE_STYLE ('',( #7495 ) ) ;
#4010 =( NAMED_UNIT ( * ) PLANE_ANGLE_UNIT ( ) SI_UNIT ( $, .RADIAN. ) );
#4011 = ORIENTED_EDGE ( 'NONE', *, *, #7079, .T. ) ;
#4012 = DIRECTION ( 'NONE',  ( 1.499671914429180214E-11, -1.000000000000000000, 1.644517855226017859E-15 ) ) ;
#4013 = VECTOR ( 'NONE', #450, 39.37007874015748143 ) ;
#4014 = AXIS2_PLACEMENT_3D ( 'NONE', #9874, #4632, #4581 ) ;
#4015 = UNCERTAINTY_MEASURE_WITH_UNIT (LENGTH_MEASURE( 1.000000000000000082E-05 ), #8005, 'distance_accuracy_value', 'NONE');
#4016 = DIRECTION ( 'NONE',  ( 1.000000000000000000, 1.602884491801618981E-15, -5.779657525473999146E-13 ) ) ;
#4017 = LINE ( 'NONE', #3073, #1232 ) ;
#4018 = VECTOR ( 'NONE', #991, 39.37007874015748143 ) ;
#4019 = SURFACE_STYLE_USAGE ( .BOTH. , #4779 ) ;
#4020 = CIRCLE ( 'NONE', #61, 0.003937007874015749712 ) ;
#4021 = CARTESIAN_POINT ( 'NONE',  ( -0.1464566929133855611, -0.1722440944881889757, -0.3037401574803144655 ) ) ;
#4022 = CARTESIAN_POINT ( 'NONE',  ( 0.1535433070866143168, -0.02263779527558998361, -0.2848425196850391528 ) ) ;
#4023 = ORIENTED_EDGE ( 'NONE', *, *, #10313, .T. ) ;
#4024 = CARTESIAN_POINT ( 'NONE',  ( -0.007480314960630190038, 0.1643700787401577157, 0.004133858267716452109 ) ) ;
#4025 = CARTESIAN_POINT ( 'NONE',  ( 0.06743043410952737071, 0.1269685039370082313, -0.1107723084983622541 ) ) ;
#4026 = AXIS2_PLACEMENT_3D ( 'NONE', #11074, #5819, #9373 ) ;
#4027 = ORIENTED_EDGE ( 'NONE', *, *, #6588, .T. ) ;
#4028 = ORIENTED_EDGE ( 'NONE', *, *, #7818, .F. ) ;
#4029 = DIRECTION ( 'NONE',  ( -0.1140686577440001986, -1.816622754153543789E-15, -0.9934728689403059532 ) ) ;
#4030 = EDGE_CURVE ( 'NONE', #4759, #4434, #10200, .T. ) ;
#4031 = DIRECTION ( 'NONE',  ( 9.631373050316002764E-14, -1.644517855225863834E-15, -1.000000000000000000 ) ) ;
#4032 = DIMENSIONAL_EXPONENTS ( 1.000000000000000000, 0.0000000000000000000, 0.0000000000000000000, 0.0000000000000000000, 0.0000000000000000000, 0.0000000000000000000, 0.0000000000000000000 ) ;
#4033 = DIRECTION ( 'NONE',  ( -1.000000000000000000, -1.602884491802569361E-15, 2.711709361697226329E-31 ) ) ;
#4034 = CARTESIAN_POINT ( 'NONE',  ( -0.1464566929133855888, -0.1407480314960631029, -0.006889763779527091452 ) ) ;
#4035 = CARTESIAN_POINT ( 'NONE',  ( 0.01934165959544861813, 0.1269685039370081758, 0.02455597819984248892 ) ) ;
#4036 = DIRECTION ( 'NONE',  ( 0.0000000000000000000, 0.0000000000000000000, -1.000000000000000000 ) ) ;
#4037 = VERTEX_POINT ( 'NONE', #6821 ) ;
#4038 = EDGE_CURVE ( 'NONE', #7455, #2037, #9638, .T. ) ;
#4039 = CARTESIAN_POINT ( 'NONE',  ( 0.06018589945968472882, 0.2037401574803154869, -0.2702755905511812773 ) ) ;
#4040 = FACE_OUTER_BOUND ( 'NONE', #7347, .T. ) ;
#4041 = SURFACE_STYLE_FILL_AREA ( #8522 ) ;
#4042 = EDGE_CURVE ( 'NONE', #8942, #10277, #2384, .T. ) ;
#4043 = CARTESIAN_POINT ( 'NONE',  ( 0.06929133858267698398, 0.1269685039370082036, -0.1253937007874016407 ) ) ;
#4044 = CARTESIAN_POINT ( 'NONE',  ( 0.1535433070866145389, -0.1722440944881884206, -0.3879921259842515346 ) ) ;
#4045 =( CONVERSION_BASED_UNIT ( 'INCH', #6658 ) LENGTH_UNIT ( ) NAMED_UNIT ( #1977 ) );
#4046 =( NAMED_UNIT ( * ) PLANE_ANGLE_UNIT ( ) SI_UNIT ( $, .RADIAN. ) );
#4047 = ORIENTED_EDGE ( 'NONE', *, *, #6447, .F. ) ;
#4048 = FACE_OUTER_BOUND ( 'NONE', #9867, .T. ) ;
#4049 = DIMENSIONAL_EXPONENTS ( 1.000000000000000000, 0.0000000000000000000, 0.0000000000000000000, 0.0000000000000000000, 0.0000000000000000000, 0.0000000000000000000, 0.0000000000000000000 ) ;
#4050 = ORIENTED_EDGE ( 'NONE', *, *, #1428, .F. ) ;
#4051 = ORIENTED_EDGE ( 'NONE', *, *, #7079, .F. ) ;
#4052 = PRESENTATION_STYLE_ASSIGNMENT (( #7545 ) ) ;
#4053 = CIRCLE ( 'NONE', #8893, 0.003937007874015749712 ) ;
#4054 = EDGE_CURVE ( 'NONE', #3676, #7287, #11124, .T. ) ;
#4055 = CIRCLE ( 'NONE', #5158, 0.009105439123007878083 ) ;
#4056 = ADVANCED_FACE ( 'NONE', ( #5198 ), #3392, .T. ) ;
#4057 = PLANE ( 'NONE',  #4595 ) ;
#4058 = CARTESIAN_POINT ( 'NONE',  ( -2.057162640966502078E-16, 0.1269685039370080926, -0.1458661417322834886 ) ) ;
#4059 = SURFACE_STYLE_FILL_AREA ( #7659 ) ;
#4060 = VERTEX_POINT ( 'NONE', #6193 ) ;
#4061 = SURFACE_SIDE_STYLE ('',( #3294 ) ) ;
#4062 = DIMENSIONAL_EXPONENTS ( 1.000000000000000000, 0.0000000000000000000, 0.0000000000000000000, 0.0000000000000000000, 0.0000000000000000000, 0.0000000000000000000, 0.0000000000000000000 ) ;
#4063 =( LENGTH_UNIT ( ) NAMED_UNIT ( * ) SI_UNIT ( $, .METRE. ) );
#4064 = VECTOR ( 'NONE', #4391, 39.37007874015748143 ) ;
#4065 = FACE_OUTER_BOUND ( 'NONE', #10066, .T. ) ;
#4066 = ADVANCED_FACE ( 'NONE', ( #7926 ), #3538, .T. ) ;
#4067 = DIRECTION ( 'NONE',  ( 2.047204322355081778E-10, 1.000000000000000000, 2.688782288034447080E-10 ) ) ;
#4068 =( NAMED_UNIT ( * ) SI_UNIT ( $, .STERADIAN. ) SOLID_ANGLE_UNIT ( ) );
#4069 = UNCERTAINTY_MEASURE_WITH_UNIT (LENGTH_MEASURE( 1.000000000000000082E-05 ), #10644, 'distance_accuracy_value', 'NONE');
#4070 = PLANE ( 'NONE',  #10073 ) ;
#4071 = CARTESIAN_POINT ( 'NONE',  ( 0.06018589945968484678, 0.1269685039370082036, 0.1245559781998425014 ) ) ;
#4072 = ORIENTED_EDGE ( 'NONE', *, *, #1953, .F. ) ;
#4073 = SURFACE_STYLE_USAGE ( .BOTH. , #7616 ) ;
#4074 = ORIENTED_EDGE ( 'NONE', *, *, #4337, .F. ) ;
#4075 = AXIS2_PLACEMENT_3D ( 'NONE', #5533, #9628, #3776 ) ;
#4076 = AXIS2_PLACEMENT_3D ( 'NONE', #4058, #6624, #7600 ) ;
#4077 = VERTEX_POINT ( 'NONE', #7048 ) ;
#4078 = ORIENTED_EDGE ( 'NONE', *, *, #542, .T. ) ;
#4079 = STYLED_ITEM ( 'NONE', ( #933 ), #7737 ) ;
#4080 = DIRECTION ( 'NONE',  ( 1.602884491802569361E-15, -1.000000000000000000, 1.644517855226017859E-15 ) ) ;
#4081 = DIRECTION ( 'NONE',  ( 1.602884491802569361E-15, -1.000000000000000000, 1.644517855226017859E-15 ) ) ;
#4082 = MECHANICAL_DESIGN_GEOMETRIC_PRESENTATION_REPRESENTATION (  '', ( #7241 ), #8549 ) ;
#4083 = FILL_AREA_STYLE ('',( #10122 ) ) ;
#4084 = LINE ( 'NONE', #4912, #3881 ) ;
#4085 =( NAMED_UNIT ( * ) PLANE_ANGLE_UNIT ( ) SI_UNIT ( $, .RADIAN. ) );
#4086 = CARTESIAN_POINT ( 'NONE',  ( -0.1464566929133855888, -0.1407480314960630752, -0.1068897637795270944 ) ) ;
#4087 = CIRCLE ( 'NONE', #1453, 0.005168431248992119698 ) ;
#4088 = VECTOR ( 'NONE', #2828, 39.37007874015748854 ) ;
#4089 =( NAMED_UNIT ( * ) PLANE_ANGLE_UNIT ( ) SI_UNIT ( $, .RADIAN. ) );
#4090 = EDGE_LOOP ( 'NONE', ( #4490, #10440, #6559, #4246 ) ) ;
#4091 = SURFACE_STYLE_USAGE ( .BOTH. , #7864 ) ;
#4092 = PRESENTATION_LAYER_ASSIGNMENT (  '', '', ( #2590 ) ) ;
#4093 =( CONVERSION_BASED_UNIT ( 'INCH', #424 ) LENGTH_UNIT ( ) NAMED_UNIT ( #10908 ) );
#4094 = MECHANICAL_DESIGN_GEOMETRIC_PRESENTATION_REPRESENTATION (  '', ( #7621 ), #5032 ) ;
#4095 = CARTESIAN_POINT ( 'NONE',  ( 0.1948818897637792369, 0.2037401574803158477, 0.1486812620939762519 ) ) ;
#4096 =( CONVERSION_BASED_UNIT ( 'INCH', #8518 ) LENGTH_UNIT ( ) NAMED_UNIT ( #1257 ) );
#4097 = FILL_AREA_STYLE_COLOUR ( '', #5777 ) ;
#4098 = CARTESIAN_POINT ( 'NONE',  ( 0.06929133858267692847, 0.1564960629921264834, -0.2663385826771654807 ) ) ;
#4099 = SURFACE_STYLE_FILL_AREA ( #5861 ) ;
#4100 = DIRECTION ( 'NONE',  ( 1.000000000000000000, 1.602884491802569361E-15, -2.711709361697226329E-31 ) ) ;
#4101 = SURFACE_STYLE_USAGE ( .BOTH. , #5091 ) ;
#4102 = SURFACE_SIDE_STYLE ('',( #1334 ) ) ;
#4103 = VERTEX_POINT ( 'NONE', #7437 ) ;
#4104 = EDGE_CURVE ( 'NONE', #8266, #2527, #884, .T. ) ;
#4105 = COLOUR_RGB ( '',1.000000000000000000, 1.000000000000000000, 1.000000000000000000 ) ;
#4106 = VERTEX_POINT ( 'NONE', #10270 ) ;
#4107 = VECTOR ( 'NONE', #1042, 39.37007874015748143 ) ;
#4108 = DIRECTION ( 'NONE',  ( 1.602884491802569361E-15, -1.000000000000000000, 1.644517855226017859E-15 ) ) ;
#4109 = ORIENTED_EDGE ( 'NONE', *, *, #2901, .T. ) ;
#4110 = VERTEX_POINT ( 'NONE', #4987 ) ;
#4111 = EDGE_CURVE ( 'NONE', #1994, #2165, #7596, .T. ) ;
#4112 =( CONVERSION_BASED_UNIT ( 'INCH', #3112 ) LENGTH_UNIT ( ) NAMED_UNIT ( #1775 ) );
#4113 = CARTESIAN_POINT ( 'NONE',  ( 0.01934165959544849669, 0.2037401574803152093, 0.08371173833560614785 ) ) ;
#4114 = CARTESIAN_POINT ( 'NONE',  ( -0.007480314960630252488, 0.2037401574803153481, -0.2958661417322836495 ) ) ;
#4115 = FACE_OUTER_BOUND ( 'NONE', #7847, .T. ) ;
#4116 = CARTESIAN_POINT ( 'NONE',  ( 0.1535433070866145389, -0.1722440944881884761, -0.1879921259842514403 ) ) ;
#4117 = CARTESIAN_POINT ( 'NONE',  ( 0.06018589945968484678, 0.1269685039370082591, -0.3162882616643937772 ) ) ;
#4119 = DIRECTION ( 'NONE',  ( 0.0000000000000000000, 0.0000000000000000000, 1.000000000000000000 ) ) ;
#4118 = VECTOR ( 'NONE', #2217, 39.37007874015748143 ) ;
#4120 = ORIENTED_EDGE ( 'NONE', *, *, #6184, .T. ) ;
#4121 = DIRECTION ( 'NONE',  ( -1.000000000000000000, -1.602884491802569361E-15, 2.878783784372901366E-31 ) ) ;
#4122 = VECTOR ( 'NONE', #2824, 39.37007874015748143 ) ;
#4123 = ADVANCED_FACE ( 'NONE', ( #4934 ), #8535, .F. ) ;
#4124 = EDGE_CURVE ( 'NONE', #2885, #4060, #3943, .T. ) ;
#4125 = VECTOR ( 'NONE', #8634, 39.37007874015748143 ) ;
#4126 = MECHANICAL_DESIGN_GEOMETRIC_PRESENTATION_REPRESENTATION (  '', ( #6537 ), #922 ) ;
#4127 = PRESENTATION_STYLE_ASSIGNMENT (( #10401 ) ) ;
#4128 = PRESENTATION_STYLE_ASSIGNMENT (( #9263 ) ) ;
#4129 = PRESENTATION_STYLE_ASSIGNMENT (( #1468 ) ) ;
#4130 =( CONVERSION_BASED_UNIT ( 'INCH', #5116 ) LENGTH_UNIT ( ) NAMED_UNIT ( #7387 ) );
#4131 = DIMENSIONAL_EXPONENTS ( 1.000000000000000000, 0.0000000000000000000, 0.0000000000000000000, 0.0000000000000000000, 0.0000000000000000000, 0.0000000000000000000, 0.0000000000000000000 ) ;
#4132 = DIRECTION ( 'NONE',  ( -2.348093788196917952E-30, 1.644517855226018450E-15, 1.000000000000000000 ) ) ;
#4133 =( CONVERSION_BASED_UNIT ( 'INCH', #1645 ) LENGTH_UNIT ( ) NAMED_UNIT ( #3125 ) );
#4134 = VERTEX_POINT ( 'NONE', #3171 ) ;
#4135 = PRESENTATION_LAYER_ASSIGNMENT (  '', '', ( #7100 ) ) ;
#4136 = DIRECTION ( 'NONE',  ( 1.602884491802569361E-15, -1.000000000000000000, 1.644517855226017859E-15 ) ) ;
#4137 = EDGE_CURVE ( 'NONE', #4283, #8355, #9195, .T. ) ;
#4138 = PRESENTATION_STYLE_ASSIGNMENT (( #2303 ) ) ;
#4139 = CARTESIAN_POINT ( 'NONE',  ( -0.1464566929133861994, 0.2273622047244095168, -0.3458661417322837495 ) ) ;
#4140 = AXIS2_PLACEMENT_3D ( 'NONE', #5012, #700, #5178 ) ;
#4141 = VERTEX_POINT ( 'NONE', #4534 ) ;
#4142 = ORIENTED_EDGE ( 'NONE', *, *, #5239, .F. ) ;
#4143 =( GEOMETRIC_REPRESENTATION_CONTEXT ( 3 ) GLOBAL_UNCERTAINTY_ASSIGNED_CONTEXT ( ( #10627 ) ) GLOBAL_UNIT_ASSIGNED_CONTEXT ( ( #7619, #10171, #8561 ) ) REPRESENTATION_CONTEXT ( 'NONE', 'WORKASPACE' ) );
#4144 = CARTESIAN_POINT ( 'NONE',  ( 0.06743043410952737071, 0.1269685039370083146, -0.1809599749661811585 ) ) ;
#4145 = PLANE ( 'NONE',  #11404 ) ;
#4146 =( LENGTH_UNIT ( ) NAMED_UNIT ( * ) SI_UNIT ( $, .METRE. ) );
#4147 = CIRCLE ( 'NONE', #10813, 0.009105439123007843388 ) ;
#4148 = ORIENTED_EDGE ( 'NONE', *, *, #8762, .T. ) ;
#4149 = LINE ( 'NONE', #5851, #8916 ) ;
#4150 =( CONVERSION_BASED_UNIT ( 'INCH', #7570 ) LENGTH_UNIT ( ) NAMED_UNIT ( #6872 ) );
#4151 = FACE_OUTER_BOUND ( 'NONE', #2746, .T. ) ;
#4152 = COLOUR_RGB ( '',0.7607843137254901578, 0.7607843137254901578, 0.0000000000000000000 ) ;
#4153 = ORIENTED_EDGE ( 'NONE', *, *, #1305, .F. ) ;
#4154 = PLANE ( 'NONE',  #11092 ) ;
#4155 = FILL_AREA_STYLE_COLOUR ( '', #9651 ) ;
#4156 = CARTESIAN_POINT ( 'NONE',  ( 0.01934165959544849669, 0.2037401574803154314, -0.2702755905511812773 ) ) ;
#4157 =( GEOMETRIC_REPRESENTATION_CONTEXT ( 3 ) GLOBAL_UNCERTAINTY_ASSIGNED_CONTEXT ( ( #11439 ) ) GLOBAL_UNIT_ASSIGNED_CONTEXT ( ( #1037, #9985, #106 ) ) REPRESENTATION_CONTEXT ( 'NONE', 'WORKASPACE' ) );
#4158 = CARTESIAN_POINT ( 'NONE',  ( 0.06018589945968484678, 0.1269685039370081203, 0.08371173833560627275 ) ) ;
#4159 = DIRECTION ( 'NONE',  ( 1.602884491802569361E-15, -1.000000000000000000, 1.644517855226017859E-15 ) ) ;
#4160 = CARTESIAN_POINT ( 'NONE',  ( -0.1464566929133855611, -0.1722440944881889202, -0.3879921259842515346 ) ) ;
#4161 = CARTESIAN_POINT ( 'NONE',  ( 0.06929133858267687296, 0.1958661417322840048, -0.2663385826771654807 ) ) ;
#4162 = ORIENTED_EDGE ( 'NONE', *, *, #5161, .T. ) ;
#4163 = STYLED_ITEM ( 'NONE', ( #9232 ), #10978 ) ;
#4164 = EDGE_LOOP ( 'NONE', ( #10168, #9289, #2435, #1154 ) ) ;
#4165 = LINE ( 'NONE', #9474, #3975 ) ;
#4166 = ORIENTED_EDGE ( 'NONE', *, *, #3906, .T. ) ;
#4167 = ORIENTED_EDGE ( 'NONE', *, *, #9112, .F. ) ;
#4168 = DIRECTION ( 'NONE',  ( 1.594929680954371539E-16, -0.09950371902099727772, 0.9950371902099893751 ) ) ;
#4169 = DIRECTION ( 'NONE',  ( 2.348093788196917952E-30, -1.644517855226018450E-15, -1.000000000000000000 ) ) ;
#4170 = CARTESIAN_POINT ( 'NONE',  ( -0.06929133858267740032, 0.1269685039370080926, -0.3253937007874017073 ) ) ;
#4171 =( LENGTH_UNIT ( ) NAMED_UNIT ( * ) SI_UNIT ( $, .METRE. ) );
#4172 = EDGE_CURVE ( 'NONE', #5725, #548, #9066, .T. ) ;
#4173 = COLOUR_RGB ( '',1.000000000000000000, 1.000000000000000000, 1.000000000000000000 ) ;
#4174 = CARTESIAN_POINT ( 'NONE',  ( 0.06018589943271623194, 0.1998031496062996903, -0.4253937007874017961 ) ) ;
#4175 = PRESENTATION_STYLE_ASSIGNMENT (( #11135 ) ) ;
#4176 = ORIENTED_EDGE ( 'NONE', *, *, #9274, .F. ) ;
#4177 =( LENGTH_UNIT ( ) NAMED_UNIT ( * ) SI_UNIT ( $, .METRE. ) );
#4178 =( CONVERSION_BASED_UNIT ( 'INCH', #2464 ) LENGTH_UNIT ( ) NAMED_UNIT ( #7279 ) );
#4179 = PRESENTATION_STYLE_ASSIGNMENT (( #7553 ) ) ;
#4180 = VECTOR ( 'NONE', #4012, 39.37007874015748143 ) ;
#4181 = VECTOR ( 'NONE', #8358, 39.37007874015748143 ) ;
#4182 = FILL_AREA_STYLE_COLOUR ( '', #1756 ) ;
#4183 = CARTESIAN_POINT ( 'NONE',  ( 0.1464566929133861717, -0.1407480314960626033, -0.006889763779527091452 ) ) ;
#4184 = EDGE_CURVE ( 'NONE', #6731, #3154, #46, .T. ) ;
#4185 = UNCERTAINTY_MEASURE_WITH_UNIT (LENGTH_MEASURE( 1.000000000000000082E-05 ), #2130, 'distance_accuracy_value', 'NONE');
#4186 = FACE_OUTER_BOUND ( 'NONE', #283, .T. ) ;
#4187 = DIMENSIONAL_EXPONENTS ( 1.000000000000000000, 0.0000000000000000000, 0.0000000000000000000, 0.0000000000000000000, 0.0000000000000000000, 0.0000000000000000000, 0.0000000000000000000 ) ;
#4188 = CARTESIAN_POINT ( 'NONE',  ( 0.01934165959544849669, 0.2037401574803152926, 0.1297244094488187449 ) ) ;
#4189 = DIRECTION ( 'NONE',  ( -1.594929680954395007E-15, 0.9950371902099891530, 0.09950371902099724997 ) ) ;
#4190 = AXIS2_PLACEMENT_3D ( 'NONE', #10810, #9211, #3016 ) ;
#4191 = AXIS2_PLACEMENT_3D ( 'NONE', #10285, #10971, #1231 ) ;
#4192 = ORIENTED_EDGE ( 'NONE', *, *, #7750, .F. ) ;
#4193 = EDGE_CURVE ( 'NONE', #9911, #10371, #7070, .T. ) ;
#4194 = ORIENTED_EDGE ( 'NONE', *, *, #8670, .F. ) ;
#4195 = CARTESIAN_POINT ( 'NONE',  ( 0.06018589945968484678, 0.1269685039370082591, 0.03366141732283462612 ) ) ;
#4196 = EDGE_LOOP ( 'NONE', ( #6198, #8303, #11466, #9747, #6062, #10869 ) ) ;
#4197 = MECHANICAL_DESIGN_GEOMETRIC_PRESENTATION_REPRESENTATION (  '', ( #1180 ), #1948 ) ;
#4198 = DIRECTION ( 'NONE',  ( 0.7956271577887874535, 0.0000000000000000000, -0.6057866173735897419 ) ) ;
#4199 = EDGE_CURVE ( 'NONE', #5899, #6748, #857, .T. ) ;
#4200 = ADVANCED_FACE ( 'NONE', ( #11491 ), #4354, .T. ) ;
#4201 = DIRECTION ( 'NONE',  ( 6.749499564049081992E-10, 1.000000000000000000, -1.644517855226017859E-15 ) ) ;
#4202 =( LENGTH_UNIT ( ) NAMED_UNIT ( * ) SI_UNIT ( $, .METRE. ) );
#4203 = CARTESIAN_POINT ( 'NONE',  ( 0.1464566929133859496, -0.02263779527559010157, 0.01515748031496088298 ) ) ;
#4204 = VERTEX_POINT ( 'NONE', #11432 ) ;
#4205 = CARTESIAN_POINT ( 'NONE',  ( -0.1535433070866138727, -0.1722440944881890590, 0.1120078740157485764 ) ) ;
#4206 = DIMENSIONAL_EXPONENTS ( 1.000000000000000000, 0.0000000000000000000, 0.0000000000000000000, 0.0000000000000000000, 0.0000000000000000000, 0.0000000000000000000, 0.0000000000000000000 ) ;
#4207 = FACE_OUTER_BOUND ( 'NONE', #9453, .T. ) ;
#4208 = COLOUR_RGB ( '',0.7607843137254901578, 0.7607843137254901578, 0.0000000000000000000 ) ;
#4209 = DIRECTION ( 'NONE',  ( 2.364801230464485631E-30, -1.644517855226018450E-15, -1.000000000000000000 ) ) ;
#4210 = DIMENSIONAL_EXPONENTS ( 1.000000000000000000, 0.0000000000000000000, 0.0000000000000000000, 0.0000000000000000000, 0.0000000000000000000, 0.0000000000000000000, 0.0000000000000000000 ) ;
#4211 = ORIENTED_EDGE ( 'NONE', *, *, #8118, .T. ) ;
#4212 = EDGE_LOOP ( 'NONE', ( #8444, #1413, #8885, #142 ) ) ;
#4213 = CARTESIAN_POINT ( 'NONE',  ( 0.1535433070866143168, -0.02263779527559008770, 0.01515748031496088298 ) ) ;
#4214 = VECTOR ( 'NONE', #1871, 39.37007874015748143 ) ;
#4215 = DIRECTION ( 'NONE',  ( -1.000000000000000000, -1.602884491802569361E-15, 2.878783784372901366E-31 ) ) ;
#4216 = DIRECTION ( 'NONE',  ( -1.000000000000000000, -1.602884491802569361E-15, 2.711709361697226329E-31 ) ) ;
#4217 = CARTESIAN_POINT ( 'NONE',  ( 0.08700787401574784641, 0.1269685039370082036, 0.1041338582677165114 ) ) ;
#4218 = CARTESIAN_POINT ( 'NONE',  ( 0.1500000000000003553, -0.1564960629921255675, 0.01358267716535481971 ) ) ;
#4219 = CARTESIAN_POINT ( 'NONE',  ( 0.06018589945968484678, 0.1269685039370083701, -0.3754440218001576235 ) ) ;
#4220 = CARTESIAN_POINT ( 'NONE',  ( 0.01209712494558641202, 0.1269685039370082036, -0.08095997496618115297 ) ) ;
#4221 = DIRECTION ( 'NONE',  ( -1.000000000000000000, -1.602884491802569361E-15, 2.711709361697226329E-31 ) ) ;
#4222 =( NAMED_UNIT ( * ) PLANE_ANGLE_UNIT ( ) SI_UNIT ( $, .RADIAN. ) );
#4223 = DIRECTION ( 'NONE',  ( 2.348093788196917952E-30, -1.644517855226018450E-15, -1.000000000000000000 ) ) ;
#4224 = AXIS2_PLACEMENT_3D ( 'NONE', #9107, #1915, #1070 ) ;
#4225 = ORIENTED_EDGE ( 'NONE', *, *, #4961, .T. ) ;
#4226 = LENGTH_MEASURE_WITH_UNIT ( LENGTH_MEASURE( 0.02539999999999999897 ), #7824 );
#4227 = ORIENTED_EDGE ( 'NONE', *, *, #766, .T. ) ;
#4228 = ORIENTED_EDGE ( 'NONE', *, *, #10716, .T. ) ;
#4229 = MANIFOLD_SOLID_BREP ( 'Body-Move/Copy2[2]', #8636 ) ;
#4230 = CARTESIAN_POINT ( 'NONE',  ( 0.06929133858267698398, 0.1269685039370082591, -0.2162882616642480549 ) ) ;
#4231 = CARTESIAN_POINT ( 'NONE',  ( -0.1464566929133857831, -0.02263779527559053872, -0.08484251968503912777 ) ) ;
#4232 = CIRCLE ( 'NONE', #4608, 0.003937007874015750579 ) ;
#4233 = AXIS2_PLACEMENT_3D ( 'NONE', #8, #123, #7278 ) ;
#4234 = DIRECTION ( 'NONE',  ( -2.364801230464485631E-30, 1.644517855226018450E-15, 1.000000000000000000 ) ) ;
#4235 = DIRECTION ( 'NONE',  ( 1.000000000000000000, 1.602884491802569361E-15, -2.878783784372901366E-31 ) ) ;
#4236 = EDGE_LOOP ( 'NONE', ( #126, #9710, #7167 ) ) ;
#4237 = ADVANCED_FACE ( 'NONE', ( #7945 ), #2761, .F. ) ;
#4238 = STYLED_ITEM ( 'NONE', ( #9634 ), #2773 ) ;
#4239 = CYLINDRICAL_SURFACE ( 'NONE', #8795, 0.02460629921259843006 ) ;
#4240 = UNCERTAINTY_MEASURE_WITH_UNIT (LENGTH_MEASURE( 1.000000000000000082E-05 ), #6780, 'distance_accuracy_value', 'NONE');
#4241 = CARTESIAN_POINT ( 'NONE',  ( 0.06429804372452725680, 0.1998031496062996071, 0.02142501171637779464 ) ) ;
#4242 = DIRECTION ( 'NONE',  ( 0.0000000000000000000, 0.0000000000000000000, -1.000000000000000000 ) ) ;
#4243 = SURFACE_STYLE_FILL_AREA ( #3606 ) ;
#4244 = AXIS2_PLACEMENT_3D ( 'NONE', #6067, #4258, #6116 ) ;
#4245 = VECTOR ( 'NONE', #11471, 39.37007874015748143 ) ;
#4246 = ORIENTED_EDGE ( 'NONE', *, *, #6060, .T. ) ;
#4247 = DIRECTION ( 'NONE',  ( 0.7956271577883997637, 0.0000000000000000000, -0.6057866173740987792 ) ) ;
#4248 = DIRECTION ( 'NONE',  ( 1.602884491802569361E-15, -1.000000000000000000, 1.644517855226017859E-15 ) ) ;
#4249 = SURFACE_SIDE_STYLE ('',( #2598 ) ) ;
#4250 = EDGE_CURVE ( 'NONE', #185, #8417, #9295, .T. ) ;
#4251 = ORIENTED_EDGE ( 'NONE', *, *, #2466, .T. ) ;
#4252 =( GEOMETRIC_REPRESENTATION_CONTEXT ( 3 ) GLOBAL_UNCERTAINTY_ASSIGNED_CONTEXT ( ( #67 ) ) GLOBAL_UNIT_ASSIGNED_CONTEXT ( ( #8934, #19, #9859 ) ) REPRESENTATION_CONTEXT ( 'NONE', 'WORKASPACE' ) );
#4253 = ADVANCED_FACE ( 'NONE', ( #5634 ), #368, .T. ) ;
#4254 = CARTESIAN_POINT ( 'NONE',  ( 0.06889763779527560694, 0.001377952755905925307, 0.1820866141732285226 ) ) ;
#4255 = CARTESIAN_POINT ( 'NONE',  ( 0.06018589945968484678, 0.1269685039370083146, -0.06633858267716538637 ) ) ;
#4256 = DIRECTION ( 'NONE',  ( -1.000000000000000000, -1.602884491802569361E-15, 2.711709361697226329E-31 ) ) ;
#4257 = PRESENTATION_LAYER_ASSIGNMENT (  '', '', ( #9287 ) ) ;
#4258 = DIRECTION ( 'NONE',  ( -2.348093788196916901E-30, 1.644517855226017859E-15, 1.000000000000000000 ) ) ;
#4259 = VERTEX_POINT ( 'NONE', #2991 ) ;
#4260 = CARTESIAN_POINT ( 'NONE',  ( 0.1535433070866144833, -0.1407480314960625756, -0.1068897637795270944 ) ) ;
#4261 = PRESENTATION_LAYER_ASSIGNMENT (  '', '', ( #2406 ) ) ;
#4262 = CARTESIAN_POINT ( 'NONE',  ( 0.1464566929133862272, -0.1722440944881884484, -0.4068897637795271249 ) ) ;
#4263 = CIRCLE ( 'NONE', #10189, 0.003937007874015741038 ) ;
#4264 = EDGE_CURVE ( 'NONE', #9487, #7603, #1271, .T. ) ;
#4265 = EDGE_CURVE ( 'NONE', #11440, #8750, #6430, .T. ) ;
#4266 = EDGE_LOOP ( 'NONE', ( #460, #94, #3502, #6998, #3293, #1010 ) ) ;
#4267 = FILL_AREA_STYLE_COLOUR ( '', #8442 ) ;
#4268 = ORIENTED_EDGE ( 'NONE', *, *, #8832, .T. ) ;
#4269 = COLOUR_RGB ( '',1.000000000000000000, 1.000000000000000000, 1.000000000000000000 ) ;
#4270 = VECTOR ( 'NONE', #10190, 39.37007874015748143 ) ;
#4271 =( CONVERSION_BASED_UNIT ( 'INCH', #6879 ) LENGTH_UNIT ( ) NAMED_UNIT ( #9167 ) );
#4272 = DIRECTION ( 'NONE',  ( -1.000000000000000000, -1.602884491802569361E-15, 2.878783784372901366E-31 ) ) ;
#4273 = CARTESIAN_POINT ( 'NONE',  ( 0.06929133858267698398, 0.1269685039370083979, -0.3663385826771654585 ) ) ;
#4274 = CYLINDRICAL_SURFACE ( 'NONE', #502, 0.003937007874015741038 ) ;
#4275 = PRESENTATION_STYLE_ASSIGNMENT (( #7583 ) ) ;
#4276 =( GEOMETRIC_REPRESENTATION_CONTEXT ( 3 ) GLOBAL_UNCERTAINTY_ASSIGNED_CONTEXT ( ( #6412 ) ) GLOBAL_UNIT_ASSIGNED_CONTEXT ( ( #2162, #1273, #11061 ) ) REPRESENTATION_CONTEXT ( 'NONE', 'WORKASPACE' ) );
#4277 = FILL_AREA_STYLE_COLOUR ( '', #7646 ) ;
#4278 =( GEOMETRIC_REPRESENTATION_CONTEXT ( 3 ) GLOBAL_UNCERTAINTY_ASSIGNED_CONTEXT ( ( #10460 ) ) GLOBAL_UNIT_ASSIGNED_CONTEXT ( ( #4178, #3295, #9656 ) ) REPRESENTATION_CONTEXT ( 'NONE', 'WORKASPACE' ) );
#4279 = EDGE_CURVE ( 'NONE', #8357, #4402, #7484, .T. ) ;
#4280 = DIMENSIONAL_EXPONENTS ( 1.000000000000000000, 0.0000000000000000000, 0.0000000000000000000, 0.0000000000000000000, 0.0000000000000000000, 0.0000000000000000000, 0.0000000000000000000 ) ;
#4281 = ORIENTED_EDGE ( 'NONE', *, *, #2407, .F. ) ;
#4282 = SURFACE_STYLE_USAGE ( .BOTH. , #5146 ) ;
#4283 = VERTEX_POINT ( 'NONE', #1989 ) ;
#4284 = MECHANICAL_DESIGN_GEOMETRIC_PRESENTATION_REPRESENTATION (  '', ( #5784 ), #309 ) ;
#4285 = VERTEX_POINT ( 'NONE', #7367 ) ;
#4286 = CARTESIAN_POINT ( 'NONE',  ( 0.06018589945968472882, 0.1998031496062996071, 0.02455597819984235014 ) ) ;
#4287 = DIRECTION ( 'NONE',  ( -1.602884491802569361E-15, 1.000000000000000000, -1.644517855226017859E-15 ) ) ;
#4288 = SURFACE_STYLE_USAGE ( .BOTH. , #672 ) ;
#4289 = STYLED_ITEM ( 'NONE', ( #11356 ), #5191 ) ;
#4290 = SURFACE_STYLE_USAGE ( .BOTH. , #7882 ) ;
#4291 =( CONVERSION_BASED_UNIT ( 'INCH', #3230 ) LENGTH_UNIT ( ) NAMED_UNIT ( #1900 ) );
#4292 = DIRECTION ( 'NONE',  ( 1.602884491802569361E-15, -1.000000000000000000, 1.644517855226017859E-15 ) ) ;
#4293 = LINE ( 'NONE', #7663, #8928 ) ;
#4294 = COLOUR_RGB ( '',0.7607843137254901578, 0.7607843137254901578, 0.0000000000000000000 ) ;
#4295 = CIRCLE ( 'NONE', #10959, 0.02460629921259843353 ) ;
#4296 = AXIS2_PLACEMENT_3D ( 'NONE', #9427, #5219, #1397 ) ;
#4297 = DIRECTION ( 'NONE',  ( 1.602884491802569361E-15, -1.000000000000000000, 1.644517855226017859E-15 ) ) ;
#4298 = VECTOR ( 'NONE', #6392, 39.37007874015748143 ) ;
#4299 = STYLED_ITEM ( 'NONE', ( #7704 ), #8799 ) ;
#4300 = CARTESIAN_POINT ( 'NONE',  ( 0.06018589945968478433, 0.1643700787401578267, -0.1162882616643937939 ) ) ;
#4301 = CARTESIAN_POINT ( 'NONE',  ( -0.06889763779527560694, 0.001377952755905669218, 0.1624015748031497897 ) ) ;
#4302 = UNCERTAINTY_MEASURE_WITH_UNIT (LENGTH_MEASURE( 1.000000000000000082E-05 ), #4291, 'distance_accuracy_value', 'NONE');
#4303 = DIRECTION ( 'NONE',  ( -1.602884491802569361E-15, 1.000000000000000000, -1.644517855226018450E-15 ) ) ;
#4304 = DIRECTION ( 'NONE',  ( -0.7956271577886172564, -2.775557561562892140E-15, -0.6057866173738131188 ) ) ;
#4305 = PRESENTATION_LAYER_ASSIGNMENT (  '', '', ( #6344 ) ) ;
#4306 = FACE_OUTER_BOUND ( 'NONE', #386, .T. ) ;
#4307 = FACE_OUTER_BOUND ( 'NONE', #10868, .T. ) ;
#4308 = ORIENTED_EDGE ( 'NONE', *, *, #9096, .T. ) ;
#4309 = CARTESIAN_POINT ( 'NONE',  ( 0.06018589945968478433, 0.1643700787401578822, -0.3162882616643937772 ) ) ;
#4310 = CARTESIAN_POINT ( 'NONE',  ( 0.06018589945968472882, 0.2037401574803153759, -0.2214566929133859885 ) ) ;
#4311 = DIRECTION ( 'NONE',  ( 1.000000000000000000, 1.602884491802569361E-15, 0.0000000000000000000 ) ) ;
#4312 = AXIS2_PLACEMENT_3D ( 'NONE', #10824, #3691, #6474 ) ;
#4313 = VECTOR ( 'NONE', #6018, 39.37007874015748143 ) ;
#4314 = ORIENTED_EDGE ( 'NONE', *, *, #8815, .T. ) ;
#4315 = DIRECTION ( 'NONE',  ( -1.602884491802569361E-15, 1.000000000000000000, -1.644517855226017859E-15 ) ) ;
#4316 = UNCERTAINTY_MEASURE_WITH_UNIT (LENGTH_MEASURE( 1.000000000000000082E-05 ), #338, 'distance_accuracy_value', 'NONE');
#4317 = LINE ( 'NONE', #6755, #9899 ) ;
#4318 = MECHANICAL_DESIGN_GEOMETRIC_PRESENTATION_REPRESENTATION (  '', ( #725 ), #5247 ) ;
#4319 = DIRECTION ( 'NONE',  ( 0.0000000000000000000, 0.0000000000000000000, -1.000000000000000000 ) ) ;
#4320 = CARTESIAN_POINT ( 'NONE',  ( -0.1464566929133855611, -0.1722440944881890312, 0.01200787401574855001 ) ) ;
#4321 = EDGE_CURVE ( 'NONE', #4459, #10880, #3345, .T. ) ;
#4322 =( LENGTH_UNIT ( ) NAMED_UNIT ( * ) SI_UNIT ( $, .METRE. ) );
#4323 = EDGE_LOOP ( 'NONE', ( #6778, #3848, #4463, #10708 ) ) ;
#4324 = DIRECTION ( 'NONE',  ( -1.602884491802569361E-15, 1.000000000000000000, -1.644517855226017859E-15 ) ) ;
#4325 = AXIS2_PLACEMENT_3D ( 'NONE', #463, #4081, #8568 ) ;
#4326 = DIRECTION ( 'NONE',  ( 1.000000000000000000, 1.602884491802569361E-15, -2.711709361697226329E-31 ) ) ;
#4327 = PRESENTATION_STYLE_ASSIGNMENT (( #3438 ) ) ;
#4328 = VECTOR ( 'NONE', #2663, 39.37007874015748143 ) ;
#4329 = ORIENTED_EDGE ( 'NONE', *, *, #8658, .T. ) ;
#4330 = VERTEX_POINT ( 'NONE', #8182 ) ;
#4331 = AXIS2_PLACEMENT_3D ( 'NONE', #5472, #943, #1641 ) ;
#4332 = UNCERTAINTY_MEASURE_WITH_UNIT (LENGTH_MEASURE( 1.000000000000000082E-05 ), #8150, 'distance_accuracy_value', 'NONE');
#4333 = LINE ( 'NONE', #1611, #3372 ) ;
#4334 = SURFACE_STYLE_FILL_AREA ( #3101 ) ;
#4335 = FILL_AREA_STYLE_COLOUR ( '', #9998 ) ;
#4336 =( NAMED_UNIT ( * ) PLANE_ANGLE_UNIT ( ) SI_UNIT ( $, .RADIAN. ) );
#4337 = EDGE_CURVE ( 'NONE', #2307, #10615, #8295, .T. ) ;
#4338 = COLOUR_RGB ( '',0.7607843137254901578, 0.7607843137254901578, 0.0000000000000000000 ) ;
#4339 = SURFACE_STYLE_FILL_AREA ( #3636 ) ;
#4340 = CARTESIAN_POINT ( 'NONE',  ( 0.01934165959544850363, 0.1998031496062995238, -0.1162882616643938632 ) ) ;
#4341 = DIRECTION ( 'NONE',  ( 1.602884491802569361E-15, -1.000000000000000000, 1.548860246407864322E-15 ) ) ;
#4342 =( LENGTH_UNIT ( ) NAMED_UNIT ( * ) SI_UNIT ( $, .METRE. ) );
#4343 = ORIENTED_EDGE ( 'NONE', *, *, #6520, .F. ) ;
#4344 = EDGE_LOOP ( 'NONE', ( #5816, #8949, #4931, #8998 ) ) ;
#4345 = CARTESIAN_POINT ( 'NONE',  ( 0.01934165959543282173, 0.1564960629921263724, -0.1663385826771654197 ) ) ;
#4346 = ORIENTED_EDGE ( 'NONE', *, *, #5843, .F. ) ;
#4347 = ORIENTED_EDGE ( 'NONE', *, *, #5617, .F. ) ;
#4348 = PLANE ( 'NONE',  #1666 ) ;
#4349 = DIMENSIONAL_EXPONENTS ( 1.000000000000000000, 0.0000000000000000000, 0.0000000000000000000, 0.0000000000000000000, 0.0000000000000000000, 0.0000000000000000000, 0.0000000000000000000 ) ;
#4350 = DIRECTION ( 'NONE',  ( -0.7956271577886172564, -2.775557561562892140E-15, -0.6057866173738131188 ) ) ;
#4351 = FACE_OUTER_BOUND ( 'NONE', #6405, .T. ) ;
#4352 = ADVANCED_FACE ( 'NONE', ( #10944 ), #3761, .F. ) ;
#4353 = EDGE_CURVE ( 'NONE', #4330, #9911, #5573, .T. ) ;
#4354 = PLANE ( 'NONE',  #9130 ) ;
#4355 = FACE_OUTER_BOUND ( 'NONE', #11081, .T. ) ;
#4356 = PLANE ( 'NONE',  #7793 ) ;
#4357 = PRESENTATION_LAYER_ASSIGNMENT (  '', '', ( #11388 ) ) ;
#4358 = ORIENTED_EDGE ( 'NONE', *, *, #2111, .T. ) ;
#4359 = VECTOR ( 'NONE', #11156, 39.37007874015748143 ) ;
#4360 = VECTOR ( 'NONE', #3238, 39.37007874015748143 ) ;
#4361 = SURFACE_STYLE_FILL_AREA ( #8785 ) ;
#4362 = DIRECTION ( 'NONE',  ( 1.000000000000000000, 1.602884491802569361E-15, -2.711709361697224578E-31 ) ) ;
#4363 = DIRECTION ( 'NONE',  ( 1.000000000000000000, 1.602884491801618981E-15, -5.779657525473999146E-13 ) ) ;
#4364 = CARTESIAN_POINT ( 'NONE',  ( 0.1535433070866145389, -0.1722440944881884484, -0.4037401574803144988 ) ) ;
#4365 = CARTESIAN_POINT ( 'NONE',  ( -0.1464566929133855611, -0.1722440944881889757, -0.2879921259842515013 ) ) ;
#4366 = ORIENTED_EDGE ( 'NONE', *, *, #6745, .T. ) ;
#4367 = CARTESIAN_POINT ( 'NONE',  ( 0.06743043410952737071, 0.1269685039370082591, -0.08095997496618115297 ) ) ;
#4368 = LENGTH_MEASURE_WITH_UNIT ( LENGTH_MEASURE( 0.02539999999999999897 ), #3368 );
#4369 = COLOUR_RGB ( '',1.000000000000000000, 1.000000000000000000, 1.000000000000000000 ) ;
#4370 = COLOUR_RGB ( '',1.000000000000000000, 1.000000000000000000, 1.000000000000000000 ) ;
#4371 = DIRECTION ( 'NONE',  ( -1.000000000000000000, -1.602884491802569361E-15, 2.711709361697226329E-31 ) ) ;
#4372 = AXIS2_PLACEMENT_3D ( 'NONE', #2791, #2900, #2851 ) ;
#4373 = VECTOR ( 'NONE', #1025, 39.37007874015748143 ) ;
#4374 = LINE ( 'NONE', #6981, #776 ) ;
#4375 = CARTESIAN_POINT ( 'NONE',  ( -0.1464566929133855611, -0.1722440944881890590, -0.003740157480314449702 ) ) ;
#4376 = DIRECTION ( 'NONE',  ( 1.602884491802569361E-15, -1.000000000000000000, 1.644517855226017859E-15 ) ) ;
#4377 = ORIENTED_EDGE ( 'NONE', *, *, #1953, .T. ) ;
#4378 = ORIENTED_EDGE ( 'NONE', *, *, #4539, .T. ) ;
#4379 = ORIENTED_EDGE ( 'NONE', *, *, #1652, .F. ) ;
#4380 = LINE ( 'NONE', #10533, #6120 ) ;
#4381 = DIRECTION ( 'NONE',  ( 0.7956271577883986534, 0.0000000000000000000, -0.6057866173741002225 ) ) ;
#4382 = ORIENTED_EDGE ( 'NONE', *, *, #6093, .T. ) ;
#4383 = DIRECTION ( 'NONE',  ( -1.602884491802569361E-15, 1.000000000000000000, -1.644517855226017859E-15 ) ) ;
#4384 = MANIFOLD_SOLID_BREP ( 'LPattern1[3]', #10293 ) ;
#4385 = AXIS2_PLACEMENT_3D ( 'NONE', #1705, #5295, #8841 ) ;
#4386 = EDGE_CURVE ( 'NONE', #1797, #10872, #1500, .T. ) ;
#4387 = VERTEX_POINT ( 'NONE', #6486 ) ;
#4388 = LINE ( 'NONE', #7040, #8449 ) ;
#4389 = EDGE_LOOP ( 'NONE', ( #9206, #9645, #10591, #7711, #8651, #8415, #2122, #9922 ) ) ;
#4390 = LINE ( 'NONE', #4213, #5738 ) ;
#4391 = DIRECTION ( 'NONE',  ( 8.640684008184001570E-13, -1.644517855224633408E-15, -1.000000000000000000 ) ) ;
#4392 = DIRECTION ( 'NONE',  ( 1.594929680954395007E-15, -0.9950371902099891530, -0.09950371902099724997 ) ) ;
#4393 =( LENGTH_UNIT ( ) NAMED_UNIT ( * ) SI_UNIT ( $, .METRE. ) );
#4394 = FILL_AREA_STYLE_COLOUR ( '', #6680 ) ;
#4395 =( NAMED_UNIT ( * ) SI_UNIT ( $, .STERADIAN. ) SOLID_ANGLE_UNIT ( ) );
#4396 = LENGTH_MEASURE_WITH_UNIT ( LENGTH_MEASURE( 0.02539999999999999897 ), #773 );
#4397 = DIRECTION ( 'NONE',  ( 1.594929680954418377E-16, -0.09950371902100052512, -0.9950371902099890420 ) ) ;
#4398 = VERTEX_POINT ( 'NONE', #10261 ) ;
#4399 = EDGE_LOOP ( 'NONE', ( #2569, #2795, #8173, #1964 ) ) ;
#4400 = EDGE_CURVE ( 'NONE', #9024, #7873, #4975, .T. ) ;
#4401 = PLANE ( 'NONE',  #3613 ) ;
#4402 = VERTEX_POINT ( 'NONE', #7703 ) ;
#4403 = ORIENTED_EDGE ( 'NONE', *, *, #6739, .T. ) ;
#4404 =( NAMED_UNIT ( * ) SI_UNIT ( $, .STERADIAN. ) SOLID_ANGLE_UNIT ( ) );
#4405 = CARTESIAN_POINT ( 'NONE',  ( 0.1464566929133861717, -0.1407480314960624646, -0.2848425196850389307 ) ) ;
#4406 = ADVANCED_FACE ( 'NONE', ( #8465 ), #9467, .T. ) ;
#4407 = LINE ( 'NONE', #3354, #120 ) ;
#4408 = CARTESIAN_POINT ( 'NONE',  ( -2.057162640966502078E-16, 0.1269685039370080371, -0.04586614173228350383 ) ) ;
#4409 = LINE ( 'NONE', #8014, #1055 ) ;
#4410 = VECTOR ( 'NONE', #6699, 39.37007874015748143 ) ;
#4411 = LINE ( 'NONE', #7308, #8548 ) ;
#4412 = EDGE_CURVE ( 'NONE', #10841, #1485, #4825, .T. ) ;
#4413 =( NAMED_UNIT ( * ) SI_UNIT ( $, .STERADIAN. ) SOLID_ANGLE_UNIT ( ) );
#4414 = EDGE_CURVE ( 'NONE', #7508, #8946, #11117, .T. ) ;
#4415 = EDGE_LOOP ( 'NONE', ( #144, #10656, #7373, #124 ) ) ;
#4416 = AXIS2_PLACEMENT_3D ( 'NONE', #889, #179, #9034 ) ;
#4417 = SURFACE_STYLE_USAGE ( .BOTH. , #2653 ) ;
#4418 = UNCERTAINTY_MEASURE_WITH_UNIT (LENGTH_MEASURE( 1.000000000000000082E-05 ), #5914, 'distance_accuracy_value', 'NONE');
#4419 = CARTESIAN_POINT ( 'NONE',  ( -0.06889763779527560694, 0.001377952755905703262, 0.1820866141732285226 ) ) ;
#4420 = CARTESIAN_POINT ( 'NONE',  ( 0.06743043410952725969, 0.1998031496062996071, 0.01904002503381874850 ) ) ;
#4421 = MANIFOLD_SOLID_BREP ( 'Combine1', #31 ) ;
#4422 = ORIENTED_EDGE ( 'NONE', *, *, #9030, .F. ) ;
#4423 = DIMENSIONAL_EXPONENTS ( 1.000000000000000000, 0.0000000000000000000, 0.0000000000000000000, 0.0000000000000000000, 0.0000000000000000000, 0.0000000000000000000, 0.0000000000000000000 ) ;
#4424 = AXIS2_PLACEMENT_3D ( 'NONE', #2060, #8195, #1105 ) ;
#4425 = COLOUR_RGB ( '',1.000000000000000000, 1.000000000000000000, 1.000000000000000000 ) ;
#4426 = CARTESIAN_POINT ( 'NONE',  ( 0.06018589945968478433, 0.1643700787401579655, -0.2754440218001575902 ) ) ;
#4427 = EDGE_CURVE ( 'NONE', #5671, #804, #7642, .T. ) ;
#4429 = SURFACE_STYLE_FILL_AREA ( #5304 ) ;
#4428 = MECHANICAL_DESIGN_GEOMETRIC_PRESENTATION_REPRESENTATION (  '', ( #9457 ), #5743 ) ;
#4430 = PRESENTATION_LAYER_ASSIGNMENT (  '', '', ( #3487 ) ) ;
#4431 = DIRECTION ( 'NONE',  ( 0.0000000000000000000, 0.0000000000000000000, 1.000000000000000000 ) ) ;
#4432 = DIRECTION ( 'NONE',  ( 2.364801230464485631E-30, -1.644517855226018450E-15, -1.000000000000000000 ) ) ;
#4433 = PLANE ( 'NONE',  #4645 ) ;
#4434 = VERTEX_POINT ( 'NONE', #8937 ) ;
#4435 = ORIENTED_EDGE ( 'NONE', *, *, #7245, .F. ) ;
#4436 = ORIENTED_EDGE ( 'NONE', *, *, #11141, .F. ) ;
#4437 = SURFACE_STYLE_FILL_AREA ( #8861 ) ;
#4438 = PRESENTATION_STYLE_ASSIGNMENT (( #825 ) ) ;
#4439 = ORIENTED_EDGE ( 'NONE', *, *, #4554, .T. ) ;
#4440 = SURFACE_STYLE_FILL_AREA ( #9575 ) ;
#4441 = MANIFOLD_SOLID_BREP ( 'LPattern1[14]', #5856 ) ;
#4442 = VERTEX_POINT ( 'NONE', #1855 ) ;
#4443 = ORIENTED_EDGE ( 'NONE', *, *, #7750, .T. ) ;
#4444 = DIRECTION ( 'NONE',  ( 1.000000000000000000, 1.602884491802569361E-15, -2.711709361697226329E-31 ) ) ;
#4445 = UNCERTAINTY_MEASURE_WITH_UNIT (LENGTH_MEASURE( 1.000000000000000082E-05 ), #3496, 'distance_accuracy_value', 'NONE');
#4446 = PRESENTATION_STYLE_ASSIGNMENT (( #11537 ) ) ;
#4447 = DIRECTION ( 'NONE',  ( -1.000000000000000000, -1.602884491802569361E-15, 2.711709361697226329E-31 ) ) ;
#4448 = VECTOR ( 'NONE', #7351, 39.37007874015748143 ) ;
#4449 = COLOUR_RGB ( '',1.000000000000000000, 1.000000000000000000, 1.000000000000000000 ) ;
#4450 = LENGTH_MEASURE_WITH_UNIT ( LENGTH_MEASURE( 0.02539999999999999897 ), #10485 );
#4451 = FILL_AREA_STYLE_COLOUR ( '', #2766 ) ;
#4452 = CARTESIAN_POINT ( 'NONE',  ( 0.06429804372452725680, 0.2037401574803153481, -0.01315729518093717090 ) ) ;
#4453 = FACE_OUTER_BOUND ( 'NONE', #10040, .T. ) ;
#4454 = DIRECTION ( 'NONE',  ( -2.255731163044917930E-10, 1.000000000000000000, 2.962140801037447666E-10 ) ) ;
#4455 = ORIENTED_EDGE ( 'NONE', *, *, #6525, .T. ) ;
#4456 = AXIS2_PLACEMENT_3D ( 'NONE', #5298, #4488, #8846 ) ;
#4457 = ORIENTED_EDGE ( 'NONE', *, *, #706, .T. ) ;
#4458 = PRESENTATION_LAYER_ASSIGNMENT (  '', '', ( #8353 ) ) ;
#4459 = VERTEX_POINT ( 'NONE', #1680 ) ;
#4460 = PRESENTATION_LAYER_ASSIGNMENT (  '', '', ( #10759 ) ) ;
#4461 = SURFACE_STYLE_FILL_AREA ( #848 ) ;
#4462 = ORIENTED_EDGE ( 'NONE', *, *, #8886, .T. ) ;
#4463 = ORIENTED_EDGE ( 'NONE', *, *, #10025, .F. ) ;
#4464 = DIRECTION ( 'NONE',  ( 0.0000000000000000000, 0.0000000000000000000, -1.000000000000000000 ) ) ;
#4465 = CARTESIAN_POINT ( 'NONE',  ( -0.06929133858267740032, 0.1269685039370082036, -0.3663385826771654585 ) ) ;
#4466 = PRESENTATION_LAYER_ASSIGNMENT (  '', '', ( #6494 ) ) ;
#4467 = PLANE ( 'NONE',  #10703 ) ;
#4468 = LINE ( 'NONE', #9124, #7966 ) ;
#4469 = CARTESIAN_POINT ( 'NONE',  ( -0.06929133858267740032, 0.1269685039370080371, -0.2253937007874016185 ) ) ;
#4470 = CARTESIAN_POINT ( 'NONE',  ( 0.06929133858267698398, 0.1269685039370082313, -0.2253937007874016185 ) ) ;
#4471 = EDGE_CURVE ( 'NONE', #2359, #2972, #11302, .T. ) ;
#4472 = DIRECTION ( 'NONE',  ( 1.602884491802569361E-15, -1.000000000000000000, 1.644517855226017859E-15 ) ) ;
#4473 = VECTOR ( 'NONE', #7008, 39.37007874015748143 ) ;
#4474 = EDGE_CURVE ( 'NONE', #8947, #5277, #5269, .T. ) ;
#4475 = SURFACE_STYLE_USAGE ( .BOTH. , #7311 ) ;
#4476 = UNCERTAINTY_MEASURE_WITH_UNIT (LENGTH_MEASURE( 1.000000000000000082E-05 ), #3567, 'distance_accuracy_value', 'NONE');
#4477 = ORIENTED_EDGE ( 'NONE', *, *, #409, .T. ) ;
#4478 = VECTOR ( 'NONE', #10141, 39.37007874015748143 ) ;
#4479 = SURFACE_STYLE_USAGE ( .BOTH. , #1995 ) ;
#4480 =( GEOMETRIC_REPRESENTATION_CONTEXT ( 3 ) GLOBAL_UNCERTAINTY_ASSIGNED_CONTEXT ( ( #8842 ) ) GLOBAL_UNIT_ASSIGNED_CONTEXT ( ( #3686, #9003, #9863 ) ) REPRESENTATION_CONTEXT ( 'NONE', 'WORKASPACE' ) );
#4481 = CARTESIAN_POINT ( 'NONE',  ( 0.01209712494558641202, 0.1269685039370082313, -0.1809599749661811585 ) ) ;
#4482 = FACE_OUTER_BOUND ( 'NONE', #849, .T. ) ;
#4483 = LINE ( 'NONE', #6384, #11104 ) ;
#4484 = DIRECTION ( 'NONE',  ( 1.000000000000000000, 1.602884491802569361E-15, -2.711709361697226329E-31 ) ) ;
#4485 = AXIS2_PLACEMENT_3D ( 'NONE', #125, #1961, #4504 ) ;
#4486 = DIRECTION ( 'NONE',  ( 0.0000000000000000000, 1.387778780781445478E-15, 1.000000000000000000 ) ) ;
#4487 = ADVANCED_FACE ( 'NONE', ( #5201 ), #9641, .F. ) ;
#4488 = DIRECTION ( 'NONE',  ( 1.602884491802569361E-15, -1.000000000000000000, 1.644517855226017859E-15 ) ) ;
#4489 = ADVANCED_FACE ( 'NONE', ( #8878 ), #838, .F. ) ;
#4490 = ORIENTED_EDGE ( 'NONE', *, *, #2677, .T. ) ;
#4491 = PRESENTATION_LAYER_ASSIGNMENT (  '', '', ( #1086 ) ) ;
#4492 = DIRECTION ( 'NONE',  ( -2.348093788196917952E-30, 1.644517855226018450E-15, 1.000000000000000000 ) ) ;
#4493 = CARTESIAN_POINT ( 'NONE',  ( -0.1464566929133855611, -0.1722440944881890590, 0.1120078740157485764 ) ) ;
#4494 = CARTESIAN_POINT ( 'NONE',  ( 0.06743043410952725969, 0.1998031496062996348, -0.2107723084983624262 ) ) ;
#4495 = VECTOR ( 'NONE', #9254, 39.37007874015748143 ) ;
#4496 = PRESENTATION_LAYER_ASSIGNMENT (  '', '', ( #7827 ) ) ;
#4497 =( NAMED_UNIT ( * ) PLANE_ANGLE_UNIT ( ) SI_UNIT ( $, .RADIAN. ) );
#4498 =( NAMED_UNIT ( * ) PLANE_ANGLE_UNIT ( ) SI_UNIT ( $, .RADIAN. ) );
#4499 = FILL_AREA_STYLE_COLOUR ( '', #6815 ) ;
#4500 = CARTESIAN_POINT ( 'NONE',  ( -0.007480314960630252488, 0.2037401574803152371, 0.004133858267716384455 ) ) ;
#4501 = EDGE_CURVE ( 'NONE', #1551, #4442, #5505, .T. ) ;
#4502 = ORIENTED_EDGE ( 'NONE', *, *, #1436, .F. ) ;
#4503 = AXIS2_PLACEMENT_3D ( 'NONE', #9616, #5122, #1591 ) ;
#4504 = DIRECTION ( 'NONE',  ( 0.7956271577885687396, 2.392722035830077690E-15, 0.6057866173738768456 ) ) ;
#4505 = STYLED_ITEM ( 'NONE', ( #1206 ), #8748 ) ;
#4506 = VERTEX_POINT ( 'NONE', #9284 ) ;
#4507 = LINE ( 'NONE', #11341, #11358 ) ;
#4508 = COLOUR_RGB ( '',1.000000000000000000, 1.000000000000000000, 1.000000000000000000 ) ;
#4509 = MANIFOLD_SOLID_BREP ( 'LPattern1[1]', #5669 ) ;
#4510 = ORIENTED_EDGE ( 'NONE', *, *, #5340, .T. ) ;
#4511 = DIRECTION ( 'NONE',  ( -1.602884491802569361E-15, 1.000000000000000000, -1.644517855226017859E-15 ) ) ;
#4512 = VERTEX_POINT ( 'NONE', #9918 ) ;
#4513 = MECHANICAL_DESIGN_GEOMETRIC_PRESENTATION_REPRESENTATION (  '', ( #5432 ), #3003 ) ;
#4514 = SURFACE_STYLE_USAGE ( .BOTH. , #8932 ) ;
#4515 = FACE_OUTER_BOUND ( 'NONE', #10949, .T. ) ;
#4516 = DIRECTION ( 'NONE',  ( -1.602884491802569361E-15, 1.000000000000000000, -1.644517855226017859E-15 ) ) ;
#4517 = AXIS2_PLACEMENT_3D ( 'NONE', #1540, #1599, #10752 ) ;
#4518 = CARTESIAN_POINT ( 'NONE',  ( -0.06889763779527587062, 0.1564960629921262059, 0.1820866141732282728 ) ) ;
#4519 = PRESENTATION_STYLE_ASSIGNMENT (( #10771 ) ) ;
#4520 = LINE ( 'NONE', #1075, #11138 ) ;
#4521 = SURFACE_STYLE_FILL_AREA ( #8114 ) ;
#4522 = AXIS2_PLACEMENT_3D ( 'NONE', #9798, #5186, #5374 ) ;
#4523 = ORIENTED_EDGE ( 'NONE', *, *, #5189, .F. ) ;
#4524 = ORIENTED_EDGE ( 'NONE', *, *, #8385, .T. ) ;
#4525 = EDGE_LOOP ( 'NONE', ( #9767, #11062, #1769, #2152 ) ) ;
#4526 = DIRECTION ( 'NONE',  ( 1.602884491802569361E-15, -1.000000000000000000, 1.644517855226017859E-15 ) ) ;
#4527 = EDGE_LOOP ( 'NONE', ( #2961, #7751, #2134, #9766 ) ) ;
#4528 = VERTEX_POINT ( 'NONE', #8279 ) ;
#4529 = CARTESIAN_POINT ( 'NONE',  ( 0.01934165959544861813, 0.1269685039370081203, -0.02539370078740161782 ) ) ;
#4530 = SURFACE_SIDE_STYLE ('',( #5398 ) ) ;
#4531 = DIRECTION ( 'NONE',  ( 2.364801230464485631E-30, -1.644517855226018450E-15, -1.000000000000000000 ) ) ;
#4532 = CARTESIAN_POINT ( 'NONE',  ( -0.1535433070866141225, -0.02263779527559058036, 0.01515748031496088298 ) ) ;
#4533 = FILL_AREA_STYLE ('',( #7303 ) ) ;
#4534 = CARTESIAN_POINT ( 'NONE',  ( 0.06889763779527535714, 0.1564960629921263724, 0.1624015748031495399 ) ) ;
#4535 = SURFACE_STYLE_USAGE ( .BOTH. , #10506 ) ;
#4536 = MECHANICAL_DESIGN_GEOMETRIC_PRESENTATION_REPRESENTATION (  '', ( #739 ), #3966 ) ;
#4537 = ORIENTED_EDGE ( 'NONE', *, *, #3843, .F. ) ;
#4538 = CARTESIAN_POINT ( 'NONE',  ( 0.06018589945968484678, 0.1269685039370083146, -0.4162882616643938105 ) ) ;
#4539 = EDGE_CURVE ( 'NONE', #10080, #1392, #10019, .T. ) ;
#4540 = CARTESIAN_POINT ( 'NONE',  ( -0.1499999999999997446, -0.1564960629921259283, -0.4053149606299207841 ) ) ;
#4541 = DIRECTION ( 'NONE',  ( -1.000000000000000000, -1.602884491802569361E-15, 2.878783784372901366E-31 ) ) ;
#4542 = FACE_OUTER_BOUND ( 'NONE', #9276, .T. ) ;
#4543 = UNCERTAINTY_MEASURE_WITH_UNIT (LENGTH_MEASURE( 1.000000000000000082E-05 ), #1035, 'distance_accuracy_value', 'NONE');
#4544 = CIRCLE ( 'NONE', #8065, 0.003937007874015758385 ) ;
#4545 =( NAMED_UNIT ( * ) SI_UNIT ( $, .STERADIAN. ) SOLID_ANGLE_UNIT ( ) );
#4546 = SURFACE_SIDE_STYLE ('',( #8912 ) ) ;
#4547 = VERTEX_POINT ( 'NONE', #1074 ) ;
#4548 = PRESENTATION_STYLE_ASSIGNMENT (( #1828 ) ) ;
#4549 = CARTESIAN_POINT ( 'NONE',  ( 0.01934165962243668963, 0.1998031496062996348, -0.1663385826771654752 ) ) ;
#4550 = EDGE_CURVE ( 'NONE', #9741, #1818, #4681, .T. ) ;
#4551 = CARTESIAN_POINT ( 'NONE',  ( -0.1535433070866138727, -0.1722440944881889757, -0.2879921259842515013 ) ) ;
#4552 = LINE ( 'NONE', #8093, #6359 ) ;
#4553 = FACE_OUTER_BOUND ( 'NONE', #10948, .T. ) ;
#4554 = EDGE_CURVE ( 'NONE', #6443, #9024, #5958, .T. ) ;
#4555 =( CONVERSION_BASED_UNIT ( 'INCH', #180 ) LENGTH_UNIT ( ) NAMED_UNIT ( #6630 ) );
#4556 = AXIS2_PLACEMENT_3D ( 'NONE', #5363, #4248, #8850 ) ;
#4557 =( GEOMETRIC_REPRESENTATION_CONTEXT ( 3 ) GLOBAL_UNCERTAINTY_ASSIGNED_CONTEXT ( ( #1296 ) ) GLOBAL_UNIT_ASSIGNED_CONTEXT ( ( #567, #5226, #2583 ) ) REPRESENTATION_CONTEXT ( 'NONE', 'WORKASPACE' ) );
#4558 = ORIENTED_EDGE ( 'NONE', *, *, #15, .T. ) ;
#4559 = DIRECTION ( 'NONE',  ( 0.0000000000000000000, 0.0000000000000000000, 1.000000000000000000 ) ) ;
#4560 = VERTEX_POINT ( 'NONE', #5618 ) ;
#4561 = CARTESIAN_POINT ( 'NONE',  ( -0.06929133858267740032, 0.1269685039370079538, -0.02539370078740161782 ) ) ;
#4562 = VERTEX_POINT ( 'NONE', #10075 ) ;
#4563 = ADVANCED_FACE ( 'NONE', ( #9171 ), #4797, .F. ) ;
#4564 = LENGTH_MEASURE_WITH_UNIT ( LENGTH_MEASURE( 0.02539999999999999897 ), #9690 );
#4565 = EDGE_CURVE ( 'NONE', #2563, #4794, #412, .T. ) ;
#4566 = AXIS2_PLACEMENT_3D ( 'NONE', #5059, #5766, #3235 ) ;
#4567 = VECTOR ( 'NONE', #10269, 39.37007874015748143 ) ;
#4568 = ORIENTED_EDGE ( 'NONE', *, *, #5848, .T. ) ;
#4569 = UNCERTAINTY_MEASURE_WITH_UNIT (LENGTH_MEASURE( 1.000000000000000082E-05 ), #6386, 'distance_accuracy_value', 'NONE');
#4570 =( CONVERSION_BASED_UNIT ( 'INCH', #8218 ) LENGTH_UNIT ( ) NAMED_UNIT ( #1175 ) );
#4571 = LINE ( 'NONE', #8394, #9135 ) ;
#4572 = COLOUR_RGB ( '',1.000000000000000000, 1.000000000000000000, 1.000000000000000000 ) ;
#4573 = FILL_AREA_STYLE_COLOUR ( '', #8557 ) ;
#4574 = STYLED_ITEM ( 'NONE', ( #5598 ), #600 ) ;
#4576 = DIRECTION ( 'NONE',  ( 4.788507553440025214E-13, -1.000000000000000000, 2.236891227802259687E-13 ) ) ;
#4575 = STYLED_ITEM ( 'NONE', ( #9816 ), #9965 ) ;
#4577 = ORIENTED_EDGE ( 'NONE', *, *, #352, .T. ) ;
#4578 = ORIENTED_EDGE ( 'NONE', *, *, #881, .F. ) ;
#4579 = EDGE_CURVE ( 'NONE', #8334, #5147, #526, .T. ) ;
#4580 = EDGE_LOOP ( 'NONE', ( #9797, #4329, #3204, #11403 ) ) ;
#4581 = DIRECTION ( 'NONE',  ( -0.7956271577887875646, 0.0000000000000000000, 0.6057866173735895199 ) ) ;
#4582 = CIRCLE ( 'NONE', #7916, 0.003937007874015748844 ) ;
#4583 = PRESENTATION_LAYER_ASSIGNMENT (  '', '', ( #8665 ) ) ;
#4584 = FACE_BOUND ( 'NONE', #7931, .T. ) ;
#4585 = DIRECTION ( 'NONE',  ( 1.602884491802569361E-15, -1.000000000000000000, 1.644517855226018450E-15 ) ) ;
#4586 =( NAMED_UNIT ( * ) SI_UNIT ( $, .STERADIAN. ) SOLID_ANGLE_UNIT ( ) );
#4587 =( NAMED_UNIT ( * ) PLANE_ANGLE_UNIT ( ) SI_UNIT ( $, .RADIAN. ) );
#4588 = LINE ( 'NONE', #1879, #5206 ) ;
#4589 = CIRCLE ( 'NONE', #5524, 0.005168431248992124902 ) ;
#4590 = CARTESIAN_POINT ( 'NONE',  ( 0.1948818897637796532, -0.05413385826771593967, -0.4738188976377951112 ) ) ;
#4591 = ORIENTED_EDGE ( 'NONE', *, *, #6863, .T. ) ;
#4592 = DIRECTION ( 'NONE',  ( -1.000000000000000000, -1.602884491802569361E-15, 2.711709361697226329E-31 ) ) ;
#4593 =( LENGTH_UNIT ( ) NAMED_UNIT ( * ) SI_UNIT ( $, .METRE. ) );
#4594 =( LENGTH_UNIT ( ) NAMED_UNIT ( * ) SI_UNIT ( $, .METRE. ) );
#4595 = AXIS2_PLACEMENT_3D ( 'NONE', #10555, #6900, #5099 ) ;
#4596 = CARTESIAN_POINT ( 'NONE',  ( 0.1535433070866143168, -0.02263779527558995239, -0.3848425196850391861 ) ) ;
#4597 = DIRECTION ( 'NONE',  ( -1.000000000000000000, -1.602884491802569361E-15, 2.878783784372901366E-31 ) ) ;
#4598 = LINE ( 'NONE', #6337, #3887 ) ;
#4599 = VERTEX_POINT ( 'NONE', #2430 ) ;
#4600 = LINE ( 'NONE', #7152, #906 ) ;
#4601 = DIRECTION ( 'NONE',  ( -1.000000000000000000, -1.602884491802569361E-15, 2.711709361697226329E-31 ) ) ;
#4602 = DIRECTION ( 'NONE',  ( 5.046588147372974893E-13, 1.000000000000000000, -4.605343884023600448E-14 ) ) ;
#4603 = PRESENTATION_LAYER_ASSIGNMENT (  '', '', ( #3468 ) ) ;
#4604 = CARTESIAN_POINT ( 'NONE',  ( 0.06018589945968472882, 0.1998031496062996903, -0.4162882616643939215 ) ) ;
#4605 = LENGTH_MEASURE_WITH_UNIT ( LENGTH_MEASURE( 0.02539999999999999897 ), #5306 );
#4606 = SURFACE_STYLE_USAGE ( .BOTH. , #10699 ) ;
#4607 = DIMENSIONAL_EXPONENTS ( 1.000000000000000000, 0.0000000000000000000, 0.0000000000000000000, 0.0000000000000000000, 0.0000000000000000000, 0.0000000000000000000, 0.0000000000000000000 ) ;
#4608 = AXIS2_PLACEMENT_3D ( 'NONE', #2716, #1825, #6278 ) ;
#4609 = LINE ( 'NONE', #1838, #6678 ) ;
#4610 = VECTOR ( 'NONE', #1657, 39.37007874015748143 ) ;
#4611 = ORIENTED_EDGE ( 'NONE', *, *, #10074, .F. ) ;
#4612 = EDGE_CURVE ( 'NONE', #6271, #1564, #4149, .T. ) ;
#4613 = VERTEX_POINT ( 'NONE', #11166 ) ;
#4614 =( LENGTH_UNIT ( ) NAMED_UNIT ( * ) SI_UNIT ( $, .METRE. ) );
#4615 = EDGE_CURVE ( 'NONE', #11121, #6694, #4084, .T. ) ;
#4616 = ORIENTED_EDGE ( 'NONE', *, *, #5901, .F. ) ;
#4617 = MECHANICAL_DESIGN_GEOMETRIC_PRESENTATION_REPRESENTATION (  '', ( #6282 ), #2732 ) ;
#4618 = PRESENTATION_LAYER_ASSIGNMENT (  '', '', ( #8502 ) ) ;
#4619 = FILL_AREA_STYLE_COLOUR ( '', #2478 ) ;
#4620 = EDGE_LOOP ( 'NONE', ( #9010, #486, #6717, #10599 ) ) ;
#4621 = CARTESIAN_POINT ( 'NONE',  ( 0.06929133858267687296, 0.1958661417322838938, 0.03366141732283450816 ) ) ;
#4622 = DIRECTION ( 'NONE',  ( 0.0000000000000000000, 0.0000000000000000000, -1.000000000000000000 ) ) ;
#4623 = PRESENTATION_STYLE_ASSIGNMENT (( #192 ) ) ;
#4624 = FILL_AREA_STYLE_COLOUR ( '', #6479 ) ;
#4625 = STYLED_ITEM ( 'NONE', ( #8741 ), #7261 ) ;
#4626 = EDGE_CURVE ( 'NONE', #1153, #8810, #7691, .T. ) ;
#4627 = STYLED_ITEM ( 'NONE', ( #2381 ), #3162 ) ;
#4628 = EDGE_CURVE ( 'NONE', #1860, #2972, #6809, .T. ) ;
#4629 = CARTESIAN_POINT ( 'NONE',  ( 0.06018589945968472882, 0.1998031496062996903, -0.1754440218001576401 ) ) ;
#4630 = SURFACE_SIDE_STYLE ('',( #6143 ) ) ;
#4631 = ORIENTED_EDGE ( 'NONE', *, *, #9834, .F. ) ;
#4632 = DIRECTION ( 'NONE',  ( 1.602884491802569361E-15, -1.000000000000000000, 1.644517855226017859E-15 ) ) ;
#4633 =( GEOMETRIC_REPRESENTATION_CONTEXT ( 3 ) GLOBAL_UNCERTAINTY_ASSIGNED_CONTEXT ( ( #8614 ) ) GLOBAL_UNIT_ASSIGNED_CONTEXT ( ( #5415, #3772, #9078 ) ) REPRESENTATION_CONTEXT ( 'NONE', 'WORKASPACE' ) );
#4634 = CARTESIAN_POINT ( 'NONE',  ( 0.06018589945968472882, 0.2037401574803153759, 0.02972440944881872896 ) ) ;
#4635 =( NAMED_UNIT ( * ) SI_UNIT ( $, .STERADIAN. ) SOLID_ANGLE_UNIT ( ) );
#4636 = FILL_AREA_STYLE ('',( #6372 ) ) ;
#4637 = LINE ( 'NONE', #8892, #2767 ) ;
#4638 =( CONVERSION_BASED_UNIT ( 'INCH', #6428 ) LENGTH_UNIT ( ) NAMED_UNIT ( #5853 ) );
#4639 = DIRECTION ( 'NONE',  ( -1.000000000000000000, -1.602884491802569361E-15, 2.878783784372901366E-31 ) ) ;
#4640 = AXIS2_PLACEMENT_3D ( 'NONE', #8728, #2419, #9669 ) ;
#4641 = EDGE_CURVE ( 'NONE', #6107, #2340, #3148, .T. ) ;
#4642 =( NAMED_UNIT ( * ) PLANE_ANGLE_UNIT ( ) SI_UNIT ( $, .RADIAN. ) );
#4643 = STYLED_ITEM ( 'NONE', ( #6867 ), #4675 ) ;
#4644 = SURFACE_STYLE_FILL_AREA ( #8901 ) ;
#4645 = AXIS2_PLACEMENT_3D ( 'NONE', #5602, #1358, #10231 ) ;
#4646 = ORIENTED_EDGE ( 'NONE', *, *, #2407, .T. ) ;
#4647 = DIMENSIONAL_EXPONENTS ( 1.000000000000000000, 0.0000000000000000000, 0.0000000000000000000, 0.0000000000000000000, 0.0000000000000000000, 0.0000000000000000000, 0.0000000000000000000 ) ;
#4648 = CIRCLE ( 'NONE', #6856, 0.009105439123007878083 ) ;
#4649 = DIRECTION ( 'NONE',  ( 1.594929680954371539E-16, -0.09950371902099727772, 0.9950371902099893751 ) ) ;
#4650 = CARTESIAN_POINT ( 'NONE',  ( 0.01934165959544850363, 0.1998031496062996348, -0.2754440218001577012 ) ) ;
#4651 = DIRECTION ( 'NONE',  ( -2.348093788196917952E-30, 1.644517855226018450E-15, 1.000000000000000000 ) ) ;
#4652 = MECHANICAL_DESIGN_GEOMETRIC_PRESENTATION_REPRESENTATION (  '', ( #10759 ), #8354 ) ;
#4653 = CARTESIAN_POINT ( 'NONE',  ( 0.06018589945968484678, 0.1269685039370082313, -0.2162882616643937439 ) ) ;
#4654 = CARTESIAN_POINT ( 'NONE',  ( 0.01934165959548794084, 0.1564960629921263446, -0.4253937007874017406 ) ) ;
#4655 = VERTEX_POINT ( 'NONE', #2204 ) ;
#4656 =( NAMED_UNIT ( * ) PLANE_ANGLE_UNIT ( ) SI_UNIT ( $, .RADIAN. ) );
#4657 = AXIS2_PLACEMENT_3D ( 'NONE', #1270, #4159, #4867 ) ;
#4658 = SURFACE_STYLE_FILL_AREA ( #8256 ) ;
#4659 = PRESENTATION_LAYER_ASSIGNMENT (  '', '', ( #2788 ) ) ;
#4660 = MECHANICAL_DESIGN_GEOMETRIC_PRESENTATION_REPRESENTATION (  '', ( #6145 ), #1073 ) ;
#4661 = SURFACE_STYLE_USAGE ( .BOTH. , #3893 ) ;
#4662 = CARTESIAN_POINT ( 'NONE',  ( 0.1535433070866143168, -0.02263779527559008770, 0.01515748031496088298 ) ) ;
#4663 = LENGTH_MEASURE_WITH_UNIT ( LENGTH_MEASURE( 0.02539999999999999897 ), #1837 );
#4664 = AXIS2_PLACEMENT_3D ( 'NONE', #7235, #8940, #913 ) ;
#4665 = ORIENTED_EDGE ( 'NONE', *, *, #6728, .T. ) ;
#4666 = FILL_AREA_STYLE_COLOUR ( '', #4105 ) ;
#4667 = ORIENTED_EDGE ( 'NONE', *, *, #5270, .F. ) ;
#4668 =( NAMED_UNIT ( * ) SI_UNIT ( $, .STERADIAN. ) SOLID_ANGLE_UNIT ( ) );
#4669 = VECTOR ( 'NONE', #8507, 39.37007874015748143 ) ;
#4670 = MECHANICAL_DESIGN_GEOMETRIC_PRESENTATION_REPRESENTATION (  '', ( #3166 ), #7083 ) ;
#4671 = MECHANICAL_DESIGN_GEOMETRIC_PRESENTATION_REPRESENTATION (  '', ( #3549 ), #10229 ) ;
#4672 = ORIENTED_EDGE ( 'NONE', *, *, #11563, .T. ) ;
#4673 = ORIENTED_EDGE ( 'NONE', *, *, #443, .F. ) ;
#4674 = FILL_AREA_STYLE ('',( #3088 ) ) ;
#4675 = ADVANCED_FACE ( 'NONE', ( #5794 ), #10248, .T. ) ;
#4676 = UNCERTAINTY_MEASURE_WITH_UNIT (LENGTH_MEASURE( 1.000000000000000082E-05 ), #9524, 'distance_accuracy_value', 'NONE');
#4677 = VECTOR ( 'NONE', #10803, 39.37007874015748143 ) ;
#4678 = CARTESIAN_POINT ( 'NONE',  ( 0.06743043410952725969, 0.1998031496062997459, -0.3809599749661813917 ) ) ;
#4679 = MECHANICAL_DESIGN_GEOMETRIC_PRESENTATION_REPRESENTATION (  '', ( #4505 ), #8765 ) ;
#4680 =( NAMED_UNIT ( * ) PLANE_ANGLE_UNIT ( ) SI_UNIT ( $, .RADIAN. ) );
#4681 = LINE ( 'NONE', #245, #5382 ) ;
#4682 = STYLED_ITEM ( 'NONE', ( #2343 ), #5780 ) ;
#4683 = LINE ( 'NONE', #10772, #688 ) ;
#4684 = CARTESIAN_POINT ( 'NONE',  ( 0.01209712494558641202, 0.1269685039370082313, -0.1809599749661811585 ) ) ;
#4685 = VERTEX_POINT ( 'NONE', #5076 ) ;
#4686 = DIMENSIONAL_EXPONENTS ( 1.000000000000000000, 0.0000000000000000000, 0.0000000000000000000, 0.0000000000000000000, 0.0000000000000000000, 0.0000000000000000000, 0.0000000000000000000 ) ;
#4687 =( GEOMETRIC_REPRESENTATION_CONTEXT ( 3 ) GLOBAL_UNCERTAINTY_ASSIGNED_CONTEXT ( ( #904 ) ) GLOBAL_UNIT_ASSIGNED_CONTEXT ( ( #3343, #4046, #2448 ) ) REPRESENTATION_CONTEXT ( 'NONE', 'WORKASPACE' ) );
#4688 = LINE ( 'NONE', #2040, #384 ) ;
#4689 = ORIENTED_EDGE ( 'NONE', *, *, #5649, .T. ) ;
#4690 = VECTOR ( 'NONE', #1627, 39.37007874015748143 ) ;
#4691 = EDGE_CURVE ( 'NONE', #6875, #7287, #1427, .T. ) ;
#4692 = FILL_AREA_STYLE ('',( #925 ) ) ;
#4693 = DIRECTION ( 'NONE',  ( 2.348093788196916901E-30, -1.644517855226017859E-15, -1.000000000000000000 ) ) ;
#4694 = LINE ( 'NONE', #8178, #4768 ) ;
#4695 = AXIS2_PLACEMENT_3D ( 'NONE', #6352, #9909, #5494 ) ;
#4696 = PRESENTATION_STYLE_ASSIGNMENT (( #6553 ) ) ;
#4697 = EDGE_CURVE ( 'NONE', #4981, #2613, #8632, .T. ) ;
#4698 = DIMENSIONAL_EXPONENTS ( 1.000000000000000000, 0.0000000000000000000, 0.0000000000000000000, 0.0000000000000000000, 0.0000000000000000000, 0.0000000000000000000, 0.0000000000000000000 ) ;
#4699 =( NAMED_UNIT ( * ) SI_UNIT ( $, .STERADIAN. ) SOLID_ANGLE_UNIT ( ) );
#4700 = STYLED_ITEM ( 'NONE', ( #2916 ), #6308 ) ;
#4701 = ORIENTED_EDGE ( 'NONE', *, *, #1165, .T. ) ;
#4702 = VECTOR ( 'NONE', #2477, 39.37007874015748143 ) ;
#4703 = ORIENTED_EDGE ( 'NONE', *, *, #2385, .F. ) ;
#4704 = LINE ( 'NONE', #2887, #2484 ) ;
#4705 = EDGE_CURVE ( 'NONE', #4512, #9743, #7431, .T. ) ;
#4706 = ADVANCED_FACE ( 'NONE', ( #10647 ), #10475, .T. ) ;
#4707 =( GEOMETRIC_REPRESENTATION_CONTEXT ( 3 ) GLOBAL_UNCERTAINTY_ASSIGNED_CONTEXT ( ( #2915 ) ) GLOBAL_UNIT_ASSIGNED_CONTEXT ( ( #8615, #9556, #3665 ) ) REPRESENTATION_CONTEXT ( 'NONE', 'WORKASPACE' ) );
#4708 = LENGTH_MEASURE_WITH_UNIT ( LENGTH_MEASURE( 0.02539999999999999897 ), #4593 );
#4709 = LINE ( 'NONE', #9199, #10387 ) ;
#4710 = PLANE ( 'NONE',  #9269 ) ;
#4711 = PRESENTATION_STYLE_ASSIGNMENT (( #8312 ) ) ;
#4712 = DIRECTION ( 'NONE',  ( -1.000000000000000000, -1.602884491802569361E-15, 2.711709361697226329E-31 ) ) ;
#4713 =( NAMED_UNIT ( * ) PLANE_ANGLE_UNIT ( ) SI_UNIT ( $, .RADIAN. ) );
#4714 = VERTEX_POINT ( 'NONE', #6927 ) ;
#4715 = PRESENTATION_LAYER_ASSIGNMENT (  '', '', ( #1324 ) ) ;
#4716 = CARTESIAN_POINT ( 'NONE',  ( 0.06018589945980290512, 0.1564960629921263169, -0.1253937007874016685 ) ) ;
#4717 = DIMENSIONAL_EXPONENTS ( 1.000000000000000000, 0.0000000000000000000, 0.0000000000000000000, 0.0000000000000000000, 0.0000000000000000000, 0.0000000000000000000, 0.0000000000000000000 ) ;
#4718 =( NAMED_UNIT ( * ) SI_UNIT ( $, .STERADIAN. ) SOLID_ANGLE_UNIT ( ) );
#4719 = LENGTH_MEASURE_WITH_UNIT ( LENGTH_MEASURE( 0.02539999999999999897 ), #9210 );
#4720 = FILL_AREA_STYLE ('',( #231 ) ) ;
#4721 = CARTESIAN_POINT ( 'NONE',  ( -0.06929133858267740032, 0.1269685039370081203, -0.06633858267716538637 ) ) ;
#4722 = VERTEX_POINT ( 'NONE', #6442 ) ;
#4723 = ORIENTED_EDGE ( 'NONE', *, *, #1574, .T. ) ;
#4724 =( CONVERSION_BASED_UNIT ( 'INCH', #5546 ) LENGTH_UNIT ( ) NAMED_UNIT ( #4280 ) );
#4725 = VECTOR ( 'NONE', #6367, 39.37007874015748143 ) ;
#4726 = ORIENTED_EDGE ( 'NONE', *, *, #10282, .T. ) ;
#4727 = LINE ( 'NONE', #8215, #4360 ) ;
#4728 = ORIENTED_EDGE ( 'NONE', *, *, #10414, .F. ) ;
#4729 = PLANE ( 'NONE',  #6157 ) ;
#4730 =( GEOMETRIC_REPRESENTATION_CONTEXT ( 3 ) GLOBAL_UNCERTAINTY_ASSIGNED_CONTEXT ( ( #9914 ) ) GLOBAL_UNIT_ASSIGNED_CONTEXT ( ( #4555, #7334, #2854 ) ) REPRESENTATION_CONTEXT ( 'NONE', 'WORKASPACE' ) );
#4731 = SURFACE_STYLE_USAGE ( .BOTH. , #5668 ) ;
#4732 = CARTESIAN_POINT ( 'NONE',  ( 0.01522951533057842477, 0.1998031496062995793, -0.07857498828362222132 ) ) ;
#4733 = CARTESIAN_POINT ( 'NONE',  ( 0.1464566929133861717, -0.1407480314960624646, -0.4068897637795271804 ) ) ;
#4734 = FILL_AREA_STYLE ('',( #1017 ) ) ;
#4735 = LINE ( 'NONE', #6540, #713 ) ;
#4736 = ORIENTED_EDGE ( 'NONE', *, *, #8717, .T. ) ;
#4737 = EDGE_CURVE ( 'NONE', #7552, #9160, #2542, .T. ) ;
#4738 = STYLED_ITEM ( 'NONE', ( #3431 ), #1157 ) ;
#4739 = MECHANICAL_DESIGN_GEOMETRIC_PRESENTATION_REPRESENTATION (  '', ( #1729 ), #6963 ) ;
#4740 = PRESENTATION_LAYER_ASSIGNMENT (  '', '', ( #10490 ) ) ;
#4741 = VERTEX_POINT ( 'NONE', #8743 ) ;
#4742 = FILL_AREA_STYLE_COLOUR ( '', #1604 ) ;
#4743 =( LENGTH_UNIT ( ) NAMED_UNIT ( * ) SI_UNIT ( $, .METRE. ) );
#4744 = DIRECTION ( 'NONE',  ( -1.602884491802569361E-15, 1.000000000000000000, -1.644517855226017859E-15 ) ) ;
#4745 = DIRECTION ( 'NONE',  ( 1.324743555594197337E-12, 1.000000000000000000, -1.644517855226017859E-15 ) ) ;
#4746 = AXIS2_PLACEMENT_3D ( 'NONE', #7026, #8737, #4319 ) ;
#4747 = LINE ( 'NONE', #8071, #3393 ) ;
#4748 = AXIS2_PLACEMENT_3D ( 'NONE', #5481, #2011, #1177 ) ;
#4749 =( GEOMETRIC_REPRESENTATION_CONTEXT ( 3 ) GLOBAL_UNCERTAINTY_ASSIGNED_CONTEXT ( ( #4240 ) ) GLOBAL_UNIT_ASSIGNED_CONTEXT ( ( #6780, #11248, #8596 ) ) REPRESENTATION_CONTEXT ( 'NONE', 'WORKASPACE' ) );
#4750 = DIRECTION ( 'NONE',  ( 1.602884491802569361E-15, -1.000000000000000000, 1.644517855226017859E-15 ) ) ;
#4751 = LINE ( 'NONE', #1935, #9305 ) ;
#4752 = ORIENTED_EDGE ( 'NONE', *, *, #2368, .F. ) ;
#4753 = EDGE_CURVE ( 'NONE', #5134, #4002, #7323, .T. ) ;
#4754 = VERTEX_POINT ( 'NONE', #1045 ) ;
#4755 =( GEOMETRIC_REPRESENTATION_CONTEXT ( 3 ) GLOBAL_UNCERTAINTY_ASSIGNED_CONTEXT ( ( #4906 ) ) GLOBAL_UNIT_ASSIGNED_CONTEXT ( ( #630, #7088, #5233 ) ) REPRESENTATION_CONTEXT ( 'NONE', 'WORKASPACE' ) );
#4756 = CARTESIAN_POINT ( 'NONE',  ( 0.1952755905511816270, -0.02263779527559009463, 0.09311023622047270853 ) ) ;
#4757 = VECTOR ( 'NONE', #10741, 39.37007874015748143 ) ;
#4758 = ORIENTED_EDGE ( 'NONE', *, *, #3, .F. ) ;
#4759 = VERTEX_POINT ( 'NONE', #2892 ) ;
#4760 = EDGE_CURVE ( 'NONE', #6196, #1214, #7914, .T. ) ;
#4761 = FILL_AREA_STYLE ('',( #5644 ) ) ;
#4762 = LENGTH_MEASURE_WITH_UNIT ( LENGTH_MEASURE( 0.02539999999999999897 ), #9250 );
#4763 = SURFACE_SIDE_STYLE ('',( #10739 ) ) ;
#4764 = CARTESIAN_POINT ( 'NONE',  ( 0.06018589945968472882, 0.2037401574803154036, -0.07544402180015766235 ) ) ;
#4765 = DIRECTION ( 'NONE',  ( 1.602884491802569361E-15, -1.000000000000000000, 1.644517855226018450E-15 ) ) ;
#4766 = FACE_OUTER_BOUND ( 'NONE', #7889, .T. ) ;
#4767 = DIRECTION ( 'NONE',  ( -2.364801230464485631E-30, 1.644517855226018450E-15, 1.000000000000000000 ) ) ;
#4768 = VECTOR ( 'NONE', #10786, 39.37007874015748143 ) ;
#4769 = ORIENTED_EDGE ( 'NONE', *, *, #9551, .T. ) ;
#4770 = EDGE_CURVE ( 'NONE', #7382, #2507, #5182, .T. ) ;
#4771 = EDGE_CURVE ( 'NONE', #5727, #8677, #3381, .T. ) ;
#4772 = SURFACE_SIDE_STYLE ('',( #5477 ) ) ;
#4773 =( NAMED_UNIT ( * ) SI_UNIT ( $, .STERADIAN. ) SOLID_ANGLE_UNIT ( ) );
#4774 = DIMENSIONAL_EXPONENTS ( 1.000000000000000000, 0.0000000000000000000, 0.0000000000000000000, 0.0000000000000000000, 0.0000000000000000000, 0.0000000000000000000, 0.0000000000000000000 ) ;
#4775 = STYLED_ITEM ( 'NONE', ( #11367 ), #2034 ) ;
#4776 = FILL_AREA_STYLE ('',( #1115 ) ) ;
#4777 = LENGTH_MEASURE_WITH_UNIT ( LENGTH_MEASURE( 0.02539999999999999897 ), #1116 );
#4778 = UNCERTAINTY_MEASURE_WITH_UNIT (LENGTH_MEASURE( 1.000000000000000082E-05 ), #3224, 'distance_accuracy_value', 'NONE');
#4779 = SURFACE_SIDE_STYLE ('',( #7392 ) ) ;
#4780 = SURFACE_STYLE_FILL_AREA ( #7505 ) ;
#4781 = VERTEX_POINT ( 'NONE', #8802 ) ;
#4782 = EDGE_CURVE ( 'NONE', #8942, #11065, #7797, .T. ) ;
#4783 = ORIENTED_EDGE ( 'NONE', *, *, #9058, .F. ) ;
#4784 = FILL_AREA_STYLE ('',( #5894 ) ) ;
#4785 = ORIENTED_EDGE ( 'NONE', *, *, #6930, .T. ) ;
#4786 = LINE ( 'NONE', #10340, #5857 ) ;
#4787 = ORIENTED_EDGE ( 'NONE', *, *, #1652, .T. ) ;
#4788 = SURFACE_STYLE_USAGE ( .BOTH. , #3139 ) ;
#4789 = STYLED_ITEM ( 'NONE', ( #8971 ), #6753 ) ;
#4790 = VECTOR ( 'NONE', #2013, 39.37007874015748143 ) ;
#4791 = DIMENSIONAL_EXPONENTS ( 1.000000000000000000, 0.0000000000000000000, 0.0000000000000000000, 0.0000000000000000000, 0.0000000000000000000, 0.0000000000000000000, 0.0000000000000000000 ) ;
#4792 = UNCERTAINTY_MEASURE_WITH_UNIT (LENGTH_MEASURE( 1.000000000000000082E-05 ), #512, 'distance_accuracy_value', 'NONE');
#4793 = FILL_AREA_STYLE_COLOUR ( '', #1488 ) ;
#4794 = VERTEX_POINT ( 'NONE', #5591 ) ;
#4795 = DIRECTION ( 'NONE',  ( -1.000000000000000000, -1.602884491802642922E-15, -4.458096893095998546E-14 ) ) ;
#4796 = DIRECTION ( 'NONE',  ( 1.602884491802569361E-15, -1.000000000000000000, 1.644517855226017859E-15 ) ) ;
#4797 = PLANE ( 'NONE',  #8344 ) ;
#4798 = CARTESIAN_POINT ( 'NONE',  ( 0.1464566929133862272, -0.1722440944881885594, 0.01200787401574855001 ) ) ;
#4799 = LINE ( 'NONE', #7355, #10064 ) ;
#4800 = ORIENTED_EDGE ( 'NONE', *, *, #8090, .F. ) ;
#4801 = CIRCLE ( 'NONE', #3859, 0.009105439123007878083 ) ;
#4802 = STYLED_ITEM ( 'NONE', ( #1869 ), #2981 ) ;
#4803 =( LENGTH_UNIT ( ) NAMED_UNIT ( * ) SI_UNIT ( $, .METRE. ) );
#4804 = VERTEX_POINT ( 'NONE', #9144 ) ;
#4805 = LINE ( 'NONE', #1143, #2931 ) ;
#4806 = FACE_OUTER_BOUND ( 'NONE', #7651, .T. ) ;
#4807 =( NAMED_UNIT ( * ) SI_UNIT ( $, .STERADIAN. ) SOLID_ANGLE_UNIT ( ) );
#4808 = TOROIDAL_SURFACE ( 'NONE', #9089, 0.005168431248992125769, 0.003937007874015747977 ) ;
#4809 = VECTOR ( 'NONE', #9292, 39.37007874015748143 ) ;
#4810 = CARTESIAN_POINT ( 'NONE',  ( -0.1535433070866138727, -0.1722440944881889757, -0.1879921259842514403 ) ) ;
#4811 = LINE ( 'NONE', #3704, #7468 ) ;
#4812 = CARTESIAN_POINT ( 'NONE',  ( 0.01934165959544850363, 0.1998031496062996348, -0.2754440218001577012 ) ) ;
#4813 = SURFACE_STYLE_USAGE ( .BOTH. , #9361 ) ;
#4814 = ORIENTED_EDGE ( 'NONE', *, *, #10158, .T. ) ;
#4815 = ORIENTED_EDGE ( 'NONE', *, *, #8179, .T. ) ;
#4816 = VECTOR ( 'NONE', #337, 39.37007874015748143 ) ;
#4817 = EDGE_LOOP ( 'NONE', ( #782, #1199, #915, #10525 ) ) ;
#4818 = ORIENTED_EDGE ( 'NONE', *, *, #4184, .F. ) ;
#4819 = DIRECTION ( 'NONE',  ( 0.0000000000000000000, 0.0000000000000000000, 1.000000000000000000 ) ) ;
#4820 = CARTESIAN_POINT ( 'NONE',  ( 0.06018589945968479821, 0.1564960629921265112, -0.3663385826771655140 ) ) ;
#4821 =( GEOMETRIC_REPRESENTATION_CONTEXT ( 3 ) GLOBAL_UNCERTAINTY_ASSIGNED_CONTEXT ( ( #10481 ) ) GLOBAL_UNIT_ASSIGNED_CONTEXT ( ( #4133, #2525, #6797 ) ) REPRESENTATION_CONTEXT ( 'NONE', 'WORKASPACE' ) );
#4822 = DIRECTION ( 'NONE',  ( 2.348093788196917952E-30, -1.644517855226018450E-15, -1.000000000000000000 ) ) ;
#4823 = CARTESIAN_POINT ( 'NONE',  ( 0.01522951533057842477, 0.1998031496062996071, -0.1785749882836221991 ) ) ;
#4824 = EDGE_CURVE ( 'NONE', #9741, #10891, #10565, .T. ) ;
#4825 = CIRCLE ( 'NONE', #5183, 0.003937007874015741038 ) ;
#4826 = DIRECTION ( 'NONE',  ( 2.348093788196917952E-30, -1.644517855226018450E-15, -1.000000000000000000 ) ) ;
#4827 = FACE_OUTER_BOUND ( 'NONE', #5675, .T. ) ;
#4828 = VECTOR ( 'NONE', #1572, 39.37007874015748143 ) ;
#4829 = LENGTH_MEASURE_WITH_UNIT ( LENGTH_MEASURE( 0.02539999999999999897 ), #10218 );
#4830 = ORIENTED_EDGE ( 'NONE', *, *, #5632, .F. ) ;
#4831 = CARTESIAN_POINT ( 'NONE',  ( -0.1535433070866139282, -0.1407480314960631029, -0.1068897637795270944 ) ) ;
#4832 = AXIS2_PLACEMENT_3D ( 'NONE', #1602, #8199, #11398 ) ;
#4833 = VECTOR ( 'NONE', #10258, 39.37007874015748143 ) ;
#4834 = DIRECTION ( 'NONE',  ( 0.0000000000000000000, 0.0000000000000000000, -1.000000000000000000 ) ) ;
#4835 = EDGE_CURVE ( 'NONE', #10496, #3164, #11461, .T. ) ;
#4836 = EDGE_CURVE ( 'NONE', #7552, #8904, #2672, .T. ) ;
#4837 = CARTESIAN_POINT ( 'NONE',  ( -0.06929133858267749746, 0.1958661417322836718, -0.2253937007874017295 ) ) ;
#4838 = DIRECTION ( 'NONE',  ( 1.602884491802569361E-15, -1.000000000000000000, 1.644517855226017859E-15 ) ) ;
#4839 = FACE_OUTER_BOUND ( 'NONE', #4001, .T. ) ;
#4840 = ORIENTED_EDGE ( 'NONE', *, *, #10848, .F. ) ;
#4841 = FILL_AREA_STYLE_COLOUR ( '', #8571 ) ;
#4842 = VECTOR ( 'NONE', #10834, 39.37007874015748143 ) ;
#4843 = ORIENTED_EDGE ( 'NONE', *, *, #5340, .F. ) ;
#4844 = CIRCLE ( 'NONE', #7449, 0.009105439123007878083 ) ;
#4845 = ORIENTED_EDGE ( 'NONE', *, *, #4030, .F. ) ;
#4846 = EDGE_LOOP ( 'NONE', ( #1446, #2323, #7336, #10239 ) ) ;
#4847 = COLOUR_RGB ( '',0.7607843137254901578, 0.7607843137254901578, 0.0000000000000000000 ) ;
#4848 =( LENGTH_UNIT ( ) NAMED_UNIT ( * ) SI_UNIT ( $, .METRE. ) );
#4849 = EDGE_CURVE ( 'NONE', #4077, #8445, #10394, .T. ) ;
#4850 = ADVANCED_FACE ( 'NONE', ( #11527 ), #11339, .F. ) ;
#4851 = DIMENSIONAL_EXPONENTS ( 1.000000000000000000, 0.0000000000000000000, 0.0000000000000000000, 0.0000000000000000000, 0.0000000000000000000, 0.0000000000000000000, 0.0000000000000000000 ) ;
#4852 = SURFACE_STYLE_FILL_AREA ( #11163 ) ;
#4853 = STYLED_ITEM ( 'NONE', ( #4438 ), #9131 ) ;
#4854 = SURFACE_SIDE_STYLE ('',( #10875 ) ) ;
#4855 = SURFACE_STYLE_USAGE ( .BOTH. , #10124 ) ;
#4856 = PRESENTATION_LAYER_ASSIGNMENT (  '', '', ( #3166 ) ) ;
#4857 = FILL_AREA_STYLE_COLOUR ( '', #8587 ) ;
#4858 = AXIS2_PLACEMENT_3D ( 'NONE', #7832, #4234, #6956 ) ;
#4859 =( LENGTH_UNIT ( ) NAMED_UNIT ( * ) SI_UNIT ( $, .METRE. ) );
#4860 = ORIENTED_EDGE ( 'NONE', *, *, #3470, .T. ) ;
#4861 = AXIS2_PLACEMENT_3D ( 'NONE', #7731, #1475, #4247 ) ;
#4862 = FACE_OUTER_BOUND ( 'NONE', #6521, .T. ) ;
#4863 = CARTESIAN_POINT ( 'NONE',  ( -2.057162640966502078E-16, 0.1269685039370080371, -0.04586614173228350383 ) ) ;
#4864 = CARTESIAN_POINT ( 'NONE',  ( -0.007480314960630190038, 0.1643700787401577990, -0.1958661417322835607 ) ) ;
#4865 = AXIS2_PLACEMENT_3D ( 'NONE', #7597, #10099, #4988 ) ;
#4866 =( LENGTH_UNIT ( ) NAMED_UNIT ( * ) SI_UNIT ( $, .METRE. ) );
#4867 = DIRECTION ( 'NONE',  ( 0.7213327287317047309, 1.723857615967974480E-17, -0.6925886906819032074 ) ) ;
#4868 = CARTESIAN_POINT ( 'NONE',  ( 0.1535433070866139005, 0.2273622047244099609, -0.2458661417322836329 ) ) ;
#4869 =( NAMED_UNIT ( * ) SI_UNIT ( $, .STERADIAN. ) SOLID_ANGLE_UNIT ( ) );
#4870 = FILL_AREA_STYLE ('',( #3707 ) ) ;
#4871 =( LENGTH_UNIT ( ) NAMED_UNIT ( * ) SI_UNIT ( $, .METRE. ) );
#4872 = AXIS2_PLACEMENT_3D ( 'NONE', #6139, #7236, #10876 ) ;
#4873 = ORIENTED_EDGE ( 'NONE', *, *, #4579, .F. ) ;
#4874 = VERTEX_POINT ( 'NONE', #3435 ) ;
#4875 = ORIENTED_EDGE ( 'NONE', *, *, #11271, .F. ) ;
#4876 = ORIENTED_EDGE ( 'NONE', *, *, #3836, .T. ) ;
#4877 = CARTESIAN_POINT ( 'NONE',  ( 0.01934165959543282173, 0.1564960629921262614, 0.1336614173228345692 ) ) ;
#4878 = AXIS2_PLACEMENT_3D ( 'NONE', #9286, #4209, #5017 ) ;
#4879 = PLANE ( 'NONE',  #8485 ) ;
#4880 = CARTESIAN_POINT ( 'NONE',  ( 0.06018589945980290512, 0.1564960629921262614, -0.02539370078740165945 ) ) ;
#4881 = FILL_AREA_STYLE_COLOUR ( '', #6524 ) ;
#4882 = DIMENSIONAL_EXPONENTS ( 1.000000000000000000, 0.0000000000000000000, 0.0000000000000000000, 0.0000000000000000000, 0.0000000000000000000, 0.0000000000000000000, 0.0000000000000000000 ) ;
#4883 = DIRECTION ( 'NONE',  ( -2.348093788196917952E-30, 1.644517855226018450E-15, 1.000000000000000000 ) ) ;
#4884 = EDGE_LOOP ( 'NONE', ( #3739, #2815, #7708, #9925 ) ) ;
#4885 =( LENGTH_UNIT ( ) NAMED_UNIT ( * ) SI_UNIT ( $, .METRE. ) );
#4886 = SURFACE_SIDE_STYLE ('',( #8488 ) ) ;
#4887 = AXIS2_PLACEMENT_3D ( 'NONE', #3611, #7157, #10001 ) ;
#4888 = EDGE_CURVE ( 'NONE', #7499, #10841, #4380, .T. ) ;
#4889 = VECTOR ( 'NONE', #6967, 39.37007874015748143 ) ;
#4890 = LENGTH_MEASURE_WITH_UNIT ( LENGTH_MEASURE( 0.02539999999999999897 ), #2239 );
#4891 = SURFACE_STYLE_USAGE ( .BOTH. , #1354 ) ;
#4892 =( NAMED_UNIT ( * ) SI_UNIT ( $, .STERADIAN. ) SOLID_ANGLE_UNIT ( ) );
#4893 = DIRECTION ( 'NONE',  ( 1.000000000000000000, 1.602884491802569361E-15, -2.711709361697226329E-31 ) ) ;
#4894 = LENGTH_MEASURE_WITH_UNIT ( LENGTH_MEASURE( 0.02539999999999999897 ), #3306 );
#4895 = ORIENTED_EDGE ( 'NONE', *, *, #4628, .F. ) ;
#4896 = PRESENTATION_STYLE_ASSIGNMENT (( #8380 ) ) ;
#4897 = CARTESIAN_POINT ( 'NONE',  ( -0.1535433070866141225, -0.02263779527559064975, 0.09311023622047270853 ) ) ;
#4898 =( LENGTH_UNIT ( ) NAMED_UNIT ( * ) SI_UNIT ( $, .METRE. ) );
#4899 = EDGE_CURVE ( 'NONE', #4398, #4134, #6178, .T. ) ;
#4900 = VECTOR ( 'NONE', #9419, 39.37007874015748143 ) ;
#4901 = ORIENTED_EDGE ( 'NONE', *, *, #2392, .T. ) ;
#4902 = ORIENTED_EDGE ( 'NONE', *, *, #10364, .F. ) ;
#4903 = ADVANCED_FACE ( 'NONE', ( #10592 ), #9744, .F. ) ;
#4904 = PRESENTATION_STYLE_ASSIGNMENT (( #4788 ) ) ;
#4905 = DIRECTION ( 'NONE',  ( 1.602884491802569361E-15, -1.000000000000000000, 1.644517855226018450E-15 ) ) ;
#4906 = UNCERTAINTY_MEASURE_WITH_UNIT (LENGTH_MEASURE( 1.000000000000000082E-05 ), #630, 'distance_accuracy_value', 'NONE');
#4907 =( LENGTH_UNIT ( ) NAMED_UNIT ( * ) SI_UNIT ( $, .METRE. ) );
#4908 =( CONVERSION_BASED_UNIT ( 'INCH', #1320 ) LENGTH_UNIT ( ) NAMED_UNIT ( #242 ) );
#4909 =( NAMED_UNIT ( * ) PLANE_ANGLE_UNIT ( ) SI_UNIT ( $, .RADIAN. ) );
#4910 = FACE_OUTER_BOUND ( 'NONE', #7978, .T. ) ;
#4911 =( GEOMETRIC_REPRESENTATION_CONTEXT ( 3 ) GLOBAL_UNCERTAINTY_ASSIGNED_CONTEXT ( ( #7141 ) ) GLOBAL_UNIT_ASSIGNED_CONTEXT ( ( #8342, #7477, #7528 ) ) REPRESENTATION_CONTEXT ( 'NONE', 'WORKASPACE' ) );
#4912 = CARTESIAN_POINT ( 'NONE',  ( 0.06929133858267692847, 0.1564960629921262336, 0.07460629921259835651 ) ) ;
#4913 = DIRECTION ( 'NONE',  ( 1.602884491802569361E-15, -1.000000000000000000, 1.644517855226017859E-15 ) ) ;
#4914 = CARTESIAN_POINT ( 'NONE',  ( -0.1535433070866139282, -0.1407480314960630752, -0.2068897637795271138 ) ) ;
#4915 = EDGE_CURVE ( 'NONE', #804, #10053, #7240, .T. ) ;
#4916 = ADVANCED_FACE ( 'NONE', ( #6506 ), #5764, .T. ) ;
#4917 = DIRECTION ( 'NONE',  ( -1.602884491802569361E-15, 1.000000000000000000, -1.644517855226017859E-15 ) ) ;
#4918 = VECTOR ( 'NONE', #6921, 39.37007874015748143 ) ;
#4919 = ORIENTED_EDGE ( 'NONE', *, *, #4705, .F. ) ;
#4920 =( NAMED_UNIT ( * ) PLANE_ANGLE_UNIT ( ) SI_UNIT ( $, .RADIAN. ) );
#4921 = DIRECTION ( 'NONE',  ( -1.000000000000000000, -1.602884491802569361E-15, 2.711709361697226329E-31 ) ) ;
#4922 = SURFACE_STYLE_USAGE ( .BOTH. , #6712 ) ;
#4923 = CARTESIAN_POINT ( 'NONE',  ( 0.1535433070866145389, -0.1722440944881884484, -0.2879921259842515013 ) ) ;
#4924 = AXIS2_PLACEMENT_3D ( 'NONE', #2292, #2235, #8547 ) ;
#4926 = DIRECTION ( 'NONE',  ( -1.594929680954394613E-15, 0.9950371902099890420, -0.09950371902100052512 ) ) ;
#4925 = COLOUR_RGB ( '',1.000000000000000000, 1.000000000000000000, 1.000000000000000000 ) ;
#4927 = ORIENTED_EDGE ( 'NONE', *, *, #10382, .T. ) ;
#4928 = DIMENSIONAL_EXPONENTS ( 1.000000000000000000, 0.0000000000000000000, 0.0000000000000000000, 0.0000000000000000000, 0.0000000000000000000, 0.0000000000000000000, 0.0000000000000000000 ) ;
#4929 = EDGE_CURVE ( 'NONE', #11343, #10306, #1253, .T. ) ;
#4930 = VERTEX_POINT ( 'NONE', #5707 ) ;
#4931 = ORIENTED_EDGE ( 'NONE', *, *, #8734, .T. ) ;
#4932 = PLANE ( 'NONE',  #4007 ) ;
#4933 = COLOUR_RGB ( '',1.000000000000000000, 1.000000000000000000, 1.000000000000000000 ) ;
#4934 = FACE_OUTER_BOUND ( 'NONE', #579, .T. ) ;
#4935 = PLANE ( 'NONE',  #9151 ) ;
#4936 = AXIS2_PLACEMENT_3D ( 'NONE', #2341, #1448, #5921 ) ;
#4937 = DIRECTION ( 'NONE',  ( 1.602884491802569361E-15, -1.000000000000000000, 1.644517855226017859E-15 ) ) ;
#4938 = LENGTH_MEASURE_WITH_UNIT ( LENGTH_MEASURE( 0.02539999999999999897 ), #10955 );
#4939 = DIRECTION ( 'NONE',  ( 1.000000000000000000, 1.602884491802569361E-15, -2.711709361697224578E-31 ) ) ;
#4940 = EDGE_LOOP ( 'NONE', ( #11216, #10264, #8418, #6759 ) ) ;
#4941 = DIRECTION ( 'NONE',  ( -0.7956271577887877866, 0.0000000000000000000, 0.6057866173735892978 ) ) ;
#4942 = DIRECTION ( 'NONE',  ( 0.0000000000000000000, 0.0000000000000000000, -1.000000000000000000 ) ) ;
#4943 = AXIS2_PLACEMENT_3D ( 'NONE', #8372, #10855, #3503 ) ;
#4944 =( NAMED_UNIT ( * ) SI_UNIT ( $, .STERADIAN. ) SOLID_ANGLE_UNIT ( ) );
#4945 =( CONVERSION_BASED_UNIT ( 'INCH', #10220 ) LENGTH_UNIT ( ) NAMED_UNIT ( #4349 ) );
#4946 = AXIS2_PLACEMENT_3D ( 'NONE', #1691, #1084, #8951 ) ;
#4947 = UNCERTAINTY_MEASURE_WITH_UNIT (LENGTH_MEASURE( 1.000000000000000082E-05 ), #6270, 'distance_accuracy_value', 'NONE');
#4948 = SURFACE_SIDE_STYLE ('',( #8375 ) ) ;
#4949 = MECHANICAL_DESIGN_GEOMETRIC_PRESENTATION_REPRESENTATION (  '', ( #8288 ), #994 ) ;
#4950 = CARTESIAN_POINT ( 'NONE',  ( 0.06018589945980290512, 0.1564960629921263446, -0.2253937007874016463 ) ) ;
#4951 = ORIENTED_EDGE ( 'NONE', *, *, #10777, .T. ) ;
#4952 = SURFACE_STYLE_USAGE ( .BOTH. , #1362 ) ;
#4953 = VERTEX_POINT ( 'NONE', #6674 ) ;
#4954 = CIRCLE ( 'NONE', #11064, 0.02460629921259841965 ) ;
#4955 = ORIENTED_EDGE ( 'NONE', *, *, #7113, .T. ) ;
#4956 = ORIENTED_EDGE ( 'NONE', *, *, #3556, .T. ) ;
#4957 = FILL_AREA_STYLE ('',( #639 ) ) ;
#4958 = LENGTH_MEASURE_WITH_UNIT ( LENGTH_MEASURE( 0.02539999999999999897 ), #5947 );
#4959 =( CONVERSION_BASED_UNIT ( 'INCH', #2260 ) LENGTH_UNIT ( ) NAMED_UNIT ( #10056 ) );
#4960 = LINE ( 'NONE', #5791, #10341 ) ;
#4961 = EDGE_CURVE ( 'NONE', #5603, #9385, #5006, .T. ) ;
#4962 = MECHANICAL_DESIGN_GEOMETRIC_PRESENTATION_REPRESENTATION (  '', ( #3279 ), #7195 ) ;
#4963 = CARTESIAN_POINT ( 'NONE',  ( 0.06122681038629890909, 0.1998031496062996071, 0.1297244094488187449 ) ) ;
#4964 = CARTESIAN_POINT ( 'NONE',  ( 0.1535433070866144833, -0.1407480314960626033, -0.006889763779527091452 ) ) ;
#4965 = ADVANCED_FACE ( 'NONE', ( #445 ), #8254, .F. ) ;
#4966 = ORIENTED_EDGE ( 'NONE', *, *, #6539, .T. ) ;
#4967 = DIRECTION ( 'NONE',  ( 5.046588147372974893E-13, 1.000000000000000000, -4.605343884023600448E-14 ) ) ;
#4968 = FILL_AREA_STYLE ('',( #6601 ) ) ;
#4969 = SURFACE_STYLE_USAGE ( .BOTH. , #9294 ) ;
#4970 = CARTESIAN_POINT ( 'NONE',  ( 0.1535433070866144833, -0.1407480314960625756, -0.1068897637795270944 ) ) ;
#4971 = ADVANCED_FACE ( 'NONE', ( #2291 ), #9433, .T. ) ;
#4972 = LINE ( 'NONE', #10901, #2727 ) ;
#4973 = LENGTH_MEASURE_WITH_UNIT ( LENGTH_MEASURE( 0.02539999999999999897 ), #6606 );
#4974 = EDGE_CURVE ( 'NONE', #2527, #4722, #2958, .T. ) ;
#4975 = LINE ( 'NONE', #1435, #7231 ) ;
#4976 =( CONVERSION_BASED_UNIT ( 'INCH', #8584 ) LENGTH_UNIT ( ) NAMED_UNIT ( #9499 ) );
#4977 = PRESENTATION_LAYER_ASSIGNMENT (  '', '', ( #92 ) ) ;
#4978 = LENGTH_MEASURE_WITH_UNIT ( LENGTH_MEASURE( 0.02539999999999999897 ), #10381 );
#4979 = LINE ( 'NONE', #2391, #1861 ) ;
#4980 = ORIENTED_EDGE ( 'NONE', *, *, #10712, .T. ) ;
#4981 = VERTEX_POINT ( 'NONE', #7836 ) ;
#4982 = ORIENTED_EDGE ( 'NONE', *, *, #11007, .F. ) ;
#4983 = ORIENTED_EDGE ( 'NONE', *, *, #2094, .F. ) ;
#4984 =( NAMED_UNIT ( * ) SI_UNIT ( $, .STERADIAN. ) SOLID_ANGLE_UNIT ( ) );
#4985 = MECHANICAL_DESIGN_GEOMETRIC_PRESENTATION_REPRESENTATION (  '', ( #3677 ), #9086 ) ;
#4986 = VECTOR ( 'NONE', #8346, 39.37007874015748143 ) ;
#4987 = CARTESIAN_POINT ( 'NONE',  ( 0.01522951533058629174, 0.2037401574803152648, 0.1214250117163778037 ) ) ;
#4988 = DIRECTION ( 'NONE',  ( 0.0000000000000000000, 0.0000000000000000000, 1.000000000000000000 ) ) ;
#4989 = LINE ( 'NONE', #2344, #2145 ) ;
#4990 =( CONVERSION_BASED_UNIT ( 'INCH', #441 ) LENGTH_UNIT ( ) NAMED_UNIT ( #2319 ) );
#4991 = ADVANCED_FACE ( 'NONE', ( #4995 ), #4356, .F. ) ;
#4992 = CARTESIAN_POINT ( 'NONE',  ( 0.01934165962243668963, 0.1998031496062996348, -0.1663385826771654752 ) ) ;
#4993 = CARTESIAN_POINT ( 'NONE',  ( -0.007480314960630246417, 0.1998031496062994405, 0.1041338582677163865 ) ) ;
#4994 = ORIENTED_EDGE ( 'NONE', *, *, #6172, .T. ) ;
#4995 = FACE_OUTER_BOUND ( 'NONE', #10205, .T. ) ;
#4996 = AXIS2_PLACEMENT_3D ( 'NONE', #1616, #1738, #5329 ) ;
#4997 = FACE_OUTER_BOUND ( 'NONE', #3262, .T. ) ;
#4998 = PLANE ( 'NONE',  #4331 ) ;
#4999 = SURFACE_STYLE_FILL_AREA ( #452 ) ;
#5000 =( LENGTH_UNIT ( ) NAMED_UNIT ( * ) SI_UNIT ( $, .METRE. ) );
#5001 = ORIENTED_EDGE ( 'NONE', *, *, #2035, .F. ) ;
#5002 = DIRECTION ( 'NONE',  ( -1.000000000000000000, -1.602884491802569361E-15, 2.878783784372901366E-31 ) ) ;
#5003 = MECHANICAL_DESIGN_GEOMETRIC_PRESENTATION_REPRESENTATION (  '', ( #663 ), #8718 ) ;
#5004 = FILL_AREA_STYLE_COLOUR ( '', #4173 ) ;
#5005 = PRESENTATION_STYLE_ASSIGNMENT (( #3902 ) ) ;
#5006 = CIRCLE ( 'NONE', #8163, 0.003937007874015741905 ) ;
#5007 = EDGE_LOOP ( 'NONE', ( #9964, #4023, #11159, #10201, #1426, #2633 ) ) ;
#5008 = ORIENTED_EDGE ( 'NONE', *, *, #9613, .T. ) ;
#5009 = VECTOR ( 'NONE', #5370, 39.37007874015748143 ) ;
#5010 = SURFACE_STYLE_USAGE ( .BOTH. , #580 ) ;
#5011 = PLANE ( 'NONE',  #763 ) ;
#5012 = CARTESIAN_POINT ( 'NONE',  ( 0.06929133858267687296, 0.1958661417322840326, -0.3663385826771656251 ) ) ;
#5013 = COLOUR_RGB ( '',0.7607843137254901578, 0.7607843137254901578, 0.0000000000000000000 ) ;
#5014 = ORIENTED_EDGE ( 'NONE', *, *, #6621, .T. ) ;
#5015 = DIRECTION ( 'NONE',  ( 2.348093788196917952E-30, -1.644517855226018450E-15, -1.000000000000000000 ) ) ;
#5016 =( NAMED_UNIT ( * ) SI_UNIT ( $, .STERADIAN. ) SOLID_ANGLE_UNIT ( ) );
#5017 = DIRECTION ( 'NONE',  ( -1.000000000000000000, -1.602884491802569361E-15, 2.711709361697224578E-31 ) ) ;
#5018 = DIMENSIONAL_EXPONENTS ( 1.000000000000000000, 0.0000000000000000000, 0.0000000000000000000, 0.0000000000000000000, 0.0000000000000000000, 0.0000000000000000000, 0.0000000000000000000 ) ;
#5019 = VECTOR ( 'NONE', #2644, 39.37007874015748143 ) ;
#5020 = VECTOR ( 'NONE', #8351, 39.37007874015748143 ) ;
#5021 = DIMENSIONAL_EXPONENTS ( 1.000000000000000000, 0.0000000000000000000, 0.0000000000000000000, 0.0000000000000000000, 0.0000000000000000000, 0.0000000000000000000, 0.0000000000000000000 ) ;
#5022 = CIRCLE ( 'NONE', #2793, 0.003937007874015752314 ) ;
#5023 = ADVANCED_FACE ( 'NONE', ( #5989 ), #7042, .T. ) ;
#5024 =( GEOMETRIC_REPRESENTATION_CONTEXT ( 3 ) GLOBAL_UNCERTAINTY_ASSIGNED_CONTEXT ( ( #2188 ) ) GLOBAL_UNIT_ASSIGNED_CONTEXT ( ( #6267, #1809, #5462 ) ) REPRESENTATION_CONTEXT ( 'NONE', 'WORKASPACE' ) );
#5025 = LENGTH_MEASURE_WITH_UNIT ( LENGTH_MEASURE( 0.02539999999999999897 ), #4803 );
#5026 = EDGE_LOOP ( 'NONE', ( #11363, #9429, #8742, #6146 ) ) ;
#5027 = CARTESIAN_POINT ( 'NONE',  ( 0.01934165959544861813, 0.1269685039370081203, -0.1253937007874016407 ) ) ;
#5028 = PRESENTATION_STYLE_ASSIGNMENT (( #4091 ) ) ;
#5029 = DIRECTION ( 'NONE',  ( -1.602884491802569361E-15, 1.000000000000000000, -1.644517855226017859E-15 ) ) ;
#5030 = MECHANICAL_DESIGN_GEOMETRIC_PRESENTATION_REPRESENTATION (  '', ( #2590 ), #1460 ) ;
#5031 = FILL_AREA_STYLE_COLOUR ( '', #1378 ) ;
#5032 =( GEOMETRIC_REPRESENTATION_CONTEXT ( 3 ) GLOBAL_UNCERTAINTY_ASSIGNED_CONTEXT ( ( #296 ) ) GLOBAL_UNIT_ASSIGNED_CONTEXT ( ( #7470, #10930, #9344 ) ) REPRESENTATION_CONTEXT ( 'NONE', 'WORKASPACE' ) );
#5033 = DIRECTION ( 'NONE',  ( 0.0000000000000000000, 0.0000000000000000000, -1.000000000000000000 ) ) ;
#5034 =( NAMED_UNIT ( * ) SI_UNIT ( $, .STERADIAN. ) SOLID_ANGLE_UNIT ( ) );
#5035 = FILL_AREA_STYLE ('',( #3394 ) ) ;
#5036 = CARTESIAN_POINT ( 'NONE',  ( -0.1464566929133855611, -0.1722440944881889757, -0.1879921259842514403 ) ) ;
#5037 = DIRECTION ( 'NONE',  ( 1.594929680954395007E-15, -0.9950371902099891530, -0.09950371902099724997 ) ) ;
#5038 = FILL_AREA_STYLE ('',( #2274 ) ) ;
#5039 = EDGE_LOOP ( 'NONE', ( #6989, #7735, #9304, #10597 ) ) ;
#5040 = MECHANICAL_DESIGN_GEOMETRIC_PRESENTATION_REPRESENTATION (  '', ( #9317 ), #695 ) ;
#5041 = ORIENTED_EDGE ( 'NONE', *, *, #4137, .T. ) ;
#5042 = VECTOR ( 'NONE', #5297, 39.37007874015748143 ) ;
#5043 = EDGE_CURVE ( 'NONE', #6694, #5277, #8715, .T. ) ;
#5044 = CARTESIAN_POINT ( 'NONE',  ( 0.06018589945968472882, 0.1998031496062996071, -0.2214566929133859607 ) ) ;
#5045 = ORIENTED_EDGE ( 'NONE', *, *, #3456, .T. ) ;
#5046 = EDGE_LOOP ( 'NONE', ( #10532, #10984, #5709, #11039 ) ) ;
#5047 =( LENGTH_UNIT ( ) NAMED_UNIT ( * ) SI_UNIT ( $, .METRE. ) );
#5048 = EDGE_CURVE ( 'NONE', #8155, #2337, #4411, .T. ) ;
#5049 = LINE ( 'NONE', #8601, #3083 ) ;
#5050 = PRESENTATION_STYLE_ASSIGNMENT (( #4290 ) ) ;
#5051 = MECHANICAL_DESIGN_GEOMETRIC_PRESENTATION_REPRESENTATION (  '', ( #8580 ), #7081 ) ;
#5052 = DIRECTION ( 'NONE',  ( 1.000000000000000000, 1.602884491802569361E-15, 0.0000000000000000000 ) ) ;
#5054 = SURFACE_STYLE_FILL_AREA ( #9310 ) ;
#5053 = COLOUR_RGB ( '',1.000000000000000000, 1.000000000000000000, 1.000000000000000000 ) ;
#5055 = ORIENTED_EDGE ( 'NONE', *, *, #4038, .T. ) ;
#5056 = DIRECTION ( 'NONE',  ( -6.234788562956082048E-10, -1.000000000000000000, -8.959562889578396700E-14 ) ) ;
#5057 = DIRECTION ( 'NONE',  ( 1.594929680954418377E-16, -0.09950371902100052512, -0.9950371902099890420 ) ) ;
#5058 =( GEOMETRIC_REPRESENTATION_CONTEXT ( 3 ) GLOBAL_UNCERTAINTY_ASSIGNED_CONTEXT ( ( #7086 ) ) GLOBAL_UNIT_ASSIGNED_CONTEXT ( ( #1201, #365, #1265 ) ) REPRESENTATION_CONTEXT ( 'NONE', 'WORKASPACE' ) );
#5059 = CARTESIAN_POINT ( 'NONE',  ( -2.057162640966502078E-16, 0.1269685039370081758, -0.4458661417322835607 ) ) ;
#5060 = EDGE_CURVE ( 'NONE', #6731, #1659, #9070, .T. ) ;
#5061 = SURFACE_STYLE_USAGE ( .BOTH. , #7722 ) ;
#5062 = EDGE_CURVE ( 'NONE', #130, #5124, #11494, .T. ) ;
#5063 = VECTOR ( 'NONE', #10527, 39.37007874015748143 ) ;
#5064 =( NAMED_UNIT ( * ) PLANE_ANGLE_UNIT ( ) SI_UNIT ( $, .RADIAN. ) );
#5065 = LENGTH_MEASURE_WITH_UNIT ( LENGTH_MEASURE( 0.02539999999999999897 ), #5936 );
#5066 = PRESENTATION_STYLE_ASSIGNMENT (( #6684 ) ) ;
#5067 = CARTESIAN_POINT ( 'NONE',  ( 0.01522951533058629174, 0.2037401574803152648, -0.1131572951809371869 ) ) ;
#5068 = ORIENTED_EDGE ( 'NONE', *, *, #9675, .T. ) ;
#5069 = FILL_AREA_STYLE ('',( #5004 ) ) ;
#5070 = VECTOR ( 'NONE', #4484, 39.37007874015748143 ) ;
#5071 = ORIENTED_EDGE ( 'NONE', *, *, #8117, .T. ) ;
#5072 = CARTESIAN_POINT ( 'NONE',  ( 0.06929133858267698398, 0.1269685039370082313, 0.1245559781998425014 ) ) ;
#5073 = LINE ( 'NONE', #2482, #8984 ) ;
#5074 = FILL_AREA_STYLE ('',( #8628 ) ) ;
#5075 = ORIENTED_EDGE ( 'NONE', *, *, #6660, .F. ) ;
#5076 = CARTESIAN_POINT ( 'NONE',  ( -0.1535433070866138727, -0.1722440944881889757, -0.3037401574803144655 ) ) ;
#5077 =( NAMED_UNIT ( * ) SI_UNIT ( $, .STERADIAN. ) SOLID_ANGLE_UNIT ( ) );
#5078 = DIRECTION ( 'NONE',  ( -1.602884491802569361E-15, 1.000000000000000000, -1.644517855226017859E-15 ) ) ;
#5079 = DIMENSIONAL_EXPONENTS ( 1.000000000000000000, 0.0000000000000000000, 0.0000000000000000000, 0.0000000000000000000, 0.0000000000000000000, 0.0000000000000000000, 0.0000000000000000000 ) ;
#5080 = AXIS2_PLACEMENT_3D ( 'NONE', #935, #10626, #9018 ) ;
#5081 = ORIENTED_EDGE ( 'NONE', *, *, #11053, .T. ) ;
#5082 = ORIENTED_EDGE ( 'NONE', *, *, #5621, .F. ) ;
#5083 = DIRECTION ( 'NONE',  ( 1.000000000000000000, 1.875148439272792120E-15, 0.0000000000000000000 ) ) ;
#5084 =( CONVERSION_BASED_UNIT ( 'INCH', #1608 ) LENGTH_UNIT ( ) NAMED_UNIT ( #6653 ) );
#5085 = CARTESIAN_POINT ( 'NONE',  ( 0.1464566929133861717, -0.1407480314960624923, -0.3068897637795270916 ) ) ;
#5086 = VECTOR ( 'NONE', #8766, 39.37007874015748143 ) ;
#5087 = SURFACE_STYLE_FILL_AREA ( #9701 ) ;
#5088 = CARTESIAN_POINT ( 'NONE',  ( 0.1535433070866145389, -0.1722440944881885594, 0.01200787401574855001 ) ) ;
#5089 = CARTESIAN_POINT ( 'NONE',  ( 0.01934165959544855914, 0.1643700787401578545, -0.4162882616643938105 ) ) ;
#5090 = EDGE_CURVE ( 'NONE', #3586, #1393, #4588, .T. ) ;
#5091 = SURFACE_SIDE_STYLE ('',( #3163 ) ) ;
#5092 = CARTESIAN_POINT ( 'NONE',  ( 0.06743043410952737071, 0.1269685039370083146, -0.3107723084983622930 ) ) ;
#5093 = DIMENSIONAL_EXPONENTS ( 1.000000000000000000, 0.0000000000000000000, 0.0000000000000000000, 0.0000000000000000000, 0.0000000000000000000, 0.0000000000000000000, 0.0000000000000000000 ) ;
#5094 = ORIENTED_EDGE ( 'NONE', *, *, #4193, .F. ) ;
#5095 = VERTEX_POINT ( 'NONE', #2708 ) ;
#5096 = ORIENTED_EDGE ( 'NONE', *, *, #9661, .F. ) ;
#5097 = LENGTH_MEASURE_WITH_UNIT ( LENGTH_MEASURE( 0.02539999999999999897 ), #3223 );
#5098 = DIMENSIONAL_EXPONENTS ( 1.000000000000000000, 0.0000000000000000000, 0.0000000000000000000, 0.0000000000000000000, 0.0000000000000000000, 0.0000000000000000000, 0.0000000000000000000 ) ;
#5099 = DIRECTION ( 'NONE',  ( 1.602884491802569361E-15, -1.000000000000000000, 1.644517855226017859E-15 ) ) ;
#5100 = DIRECTION ( 'NONE',  ( -2.348093788196917952E-30, 1.644517855226018450E-15, 1.000000000000000000 ) ) ;
#5101 =( GEOMETRIC_REPRESENTATION_CONTEXT ( 3 ) GLOBAL_UNCERTAINTY_ASSIGNED_CONTEXT ( ( #7790 ) ) GLOBAL_UNIT_ASSIGNED_CONTEXT ( ( #7272, #7213, #5710 ) ) REPRESENTATION_CONTEXT ( 'NONE', 'WORKASPACE' ) );
#5102 =( CONVERSION_BASED_UNIT ( 'INCH', #9484 ) LENGTH_UNIT ( ) NAMED_UNIT ( #163 ) );
#5103 = SURFACE_SIDE_STYLE ('',( #1398 ) ) ;
#5104 = ORIENTED_EDGE ( 'NONE', *, *, #9966, .T. ) ;
#5105 = ADVANCED_FACE ( 'NONE', ( #8131 ), #5523, .T. ) ;
#5106 = PRESENTATION_STYLE_ASSIGNMENT (( #5930 ) ) ;
#5107 = FILL_AREA_STYLE ('',( #221 ) ) ;
#5108 = CARTESIAN_POINT ( 'NONE',  ( 0.1948818897637796532, -0.05413385826771593967, 0.1820866141732286614 ) ) ;
#5109 = ADVANCED_FACE ( 'NONE', ( #7197 ), #103, .F. ) ;
#5110 = MECHANICAL_DESIGN_GEOMETRIC_PRESENTATION_REPRESENTATION (  '', ( #4738 ), #3246 ) ;
#5111 = SURFACE_SIDE_STYLE ('',( #3363 ) ) ;
#5112 = VECTOR ( 'NONE', #4031, 39.37007874015748143 ) ;
#5113 =( CONVERSION_BASED_UNIT ( 'INCH', #4890 ) LENGTH_UNIT ( ) NAMED_UNIT ( #2898 ) );
#5114 = PRESENTATION_STYLE_ASSIGNMENT (( #4417 ) ) ;
#5115 = UNCERTAINTY_MEASURE_WITH_UNIT (LENGTH_MEASURE( 1.000000000000000082E-05 ), #11542, 'distance_accuracy_value', 'NONE');
#5116 = LENGTH_MEASURE_WITH_UNIT ( LENGTH_MEASURE( 0.02539999999999999897 ), #11150 );
#5117 = ADVANCED_FACE ( 'NONE', ( #1152 ), #2050, .F. ) ;
#5118 = FILL_AREA_STYLE_COLOUR ( '', #11106 ) ;
#5119 = EDGE_CURVE ( 'NONE', #4285, #130, #6150, .T. ) ;
#5120 = PRESENTATION_LAYER_ASSIGNMENT (  '', '', ( #4574 ) ) ;
#5121 = ORIENTED_EDGE ( 'NONE', *, *, #5421, .F. ) ;
#5122 = DIRECTION ( 'NONE',  ( 2.364801230464485631E-30, -1.644517855226018450E-15, -1.000000000000000000 ) ) ;
#5123 = ORIENTED_EDGE ( 'NONE', *, *, #10639, .F. ) ;
#5124 = VERTEX_POINT ( 'NONE', #5637 ) ;
#5125 = STYLED_ITEM ( 'NONE', ( #382 ), #929 ) ;
#5126 = CARTESIAN_POINT ( 'NONE',  ( -0.1535433070866145111, 0.2273622047244094058, -0.04586614173228362179 ) ) ;
#5127 =( NAMED_UNIT ( * ) PLANE_ANGLE_UNIT ( ) SI_UNIT ( $, .RADIAN. ) );
#5128 = LINE ( 'NONE', #4320, #4610 ) ;
#5129 = EDGE_CURVE ( 'NONE', #9275, #3138, #6490, .T. ) ;
#5130 = ORIENTED_EDGE ( 'NONE', *, *, #225, .T. ) ;
#5131 =( GEOMETRIC_REPRESENTATION_CONTEXT ( 3 ) GLOBAL_UNCERTAINTY_ASSIGNED_CONTEXT ( ( #3958 ) ) GLOBAL_UNIT_ASSIGNED_CONTEXT ( ( #9198, #1218, #6784 ) ) REPRESENTATION_CONTEXT ( 'NONE', 'WORKASPACE' ) );
#5132 =( GEOMETRIC_REPRESENTATION_CONTEXT ( 3 ) GLOBAL_UNCERTAINTY_ASSIGNED_CONTEXT ( ( #10242 ) ) GLOBAL_UNIT_ASSIGNED_CONTEXT ( ( #3289, #1985, #4586 ) ) REPRESENTATION_CONTEXT ( 'NONE', 'WORKASPACE' ) );
#5133 = ORIENTED_EDGE ( 'NONE', *, *, #8371, .T. ) ;
#5134 = VERTEX_POINT ( 'NONE', #3049 ) ;
#5135 = FACE_OUTER_BOUND ( 'NONE', #5171, .T. ) ;
#5136 = DIRECTION ( 'NONE',  ( -2.047288890593917993E-10, 1.000000000000000000, -2.688773770073551715E-10 ) ) ;
#5137 = DIRECTION ( 'NONE',  ( 1.602884491802569361E-15, -1.000000000000000000, 1.644517855226017859E-15 ) ) ;
#5138 = CARTESIAN_POINT ( 'NONE',  ( -0.1464566929133855611, -0.1722440944881890035, -0.08799212598425146248 ) ) ;
#5139 = DIRECTION ( 'NONE',  ( 8.640684008184001570E-13, -1.644517855224633408E-15, -1.000000000000000000 ) ) ;
#5140 = FILL_AREA_STYLE ('',( #3451 ) ) ;
#5141 =( NAMED_UNIT ( * ) PLANE_ANGLE_UNIT ( ) SI_UNIT ( $, .RADIAN. ) );
#5142 = SURFACE_STYLE_USAGE ( .BOTH. , #7124 ) ;
#5143 = DIRECTION ( 'NONE',  ( -2.348093788196917952E-30, 1.644517855226018450E-15, 1.000000000000000000 ) ) ;
#5144 = CIRCLE ( 'NONE', #4224, 0.009105439123007843388 ) ;
#5145 = EDGE_LOOP ( 'NONE', ( #4815, #5512, #9440, #5869 ) ) ;
#5146 = SURFACE_SIDE_STYLE ('',( #6833 ) ) ;
#5147 = VERTEX_POINT ( 'NONE', #7429 ) ;
#5148 = ORIENTED_EDGE ( 'NONE', *, *, #10457, .F. ) ;
#5149 = CYLINDRICAL_SURFACE ( 'NONE', #4946, 0.003937007874015758385 ) ;
#5150 =( LENGTH_UNIT ( ) NAMED_UNIT ( * ) SI_UNIT ( $, .METRE. ) );
#5151 = LINE ( 'NONE', #3406, #7550 ) ;
#5152 = FILL_AREA_STYLE ('',( #7881 ) ) ;
#5153 = CARTESIAN_POINT ( 'NONE',  ( -0.1948818897637795144, -0.05413385826771698051, -0.07381889763779500568 ) ) ;
#5154 = AXIS2_PLACEMENT_3D ( 'NONE', #10047, #3880, #9140 ) ;
#5155 = AXIS2_PLACEMENT_3D ( 'NONE', #1192, #2973, #9398 ) ;
#5156 = LINE ( 'NONE', #4174, #8566 ) ;
#5157 =( NAMED_UNIT ( * ) SI_UNIT ( $, .STERADIAN. ) SOLID_ANGLE_UNIT ( ) );
#5158 = AXIS2_PLACEMENT_3D ( 'NONE', #6128, #11288, #5083 ) ;
#5159 = UNCERTAINTY_MEASURE_WITH_UNIT (LENGTH_MEASURE( 1.000000000000000082E-05 ), #9833, 'distance_accuracy_value', 'NONE');
#5160 = SURFACE_STYLE_USAGE ( .BOTH. , #10513 ) ;
#5161 = EDGE_CURVE ( 'NONE', #4141, #7187, #6558, .T. ) ;
#5162 = DIMENSIONAL_EXPONENTS ( 1.000000000000000000, 0.0000000000000000000, 0.0000000000000000000, 0.0000000000000000000, 0.0000000000000000000, 0.0000000000000000000, 0.0000000000000000000 ) ;
#5163 = SURFACE_STYLE_FILL_AREA ( #2714 ) ;
#5164 = FACE_OUTER_BOUND ( 'NONE', #2437, .T. ) ;
#5165 = PLANE ( 'NONE',  #8464 ) ;
#5166 = DIRECTION ( 'NONE',  ( -1.602884491802569361E-15, 1.000000000000000000, -1.644517855226018450E-15 ) ) ;
#5167 = DIRECTION ( 'NONE',  ( 1.602884491802569361E-15, -1.000000000000000000, 1.644517855226017859E-15 ) ) ;
#5168 = PRESENTATION_LAYER_ASSIGNMENT (  '', '', ( #4625 ) ) ;
#5169 = LENGTH_MEASURE_WITH_UNIT ( LENGTH_MEASURE( 0.02539999999999999897 ), #8617 );
#5170 = AXIS2_PLACEMENT_3D ( 'NONE', #1379, #1495, #11289 ) ;
#5171 = EDGE_LOOP ( 'NONE', ( #1020, #9984, #6976, #323 ) ) ;
#5172 = CARTESIAN_POINT ( 'NONE',  ( -2.057162640966502078E-16, 0.1269685039370081203, -0.2458661417322835219 ) ) ;
#5173 = FILL_AREA_STYLE ('',( #7733 ) ) ;
#5174 = VERTEX_POINT ( 'NONE', #2164 ) ;
#5175 = EDGE_CURVE ( 'NONE', #9246, #62, #6084, .T. ) ;
#5176 = AXIS2_PLACEMENT_3D ( 'NONE', #8107, #10970, #10108 ) ;
#5177 = EDGE_CURVE ( 'NONE', #1866, #1440, #5970, .T. ) ;
#5178 = DIRECTION ( 'NONE',  ( -1.000000000000000000, -1.602884491802569361E-15, 2.711709361697224578E-31 ) ) ;
#5179 = LINE ( 'NONE', #954, #42 ) ;
#5180 = CARTESIAN_POINT ( 'NONE',  ( 0.06018589945980290512, 0.1564960629921263724, -0.3253937007874017628 ) ) ;
#5181 = ORIENTED_EDGE ( 'NONE', *, *, #1078, .T. ) ;
#5182 = LINE ( 'NONE', #4654, #3517 ) ;
#5183 = AXIS2_PLACEMENT_3D ( 'NONE', #11178, #8643, #605 ) ;
#5184 = SURFACE_SIDE_STYLE ('',( #9684 ) ) ;
#5185 = MECHANICAL_DESIGN_GEOMETRIC_PRESENTATION_REPRESENTATION (  '', ( #1621 ), #1423 ) ;
#5186 = DIRECTION ( 'NONE',  ( -0.6057866173735902970, -2.279429041416054056E-15, -0.7956271577887871205 ) ) ;
#5187 = VECTOR ( 'NONE', #798, 39.37007874015748143 ) ;
#5188 = ORIENTED_EDGE ( 'NONE', *, *, #7170, .T. ) ;
#5189 = EDGE_CURVE ( 'NONE', #10306, #306, #5022, .T. ) ;
#5190 = PRESENTATION_STYLE_ASSIGNMENT (( #10370 ) ) ;
#5191 = ADVANCED_FACE ( 'NONE', ( #10323 ), #1387, .F. ) ;
#5192 = ORIENTED_EDGE ( 'NONE', *, *, #10299, .T. ) ;
#5193 =( GEOMETRIC_REPRESENTATION_CONTEXT ( 3 ) GLOBAL_UNCERTAINTY_ASSIGNED_CONTEXT ( ( #3604 ) ) GLOBAL_UNIT_ASSIGNED_CONTEXT ( ( #3951, #4713, #8315 ) ) REPRESENTATION_CONTEXT ( 'NONE', 'WORKASPACE' ) );
#5194 = DIRECTION ( 'NONE',  ( 1.000000000000000000, 1.602884491802569361E-15, -2.711709361697226329E-31 ) ) ;
#5195 = STYLED_ITEM ( 'NONE', ( #3653 ), #3816 ) ;
#5196 = CARTESIAN_POINT ( 'NONE',  ( 0.1464566929133862272, -0.1722440944881884484, -0.4037401574803144988 ) ) ;
#5197 = FACE_OUTER_BOUND ( 'NONE', #8379, .T. ) ;
#5198 = FACE_OUTER_BOUND ( 'NONE', #10156, .T. ) ;
#5199 = DIRECTION ( 'NONE',  ( -2.348093788196917952E-30, 1.644517855226018450E-15, 1.000000000000000000 ) ) ;
#5200 = LENGTH_MEASURE_WITH_UNIT ( LENGTH_MEASURE( 0.02539999999999999897 ), #603 );
#5201 = FACE_OUTER_BOUND ( 'NONE', #1731, .T. ) ;
#5202 = FACE_OUTER_BOUND ( 'NONE', #6010, .T. ) ;
#5203 = AXIS2_PLACEMENT_3D ( 'NONE', #7428, #3931, #9185 ) ;
#5204 = DIRECTION ( 'NONE',  ( 1.594929680954395007E-15, -0.9950371902099891530, -0.09950371902099724997 ) ) ;
#5205 = SURFACE_SIDE_STYLE ('',( #1683 ) ) ;
#5206 = VECTOR ( 'NONE', #9828, 39.37007874015748143 ) ;
#5207 = STYLED_ITEM ( 'NONE', ( #4275 ), #4384 ) ;
#5208 = ORIENTED_EDGE ( 'NONE', *, *, #1451, .T. ) ;
#5209 = ORIENTED_EDGE ( 'NONE', *, *, #4782, .F. ) ;
#5210 =( GEOMETRIC_REPRESENTATION_CONTEXT ( 3 ) GLOBAL_UNCERTAINTY_ASSIGNED_CONTEXT ( ( #5379 ) ) GLOBAL_UNIT_ASSIGNED_CONTEXT ( ( #6769, #606, #660 ) ) REPRESENTATION_CONTEXT ( 'NONE', 'WORKASPACE' ) );
#5211 = EDGE_LOOP ( 'NONE', ( #7961, #9811, #7062, #8825, #9134, #4955 ) ) ;
#5212 = AXIS2_PLACEMENT_3D ( 'NONE', #909, #7350, #9917 ) ;
#5213 =( CONVERSION_BASED_UNIT ( 'INCH', #11424 ) LENGTH_UNIT ( ) NAMED_UNIT ( #3600 ) );
#5214 = DIRECTION ( 'NONE',  ( -2.364801230464485631E-30, 1.644517855226018450E-15, 1.000000000000000000 ) ) ;
#5215 = CARTESIAN_POINT ( 'NONE',  ( 0.06018589945968484678, 0.1269685039370082313, -0.2162882616643937439 ) ) ;
#5216 = PRESENTATION_LAYER_ASSIGNMENT (  '', '', ( #10222 ) ) ;
#5217 = FILL_AREA_STYLE ('',( #6901 ) ) ;
#5218 = FACE_OUTER_BOUND ( 'NONE', #5349, .T. ) ;
#5219 = DIRECTION ( 'NONE',  ( -1.602884491802569361E-15, 1.000000000000000000, -1.644517855226017859E-15 ) ) ;
#5220 = DIRECTION ( 'NONE',  ( -1.594929680954394613E-15, 0.9950371902099890420, -0.09950371902100052512 ) ) ;
#5221 = SURFACE_STYLE_USAGE ( .BOTH. , #1401 ) ;
#5222 = PRESENTATION_LAYER_ASSIGNMENT (  '', '', ( #9510 ) ) ;
#5223 = COLOUR_RGB ( '',0.0000000000000000000, 0.0000000000000000000, 1.000000000000000000 ) ;
#5224 = COLOUR_RGB ( '',1.000000000000000000, 1.000000000000000000, 1.000000000000000000 ) ;
#5225 = ORIENTED_EDGE ( 'NONE', *, *, #8683, .T. ) ;
#5226 =( NAMED_UNIT ( * ) PLANE_ANGLE_UNIT ( ) SI_UNIT ( $, .RADIAN. ) );
#5227 =( GEOMETRIC_REPRESENTATION_CONTEXT ( 3 ) GLOBAL_UNCERTAINTY_ASSIGNED_CONTEXT ( ( #10120 ) ) GLOBAL_UNIT_ASSIGNED_CONTEXT ( ( #10437, #1388, #8471 ) ) REPRESENTATION_CONTEXT ( 'NONE', 'WORKASPACE' ) );
#5228 = LENGTH_MEASURE_WITH_UNIT ( LENGTH_MEASURE( 0.02539999999999999897 ), #6216 );
#5229 =( NAMED_UNIT ( * ) PLANE_ANGLE_UNIT ( ) SI_UNIT ( $, .RADIAN. ) );
#5230 = DIRECTION ( 'NONE',  ( -2.348093788196917952E-30, 1.644517855226018450E-15, 1.000000000000000000 ) ) ;
#5231 = UNCERTAINTY_MEASURE_WITH_UNIT (LENGTH_MEASURE( 1.000000000000000082E-05 ), #1210, 'distance_accuracy_value', 'NONE');
#5232 = CARTESIAN_POINT ( 'NONE',  ( 0.06929133858267692847, 0.1564960629921264557, -0.1663385826771654197 ) ) ;
#5233 =( NAMED_UNIT ( * ) SI_UNIT ( $, .STERADIAN. ) SOLID_ANGLE_UNIT ( ) );
#5234 = AXIS2_PLACEMENT_3D ( 'NONE', #4114, #6567, #10271 ) ;
#5235 = FACE_OUTER_BOUND ( 'NONE', #4344, .T. ) ;
#5236 = EDGE_LOOP ( 'NONE', ( #4667, #8868, #444, #9599, #4951 ) ) ;
#5237 = DIMENSIONAL_EXPONENTS ( 1.000000000000000000, 0.0000000000000000000, 0.0000000000000000000, 0.0000000000000000000, 0.0000000000000000000, 0.0000000000000000000, 0.0000000000000000000 ) ;
#5238 = FILL_AREA_STYLE ('',( #693 ) ) ;
#5239 = EDGE_CURVE ( 'NONE', #1530, #1492, #2273, .T. ) ;
#5240 = LINE ( 'NONE', #7155, #4918 ) ;
#5241 =( NAMED_UNIT ( * ) SI_UNIT ( $, .STERADIAN. ) SOLID_ANGLE_UNIT ( ) );
#5242 = VECTOR ( 'NONE', #4454, 39.37007874015748143 ) ;
#5243 = STYLED_ITEM ( 'NONE', ( #2154 ), #6043 ) ;
#5244 = LINE ( 'NONE', #8796, #2879 ) ;
#5245 = UNCERTAINTY_MEASURE_WITH_UNIT (LENGTH_MEASURE( 1.000000000000000082E-05 ), #7330, 'distance_accuracy_value', 'NONE');
#5246 = CARTESIAN_POINT ( 'NONE',  ( 0.1464566929133862272, -0.1722440944881885316, -0.2037401574803144599 ) ) ;
#5247 =( GEOMETRIC_REPRESENTATION_CONTEXT ( 3 ) GLOBAL_UNCERTAINTY_ASSIGNED_CONTEXT ( ( #1759 ) ) GLOBAL_UNIT_ASSIGNED_CONTEXT ( ( #4724, #10816, #4668 ) ) REPRESENTATION_CONTEXT ( 'NONE', 'WORKASPACE' ) );
#5248 = CARTESIAN_POINT ( 'NONE',  ( 0.1464566929133861717, -0.1407480314960624646, -0.4068897637795271804 ) ) ;
#5249 = CARTESIAN_POINT ( 'NONE',  ( -0.1535433070866138727, -0.1722440944881890590, 0.1120078740157485764 ) ) ;
#5250 = ORIENTED_EDGE ( 'NONE', *, *, #6962, .F. ) ;
#5251 = ORIENTED_EDGE ( 'NONE', *, *, #4412, .T. ) ;
#5252 = CARTESIAN_POINT ( 'NONE',  ( -0.06929133858267740032, 0.1269685039370080371, 0.1336614173228346247 ) ) ;
#5253 = APPLICATION_CONTEXT ( 'automotive_design' ) ;
#5254 = VECTOR ( 'NONE', #10302, 39.37007874015748143 ) ;
#5255 = DIRECTION ( 'NONE',  ( -1.602884491802569361E-15, 1.000000000000000000, -1.644517855226018450E-15 ) ) ;
#5256 = EDGE_CURVE ( 'NONE', #6140, #2769, #4087, .T. ) ;
#5257 = ORIENTED_EDGE ( 'NONE', *, *, #4111, .T. ) ;
#5258 = CARTESIAN_POINT ( 'NONE',  ( -0.1464566929133855888, -0.1407480314960631029, -0.006889763779527091452 ) ) ;
#5259 = PRESENTATION_LAYER_ASSIGNMENT (  '', '', ( #2638 ) ) ;
#5260 = EDGE_CURVE ( 'NONE', #3520, #6749, #10587, .T. ) ;
#5261 = ORIENTED_EDGE ( 'NONE', *, *, #790, .T. ) ;
#5262 = ORIENTED_EDGE ( 'NONE', *, *, #9177, .F. ) ;
#5263 = CARTESIAN_POINT ( 'NONE',  ( -0.1464566929133857831, -0.02263779527559060811, 0.1151574803149608972 ) ) ;
#5264 = CARTESIAN_POINT ( 'NONE',  ( 0.08700787401574773539, 0.2037401574803154314, -0.1958661417322836440 ) ) ;
#5265 = UNCERTAINTY_MEASURE_WITH_UNIT (LENGTH_MEASURE( 1.000000000000000082E-05 ), #2594, 'distance_accuracy_value', 'NONE');
#5266 =( NAMED_UNIT ( * ) PLANE_ANGLE_UNIT ( ) SI_UNIT ( $, .RADIAN. ) );
#5267 = CARTESIAN_POINT ( 'NONE',  ( 0.01830074866882645118, 0.1998031496062995238, -0.1214566929133859829 ) ) ;
#5268 = PRESENTATION_LAYER_ASSIGNMENT (  '', '', ( #360 ) ) ;
#5269 = LINE ( 'NONE', #10715, #1999 ) ;
#5270 = EDGE_CURVE ( 'NONE', #576, #4077, #661, .T. ) ;
#5271 = EDGE_CURVE ( 'NONE', #11225, #2197, #3216, .T. ) ;
#5272 = LENGTH_MEASURE_WITH_UNIT ( LENGTH_MEASURE( 0.02539999999999999897 ), #4342 );
#5273 = ORIENTED_EDGE ( 'NONE', *, *, #6197, .T. ) ;
#5274 = VERTEX_POINT ( 'NONE', #6771 ) ;
#5275 = DIRECTION ( 'NONE',  ( -1.000000000000000000, -1.602884491802569361E-15, 2.711709361697226329E-31 ) ) ;
#5276 = ORIENTED_EDGE ( 'NONE', *, *, #7688, .T. ) ;
#5277 = VERTEX_POINT ( 'NONE', #9470 ) ;
#5278 =( NAMED_UNIT ( * ) SI_UNIT ( $, .STERADIAN. ) SOLID_ANGLE_UNIT ( ) );
#5279 = CARTESIAN_POINT ( 'NONE',  ( 0.08700787401574779090, 0.1643700787401579377, -0.1958661417322835607 ) ) ;
#5280 =( NAMED_UNIT ( * ) SI_UNIT ( $, .STERADIAN. ) SOLID_ANGLE_UNIT ( ) );
#5281 = SURFACE_STYLE_FILL_AREA ( #7830 ) ;
#5282 = FACE_OUTER_BOUND ( 'NONE', #10646, .T. ) ;
#5283 = PLANE ( 'NONE',  #6425 ) ;
#5284 = PRESENTATION_STYLE_ASSIGNMENT (( #9880 ) ) ;
#5285 = CARTESIAN_POINT ( 'NONE',  ( 0.01934165959544850363, 0.1998031496062995793, -0.07544402180015766235 ) ) ;
#5286 = DIRECTION ( 'NONE',  ( -0.7956271577885686286, -1.875148439272791725E-15, -0.6057866173738771787 ) ) ;
#5287 = EDGE_CURVE ( 'NONE', #2004, #8357, #1438, .T. ) ;
#5288 = AXIS2_PLACEMENT_3D ( 'NONE', #3981, #10879, #418 ) ;
#5289 = EDGE_LOOP ( 'NONE', ( #1624, #2797, #9977, #5133 ) ) ;
#5290 =( LENGTH_UNIT ( ) NAMED_UNIT ( * ) SI_UNIT ( $, .METRE. ) );
#5291 = AXIS2_PLACEMENT_3D ( 'NONE', #7850, #9735, #3610 ) ;
#5292 = PRESENTATION_LAYER_ASSIGNMENT (  '', '', ( #2671 ) ) ;
#5293 =( NAMED_UNIT ( * ) PLANE_ANGLE_UNIT ( ) SI_UNIT ( $, .RADIAN. ) );
#5294 = CARTESIAN_POINT ( 'NONE',  ( 0.01522951533058629695, 0.1998031496062996071, -0.4131572951809372451 ) ) ;
#5295 = DIRECTION ( 'NONE',  ( -0.6057866173735902970, -2.279429041416054056E-15, -0.7956271577887871205 ) ) ;
#5296 = DIRECTION ( 'NONE',  ( -1.602884491802569361E-15, 1.000000000000000000, -1.644517855226017859E-15 ) ) ;
#5297 = DIRECTION ( 'NONE',  ( 1.000000000000000000, 1.602884491802569361E-15, -2.711709361697226329E-31 ) ) ;
#5298 = CARTESIAN_POINT ( 'NONE',  ( -0.007480314960630190038, 0.1643700787401577434, -0.09586614173228355518 ) ) ;
#5299 = DIRECTION ( 'NONE',  ( -1.000000000000000000, -1.602884491802569361E-15, 2.711709361697226329E-31 ) ) ;
#5300 = CARTESIAN_POINT ( 'NONE',  ( 0.06018589945968472882, 0.2037401574803155146, -0.3702755905511813106 ) ) ;
#5301 =( GEOMETRIC_REPRESENTATION_CONTEXT ( 3 ) GLOBAL_UNCERTAINTY_ASSIGNED_CONTEXT ( ( #8626 ) ) GLOBAL_UNIT_ASSIGNED_CONTEXT ( ( #8609, #6677, #4944 ) ) REPRESENTATION_CONTEXT ( 'NONE', 'WORKASPACE' ) );
#5302 = CARTESIAN_POINT ( 'NONE',  ( -0.06929133858267744195, 0.1564960629921263169, -0.3663385826771655140 ) ) ;
#5303 = MECHANICAL_DESIGN_GEOMETRIC_PRESENTATION_REPRESENTATION (  '', ( #1164 ), #1730 ) ;
#5304 = FILL_AREA_STYLE ('',( #9738 ) ) ;
#5305 = AXIS2_PLACEMENT_3D ( 'NONE', #1600, #1656, #9845 ) ;
#5306 =( LENGTH_UNIT ( ) NAMED_UNIT ( * ) SI_UNIT ( $, .METRE. ) );
#5307 = AXIS2_PLACEMENT_3D ( 'NONE', #7779, #11503, #807 ) ;
#5308 = CIRCLE ( 'NONE', #10312, 0.003937007874015741038 ) ;
#5309 = FACE_OUTER_BOUND ( 'NONE', #3516, .T. ) ;
#5310 = ORIENTED_EDGE ( 'NONE', *, *, #6401, .T. ) ;
#5311 = ORIENTED_EDGE ( 'NONE', *, *, #5422, .F. ) ;
#5312 = FILL_AREA_STYLE_COLOUR ( '', #4269 ) ;
#5313 = PRESENTATION_STYLE_ASSIGNMENT (( #1725 ) ) ;
#5314 = PRESENTATION_LAYER_ASSIGNMENT (  '', '', ( #3326 ) ) ;
#5315 = VERTEX_POINT ( 'NONE', #10383 ) ;
#5316 = DIRECTION ( 'NONE',  ( -1.000000000000000000, -1.602884491802569361E-15, 2.711709361697226329E-31 ) ) ;
#5317 = DIMENSIONAL_EXPONENTS ( 1.000000000000000000, 0.0000000000000000000, 0.0000000000000000000, 0.0000000000000000000, 0.0000000000000000000, 0.0000000000000000000, 0.0000000000000000000 ) ;
#5318 = ORIENTED_EDGE ( 'NONE', *, *, #10015, .F. ) ;
#5319 = CARTESIAN_POINT ( 'NONE',  ( -0.007480314960630246417, 0.1998031496062996071, -0.3958661417322836829 ) ) ;
#5320 = ORIENTED_EDGE ( 'NONE', *, *, #7326, .T. ) ;
#5321 = ADVANCED_FACE ( 'NONE', ( #8586 ), #544, .T. ) ;
#5322 = PLANE ( 'NONE',  #7766 ) ;
#5323 = LENGTH_MEASURE_WITH_UNIT ( LENGTH_MEASURE( 0.02539999999999999897 ), #2623 );
#5324 =( CONVERSION_BASED_UNIT ( 'INCH', #1555 ) LENGTH_UNIT ( ) NAMED_UNIT ( #6555 ) );
#5325 = CARTESIAN_POINT ( 'NONE',  ( 0.01934165959544855914, 0.1643700787401579377, -0.3754440218001577345 ) ) ;
#5326 = LINE ( 'NONE', #1556, #6460 ) ;
#5327 =( NAMED_UNIT ( * ) SI_UNIT ( $, .STERADIAN. ) SOLID_ANGLE_UNIT ( ) );
#5328 = COLOUR_RGB ( '',0.7607843137254901578, 0.7607843137254901578, 0.0000000000000000000 ) ;
#5329 = DIRECTION ( 'NONE',  ( -2.348093788196917952E-30, 1.644517855226018450E-15, 1.000000000000000000 ) ) ;
#5330 = EDGE_CURVE ( 'NONE', #1741, #2995, #1502, .T. ) ;
#5331 = SURFACE_STYLE_FILL_AREA ( #8700 ) ;
#5332 =( LENGTH_UNIT ( ) NAMED_UNIT ( * ) SI_UNIT ( $, .METRE. ) );
#5333 = LINE ( 'NONE', #8881, #8032 ) ;
#5334 = ORIENTED_EDGE ( 'NONE', *, *, #4612, .F. ) ;
#5335 = ORIENTED_EDGE ( 'NONE', *, *, #2846, .T. ) ;
#5336 = CIRCLE ( 'NONE', #7370, 0.02460629921259843353 ) ;
#5337 = ORIENTED_EDGE ( 'NONE', *, *, #1207, .F. ) ;
#5338 = ORIENTED_EDGE ( 'NONE', *, *, #7113, .F. ) ;
#5339 = APPLICATION_PROTOCOL_DEFINITION ( 'draft international standard', 'automotive_design', 1998, #5253 ) ;
#5340 = EDGE_CURVE ( 'NONE', #1818, #10326, #8880, .T. ) ;
#5341 = ADVANCED_FACE ( 'NONE', ( #3690 ), #9760, .T. ) ;
#5342 = DIRECTION ( 'NONE',  ( -1.602884491802569361E-15, 1.000000000000000000, -1.644517855226017859E-15 ) ) ;
#5343 = CARTESIAN_POINT ( 'NONE',  ( -2.057162640966502078E-16, 0.1269685039370081203, -0.3458661417322835829 ) ) ;
#5344 = DIRECTION ( 'NONE',  ( 1.594929680954395007E-15, -0.9950371902099891530, -0.09950371902099724997 ) ) ;
#5345 = EDGE_CURVE ( 'NONE', #7634, #2855, #11144, .T. ) ;
#5346 = CIRCLE ( 'NONE', #6638, 0.003937007874015758385 ) ;
#5347 = DIRECTION ( 'NONE',  ( 1.602884491802569361E-15, -1.000000000000000000, 1.644517855226017859E-15 ) ) ;
#5348 = DIRECTION ( 'NONE',  ( 0.7956271577883986534, 0.0000000000000000000, -0.6057866173741002225 ) ) ;
#5349 = EDGE_LOOP ( 'NONE', ( #9055, #10170, #6779, #8269, #5041, #10717 ) ) ;
#5350 = CARTESIAN_POINT ( 'NONE',  ( -0.007480314960630130190, 0.1269685039370082313, -0.3958661417322835163 ) ) ;
#5351 = VECTOR ( 'NONE', #1133, 39.37007874015748143 ) ;
#5352 = ADVANCED_FACE ( 'NONE', ( #1919 ), #7053, .T. ) ;
#5353 = SURFACE_STYLE_FILL_AREA ( #4957 ) ;
#5354 = PRESENTATION_STYLE_ASSIGNMENT (( #1763 ) ) ;
#5355 = LENGTH_MEASURE_WITH_UNIT ( LENGTH_MEASURE( 0.02539999999999999897 ), #8669 );
#5356 = UNCERTAINTY_MEASURE_WITH_UNIT (LENGTH_MEASURE( 1.000000000000000082E-05 ), #4959, 'distance_accuracy_value', 'NONE');
#5357 = CARTESIAN_POINT ( 'NONE',  ( -0.06929133858267740032, 0.1269685039370080926, 0.03366141732283462612 ) ) ;
#5358 = CARTESIAN_POINT ( 'NONE',  ( -0.1535433070866139282, -0.1407480314960629364, -0.3848425196850389085 ) ) ;
#5359 = VERTEX_POINT ( 'NONE', #2629 ) ;
#5360 = DIRECTION ( 'NONE',  ( 2.047204322355081778E-10, 1.000000000000000000, 2.688782288034447080E-10 ) ) ;
#5361 = CIRCLE ( 'NONE', #10544, 0.009105439123007855531 ) ;
#5362 = PRESENTATION_LAYER_ASSIGNMENT (  '', '', ( #7944 ) ) ;
#5363 = CARTESIAN_POINT ( 'NONE',  ( 0.01934165959544850363, 0.1998031496062996903, -0.3754440218001577345 ) ) ;
#5364 = DIRECTION ( 'NONE',  ( -0.7956271577883994306, 0.0000000000000000000, 0.6057866173740991123 ) ) ;
#5366 = DIRECTION ( 'NONE',  ( 1.000000000000000000, 1.875148439272792120E-15, 1.586938124156564227E-11 ) ) ;
#5365 = COLOUR_RGB ( '',1.000000000000000000, 1.000000000000000000, 1.000000000000000000 ) ;
#5367 = STYLED_ITEM ( 'NONE', ( #5028 ), #3124 ) ;
#5368 = FILL_AREA_STYLE ('',( #68 ) ) ;
#5369 = LINE ( 'NONE', #3671, #7562 ) ;
#5370 = DIRECTION ( 'NONE',  ( -1.000000000000000000, -1.602884491802569361E-15, 2.711709361697226329E-31 ) ) ;
#5371 = ORIENTED_EDGE ( 'NONE', *, *, #7506, .T. ) ;
#5372 = CYLINDRICAL_SURFACE ( 'NONE', #8015, 0.009105439123007878083 ) ;
#5373 = ORIENTED_EDGE ( 'NONE', *, *, #7592, .F. ) ;
#5374 = DIRECTION ( 'NONE',  ( -0.7956271577887876756, 0.0000000000000000000, 0.6057866173735895199 ) ) ;
#5375 = ORIENTED_EDGE ( 'NONE', *, *, #7390, .T. ) ;
#5376 = PRESENTATION_STYLE_ASSIGNMENT (( #7114 ) ) ;
#5377 = ORIENTED_EDGE ( 'NONE', *, *, #4565, .F. ) ;
#5378 = VECTOR ( 'NONE', #946, 39.37007874015748143 ) ;
#5379 = UNCERTAINTY_MEASURE_WITH_UNIT (LENGTH_MEASURE( 1.000000000000000082E-05 ), #6769, 'distance_accuracy_value', 'NONE');
#5380 = FACE_OUTER_BOUND ( 'NONE', #9303, .T. ) ;
#5381 = CARTESIAN_POINT ( 'NONE',  ( -0.1464566929133857831, -0.02263779527559060811, -0.006889763779527295282 ) ) ;
#5382 = VECTOR ( 'NONE', #8223, 39.37007874015748143 ) ;
#5383 = VECTOR ( 'NONE', #6317, 39.37007874015748143 ) ;
#5384 = CARTESIAN_POINT ( 'NONE',  ( 0.01934165959544850363, 0.1998031496062994405, 0.07854330708661402816 ) ) ;
#5385 = DIRECTION ( 'NONE',  ( -1.594929680954394613E-15, 0.9950371902099890420, -0.09950371902100052512 ) ) ;
#5386 = DIRECTION ( 'NONE',  ( 1.602884491802569361E-15, -1.000000000000000000, 1.644517855226017859E-15 ) ) ;
#5387 = DIRECTION ( 'NONE',  ( -1.000000000000000000, -1.602884491802642922E-15, -4.458096893095998546E-14 ) ) ;
#5388 = CARTESIAN_POINT ( 'NONE',  ( -0.06929133858267740032, 0.1269685039370080926, -0.3253937007874017073 ) ) ;
#5389 = CARTESIAN_POINT ( 'NONE',  ( 0.01934165962243668963, 0.1998031496062995793, 0.03366141732283450816 ) ) ;
#5390 = COLOUR_RGB ( '',1.000000000000000000, 1.000000000000000000, 1.000000000000000000 ) ;
#5391 = ADVANCED_FACE ( 'NONE', ( #4453 ), #3454, .T. ) ;
#5392 = AXIS2_PLACEMENT_3D ( 'NONE', #3093, #9345, #7631 ) ;
#5393 = EDGE_LOOP ( 'NONE', ( #5552, #8151, #3387, #1245 ) ) ;
#5394 = AXIS2_PLACEMENT_3D ( 'NONE', #4217, #10484, #10317 ) ;
#5395 = ORIENTED_EDGE ( 'NONE', *, *, #2094, .T. ) ;
#5396 = ORIENTED_EDGE ( 'NONE', *, *, #7179, .T. ) ;
#5397 =( NAMED_UNIT ( * ) SI_UNIT ( $, .STERADIAN. ) SOLID_ANGLE_UNIT ( ) );
#5398 = SURFACE_STYLE_FILL_AREA ( #7065 ) ;
#5399 = FACE_OUTER_BOUND ( 'NONE', #7171, .T. ) ;
#5400 = CARTESIAN_POINT ( 'NONE',  ( -0.1535433070866138727, -0.1722440944881890035, -0.08799212598425146248 ) ) ;
#5401 = AXIS2_PLACEMENT_3D ( 'NONE', #1812, #1701, #5286 ) ;
#5402 = SURFACE_STYLE_FILL_AREA ( #155 ) ;
#5403 = PRESENTATION_LAYER_ASSIGNMENT (  '', '', ( #11122 ) ) ;
#5404 = CARTESIAN_POINT ( 'NONE',  ( 0.06743043410952737071, 0.1269685039370082036, -0.01077230849836224684 ) ) ;
#5405 = FILL_AREA_STYLE ('',( #3597 ) ) ;
#5406 = VECTOR ( 'NONE', #9016, 39.37007874015748143 ) ;
#5407 = ADVANCED_FACE ( 'NONE', ( #140 ), #3748, .F. ) ;
#5408 = VECTOR ( 'NONE', #1561, 39.37007874015748143 ) ;
#5409 =( GEOMETRIC_REPRESENTATION_CONTEXT ( 3 ) GLOBAL_UNCERTAINTY_ASSIGNED_CONTEXT ( ( #1849 ) ) GLOBAL_UNIT_ASSIGNED_CONTEXT ( ( #5745, #10138, #2214 ) ) REPRESENTATION_CONTEXT ( 'NONE', 'WORKASPACE' ) );
#5410 = UNCERTAINTY_MEASURE_WITH_UNIT (LENGTH_MEASURE( 1.000000000000000082E-05 ), #6015, 'distance_accuracy_value', 'NONE');
#5411 = ORIENTED_EDGE ( 'NONE', *, *, #2817, .T. ) ;
#5412 = ADVANCED_FACE ( 'NONE', ( #10335 ), #11372, .T. ) ;
#5413 = AXIS2_PLACEMENT_3D ( 'NONE', #4161, #11243, #2390 ) ;
#5414 = CARTESIAN_POINT ( 'NONE',  ( -0.1499999999999997446, -0.1564960629921259283, -0.2864173228346452160 ) ) ;
#5415 =( CONVERSION_BASED_UNIT ( 'INCH', #9835 ) LENGTH_UNIT ( ) NAMED_UNIT ( #3155 ) );
#5416 = DIRECTION ( 'NONE',  ( 1.000000000000000000, 1.602884491802569361E-15, -2.711709361697226329E-31 ) ) ;
#5417 =( NAMED_UNIT ( * ) PLANE_ANGLE_UNIT ( ) SI_UNIT ( $, .RADIAN. ) );
#5418 = MECHANICAL_DESIGN_GEOMETRIC_PRESENTATION_REPRESENTATION (  '', ( #4853 ), #2222 ) ;
#5419 = FILL_AREA_STYLE_COLOUR ( '', #4572 ) ;
#5420 = LINE ( 'NONE', #9668, #1466 ) ;
#5421 = EDGE_CURVE ( 'NONE', #1938, #2544, #8201, .T. ) ;
#5422 = EDGE_CURVE ( 'NONE', #6748, #4562, #560, .T. ) ;
#5423 = DIRECTION ( 'NONE',  ( 1.602884491802569361E-15, -1.000000000000000000, 1.644517855226017859E-15 ) ) ;
#5424 = CIRCLE ( 'NONE', #6891, 0.003937007874015740171 ) ;
#5425 = VECTOR ( 'NONE', #10213, 39.37007874015748143 ) ;
#5426 = PRESENTATION_LAYER_ASSIGNMENT (  '', '', ( #10607 ) ) ;
#5427 = DIRECTION ( 'NONE',  ( 0.0000000000000000000, 0.0000000000000000000, -1.000000000000000000 ) ) ;
#5428 = DIRECTION ( 'NONE',  ( 2.348093788196917952E-30, -1.644517855226018450E-15, -1.000000000000000000 ) ) ;
#5429 = SURFACE_SIDE_STYLE ('',( #6066 ) ) ;
#5430 = CYLINDRICAL_SURFACE ( 'NONE', #9671, 0.003937007874015724558 ) ;
#5431 = VERTEX_POINT ( 'NONE', #4992 ) ;
#5432 = STYLED_ITEM ( 'NONE', ( #28 ), #9587 ) ;
#5433 =( LENGTH_UNIT ( ) NAMED_UNIT ( * ) SI_UNIT ( $, .METRE. ) );
#5434 = PRESENTATION_LAYER_ASSIGNMENT (  '', '', ( #4299 ) ) ;
#5435 = EDGE_CURVE ( 'NONE', #8689, #2885, #5156, .T. ) ;
#5436 = ORIENTED_EDGE ( 'NONE', *, *, #5761, .T. ) ;
#5437 = DIRECTION ( 'NONE',  ( 2.348093788196916901E-30, -1.644517855226017859E-15, -1.000000000000000000 ) ) ;
#5438 = AXIS2_PLACEMENT_3D ( 'NONE', #7700, #3271, #2554 ) ;
#5439 = EDGE_LOOP ( 'NONE', ( #11303, #9218, #8122, #11419 ) ) ;
#5440 = SURFACE_SIDE_STYLE ('',( #10655 ) ) ;
#5441 = ORIENTED_EDGE ( 'NONE', *, *, #9257, .T. ) ;
#5442 = AXIS2_PLACEMENT_3D ( 'NONE', #10309, #5902, #8575 ) ;
#5443 = SURFACE_STYLE_FILL_AREA ( #9915 ) ;
#5444 = DIRECTION ( 'NONE',  ( 1.602884491802569361E-15, -1.000000000000000000, 1.644517855226017859E-15 ) ) ;
#5445 = COLOUR_RGB ( '',1.000000000000000000, 1.000000000000000000, 1.000000000000000000 ) ;
#5446 = FILL_AREA_STYLE ('',( #1916 ) ) ;
#5447 = SURFACE_STYLE_USAGE ( .BOTH. , #8222 ) ;
#5448 =( CONVERSION_BASED_UNIT ( 'INCH', #9052 ) LENGTH_UNIT ( ) NAMED_UNIT ( #6000 ) );
#5449 = SURFACE_STYLE_FILL_AREA ( #1018 ) ;
#5450 = CARTESIAN_POINT ( 'NONE',  ( 0.06018589945968484678, 0.1269685039370083146, -0.1754440218001575014 ) ) ;
#5451 = AXIS2_PLACEMENT_3D ( 'NONE', #4139, #9503, #11036 ) ;
#5452 = VERTEX_POINT ( 'NONE', #6841 ) ;
#5453 = PRESENTATION_LAYER_ASSIGNMENT (  '', '', ( #355 ) ) ;
#5454 = ORIENTED_EDGE ( 'NONE', *, *, #34, .F. ) ;
#5455 = FILL_AREA_STYLE_COLOUR ( '', #9202 ) ;
#5456 = VERTEX_POINT ( 'NONE', #7601 ) ;
#5457 = FACE_BOUND ( 'NONE', #2080, .T. ) ;
#5458 = AXIS2_PLACEMENT_3D ( 'NONE', #6551, #1090, #8956 ) ;
#5459 = CARTESIAN_POINT ( 'NONE',  ( -0.1464566929133857831, -0.02263779527559057342, 0.01515748031496088298 ) ) ;
#5460 = EDGE_CURVE ( 'NONE', #5277, #7499, #10275, .T. ) ;
#5461 = PRESENTATION_STYLE_ASSIGNMENT (( #9929 ) ) ;
#5462 =( NAMED_UNIT ( * ) SI_UNIT ( $, .STERADIAN. ) SOLID_ANGLE_UNIT ( ) );
#5463 = CARTESIAN_POINT ( 'NONE',  ( 0.01934165959544850363, 0.1998031496062996071, -0.1754440218001576401 ) ) ;
#5464 = DIRECTION ( 'NONE',  ( -1.000000000000000000, -1.602884491802569361E-15, 2.711709361697226329E-31 ) ) ;
#5465 = COLOUR_RGB ( '',0.7607843137254901578, 0.7607843137254901578, 0.0000000000000000000 ) ;
#5466 = ORIENTED_EDGE ( 'NONE', *, *, #11070, .T. ) ;
#5467 = PLANE ( 'NONE',  #10680 ) ;
#5468 = FILL_AREA_STYLE ('',( #3769 ) ) ;
#5469 =( CONVERSION_BASED_UNIT ( 'INCH', #4708 ) LENGTH_UNIT ( ) NAMED_UNIT ( #4774 ) );
#5470 =( CONVERSION_BASED_UNIT ( 'INCH', #6332 ) LENGTH_UNIT ( ) NAMED_UNIT ( #10203 ) );
#5471 = ADVANCED_FACE ( 'NONE', ( #8776 ), #2460, .T. ) ;
#5472 = CARTESIAN_POINT ( 'NONE',  ( 0.06018589945968478433, 0.1643700787401579655, -0.1663385826771654474 ) ) ;
#5473 = LINE ( 'NONE', #11446, #5973 ) ;
#5474 = SURFACE_STYLE_USAGE ( .BOTH. , #4546 ) ;
#5475 = ORIENTED_EDGE ( 'NONE', *, *, #8245, .F. ) ;
#5476 = EDGE_CURVE ( 'NONE', #8768, #3676, #5968, .T. ) ;
#5477 = SURFACE_STYLE_FILL_AREA ( #9897 ) ;
#5478 = CARTESIAN_POINT ( 'NONE',  ( -0.1464566929133855611, -0.1722440944881889757, -0.4037401574803144988 ) ) ;
#5479 = AXIS2_PLACEMENT_3D ( 'NONE', #10000, #9027, #1894 ) ;
#5480 =( GEOMETRIC_REPRESENTATION_CONTEXT ( 3 ) GLOBAL_UNCERTAINTY_ASSIGNED_CONTEXT ( ( #2711 ) ) GLOBAL_UNIT_ASSIGNED_CONTEXT ( ( #9632, #4089, #8692 ) ) REPRESENTATION_CONTEXT ( 'NONE', 'WORKASPACE' ) );
#5481 = CARTESIAN_POINT ( 'NONE',  ( -0.06889763779527570409, 0.05610236220472458041, 0.1624015748031496786 ) ) ;
#5482 = ADVANCED_FACE ( 'NONE', ( #6587 ), #503, .T. ) ;
#5483 = ADVANCED_FACE ( 'NONE', ( #2198 ), #4729, .T. ) ;
#5484 = UNCERTAINTY_MEASURE_WITH_UNIT (LENGTH_MEASURE( 1.000000000000000082E-05 ), #3058, 'distance_accuracy_value', 'NONE');
#5485 = SURFACE_SIDE_STYLE ('',( #6287 ) ) ;
#5486 = CARTESIAN_POINT ( 'NONE',  ( 0.06018589943271623194, 0.1998031496062995793, -0.1253937007874017517 ) ) ;
#5487 = DIRECTION ( 'NONE',  ( -1.000000000000000000, -1.602884491802569361E-15, 2.711709361697226329E-31 ) ) ;
#5488 = DIRECTION ( 'NONE',  ( 0.0000000000000000000, 0.0000000000000000000, 1.000000000000000000 ) ) ;
#5489 = STYLED_ITEM ( 'NONE', ( #1249 ), #432 ) ;
#5490 = STYLED_ITEM ( 'NONE', ( #5726 ), #11129 ) ;
#5491 = VERTEX_POINT ( 'NONE', #7566 ) ;
#5492 =( CONVERSION_BASED_UNIT ( 'INCH', #8211 ) LENGTH_UNIT ( ) NAMED_UNIT ( #3302 ) );
#5493 = VERTEX_POINT ( 'NONE', #11040 ) ;
#5494 = DIRECTION ( 'NONE',  ( 0.0000000000000000000, 0.0000000000000000000, -1.000000000000000000 ) ) ;
#5495 = VERTEX_POINT ( 'NONE', #8335 ) ;
#5496 = STYLED_ITEM ( 'NONE', ( #8147 ), #1326 ) ;
#5497 = CIRCLE ( 'NONE', #7527, 0.02460629921259841965 ) ;
#5498 = ORIENTED_EDGE ( 'NONE', *, *, #9456, .T. ) ;
#5499 = DIRECTION ( 'NONE',  ( 0.7956271577886173674, 1.875148439272793697E-15, 0.6057866173738131188 ) ) ;
#5500 = EDGE_CURVE ( 'NONE', #4259, #3068, #7465, .T. ) ;
#5501 = UNCERTAINTY_MEASURE_WITH_UNIT (LENGTH_MEASURE( 1.000000000000000082E-05 ), #137, 'distance_accuracy_value', 'NONE');
#5502 = CARTESIAN_POINT ( 'NONE',  ( 0.01522951533058629174, 0.2037401574803153481, -0.07857498828362222132 ) ) ;
#5503 = SURFACE_STYLE_FILL_AREA ( #5446 ) ;
#5504 = DIRECTION ( 'NONE',  ( 0.0000000000000000000, 0.0000000000000000000, 1.000000000000000000 ) ) ;
#5505 = LINE ( 'NONE', #3033, #4448 ) ;
#5506 =( GEOMETRIC_REPRESENTATION_CONTEXT ( 3 ) GLOBAL_UNCERTAINTY_ASSIGNED_CONTEXT ( ( #9339 ) ) GLOBAL_UNIT_ASSIGNED_CONTEXT ( ( #6055, #10518, #6219 ) ) REPRESENTATION_CONTEXT ( 'NONE', 'WORKASPACE' ) );
#5507 = AXIS2_PLACEMENT_3D ( 'NONE', #4604, #7276, #5427 ) ;
#5508 = PLANE ( 'NONE',  #6905 ) ;
#5509 = ORIENTED_EDGE ( 'NONE', *, *, #8990, .T. ) ;
#5510 = DIMENSIONAL_EXPONENTS ( 1.000000000000000000, 0.0000000000000000000, 0.0000000000000000000, 0.0000000000000000000, 0.0000000000000000000, 0.0000000000000000000, 0.0000000000000000000 ) ;
#5511 =( NAMED_UNIT ( * ) SI_UNIT ( $, .STERADIAN. ) SOLID_ANGLE_UNIT ( ) );
#5512 = ORIENTED_EDGE ( 'NONE', *, *, #7378, .T. ) ;
#5513 = DIRECTION ( 'NONE',  ( -0.7956271577883994306, 0.0000000000000000000, 0.6057866173740993343 ) ) ;
#5514 = MECHANICAL_DESIGN_GEOMETRIC_PRESENTATION_REPRESENTATION (  '', ( #9789 ), #2709 ) ;
#5515 =( LENGTH_UNIT ( ) NAMED_UNIT ( * ) SI_UNIT ( $, .METRE. ) );
#5516 = COLOUR_RGB ( '',0.7607843137254901578, 0.7607843137254901578, 0.0000000000000000000 ) ;
#5517 = SURFACE_STYLE_FILL_AREA ( #4692 ) ;
#5518 = CARTESIAN_POINT ( 'NONE',  ( 0.01934165959544849669, 0.2037401574803152648, -0.1214566929133859968 ) ) ;
#5519 =( NAMED_UNIT ( * ) PLANE_ANGLE_UNIT ( ) SI_UNIT ( $, .RADIAN. ) );
#5520 = FACE_OUTER_BOUND ( 'NONE', #1992, .T. ) ;
#5521 = DIRECTION ( 'NONE',  ( 0.0000000000000000000, 0.0000000000000000000, -1.000000000000000000 ) ) ;
#5522 = CARTESIAN_POINT ( 'NONE',  ( 0.08700787401574773539, 0.1998031496062997459, -0.3958661417322836829 ) ) ;
#5523 = CYLINDRICAL_SURFACE ( 'NONE', #6500, 0.003937007874015749712 ) ;
#5524 = AXIS2_PLACEMENT_3D ( 'NONE', #5628, #5570, #10031 ) ;
#5525 = LINE ( 'NONE', #8018, #7681 ) ;
#5526 = ORIENTED_EDGE ( 'NONE', *, *, #9819, .F. ) ;
#5527 = LINE ( 'NONE', #3768, #3803 ) ;
#5528 = LINE ( 'NONE', #216, #6896 ) ;
#5529 = CARTESIAN_POINT ( 'NONE',  ( 0.01934165962243668963, 0.1998031496062996903, -0.2663385826771654807 ) ) ;
#5530 = PRESENTATION_STYLE_ASSIGNMENT (( #7264 ) ) ;
#5531 = AXIS2_PLACEMENT_3D ( 'NONE', #3925, #6820, #10375 ) ;
#5532 = CARTESIAN_POINT ( 'NONE',  ( -0.06929133858267744195, 0.1564960629921260671, -0.02539370078740165945 ) ) ;
#5533 = CARTESIAN_POINT ( 'NONE',  ( -0.1948818897637795144, -0.05413385826771657111, 0.1820866141732286614 ) ) ;
#5534 = EDGE_LOOP ( 'NONE', ( #2280, #3536, #8579, #5610 ) ) ;
#5535 = CARTESIAN_POINT ( 'NONE',  ( 0.01209712494559034984, 0.1269685039370080926, 0.08922769150163382956 ) ) ;
#5536 = SURFACE_SIDE_STYLE ('',( #10964 ) ) ;
#5537 = LINE ( 'NONE', #9148, #351 ) ;
#5538 = ADVANCED_FACE ( 'NONE', ( #10631 ), #7080, .F. ) ;
#5539 = PRESENTATION_LAYER_ASSIGNMENT (  '', '', ( #11084 ) ) ;
#5540 =( CONVERSION_BASED_UNIT ( 'INCH', #4777 ) LENGTH_UNIT ( ) NAMED_UNIT ( #9348 ) );
#5541 = CARTESIAN_POINT ( 'NONE',  ( 0.1535433070866143168, -0.02263779527559005994, -0.2068897637795273081 ) ) ;
#5542 = DIMENSIONAL_EXPONENTS ( 1.000000000000000000, 0.0000000000000000000, 0.0000000000000000000, 0.0000000000000000000, 0.0000000000000000000, 0.0000000000000000000, 0.0000000000000000000 ) ;
#5543 = ORIENTED_EDGE ( 'NONE', *, *, #214, .F. ) ;
#5544 = FILL_AREA_STYLE_COLOUR ( '', #8948 ) ;
#5545 = EDGE_LOOP ( 'NONE', ( #2634, #9709, #5123, #7852 ) ) ;
#5546 = LENGTH_MEASURE_WITH_UNIT ( LENGTH_MEASURE( 0.02539999999999999897 ), #10761 );
#5547 = EDGE_CURVE ( 'NONE', #2619, #8926, #461, .T. ) ;
#5548 = EDGE_CURVE ( 'NONE', #9762, #3367, #5845, .T. ) ;
#5549 = VERTEX_POINT ( 'NONE', #11161 ) ;
#5550 = COLOUR_RGB ( '',1.000000000000000000, 1.000000000000000000, 1.000000000000000000 ) ;
#5551 = COLOUR_RGB ( '',0.7607843137254901578, 0.7607843137254901578, 0.0000000000000000000 ) ;
#5552 = ORIENTED_EDGE ( 'NONE', *, *, #11492, .F. ) ;
#5553 = DIRECTION ( 'NONE',  ( -1.000000000000000000, -1.602884491802569361E-15, 2.878783784372901366E-31 ) ) ;
#5554 = CARTESIAN_POINT ( 'NONE',  ( -0.1535433070866139282, -0.1407480314960630752, -0.08484251968503893349 ) ) ;
#5555 = CARTESIAN_POINT ( 'NONE',  ( 0.06018589945968472882, 0.1998031496062995238, 0.08371173833560614785 ) ) ;
#5556 = PLANE ( 'NONE',  #5212 ) ;
#5557 =( NAMED_UNIT ( * ) PLANE_ANGLE_UNIT ( ) SI_UNIT ( $, .RADIAN. ) );
#5558 = DIRECTION ( 'NONE',  ( 1.602884491802569361E-15, -1.000000000000000000, 1.644517855226017859E-15 ) ) ;
#5559 = AXIS2_PLACEMENT_3D ( 'NONE', #3504, #9046, #11535 ) ;
#5560 = PRESENTATION_STYLE_ASSIGNMENT (( #1974 ) ) ;
#5561 = DIRECTION ( 'NONE',  ( -1.602884491802569361E-15, 1.000000000000000000, -1.644517855226017859E-15 ) ) ;
#5562 = ORIENTED_EDGE ( 'NONE', *, *, #9834, .T. ) ;
#5563 = EDGE_CURVE ( 'NONE', #9561, #3874, #1653, .T. ) ;
#5564 = EDGE_CURVE ( 'NONE', #4613, #4599, #7145, .T. ) ;
#5565 = CARTESIAN_POINT ( 'NONE',  ( 0.06018589945968472882, 0.1998031496062997181, -0.2754440218001577012 ) ) ;
#5566 = VERTEX_POINT ( 'NONE', #1415 ) ;
#5567 = DIRECTION ( 'NONE',  ( 1.000000000000000000, 1.602884491802569361E-15, -2.711709361697226329E-31 ) ) ;
#5568 = PRESENTATION_LAYER_ASSIGNMENT (  '', '', ( #10183 ) ) ;
#5569 = FACE_OUTER_BOUND ( 'NONE', #7871, .T. ) ;
#5570 = DIRECTION ( 'NONE',  ( 1.602884491802569361E-15, -1.000000000000000000, 1.644517855226017859E-15 ) ) ;
#5571 = DIRECTION ( 'NONE',  ( 0.0000000000000000000, 0.0000000000000000000, 1.000000000000000000 ) ) ;
#5572 = FACE_OUTER_BOUND ( 'NONE', #7804, .T. ) ;
#5573 = LINE ( 'NONE', #9126, #10212 ) ;
#5574 = VECTOR ( 'NONE', #4189, 39.37007874015748854 ) ;
#5575 = DIRECTION ( 'NONE',  ( 2.348093788196917952E-30, -1.644517855226018450E-15, -1.000000000000000000 ) ) ;
#5576 = DIRECTION ( 'NONE',  ( 1.602884491802569361E-15, -1.000000000000000000, 1.548860246407864322E-15 ) ) ;
#5577 = VECTOR ( 'NONE', #7034, 39.37007874015748143 ) ;
#5578 = CIRCLE ( 'NONE', #863, 0.005168431248992117963 ) ;
#5579 = EDGE_LOOP ( 'NONE', ( #8631, #2493, #3646, #3735 ) ) ;
#5580 = ORIENTED_EDGE ( 'NONE', *, *, #1890, .F. ) ;
#5581 = DIMENSIONAL_EXPONENTS ( 1.000000000000000000, 0.0000000000000000000, 0.0000000000000000000, 0.0000000000000000000, 0.0000000000000000000, 0.0000000000000000000, 0.0000000000000000000 ) ;
#5582 =( GEOMETRIC_REPRESENTATION_CONTEXT ( 3 ) GLOBAL_UNCERTAINTY_ASSIGNED_CONTEXT ( ( #7346 ) ) GLOBAL_UNIT_ASSIGNED_CONTEXT ( ( #3706, #11557, #7252 ) ) REPRESENTATION_CONTEXT ( 'NONE', 'WORKASPACE' ) );
#5583 = DIRECTION ( 'NONE',  ( -1.602884491802569361E-15, 1.000000000000000000, -1.644517855226017859E-15 ) ) ;
#5584 = DIRECTION ( 'NONE',  ( 1.594929680954395007E-15, -0.9950371902099891530, -0.09950371902099724997 ) ) ;
#5585 = MECHANICAL_DESIGN_GEOMETRIC_PRESENTATION_REPRESENTATION (  '', ( #683 ), #3727 ) ;
#5586 = LINE ( 'NONE', #7203, #10377 ) ;
#5587 = PRESENTATION_LAYER_ASSIGNMENT (  '', '', ( #1254 ) ) ;
#5588 = FACE_OUTER_BOUND ( 'NONE', #5545, .T. ) ;
#5589 = SURFACE_STYLE_FILL_AREA ( #7267 ) ;
#5590 = DIRECTION ( 'NONE',  ( 9.631373050316002764E-14, -1.644517855225863834E-15, -1.000000000000000000 ) ) ;
#5591 = CARTESIAN_POINT ( 'NONE',  ( -0.1535433070866138727, -0.1722440944881890867, 0.09625984251968555672 ) ) ;
#5592 = ORIENTED_EDGE ( 'NONE', *, *, #3993, .F. ) ;
#5593 = AXIS2_PLACEMENT_3D ( 'NONE', #6770, #4100, #543 ) ;
#5594 = DIRECTION ( 'NONE',  ( 1.602884491802569361E-15, -1.000000000000000000, 1.644517855226017859E-15 ) ) ;
#5595 = CARTESIAN_POINT ( 'NONE',  ( 0.08700787401574784641, 0.1269685039370083146, -0.1958661417322834775 ) ) ;
#5596 = DIMENSIONAL_EXPONENTS ( 1.000000000000000000, 0.0000000000000000000, 0.0000000000000000000, 0.0000000000000000000, 0.0000000000000000000, 0.0000000000000000000, 0.0000000000000000000 ) ;
#5597 = AXIS2_PLACEMENT_3D ( 'NONE', #4340, #7051, #11415 ) ;
#5598 = PRESENTATION_STYLE_ASSIGNMENT (( #4661 ) ) ;
#5599 = UNCERTAINTY_MEASURE_WITH_UNIT (LENGTH_MEASURE( 1.000000000000000082E-05 ), #2380, 'distance_accuracy_value', 'NONE');
#5600 = DIRECTION ( 'NONE',  ( -2.348093788196917952E-30, 1.644517855226018450E-15, 1.000000000000000000 ) ) ;
#5601 = EDGE_CURVE ( 'NONE', #6972, #3871, #3198, .T. ) ;
#5602 = CARTESIAN_POINT ( 'NONE',  ( 0.1948818897637792369, 0.2037401574803158200, 0.2486812620939762575 ) ) ;
#5603 = VERTEX_POINT ( 'NONE', #2310 ) ;
#5604 =( LENGTH_UNIT ( ) NAMED_UNIT ( * ) SI_UNIT ( $, .METRE. ) );
#5605 = EDGE_LOOP ( 'NONE', ( #9962, #4616, #3623, #7952 ) ) ;
#5606 = VECTOR ( 'NONE', #11382, 39.37007874015748143 ) ;
#5607 = MECHANICAL_DESIGN_GEOMETRIC_PRESENTATION_REPRESENTATION (  '', ( #2602 ), #8577 ) ;
#5608 = EDGE_LOOP ( 'NONE', ( #4665, #3021, #2225, #10290, #11480, #6802 ) ) ;
#5609 = DIRECTION ( 'NONE',  ( -2.348093788196916901E-30, 1.644517855226017859E-15, 1.000000000000000000 ) ) ;
#5610 = ORIENTED_EDGE ( 'NONE', *, *, #10806, .T. ) ;
#5611 = DIMENSIONAL_EXPONENTS ( 1.000000000000000000, 0.0000000000000000000, 0.0000000000000000000, 0.0000000000000000000, 0.0000000000000000000, 0.0000000000000000000, 0.0000000000000000000 ) ;
#5612 = UNCERTAINTY_MEASURE_WITH_UNIT (LENGTH_MEASURE( 1.000000000000000082E-05 ), #7896, 'distance_accuracy_value', 'NONE');
#5613 = CARTESIAN_POINT ( 'NONE',  ( -0.1535433070866139282, -0.1407480314960630197, -0.3068897637795270916 ) ) ;
#5614 = AXIS2_PLACEMENT_3D ( 'NONE', #6830, #10384, #10324 ) ;
#5615 = PRESENTATION_STYLE_ASSIGNMENT (( #354 ) ) ;
#5616 = VECTOR ( 'NONE', #10887, 39.37007874015748143 ) ;
#5617 = EDGE_CURVE ( 'NONE', #8104, #5495, #9447, .T. ) ;
#5618 = CARTESIAN_POINT ( 'NONE',  ( 0.1464566929133861717, -0.1407480314960626033, 0.1151574803149610915 ) ) ;
#5619 = CARTESIAN_POINT ( 'NONE',  ( 0.06018589945968472882, 0.1998031496062996348, -0.07544402180015766235 ) ) ;
#5620 = CARTESIAN_POINT ( 'NONE',  ( -0.06929133858267744195, 0.1564960629921260393, 0.07460629921259835651 ) ) ;
#5621 = EDGE_CURVE ( 'NONE', #10068, #7358, #324, .T. ) ;
#5622 = CIRCLE ( 'NONE', #4872, 0.003937007874015749712 ) ;
#5623 = CARTESIAN_POINT ( 'NONE',  ( 0.08700787401574773539, 0.1998031496062996348, -0.09586614173228362457 ) ) ;
#5624 = ORIENTED_EDGE ( 'NONE', *, *, #1239, .T. ) ;
#5625 = VECTOR ( 'NONE', #3794, 39.37007874015748143 ) ;
#5626 = CARTESIAN_POINT ( 'NONE',  ( -0.1535433070866141225, -0.02263779527559044505, -0.3848425196850391861 ) ) ;
#5627 = FACE_OUTER_BOUND ( 'NONE', #9670, .T. ) ;
#5628 = CARTESIAN_POINT ( 'NONE',  ( 0.01934165959544849669, 0.2037401574803152371, -0.01628826166439385770 ) ) ;
#5629 = FACE_OUTER_BOUND ( 'NONE', #3588, .T. ) ;
#5630 = EDGE_CURVE ( 'NONE', #9794, #8331, #1538, .T. ) ;
#5631 = DIRECTION ( 'NONE',  ( -1.602884491802569361E-15, 1.000000000000000000, -1.644517855226017859E-15 ) ) ;
#5632 = EDGE_CURVE ( 'NONE', #10538, #5916, #9506, .T. ) ;
#5633 = MECHANICAL_DESIGN_GEOMETRIC_PRESENTATION_REPRESENTATION (  '', ( #11560 ), #1308 ) ;
#5634 = FACE_OUTER_BOUND ( 'NONE', #8019, .T. ) ;
#5635 =( CONVERSION_BASED_UNIT ( 'INCH', #7426 ) LENGTH_UNIT ( ) NAMED_UNIT ( #6798 ) );
#5636 = DIRECTION ( 'NONE',  ( 1.000000000000000000, 1.602884491802764604E-15, 1.187510765328999591E-13 ) ) ;
#5637 = CARTESIAN_POINT ( 'NONE',  ( 0.01934165959544849669, 0.2037401574803154869, -0.3702755905511813106 ) ) ;
#5638 = ORIENTED_EDGE ( 'NONE', *, *, #542, .F. ) ;
#5639 = AXIS2_PLACEMENT_3D ( 'NONE', #2366, #11392, #7626 ) ;
#5640 = ORIENTED_EDGE ( 'NONE', *, *, #11220, .F. ) ;
#5641 = FACE_OUTER_BOUND ( 'NONE', #1839, .T. ) ;
#5642 = PRESENTATION_LAYER_ASSIGNMENT (  '', '', ( #3015 ) ) ;
#5643 = ORIENTED_EDGE ( 'NONE', *, *, #1008, .F. ) ;
#5644 = FILL_AREA_STYLE_COLOUR ( '', #7158 ) ;
#5645 =( GEOMETRIC_REPRESENTATION_CONTEXT ( 3 ) GLOBAL_UNCERTAINTY_ASSIGNED_CONTEXT ( ( #8160 ) ) GLOBAL_UNIT_ASSIGNED_CONTEXT ( ( #4130, #10517, #1586 ) ) REPRESENTATION_CONTEXT ( 'NONE', 'WORKASPACE' ) );
#5646 = LENGTH_MEASURE_WITH_UNIT ( LENGTH_MEASURE( 0.02539999999999999897 ), #6098 );
#5647 = SURFACE_STYLE_FILL_AREA ( #6331 ) ;
#5648 =( NAMED_UNIT ( * ) SI_UNIT ( $, .STERADIAN. ) SOLID_ANGLE_UNIT ( ) );
#5649 = EDGE_CURVE ( 'NONE', #11265, #2337, #11218, .T. ) ;
#5650 = CARTESIAN_POINT ( 'NONE',  ( -0.1535433070866141225, -0.02263779527559051791, -0.1848425196850391194 ) ) ;
#5651 =( CONVERSION_BASED_UNIT ( 'INCH', #5762 ) LENGTH_UNIT ( ) NAMED_UNIT ( #1319 ) );
#5652 = CARTESIAN_POINT ( 'NONE',  ( -2.057162640966502078E-16, 0.1269685039370080926, -0.1458661417322834886 ) ) ;
#5653 = ORIENTED_EDGE ( 'NONE', *, *, #9329, .T. ) ;
#5654 = MECHANICAL_DESIGN_GEOMETRIC_PRESENTATION_REPRESENTATION (  '', ( #10640 ), #8057 ) ;
#5655 = STYLED_ITEM ( 'NONE', ( #7140 ), #10582 ) ;
#5656 = CARTESIAN_POINT ( 'NONE',  ( 0.01934165959543282173, 0.1564960629921263446, -0.06633858267716544188 ) ) ;
#5657 = LINE ( 'NONE', #6450, #8992 ) ;
#5658 = PLANE ( 'NONE',  #4190 ) ;
#5659 = ORIENTED_EDGE ( 'NONE', *, *, #3672, .F. ) ;
#5660 =( NAMED_UNIT ( * ) SI_UNIT ( $, .STERADIAN. ) SOLID_ANGLE_UNIT ( ) );
#5661 = VERTEX_POINT ( 'NONE', #4254 ) ;
#5662 = PRESENTATION_STYLE_ASSIGNMENT (( #6458 ) ) ;
#5663 = MECHANICAL_DESIGN_GEOMETRIC_PRESENTATION_REPRESENTATION (  '', ( #7512 ), #3983 ) ;
#5664 = ORIENTED_EDGE ( 'NONE', *, *, #11041, .F. ) ;
#5665 = LENGTH_MEASURE_WITH_UNIT ( LENGTH_MEASURE( 0.02539999999999999897 ), #186 );
#5666 = ORIENTED_EDGE ( 'NONE', *, *, #6447, .T. ) ;
#5667 = DIMENSIONAL_EXPONENTS ( 1.000000000000000000, 0.0000000000000000000, 0.0000000000000000000, 0.0000000000000000000, 0.0000000000000000000, 0.0000000000000000000, 0.0000000000000000000 ) ;
#5668 = SURFACE_SIDE_STYLE ('',( #9340 ) ) ;
#5669 = CLOSED_SHELL ( 'NONE', ( #10836, #1596, #1967, #3482, #7725, #3311, #6903, #6620 ) ) ;
#5670 = VECTOR ( 'NONE', #9724, 39.37007874015748143 ) ;
#5671 = VERTEX_POINT ( 'NONE', #3539 ) ;
#5672 = FILL_AREA_STYLE ('',( #3857 ) ) ;
#5673 = DIRECTION ( 'NONE',  ( 0.0000000000000000000, 1.387778780781446464E-15, 1.000000000000000000 ) ) ;
#5674 = LENGTH_MEASURE_WITH_UNIT ( LENGTH_MEASURE( 0.02539999999999999897 ), #7821 );
#5675 = EDGE_LOOP ( 'NONE', ( #3309, #8889, #9832, #8764, #2801 ) ) ;
#5676 = CIRCLE ( 'NONE', #6795, 0.005168431248992122300 ) ;
#5677 = AXIS2_PLACEMENT_3D ( 'NONE', #554, #4168, #9649 ) ;
#5678 = ADVANCED_FACE ( 'NONE', ( #3602 ), #9779, .F. ) ;
#5679 = SURFACE_SIDE_STYLE ('',( #1140 ) ) ;
#5680 = ORIENTED_EDGE ( 'NONE', *, *, #10061, .T. ) ;
#5681 = CARTESIAN_POINT ( 'NONE',  ( -2.057162640966502078E-16, 0.1269685039370081203, -0.2458661417322835219 ) ) ;
#5682 =( LENGTH_UNIT ( ) NAMED_UNIT ( * ) SI_UNIT ( $, .METRE. ) );
#5683 = AXIS2_PLACEMENT_3D ( 'NONE', #2190, #11208, #11028 ) ;
#5684 = STYLED_ITEM ( 'NONE', ( #4129 ), #624 ) ;
#5685 = AXIS2_PLACEMENT_3D ( 'NONE', #5740, #5801, #6547 ) ;
#5686 = CARTESIAN_POINT ( 'NONE',  ( 0.06929133858267698398, 0.1269685039370083424, -0.1663385826771653642 ) ) ;
#5687 = SURFACE_SIDE_STYLE ('',( #3815 ) ) ;
#5688 = DIRECTION ( 'NONE',  ( 1.602884491802569361E-15, -1.000000000000000000, 1.644517855226017859E-15 ) ) ;
#5689 = DIMENSIONAL_EXPONENTS ( 1.000000000000000000, 0.0000000000000000000, 0.0000000000000000000, 0.0000000000000000000, 0.0000000000000000000, 0.0000000000000000000, 0.0000000000000000000 ) ;
#5690 =( LENGTH_UNIT ( ) NAMED_UNIT ( * ) SI_UNIT ( $, .METRE. ) );
#5691 = ORIENTED_EDGE ( 'NONE', *, *, #10568, .F. ) ;
#5692 = ORIENTED_EDGE ( 'NONE', *, *, #34, .T. ) ;
#5693 = EDGE_CURVE ( 'NONE', #8544, #2568, #3714, .T. ) ;
#5694 = STYLED_ITEM ( 'NONE', ( #7388 ), #1598 ) ;
#5695 = SURFACE_STYLE_FILL_AREA ( #8301 ) ;
#5696 = EDGE_CURVE ( 'NONE', #5495, #5939, #5528, .T. ) ;
#5697 = TOROIDAL_SURFACE ( 'NONE', #8103, 0.005168431248992125769, 0.003937007874015747977 ) ;
#5698 = ORIENTED_EDGE ( 'NONE', *, *, #3374, .T. ) ;
#5699 = ORIENTED_EDGE ( 'NONE', *, *, #6801, .T. ) ;
#5700 = CARTESIAN_POINT ( 'NONE',  ( -0.1535433070866141225, -0.02263779527559061505, 0.1151574803149608972 ) ) ;
#5701 = EDGE_CURVE ( 'NONE', #1335, #728, #8966, .T. ) ;
#5702 = DIRECTION ( 'NONE',  ( -2.348093788196917952E-30, 1.644517855226018450E-15, 1.000000000000000000 ) ) ;
#5703 = CARTESIAN_POINT ( 'NONE',  ( -0.1535433070866138727, -0.1722440944881890312, -0.1037401574803144821 ) ) ;
#5704 = DIRECTION ( 'NONE',  ( 1.602884491802569361E-15, -1.000000000000000000, 1.644517855226017859E-15 ) ) ;
#5705 = CARTESIAN_POINT ( 'NONE',  ( 0.01934165959544861813, 0.1269685039370080926, 0.07460629921259839814 ) ) ;
#5706 = MECHANICAL_DESIGN_GEOMETRIC_PRESENTATION_REPRESENTATION (  '', ( #11435 ), #6424 ) ;
#5707 = CARTESIAN_POINT ( 'NONE',  ( 0.01209712494559034984, 0.1269685039370080926, 0.08922769150163382956 ) ) ;
#5708 = MECHANICAL_DESIGN_GEOMETRIC_PRESENTATION_REPRESENTATION (  '', ( #2710 ), #5132 ) ;
#5709 = ORIENTED_EDGE ( 'NONE', *, *, #1222, .F. ) ;
#5710 =( NAMED_UNIT ( * ) SI_UNIT ( $, .STERADIAN. ) SOLID_ANGLE_UNIT ( ) );
#5711 = SURFACE_STYLE_FILL_AREA ( #273 ) ;
#5712 = ADVANCED_FACE ( 'NONE', ( #6383 ), #166, .T. ) ;
#5713 =( NAMED_UNIT ( * ) PLANE_ANGLE_UNIT ( ) SI_UNIT ( $, .RADIAN. ) );
#5714 = FILL_AREA_STYLE ('',( #5933 ) ) ;
#5715 =( CONVERSION_BASED_UNIT ( 'INCH', #8613 ) LENGTH_UNIT ( ) NAMED_UNIT ( #4131 ) );
#5716 = UNCERTAINTY_MEASURE_WITH_UNIT (LENGTH_MEASURE( 1.000000000000000082E-05 ), #10226, 'distance_accuracy_value', 'NONE');
#5717 = CARTESIAN_POINT ( 'NONE',  ( 0.06929133858267692847, 0.1564960629921262614, -0.02539370078740165945 ) ) ;
#5718 = CARTESIAN_POINT ( 'NONE',  ( 0.01934165959544855914, 0.1643700787401577157, -0.01628826166439378831 ) ) ;
#5719 = CARTESIAN_POINT ( 'NONE',  ( 0.1464566929133862272, -0.1722440944881885871, 0.1120078740157485764 ) ) ;
#5720 = CARTESIAN_POINT ( 'NONE',  ( 0.1464566929133859496, -0.02263779527559017096, 0.09311023622047270853 ) ) ;
#5721 = EDGE_LOOP ( 'NONE', ( #10817, #4192, #8675, #7806 ) ) ;
#5722 = PRESENTATION_LAYER_ASSIGNMENT (  '', '', ( #3279 ) ) ;
#5723 = VERTEX_POINT ( 'NONE', #7262 ) ;
#5724 = CARTESIAN_POINT ( 'NONE',  ( 0.06018589945968479821, 0.1564960629921263724, 0.03366141732283457061 ) ) ;
#5725 = VERTEX_POINT ( 'NONE', #8191 ) ;
#5726 = PRESENTATION_STYLE_ASSIGNMENT (( #1065 ) ) ;
#5727 = VERTEX_POINT ( 'NONE', #1101 ) ;
#5728 = DIRECTION ( 'NONE',  ( 1.602884491802569361E-15, -1.000000000000000000, 1.644517855226017859E-15 ) ) ;
#5729 = MECHANICAL_DESIGN_GEOMETRIC_PRESENTATION_REPRESENTATION (  '', ( #8691 ), #11458 ) ;
#5730 = UNCERTAINTY_MEASURE_WITH_UNIT (LENGTH_MEASURE( 1.000000000000000082E-05 ), #6083, 'distance_accuracy_value', 'NONE');
#5731 = DIRECTION ( 'NONE',  ( 0.0000000000000000000, 1.387778780781445676E-15, 1.000000000000000000 ) ) ;
#5732 = CARTESIAN_POINT ( 'NONE',  ( 0.01934165959544850363, 0.1998031496062996071, -0.4253937007874017961 ) ) ;
#5733 = SURFACE_STYLE_FILL_AREA ( #5672 ) ;
#5734 = LENGTH_MEASURE_WITH_UNIT ( LENGTH_MEASURE( 0.02539999999999999897 ), #6758 );
#5735 = SURFACE_SIDE_STYLE ('',( #1792 ) ) ;
#5736 =( NAMED_UNIT ( * ) SI_UNIT ( $, .STERADIAN. ) SOLID_ANGLE_UNIT ( ) );
#5737 = LINE ( 'NONE', #590, #10243 ) ;
#5738 = VECTOR ( 'NONE', #1673, 39.37007874015748143 ) ;
#5739 = EDGE_LOOP ( 'NONE', ( #9279, #6639, #11332, #7461, #7710 ) ) ;
#5740 = CARTESIAN_POINT ( 'NONE',  ( 0.0000000000000000000, 0.0000000000000000000, 0.0000000000000000000 ) ) ;
#5741 = CARTESIAN_POINT ( 'NONE',  ( 0.06889763779527535714, 0.1564960629921264001, -0.4738188976377947781 ) ) ;
#5742 = LINE ( 'NONE', #10033, #9118 ) ;
#5743 =( GEOMETRIC_REPRESENTATION_CONTEXT ( 3 ) GLOBAL_UNCERTAINTY_ASSIGNED_CONTEXT ( ( #6531 ) ) GLOBAL_UNIT_ASSIGNED_CONTEXT ( ( #3146, #4909, #7411 ) ) REPRESENTATION_CONTEXT ( 'NONE', 'WORKASPACE' ) );
#5744 = AXIS2_PLACEMENT_3D ( 'NONE', #8289, #9235, #3806 ) ;
#5745 =( CONVERSION_BASED_UNIT ( 'INCH', #4973 ) LENGTH_UNIT ( ) NAMED_UNIT ( #2142 ) );
#5746 = FILL_AREA_STYLE ('',( #2160 ) ) ;
#5747 = EDGE_CURVE ( 'NONE', #9275, #54, #5804, .T. ) ;
#5748 = PRESENTATION_STYLE_ASSIGNMENT (( #3932 ) ) ;
#5749 =( NAMED_UNIT ( * ) SI_UNIT ( $, .STERADIAN. ) SOLID_ANGLE_UNIT ( ) );
#5750 = ORIENTED_EDGE ( 'NONE', *, *, #2752, .T. ) ;
#5751 = DIMENSIONAL_EXPONENTS ( 1.000000000000000000, 0.0000000000000000000, 0.0000000000000000000, 0.0000000000000000000, 0.0000000000000000000, 0.0000000000000000000, 0.0000000000000000000 ) ;
#5752 = ORIENTED_EDGE ( 'NONE', *, *, #7885, .T. ) ;
#5753 = PRESENTATION_LAYER_ASSIGNMENT (  '', '', ( #658 ) ) ;
#5754 = ORIENTED_EDGE ( 'NONE', *, *, #1436, .T. ) ;
#5755 = EDGE_LOOP ( 'NONE', ( #8352, #5475, #2453, #10893 ) ) ;
#5756 = DIRECTION ( 'NONE',  ( -1.000000000000000000, -1.602884491802569361E-15, 2.711709361697226329E-31 ) ) ;
#5757 = DIRECTION ( 'NONE',  ( -1.602884491802569361E-15, 1.000000000000000000, -1.644517855226017859E-15 ) ) ;
#5758 = DIRECTION ( 'NONE',  ( 0.1140686577440008093, 1.816622754153544578E-15, 0.9934728689403057311 ) ) ;
#5759 =( GEOMETRIC_REPRESENTATION_CONTEXT ( 3 ) GLOBAL_UNCERTAINTY_ASSIGNED_CONTEXT ( ( #5265 ) ) GLOBAL_UNIT_ASSIGNED_CONTEXT ( ( #2594, #877, #9731 ) ) REPRESENTATION_CONTEXT ( 'NONE', 'WORKASPACE' ) );
#5760 = SURFACE_SIDE_STYLE ('',( #8481 ) ) ;
#5761 = EDGE_CURVE ( 'NONE', #1485, #4110, #7460, .T. ) ;
#5762 = LENGTH_MEASURE_WITH_UNIT ( LENGTH_MEASURE( 0.02539999999999999897 ), #8253 );
#5763 = AXIS2_PLACEMENT_3D ( 'NONE', #2940, #10046, #2059 ) ;
#5764 = PLANE ( 'NONE',  #3144 ) ;
#5765 = ORIENTED_EDGE ( 'NONE', *, *, #10936, .T. ) ;
#5766 = DIRECTION ( 'NONE',  ( 1.602884491802569361E-15, -1.000000000000000000, 1.644517855226018450E-15 ) ) ;
#5767 = FILL_AREA_STYLE ('',( #6629 ) ) ;
#5768 = EDGE_CURVE ( 'NONE', #2769, #2749, #1293, .T. ) ;
#5769 = COLOUR_RGB ( '',0.7607843137254901578, 0.7607843137254901578, 0.0000000000000000000 ) ;
#5770 = UNCERTAINTY_MEASURE_WITH_UNIT (LENGTH_MEASURE( 1.000000000000000082E-05 ), #4112, 'distance_accuracy_value', 'NONE');
#5771 = AXIS2_PLACEMENT_3D ( 'NONE', #4963, #5952, #2263 ) ;
#5772 = AXIS2_PLACEMENT_3D ( 'NONE', #4095, #8406, #2928 ) ;
#5773 = DIRECTION ( 'NONE',  ( -1.594929680954395007E-15, 0.9950371902099891530, 0.09950371902099724997 ) ) ;
#5774 = FILL_AREA_STYLE ('',( #7610 ) ) ;
#5775 = CARTESIAN_POINT ( 'NONE',  ( 0.06429804372452725680, 0.2037401574803154869, -0.2785749882836222602 ) ) ;
#5776 = DIRECTION ( 'NONE',  ( 1.000000000000000000, 1.602884491802569361E-15, -2.711709361697226329E-31 ) ) ;
#5777 = COLOUR_RGB ( '',1.000000000000000000, 1.000000000000000000, 1.000000000000000000 ) ;
#5778 = EDGE_CURVE ( 'NONE', #2550, #11529, #1452, .T. ) ;
#5779 = SURFACE_STYLE_USAGE ( .BOTH. , #3078 ) ;
#5780 = ADVANCED_FACE ( 'NONE', ( #9479 ), #3225, .T. ) ;
#5781 = VERTEX_POINT ( 'NONE', #4006 ) ;
#5782 = ORIENTED_EDGE ( 'NONE', *, *, #10639, .T. ) ;
#5783 = DIMENSIONAL_EXPONENTS ( 1.000000000000000000, 0.0000000000000000000, 0.0000000000000000000, 0.0000000000000000000, 0.0000000000000000000, 0.0000000000000000000, 0.0000000000000000000 ) ;
#5784 = STYLED_ITEM ( 'NONE', ( #2919 ), #8977 ) ;
#5785 = CIRCLE ( 'NONE', #139, 0.005168431248992127504 ) ;
#5786 = ORIENTED_EDGE ( 'NONE', *, *, #8684, .T. ) ;
#5787 = ORIENTED_EDGE ( 'NONE', *, *, #9405, .T. ) ;
#5788 = FILL_AREA_STYLE_COLOUR ( '', #10041 ) ;
#5789 =( NAMED_UNIT ( * ) SI_UNIT ( $, .STERADIAN. ) SOLID_ANGLE_UNIT ( ) );
#5790 = CARTESIAN_POINT ( 'NONE',  ( -0.1464566929133855611, -0.1722440944881889757, -0.4037401574803144988 ) ) ;
#5791 = CARTESIAN_POINT ( 'NONE',  ( 0.1535433070866144833, -0.1407480314960625478, -0.08484251968503893349 ) ) ;
#5792 = DIRECTION ( 'NONE',  ( 1.602884491802569361E-15, -1.000000000000000000, 1.644517855226017859E-15 ) ) ;
#5793 = EDGE_CURVE ( 'NONE', #11511, #1492, #1284, .T. ) ;
#5794 = FACE_OUTER_BOUND ( 'NONE', #10325, .T. ) ;
#5795 = MECHANICAL_DESIGN_GEOMETRIC_PRESENTATION_REPRESENTATION (  '', ( #1083 ), #1852 ) ;
#5796 = SURFACE_SIDE_STYLE ('',( #470 ) ) ;
#5797 = DIRECTION ( 'NONE',  ( 1.000000000000000000, 1.602884491802569361E-15, -2.711709361697226329E-31 ) ) ;
#5798 = ORIENTED_EDGE ( 'NONE', *, *, #11563, .F. ) ;
#5799 = AXIS2_PLACEMENT_3D ( 'NONE', #4309, #6973, #6168 ) ;
#5800 = PRESENTATION_LAYER_ASSIGNMENT (  '', '', ( #1288 ) ) ;
#5801 = DIRECTION ( 'NONE',  ( 0.0000000000000000000, 0.0000000000000000000, 1.000000000000000000 ) ) ;
#5802 = FILL_AREA_STYLE ('',( #4742 ) ) ;
#5803 = FACE_OUTER_BOUND ( 'NONE', #11327, .T. ) ;
#5804 = CIRCLE ( 'NONE', #2989, 0.02460629921259841618 ) ;
#5805 = CARTESIAN_POINT ( 'NONE',  ( 0.01934165959544849669, 0.2037401574803152926, 0.02455597819984235014 ) ) ;
#5806 = SURFACE_STYLE_FILL_AREA ( #7579 ) ;
#5807 = LENGTH_MEASURE_WITH_UNIT ( LENGTH_MEASURE( 0.02539999999999999897 ), #2158 );
#5808 = DIRECTION ( 'NONE',  ( 1.602884491802569361E-15, -1.000000000000000000, 1.644517855226017859E-15 ) ) ;
#5809 = LINE ( 'NONE', #8412, #6160 ) ;
#5810 = VECTOR ( 'NONE', #6363, 39.37007874015748143 ) ;
#5811 = ORIENTED_EDGE ( 'NONE', *, *, #11008, .T. ) ;
#5812 = VECTOR ( 'NONE', #9520, 39.37007874015748143 ) ;
#5813 = EDGE_LOOP ( 'NONE', ( #2946, #5454, #5081, #2226, #5680, #8913 ) ) ;
#5814 =( NAMED_UNIT ( * ) SI_UNIT ( $, .STERADIAN. ) SOLID_ANGLE_UNIT ( ) );
#5815 = ORIENTED_EDGE ( 'NONE', *, *, #7932, .F. ) ;
#5816 = ORIENTED_EDGE ( 'NONE', *, *, #6975, .F. ) ;
#5817 = SURFACE_SIDE_STYLE ('',( #10207 ) ) ;
#5818 =( GEOMETRIC_REPRESENTATION_CONTEXT ( 3 ) GLOBAL_UNCERTAINTY_ASSIGNED_CONTEXT ( ( #2469 ) ) GLOBAL_UNIT_ASSIGNED_CONTEXT ( ( #2206, #2148, #6761 ) ) REPRESENTATION_CONTEXT ( 'NONE', 'WORKASPACE' ) );
#5819 = DIRECTION ( 'NONE',  ( -1.602884491802569361E-15, 1.000000000000000000, -1.644517855226017859E-15 ) ) ;
#5820 = FILL_AREA_STYLE ('',( #11075 ) ) ;
#5821 = STYLED_ITEM ( 'NONE', ( #1318 ), #6315 ) ;
#5822 = FACE_OUTER_BOUND ( 'NONE', #431, .T. ) ;
#5823 = ORIENTED_EDGE ( 'NONE', *, *, #4824, .T. ) ;
#5824 =( NAMED_UNIT ( * ) SI_UNIT ( $, .STERADIAN. ) SOLID_ANGLE_UNIT ( ) );
#5825 = DIRECTION ( 'NONE',  ( -0.6057866173735902970, -2.279429041416054056E-15, -0.7956271577887871205 ) ) ;
#5826 = DIRECTION ( 'NONE',  ( 1.000000000000000000, 1.602884491802569361E-15, -2.711709361697226329E-31 ) ) ;
#5827 = DIMENSIONAL_EXPONENTS ( 1.000000000000000000, 0.0000000000000000000, 0.0000000000000000000, 0.0000000000000000000, 0.0000000000000000000, 0.0000000000000000000, 0.0000000000000000000 ) ;
#5828 = VECTOR ( 'NONE', #2071, 39.37007874015748143 ) ;
#5829 = ADVANCED_FACE ( 'NONE', ( #10331 ), #4935, .F. ) ;
#5830 = FILL_AREA_STYLE ('',( #2240 ) ) ;
#5831 = LINE ( 'NONE', #2356, #4013 ) ;
#5832 = UNCERTAINTY_MEASURE_WITH_UNIT (LENGTH_MEASURE( 1.000000000000000082E-05 ), #1876, 'distance_accuracy_value', 'NONE');
#5833 = DIRECTION ( 'NONE',  ( -2.348093788196917952E-30, 1.644517855226018450E-15, 1.000000000000000000 ) ) ;
#5834 = DIRECTION ( 'NONE',  ( -1.594929680954394613E-15, 0.9950371902099890420, -0.09950371902100052512 ) ) ;
#5835 = ADVANCED_FACE ( 'NONE', ( #6090 ), #4348, .T. ) ;
#5836 = ORIENTED_EDGE ( 'NONE', *, *, #3876, .F. ) ;
#5837 = SURFACE_STYLE_FILL_AREA ( #6519 ) ;
#5838 = ORIENTED_EDGE ( 'NONE', *, *, #11273, .F. ) ;
#5839 = FILL_AREA_STYLE_COLOUR ( '', #8217 ) ;
#5840 =( GEOMETRIC_REPRESENTATION_CONTEXT ( 3 ) GLOBAL_UNCERTAINTY_ASSIGNED_CONTEXT ( ( #9379 ) ) GLOBAL_UNIT_ASSIGNED_CONTEXT ( ( #10266, #10146, #5814 ) ) REPRESENTATION_CONTEXT ( 'NONE', 'WORKASPACE' ) );
#5841 = ORIENTED_EDGE ( 'NONE', *, *, #2387, .F. ) ;
#5842 = EDGE_CURVE ( 'NONE', #3437, #5274, #731, .T. ) ;
#5843 = EDGE_CURVE ( 'NONE', #3785, #2462, #8829, .T. ) ;
#5844 = EDGE_LOOP ( 'NONE', ( #8767, #7031, #5640, #5250, #4524, #4537 ) ) ;
#5845 = LINE ( 'NONE', #4481, #6702 ) ;
#5846 = DIRECTION ( 'NONE',  ( -1.594929680954395007E-15, 0.9950371902099891530, 0.09950371902099724997 ) ) ;
#5847 = UNCERTAINTY_MEASURE_WITH_UNIT (LENGTH_MEASURE( 1.000000000000000082E-05 ), #10969, 'distance_accuracy_value', 'NONE');
#5848 = EDGE_CURVE ( 'NONE', #5124, #7478, #6165, .T. ) ;
#5849 = FACE_OUTER_BOUND ( 'NONE', #321, .T. ) ;
#5850 = AXIS2_PLACEMENT_3D ( 'NONE', #3153, #594, #11107 ) ;
#5851 = CARTESIAN_POINT ( 'NONE',  ( 0.1535433070866145389, -0.1722440944881885594, -0.1037401574803144821 ) ) ;
#5852 = FILL_AREA_STYLE ('',( #6810 ) ) ;
#5853 = DIMENSIONAL_EXPONENTS ( 1.000000000000000000, 0.0000000000000000000, 0.0000000000000000000, 0.0000000000000000000, 0.0000000000000000000, 0.0000000000000000000, 0.0000000000000000000 ) ;
#5854 =( NAMED_UNIT ( * ) SI_UNIT ( $, .STERADIAN. ) SOLID_ANGLE_UNIT ( ) );
#5855 = EDGE_CURVE ( 'NONE', #2568, #9476, #10620, .T. ) ;
#5856 = CLOSED_SHELL ( 'NONE', ( #10508, #2517, #7196, #5483, #8513, #10380, #5391, #4487 ) ) ;
#5857 = VECTOR ( 'NONE', #2139, 39.37007874015748143 ) ;
#5858 = ORIENTED_EDGE ( 'NONE', *, *, #5119, .T. ) ;
#5859 = CYLINDRICAL_SURFACE ( 'NONE', #2424, 0.02460629921259841271 ) ;
#5860 = CARTESIAN_POINT ( 'NONE',  ( -0.1535433070866141225, -0.02263779527559047974, -0.2848425196850391528 ) ) ;
#5861 = FILL_AREA_STYLE ('',( #2272 ) ) ;
#5862 =( CONVERSION_BASED_UNIT ( 'INCH', #10885 ) LENGTH_UNIT ( ) NAMED_UNIT ( #9713 ) );
#5863 = CARTESIAN_POINT ( 'NONE',  ( 0.1535433070866145389, -0.1722440944881884484, -0.4037401574803144988 ) ) ;
#5864 = TOROIDAL_SURFACE ( 'NONE', #4924, 0.005168431248992125769, 0.003937007874015747977 ) ;
#5866 = FILL_AREA_STYLE_COLOUR ( '', #2237 ) ;
#5865 = PRESENTATION_LAYER_ASSIGNMENT (  '', '', ( #6226 ) ) ;
#5867 = ORIENTED_EDGE ( 'NONE', *, *, #4386, .F. ) ;
#5868 = VERTEX_POINT ( 'NONE', #4230 ) ;
#5869 = ORIENTED_EDGE ( 'NONE', *, *, #9950, .F. ) ;
#5870 = ORIENTED_EDGE ( 'NONE', *, *, #4539, .F. ) ;
#5871 = STYLED_ITEM ( 'NONE', ( #11507 ), #1519 ) ;
#5872 = SURFACE_STYLE_USAGE ( .BOTH. , #10043 ) ;
#5873 = PRESENTATION_LAYER_ASSIGNMENT (  '', '', ( #11417 ) ) ;
#5874 = CARTESIAN_POINT ( 'NONE',  ( 0.06743043410952737071, 0.1269685039370082313, -0.1107723084983661815 ) ) ;
#5875 =( NAMED_UNIT ( * ) PLANE_ANGLE_UNIT ( ) SI_UNIT ( $, .RADIAN. ) );
#5876 =( NAMED_UNIT ( * ) PLANE_ANGLE_UNIT ( ) SI_UNIT ( $, .RADIAN. ) );
#5877 = ORIENTED_EDGE ( 'NONE', *, *, #2584, .F. ) ;
#5878 = LINE ( 'NONE', #6041, #7784 ) ;
#5879 = SURFACE_STYLE_FILL_AREA ( #6571 ) ;
#5880 = PLANE ( 'NONE',  #4566 ) ;
#5881 = AXIS2_PLACEMENT_3D ( 'NONE', #4117, #495, #5927 ) ;
#5882 = UNCERTAINTY_MEASURE_WITH_UNIT (LENGTH_MEASURE( 1.000000000000000082E-05 ), #802, 'distance_accuracy_value', 'NONE');
#5883 = DIRECTION ( 'NONE',  ( 1.602884491802569361E-15, -1.000000000000000000, 1.644517855226017859E-15 ) ) ;
#5884 = PRESENTATION_STYLE_ASSIGNMENT (( #2297 ) ) ;
#5885 = VECTOR ( 'NONE', #8480, 39.37007874015748143 ) ;
#5886 = PLANE ( 'NONE',  #547 ) ;
#5887 = AXIS2_PLACEMENT_3D ( 'NONE', #7942, #8657, #2641 ) ;
#5888 = DIRECTION ( 'NONE',  ( -0.7715274047096022381, -2.282905139954358816E-15, -0.6361960890968018090 ) ) ;
#5889 = CARTESIAN_POINT ( 'NONE',  ( 0.01522951533058629174, 0.2037401574803154314, -0.3785749882836223490 ) ) ;
#5890 = ORIENTED_EDGE ( 'NONE', *, *, #4753, .F. ) ;
#5891 = PLANE ( 'NONE',  #8196 ) ;
#5892 = ADVANCED_FACE ( 'NONE', ( #7769 ), #2637, .T. ) ;
#5893 = ORIENTED_EDGE ( 'NONE', *, *, #8747, .T. ) ;
#5894 = FILL_AREA_STYLE_COLOUR ( '', #1118 ) ;
#5895 = ORIENTED_EDGE ( 'NONE', *, *, #3470, .F. ) ;
#5896 = ORIENTED_EDGE ( 'NONE', *, *, #10215, .T. ) ;
#5897 =( CONVERSION_BASED_UNIT ( 'INCH', #4958 ) LENGTH_UNIT ( ) NAMED_UNIT ( #1339 ) );
#5898 = FACE_OUTER_BOUND ( 'NONE', #8512, .T. ) ;
#5899 = VERTEX_POINT ( 'NONE', #6838 ) ;
#5900 = SURFACE_SIDE_STYLE ('',( #359 ) ) ;
#5901 = EDGE_CURVE ( 'NONE', #8677, #3871, #1749, .T. ) ;
#5902 = DIRECTION ( 'NONE',  ( -2.364801230464485631E-30, 1.644517855226018450E-15, 1.000000000000000000 ) ) ;
#5903 = EDGE_CURVE ( 'NONE', #10442, #7151, #5983, .T. ) ;
#5904 = CIRCLE ( 'NONE', #821, 0.02854330708661415028 ) ;
#5905 = ORIENTED_EDGE ( 'NONE', *, *, #7644, .T. ) ;
#5906 = CARTESIAN_POINT ( 'NONE',  ( 0.1948818897637793202, 0.1564960629921266222, 0.1820866141732282728 ) ) ;
#5907 = CYLINDRICAL_SURFACE ( 'NONE', #1198, 0.02460629921259841271 ) ;
#5908 = PRESENTATION_STYLE_ASSIGNMENT (( #10376 ) ) ;
#5909 =( LENGTH_UNIT ( ) NAMED_UNIT ( * ) SI_UNIT ( $, .METRE. ) );
#5910 = AXIS2_PLACEMENT_3D ( 'NONE', #10378, #9523, #2386 ) ;
#5911 = EDGE_CURVE ( 'NONE', #8028, #9335, #11310, .T. ) ;
#5912 = LINE ( 'NONE', #6713, #3724 ) ;
#5913 = EDGE_CURVE ( 'NONE', #10496, #8860, #6899, .T. ) ;
#5914 =( CONVERSION_BASED_UNIT ( 'INCH', #3397 ) LENGTH_UNIT ( ) NAMED_UNIT ( #9073 ) );
#5915 = CARTESIAN_POINT ( 'NONE',  ( 0.1464566929133859496, -0.02263779527559014321, 0.1151574803149608972 ) ) ;
#5916 = VERTEX_POINT ( 'NONE', #9820 ) ;
#5917 = ORIENTED_EDGE ( 'NONE', *, *, #1532, .F. ) ;
#5918 = LINE ( 'NONE', #8705, #8425 ) ;
#5919 = ORIENTED_EDGE ( 'NONE', *, *, #10914, .F. ) ;
#5920 = VERTEX_POINT ( 'NONE', #11553 ) ;
#5921 = DIRECTION ( 'NONE',  ( -2.348093788196917952E-30, 1.644517855226018450E-15, 1.000000000000000000 ) ) ;
#5922 = MECHANICAL_DESIGN_GEOMETRIC_PRESENTATION_REPRESENTATION (  '', ( #2546 ), #9277 ) ;
#5923 =( GEOMETRIC_REPRESENTATION_CONTEXT ( 3 ) GLOBAL_UNCERTAINTY_ASSIGNED_CONTEXT ( ( #1233 ) ) GLOBAL_UNIT_ASSIGNED_CONTEXT ( ( #3209, #10480, #1554 ) ) REPRESENTATION_CONTEXT ( 'NONE', 'WORKASPACE' ) );
#5924 = DIRECTION ( 'NONE',  ( 2.348093788196917952E-30, -1.644517855226018450E-15, -1.000000000000000000 ) ) ;
#5925 = DIMENSIONAL_EXPONENTS ( 1.000000000000000000, 0.0000000000000000000, 0.0000000000000000000, 0.0000000000000000000, 0.0000000000000000000, 0.0000000000000000000, 0.0000000000000000000 ) ;
#5926 = DIRECTION ( 'NONE',  ( -2.348093788196917952E-30, 1.644517855226018450E-15, 1.000000000000000000 ) ) ;
#5927 = DIRECTION ( 'NONE',  ( 1.000000000000000000, 1.875148439272792120E-15, 1.587125639000491242E-11 ) ) ;
#5928 = LENGTH_MEASURE_WITH_UNIT ( LENGTH_MEASURE( 0.02539999999999999897 ), #11078 );
#5929 = ORIENTED_EDGE ( 'NONE', *, *, #4899, .T. ) ;
#5930 = SURFACE_STYLE_USAGE ( .BOTH. , #10337 ) ;
#5931 = CARTESIAN_POINT ( 'NONE',  ( 0.01934165959544861813, 0.1269685039370082313, -0.06633858267716538637 ) ) ;
#5932 = VECTOR ( 'NONE', #1918, 39.37007874015748143 ) ;
#5933 = FILL_AREA_STYLE_COLOUR ( '', #8519 ) ;
#5934 = FILL_AREA_STYLE_COLOUR ( '', #8271 ) ;
#5935 = UNCERTAINTY_MEASURE_WITH_UNIT (LENGTH_MEASURE( 1.000000000000000082E-05 ), #2537, 'distance_accuracy_value', 'NONE');
#5936 =( LENGTH_UNIT ( ) NAMED_UNIT ( * ) SI_UNIT ( $, .METRE. ) );
#5937 = SURFACE_SIDE_STYLE ('',( #4999 ) ) ;
#5938 =( NAMED_UNIT ( * ) PLANE_ANGLE_UNIT ( ) SI_UNIT ( $, .RADIAN. ) );
#5939 = VERTEX_POINT ( 'NONE', #1085 ) ;
#5940 = COLOUR_RGB ( '',0.7607843137254901578, 0.7607843137254901578, 0.0000000000000000000 ) ;
#5941 = STYLED_ITEM ( 'NONE', ( #8673 ), #7535 ) ;
#5942 =( LENGTH_UNIT ( ) NAMED_UNIT ( * ) SI_UNIT ( $, .METRE. ) );
#5943 = MECHANICAL_DESIGN_GEOMETRIC_PRESENTATION_REPRESENTATION (  '', ( #11502 ), #4278 ) ;
#5944 = CIRCLE ( 'NONE', #10579, 0.009105439123007876348 ) ;
#5945 = EDGE_LOOP ( 'NONE', ( #4377, #2377, #10737, #10925 ) ) ;
#5946 = ADVANCED_FACE ( 'NONE', ( #5569, #5457, #7190, #1804, #1927, #4584, #8006 ), #3651, .F. ) ;
#5947 =( LENGTH_UNIT ( ) NAMED_UNIT ( * ) SI_UNIT ( $, .METRE. ) );
#5948 = LINE ( 'NONE', #10469, #7289 ) ;
#5949 = LENGTH_MEASURE_WITH_UNIT ( LENGTH_MEASURE( 0.02539999999999999897 ), #10529 );
#5950 =( GEOMETRIC_REPRESENTATION_CONTEXT ( 3 ) GLOBAL_UNCERTAINTY_ASSIGNED_CONTEXT ( ( #7450 ) ) GLOBAL_UNIT_ASSIGNED_CONTEXT ( ( #490, #8305, #9371 ) ) REPRESENTATION_CONTEXT ( 'NONE', 'WORKASPACE' ) );
#5951 = ORIENTED_EDGE ( 'NONE', *, *, #6752, .T. ) ;
#5952 = DIRECTION ( 'NONE',  ( -1.000000000000000000, -1.602884491802569361E-15, 2.711709361697226329E-31 ) ) ;
#5953 = CARTESIAN_POINT ( 'NONE',  ( 0.06018589945968484678, 0.1269685039370083424, -0.1663385826771653642 ) ) ;
#5954 = FILL_AREA_STYLE ('',( #4857 ) ) ;
#5955 = VECTOR ( 'NONE', #5575, 39.37007874015748143 ) ;
#5956 =( GEOMETRIC_REPRESENTATION_CONTEXT ( 3 ) GLOBAL_UNCERTAINTY_ASSIGNED_CONTEXT ( ( #6850 ) ) GLOBAL_UNIT_ASSIGNED_CONTEXT ( ( #4045, #2994, #209 ) ) REPRESENTATION_CONTEXT ( 'NONE', 'WORKASPACE' ) );
#5957 = ORIENTED_EDGE ( 'NONE', *, *, #417, .T. ) ;
#5958 = CIRCLE ( 'NONE', #861, 0.009105439123007878083 ) ;
#5959 =( LENGTH_UNIT ( ) NAMED_UNIT ( * ) SI_UNIT ( $, .METRE. ) );
#5960 = ORIENTED_EDGE ( 'NONE', *, *, #7115, .T. ) ;
#5961 = ADVANCED_FACE ( 'NONE', ( #5399 ), #10724, .T. ) ;
#5962 = FILL_AREA_STYLE_COLOUR ( '', #2238 ) ;
#5963 = AXIS2_PLACEMENT_3D ( 'NONE', #4262, #5255, #7798 ) ;
#5964 = VECTOR ( 'NONE', #5385, 39.37007874015748143 ) ;
#5965 = CARTESIAN_POINT ( 'NONE',  ( 0.08700787401574773539, 0.2037401574803153481, 0.1041338582677163865 ) ) ;
#5966 = DIRECTION ( 'NONE',  ( 1.000000000000000000, 1.602884491802569361E-15, -2.711709361697226329E-31 ) ) ;
#5967 = EDGE_CURVE ( 'NONE', #6097, #10872, #8124, .T. ) ;
#5968 = CIRCLE ( 'NONE', #6339, 0.005168431248992119698 ) ;
#5969 = LENGTH_MEASURE_WITH_UNIT ( LENGTH_MEASURE( 0.02539999999999999897 ), #1501 );
#5970 = LINE ( 'NONE', #3342, #8943 ) ;
#5971 = AXIS2_PLACEMENT_3D ( 'NONE', #3667, #6340, #9788 ) ;
#5972 = VERTEX_POINT ( 'NONE', #10029 ) ;
#5973 = VECTOR ( 'NONE', #6969, 39.37007874015748143 ) ;
#5974 = DIRECTION ( 'NONE',  ( -2.348093788196916901E-30, 1.644517855226017859E-15, 1.000000000000000000 ) ) ;
#5975 = DIMENSIONAL_EXPONENTS ( 1.000000000000000000, 0.0000000000000000000, 0.0000000000000000000, 0.0000000000000000000, 0.0000000000000000000, 0.0000000000000000000, 0.0000000000000000000 ) ;
#5976 = ORIENTED_EDGE ( 'NONE', *, *, #7574, .F. ) ;
#5977 = ORIENTED_EDGE ( 'NONE', *, *, #3324, .F. ) ;
#5978 = COLOUR_RGB ( '',1.000000000000000000, 1.000000000000000000, 1.000000000000000000 ) ;
#5979 = FACE_OUTER_BOUND ( 'NONE', #5046, .T. ) ;
#5980 = ADVANCED_FACE ( 'NONE', ( #5627 ), #10675, .T. ) ;
#5981 = SURFACE_STYLE_USAGE ( .BOTH. , #10553 ) ;
#5982 = EDGE_CURVE ( 'NONE', #4547, #2307, #8952, .T. ) ;
#5983 = LINE ( 'NONE', #9538, #6718 ) ;
#5984 = MECHANICAL_DESIGN_GEOMETRIC_PRESENTATION_REPRESENTATION (  '', ( #1850 ), #6343 ) ;
#5985 = DIRECTION ( 'NONE',  ( 1.000000000000000000, 1.602884491802764604E-15, 1.187510765328999591E-13 ) ) ;
#5986 = PRESENTATION_LAYER_ASSIGNMENT (  '', '', ( #10613 ) ) ;
#5987 = ORIENTED_EDGE ( 'NONE', *, *, #10011, .T. ) ;
#5988 =( CONVERSION_BASED_UNIT ( 'INCH', #10453 ) LENGTH_UNIT ( ) NAMED_UNIT ( #5751 ) );
#5989 = FACE_OUTER_BOUND ( 'NONE', #4323, .T. ) ;
#5990 = FACE_OUTER_BOUND ( 'NONE', #1368, .T. ) ;
#5991 = UNCERTAINTY_MEASURE_WITH_UNIT (LENGTH_MEASURE( 1.000000000000000082E-05 ), #10670, 'distance_accuracy_value', 'NONE');
#5992 = CIRCLE ( 'NONE', #9715, 0.009105439123007872879 ) ;
#5993 = FILL_AREA_STYLE_COLOUR ( '', #3620 ) ;
#5994 = ADVANCED_FACE ( 'NONE', ( #9876 ), #1870, .F. ) ;
#5995 = DIMENSIONAL_EXPONENTS ( 1.000000000000000000, 0.0000000000000000000, 0.0000000000000000000, 0.0000000000000000000, 0.0000000000000000000, 0.0000000000000000000, 0.0000000000000000000 ) ;
#5996 = PRESENTATION_LAYER_ASSIGNMENT (  '', '', ( #9530 ) ) ;
#5997 = SURFACE_STYLE_FILL_AREA ( #8489 ) ;
#5998 = DIRECTION ( 'NONE',  ( -1.602884491802569361E-15, 1.000000000000000000, -1.644517855226017859E-15 ) ) ;
#5999 = PRESENTATION_STYLE_ASSIGNMENT (( #10346 ) ) ;
#6000 = DIMENSIONAL_EXPONENTS ( 1.000000000000000000, 0.0000000000000000000, 0.0000000000000000000, 0.0000000000000000000, 0.0000000000000000000, 0.0000000000000000000, 0.0000000000000000000 ) ;
#6001 = ORIENTED_EDGE ( 'NONE', *, *, #1207, .T. ) ;
#6002 =( NAMED_UNIT ( * ) PLANE_ANGLE_UNIT ( ) SI_UNIT ( $, .RADIAN. ) );
#6003 = DIRECTION ( 'NONE',  ( 1.000000000000000000, 1.602884491802569361E-15, -2.711709361697226329E-31 ) ) ;
#6004 = VECTOR ( 'NONE', #1051, 39.37007874015748143 ) ;
#6005 = ORIENTED_EDGE ( 'NONE', *, *, #4974, .F. ) ;
#6006 = VECTOR ( 'NONE', #1831, 39.37007874015748854 ) ;
#6007 =( LENGTH_UNIT ( ) NAMED_UNIT ( * ) SI_UNIT ( $, .METRE. ) );
#6008 = FACE_OUTER_BOUND ( 'NONE', #7682, .T. ) ;
#6009 = FACE_OUTER_BOUND ( 'NONE', #9162, .T. ) ;
#6010 = EDGE_LOOP ( 'NONE', ( #2730, #6983, #5765, #3219 ) ) ;
#6011 = DIRECTION ( 'NONE',  ( -2.348093788196917952E-30, 1.644517855226018450E-15, 1.000000000000000000 ) ) ;
#6012 =( NAMED_UNIT ( * ) PLANE_ANGLE_UNIT ( ) SI_UNIT ( $, .RADIAN. ) );
#6013 = DIRECTION ( 'NONE',  ( 1.000000000000000000, 1.602884491802569361E-15, -2.711709361697224578E-31 ) ) ;
#6014 = ORIENTED_EDGE ( 'NONE', *, *, #5564, .F. ) ;
#6015 =( CONVERSION_BASED_UNIT ( 'INCH', #10425 ) LENGTH_UNIT ( ) NAMED_UNIT ( #793 ) );
#6016 = ORIENTED_EDGE ( 'NONE', *, *, #8833, .F. ) ;
#6017 = FILL_AREA_STYLE ('',( #2439 ) ) ;
#6018 = DIRECTION ( 'NONE',  ( -1.594929680954394613E-15, 0.9950371902099890420, -0.09950371902100052512 ) ) ;
#6019 = AXIS2_PLACEMENT_3D ( 'NONE', #4756, #9302, #6615 ) ;
#6020 = PRESENTATION_STYLE_ASSIGNMENT (( #11349 ) ) ;
#6021 = DIRECTION ( 'NONE',  ( 1.000000000000000000, 1.602884491802569361E-15, -2.878783784372901366E-31 ) ) ;
#6022 = SURFACE_STYLE_USAGE ( .BOTH. , #8759 ) ;
#6023 =( CONVERSION_BASED_UNIT ( 'INCH', #2329 ) LENGTH_UNIT ( ) NAMED_UNIT ( #2374 ) );
#6024 = DIRECTION ( 'NONE',  ( -2.364801230464485631E-30, 1.644517855226018450E-15, -1.000000000000000000 ) ) ;
#6025 = CARTESIAN_POINT ( 'NONE',  ( 0.1464566929133861717, -0.1407480314960625478, -0.08484251968503893349 ) ) ;
#6026 = CARTESIAN_POINT ( 'NONE',  ( -0.1499999999999997446, -0.1564960629921260671, -0.005314960629920771444 ) ) ;
#6027 = EDGE_CURVE ( 'NONE', #4528, #1845, #11176, .T. ) ;
#6028 = ORIENTED_EDGE ( 'NONE', *, *, #8833, .T. ) ;
#6029 = FACE_OUTER_BOUND ( 'NONE', #5945, .T. ) ;
#6030 = ORIENTED_EDGE ( 'NONE', *, *, #9168, .T. ) ;
#6031 = EDGE_LOOP ( 'NONE', ( #6005, #9174, #2265, #8099, #10022, #8302, #3547, #2861 ) ) ;
#6032 = FILL_AREA_STYLE_COLOUR ( '', #8142 ) ;
#6033 = SURFACE_SIDE_STYLE ('',( #2570 ) ) ;
#6034 = CARTESIAN_POINT ( 'NONE',  ( 0.1535433070866144833, -0.1407480314960626311, 0.09311023622047291670 ) ) ;
#6035 = CARTESIAN_POINT ( 'NONE',  ( -0.1464566929133855888, -0.1407480314960630197, -0.2068897637795271138 ) ) ;
#6036 = COLOUR_RGB ( '',1.000000000000000000, 1.000000000000000000, 1.000000000000000000 ) ;
#6037 = PRESENTATION_LAYER_ASSIGNMENT (  '', '', ( #1536 ) ) ;
#6038 =( NAMED_UNIT ( * ) SI_UNIT ( $, .STERADIAN. ) SOLID_ANGLE_UNIT ( ) );
#6039 = DIRECTION ( 'NONE',  ( 0.0000000000000000000, 0.0000000000000000000, 1.000000000000000000 ) ) ;
#6040 = ORIENTED_EDGE ( 'NONE', *, *, #11271, .T. ) ;
#6041 = CARTESIAN_POINT ( 'NONE',  ( 0.1535433070866145389, -0.1722440944881884761, -0.3037401574803144655 ) ) ;
#6042 = SURFACE_SIDE_STYLE ('',( #6155 ) ) ;
#6043 = ADVANCED_FACE ( 'NONE', ( #5803 ), #10939, .F. ) ;
#6044 = EDGE_CURVE ( 'NONE', #9119, #7603, #6353, .T. ) ;
#6045 = AXIS2_PLACEMENT_3D ( 'NONE', #4837, #510, #395 ) ;
#6046 = DIRECTION ( 'NONE',  ( 1.594929680954395007E-15, -0.9950371902099891530, -0.09950371902099724997 ) ) ;
#6047 = VECTOR ( 'NONE', #7500, 39.37007874015748143 ) ;
#6048 = COLOUR_RGB ( '',1.000000000000000000, 1.000000000000000000, 1.000000000000000000 ) ;
#6049 = DIRECTION ( 'NONE',  ( 0.7715274047096021270, 2.282905139954359211E-15, 0.6361960890968018090 ) ) ;
#6050 =( CONVERSION_BASED_UNIT ( 'INCH', #743 ) LENGTH_UNIT ( ) NAMED_UNIT ( #7447 ) );
#6051 = CARTESIAN_POINT ( 'NONE',  ( 0.06018589945980290512, 0.1564960629921263446, -0.2253937007874016463 ) ) ;
#6052 = SURFACE_STYLE_FILL_AREA ( #11443 ) ;
#6053 = UNCERTAINTY_MEASURE_WITH_UNIT (LENGTH_MEASURE( 1.000000000000000082E-05 ), #10392, 'distance_accuracy_value', 'NONE');
#6054 = DIRECTION ( 'NONE',  ( 0.0000000000000000000, 0.0000000000000000000, -1.000000000000000000 ) ) ;
#6055 =( CONVERSION_BASED_UNIT ( 'INCH', #10635 ) LENGTH_UNIT ( ) NAMED_UNIT ( #3076 ) );
#6056 =( GEOMETRIC_REPRESENTATION_CONTEXT ( 3 ) GLOBAL_UNCERTAINTY_ASSIGNED_CONTEXT ( ( #4316 ) ) GLOBAL_UNIT_ASSIGNED_CONTEXT ( ( #338, #1302, #8431 ) ) REPRESENTATION_CONTEXT ( 'NONE', 'WORKASPACE' ) );
#6057 = ORIENTED_EDGE ( 'NONE', *, *, #8386, .T. ) ;
#6058 =( CONVERSION_BASED_UNIT ( 'INCH', #7849 ) LENGTH_UNIT ( ) NAMED_UNIT ( #9574 ) );
#6059 = ADVANCED_FACE ( 'NONE', ( #7577 ), #5859, .F. ) ;
#6060 = EDGE_CURVE ( 'NONE', #1335, #9423, #9582, .T. ) ;
#6061 = DIRECTION ( 'NONE',  ( 0.7956271577883996526, 0.0000000000000000000, -0.6057866173740990012 ) ) ;
#6062 = ORIENTED_EDGE ( 'NONE', *, *, #1384, .T. ) ;
#6063 = CIRCLE ( 'NONE', #4385, 0.003937007874015776600 ) ;
#6064 =( NAMED_UNIT ( * ) SI_UNIT ( $, .STERADIAN. ) SOLID_ANGLE_UNIT ( ) );
#6065 = LENGTH_MEASURE_WITH_UNIT ( LENGTH_MEASURE( 0.02539999999999999897 ), #4146 );
#6066 = SURFACE_STYLE_FILL_AREA ( #7534 ) ;
#6067 = CARTESIAN_POINT ( 'NONE',  ( 0.1464566929133859496, -0.02263779527559003565, -0.3068897637795273137 ) ) ;
#6068 = ORIENTED_EDGE ( 'NONE', *, *, #3239, .F. ) ;
#6069 = DIRECTION ( 'NONE',  ( 1.602884491802569361E-15, -1.000000000000000000, 1.644517855226018450E-15 ) ) ;
#6070 = DIMENSIONAL_EXPONENTS ( 1.000000000000000000, 0.0000000000000000000, 0.0000000000000000000, 0.0000000000000000000, 0.0000000000000000000, 0.0000000000000000000, 0.0000000000000000000 ) ;
#6071 = SURFACE_STYLE_FILL_AREA ( #6180 ) ;
#6072 = CIRCLE ( 'NONE', #420, 0.009105439123007878083 ) ;
#6073 = LINE ( 'NONE', #6869, #1113 ) ;
#6074 = ORIENTED_EDGE ( 'NONE', *, *, #7592, .T. ) ;
#6075 = ORIENTED_EDGE ( 'NONE', *, *, #7891, .F. ) ;
#6076 =( GEOMETRIC_REPRESENTATION_CONTEXT ( 3 ) GLOBAL_UNCERTAINTY_ASSIGNED_CONTEXT ( ( #178 ) ) GLOBAL_UNIT_ASSIGNED_CONTEXT ( ( #835, #7120, #9860 ) ) REPRESENTATION_CONTEXT ( 'NONE', 'WORKASPACE' ) );
#6077 = CYLINDRICAL_SURFACE ( 'NONE', #5170, 0.02460629921259844741 ) ;
#6078 = UNCERTAINTY_MEASURE_WITH_UNIT (LENGTH_MEASURE( 1.000000000000000082E-05 ), #3321, 'distance_accuracy_value', 'NONE');
#6079 = CARTESIAN_POINT ( 'NONE',  ( -0.1464566929133855888, -0.1407480314960631029, -0.006889763779527091452 ) ) ;
#6080 = CARTESIAN_POINT ( 'NONE',  ( -0.1464566929133855611, -0.1722440944881889757, -0.3068897637795270916 ) ) ;
#6081 =( CONVERSION_BASED_UNIT ( 'INCH', #4450 ) LENGTH_UNIT ( ) NAMED_UNIT ( #4717 ) );
#6082 =( NAMED_UNIT ( * ) SI_UNIT ( $, .STERADIAN. ) SOLID_ANGLE_UNIT ( ) );
#6083 =( CONVERSION_BASED_UNIT ( 'INCH', #10662 ) LENGTH_UNIT ( ) NAMED_UNIT ( #10367 ) );
#6084 = LINE ( 'NONE', #6025, #2582 ) ;
#6085 = LINE ( 'NONE', #6940, #1102 ) ;
#6086 = MECHANICAL_DESIGN_GEOMETRIC_PRESENTATION_REPRESENTATION (  '', ( #3468 ), #9253 ) ;
#6087 = EDGE_LOOP ( 'NONE', ( #7116, #1058, #4510, #9723 ) ) ;
#6088 = VERTEX_POINT ( 'NONE', #8582 ) ;
#6089 = ORIENTED_EDGE ( 'NONE', *, *, #11007, .T. ) ;
#6090 = FACE_OUTER_BOUND ( 'NONE', #823, .T. ) ;
#6091 =( NAMED_UNIT ( * ) SI_UNIT ( $, .STERADIAN. ) SOLID_ANGLE_UNIT ( ) );
#6092 = DIRECTION ( 'NONE',  ( -2.364801230464485631E-30, 1.644517855226018450E-15, 1.000000000000000000 ) ) ;
#6093 = EDGE_CURVE ( 'NONE', #4759, #6875, #3391, .T. ) ;
#6094 = AXIS2_PLACEMENT_3D ( 'NONE', #3856, #10072, #6756 ) ;
#6095 = CARTESIAN_POINT ( 'NONE',  ( -0.06889763779527560694, 0.001377952755905703262, 0.1820866141732285226 ) ) ;
#6096 =( GEOMETRIC_REPRESENTATION_CONTEXT ( 3 ) GLOBAL_UNCERTAINTY_ASSIGNED_CONTEXT ( ( #4778 ) ) GLOBAL_UNIT_ASSIGNED_CONTEXT ( ( #3224, #7003, #8770 ) ) REPRESENTATION_CONTEXT ( 'NONE', 'WORKASPACE' ) );
#6097 = VERTEX_POINT ( 'NONE', #716 ) ;
#6098 =( LENGTH_UNIT ( ) NAMED_UNIT ( * ) SI_UNIT ( $, .METRE. ) );
#6099 = FILL_AREA_STYLE_COLOUR ( '', #113 ) ;
#6100 = CARTESIAN_POINT ( 'NONE',  ( 0.01522951533058629695, 0.1998031496062995238, -0.1131572951809371869 ) ) ;
#6101 = EDGE_CURVE ( 'NONE', #4103, #8343, #3937, .T. ) ;
#6102 = FILL_AREA_STYLE ('',( #874 ) ) ;
#6103 = FILL_AREA_STYLE_COLOUR ( '', #4370 ) ;
#6104 = CARTESIAN_POINT ( 'NONE',  ( 0.01934165959544850363, 0.1998031496062995238, -0.1162882616643938632 ) ) ;
#6105 = MECHANICAL_DESIGN_GEOMETRIC_PRESENTATION_REPRESENTATION (  '', ( #4625 ), #3688 ) ;
#6106 = DIRECTION ( 'NONE',  ( 1.000000000000000000, 1.602884491802569361E-15, -2.878783784372901366E-31 ) ) ;
#6107 = VERTEX_POINT ( 'NONE', #6079 ) ;
#6108 = EDGE_CURVE ( 'NONE', #8028, #7133, #8640, .T. ) ;
#6109 = SURFACE_STYLE_USAGE ( .BOTH. , #7964 ) ;
#6110 = DIRECTION ( 'NONE',  ( 1.602884491802569361E-15, -1.000000000000000000, 1.548860246407864322E-15 ) ) ;
#6111 =( NAMED_UNIT ( * ) SI_UNIT ( $, .STERADIAN. ) SOLID_ANGLE_UNIT ( ) );
#6112 = EDGE_CURVE ( 'NONE', #5723, #3824, #6132, .T. ) ;
#6113 = EDGE_CURVE ( 'NONE', #5147, #10097, #11348, .T. ) ;
#6114 = CARTESIAN_POINT ( 'NONE',  ( 0.1952755905511816270, -0.02263779527559009463, 0.09311023622047270853 ) ) ;
#6115 = AXIS2_PLACEMENT_3D ( 'NONE', #59, #9082, #7208 ) ;
#6116 = DIRECTION ( 'NONE',  ( 1.602884491802569361E-15, -1.000000000000000000, 1.644517855226017859E-15 ) ) ;
#6117 = VERTEX_POINT ( 'NONE', #9696 ) ;
#6118 = EDGE_LOOP ( 'NONE', ( #5208, #6403, #1275, #1552 ) ) ;
#6119 = DIRECTION ( 'NONE',  ( -1.000000000000000000, -1.602884491802569361E-15, 2.711709361697226329E-31 ) ) ;
#6120 = VECTOR ( 'NONE', #6119, 39.37007874015748143 ) ;
#6121 =( GEOMETRIC_REPRESENTATION_CONTEXT ( 3 ) GLOBAL_UNCERTAINTY_ASSIGNED_CONTEXT ( ( #11027 ) ) GLOBAL_UNIT_ASSIGNED_CONTEXT ( ( #264, #3878, #11019 ) ) REPRESENTATION_CONTEXT ( 'NONE', 'WORKASPACE' ) );
#6122 = EDGE_LOOP ( 'NONE', ( #8867, #7911, #7917, #74 ) ) ;
#6123 = CARTESIAN_POINT ( 'NONE',  ( 0.06889763779527560694, 0.001377952755905925307, 0.1820866141732285226 ) ) ;
#6124 = DIMENSIONAL_EXPONENTS ( 1.000000000000000000, 0.0000000000000000000, 0.0000000000000000000, 0.0000000000000000000, 0.0000000000000000000, 0.0000000000000000000, 0.0000000000000000000 ) ;
#6125 = MECHANICAL_DESIGN_GEOMETRIC_PRESENTATION_REPRESENTATION (  '', ( #1248 ), #6304 ) ;
#6126 = VERTEX_POINT ( 'NONE', #5906 ) ;
#6127 = ORIENTED_EDGE ( 'NONE', *, *, #3963, .F. ) ;
#6128 = CARTESIAN_POINT ( 'NONE',  ( 0.06018589945968484678, 0.1269685039370083424, -0.2754440218001575347 ) ) ;
#6129 = AXIS2_PLACEMENT_3D ( 'NONE', #10136, #10942, #1147 ) ;
#6130 = CARTESIAN_POINT ( 'NONE',  ( 0.01934165959543282173, 0.1564960629921263169, 0.03366141732283457061 ) ) ;
#6131 = EDGE_CURVE ( 'NONE', #5868, #6312, #4333, .T. ) ;
#6132 = LINE ( 'NONE', #5085, #10617 ) ;
#6133 = CARTESIAN_POINT ( 'NONE',  ( -0.06929133858267740032, 0.1269685039370080371, 0.1336614173228346247 ) ) ;
#6134 = DIRECTION ( 'NONE',  ( -1.000000000000000000, -1.602884491802569361E-15, 2.878783784372901366E-31 ) ) ;
#6135 = LINE ( 'NONE', #7928, #11325 ) ;
#6136 = DIRECTION ( 'NONE',  ( 1.000000000000000000, 1.602884491802569361E-15, 2.711709361697224578E-31 ) ) ;
#6137 = STYLED_ITEM ( 'NONE', ( #7641 ), #8035 ) ;
#6138 = LENGTH_MEASURE_WITH_UNIT ( LENGTH_MEASURE( 0.02539999999999999897 ), #9004 );
#6139 = CARTESIAN_POINT ( 'NONE',  ( 0.06018589945968472882, 0.1998031496062995238, 0.07854330708661402816 ) ) ;
#6140 = VERTEX_POINT ( 'NONE', #4156 ) ;
#6141 = STYLED_ITEM ( 'NONE', ( #7180 ), #5391 ) ;
#6142 = EDGE_LOOP ( 'NONE', ( #1722, #9084, #8368, #10330 ) ) ;
#6143 = SURFACE_STYLE_FILL_AREA ( #10614 ) ;
#6144 = ORIENTED_EDGE ( 'NONE', *, *, #10895, .T. ) ;
#6145 = STYLED_ITEM ( 'NONE', ( #6362 ), #8983 ) ;
#6146 = ORIENTED_EDGE ( 'NONE', *, *, #9907, .T. ) ;
#6147 = VECTOR ( 'NONE', #6471, 39.37007874015748143 ) ;
#6148 = PRESENTATION_STYLE_ASSIGNMENT (( #5981 ) ) ;
#6149 =( LENGTH_UNIT ( ) NAMED_UNIT ( * ) SI_UNIT ( $, .METRE. ) );
#6150 = CIRCLE ( 'NONE', #2025, 0.005168431248992137912 ) ;
#6151 =( CONVERSION_BASED_UNIT ( 'INCH', #8774 ) LENGTH_UNIT ( ) NAMED_UNIT ( #11089 ) );
#6152 = SURFACE_SIDE_STYLE ('',( #6375 ) ) ;
#6153 = FILL_AREA_STYLE ('',( #2706 ) ) ;
#6154 = CARTESIAN_POINT ( 'NONE',  ( 0.06929133858267698398, 0.1269685039370083701, -0.2663385826771654252 ) ) ;
#6155 = SURFACE_STYLE_FILL_AREA ( #500 ) ;
#6156 = CIRCLE ( 'NONE', #10225, 0.009105439123007878083 ) ;
#6157 = AXIS2_PLACEMENT_3D ( 'NONE', #2081, #5553, #9223 ) ;
#6158 = PLANE ( 'NONE',  #1506 ) ;
#6159 = ORIENTED_EDGE ( 'NONE', *, *, #2950, .F. ) ;
#6160 = VECTOR ( 'NONE', #6890, 39.37007874015748143 ) ;
#6161 = VECTOR ( 'NONE', #3992, 39.37007874015748143 ) ;
#6162 = DIRECTION ( 'NONE',  ( -1.000000000000000000, -1.602884491802569361E-15, 2.711709361697226329E-31 ) ) ;
#6163 = UNCERTAINTY_MEASURE_WITH_UNIT (LENGTH_MEASURE( 1.000000000000000082E-05 ), #9989, 'distance_accuracy_value', 'NONE');
#6164 =( NAMED_UNIT ( * ) SI_UNIT ( $, .STERADIAN. ) SOLID_ANGLE_UNIT ( ) );
#6165 = CIRCLE ( 'NONE', #7638, 0.005168431248992119698 ) ;
#6166 = LINE ( 'NONE', #1887, #5042 ) ;
#6167 = ORIENTED_EDGE ( 'NONE', *, *, #3255, .T. ) ;
#6168 = DIRECTION ( 'NONE',  ( 0.0000000000000000000, 0.0000000000000000000, 1.000000000000000000 ) ) ;
#6169 = CARTESIAN_POINT ( 'NONE',  ( 8.456990371011413673E-17, -0.05413385826771627968, 0.1624015748031499007 ) ) ;
#6170 = DIRECTION ( 'NONE',  ( 2.348093788196917952E-30, -1.644517855226018450E-15, -1.000000000000000000 ) ) ;
#6171 = EDGE_CURVE ( 'NONE', #10702, #3777, #536, .T. ) ;
#6172 = EDGE_CURVE ( 'NONE', #1492, #1214, #8696, .T. ) ;
#6173 = LINE ( 'NONE', #8205, #10684 ) ;
#6174 = UNCERTAINTY_MEASURE_WITH_UNIT (LENGTH_MEASURE( 1.000000000000000082E-05 ), #3365, 'distance_accuracy_value', 'NONE');
#6175 = DIRECTION ( 'NONE',  ( 1.602884491802569361E-15, -1.000000000000000000, 1.644517855226017859E-15 ) ) ;
#6176 = VERTEX_POINT ( 'NONE', #769 ) ;
#6177 = EDGE_LOOP ( 'NONE', ( #4787, #1168, #1658 ) ) ;
#6178 = LINE ( 'NONE', #9683, #6679 ) ;
#6179 = COLOUR_RGB ( '',1.000000000000000000, 1.000000000000000000, 1.000000000000000000 ) ;
#6180 = FILL_AREA_STYLE ('',( #10593 ) ) ;
#6181 = ORIENTED_EDGE ( 'NONE', *, *, #3527, .F. ) ;
#6182 = LINE ( 'NONE', #3384, #8982 ) ;
#6183 = EDGE_CURVE ( 'NONE', #4560, #7796, #7810, .T. ) ;
#6184 = EDGE_CURVE ( 'NONE', #128, #3037, #11290, .T. ) ;
#6185 = STYLED_ITEM ( 'NONE', ( #6394 ), #10288 ) ;
#6186 = ORIENTED_EDGE ( 'NONE', *, *, #11509, .F. ) ;
#6187 = ORIENTED_EDGE ( 'NONE', *, *, #7102, .T. ) ;
#6188 = ADVANCED_FACE ( 'NONE', ( #6935 ), #10482, .T. ) ;
#6189 = COLOUR_RGB ( '',0.7607843137254901578, 0.7607843137254901578, 0.0000000000000000000 ) ;
#6190 = PLANE ( 'NONE',  #5176 ) ;
#6191 = UNCERTAINTY_MEASURE_WITH_UNIT (LENGTH_MEASURE( 1.000000000000000082E-05 ), #4976, 'distance_accuracy_value', 'NONE');
#6192 = DIRECTION ( 'NONE',  ( -1.000000000000000000, -1.602884491802569361E-15, 2.878783784372901366E-31 ) ) ;
#6193 = CARTESIAN_POINT ( 'NONE',  ( 0.06929133858267692847, 0.1564960629921264001, -0.4253937007874017406 ) ) ;
#6194 = MECHANICAL_DESIGN_GEOMETRIC_PRESENTATION_REPRESENTATION (  '', ( #2077 ), #1126 ) ;
#6195 = LINE ( 'NONE', #7817, #5408 ) ;
#6196 = VERTEX_POINT ( 'NONE', #1496 ) ;
#6197 = EDGE_CURVE ( 'NONE', #6107, #1440, #2496, .T. ) ;
#6198 = ORIENTED_EDGE ( 'NONE', *, *, #8684, .F. ) ;
#6199 = CARTESIAN_POINT ( 'NONE',  ( 0.01934165959544849669, 0.2037401574803153759, -0.1754440218001576401 ) ) ;
#6200 = ORIENTED_EDGE ( 'NONE', *, *, #7378, .F. ) ;
#6201 = ORIENTED_EDGE ( 'NONE', *, *, #2182, .T. ) ;
#6202 = CARTESIAN_POINT ( 'NONE',  ( 0.06018589945968484678, 0.1269685039370083424, -0.1663385826771653642 ) ) ;
#6203 =( NAMED_UNIT ( * ) SI_UNIT ( $, .STERADIAN. ) SOLID_ANGLE_UNIT ( ) );
#6204 = DIMENSIONAL_EXPONENTS ( 1.000000000000000000, 0.0000000000000000000, 0.0000000000000000000, 0.0000000000000000000, 0.0000000000000000000, 0.0000000000000000000, 0.0000000000000000000 ) ;
#6205 = FILL_AREA_STYLE_COLOUR ( '', #10516 ) ;
#6206 = DIRECTION ( 'NONE',  ( -1.594929680954394613E-15, 0.9950371902099890420, -0.09950371902100052512 ) ) ;
#6207 = DIRECTION ( 'NONE',  ( -1.000000000000000000, -1.602884491802569361E-15, 2.711709361697226329E-31 ) ) ;
#6208 = DIRECTION ( 'NONE',  ( 0.0000000000000000000, 0.0000000000000000000, 1.000000000000000000 ) ) ;
#6209 = SURFACE_STYLE_FILL_AREA ( #7072 ) ;
#6210 = AXIS2_PLACEMENT_3D ( 'NONE', #7357, #5797, #4036 ) ;
#6211 = CARTESIAN_POINT ( 'NONE',  ( -0.1535433070866145111, 0.2273622047244094890, -0.2458661417322836329 ) ) ;
#6212 = UNCERTAINTY_MEASURE_WITH_UNIT (LENGTH_MEASURE( 1.000000000000000082E-05 ), #5862, 'distance_accuracy_value', 'NONE');
#6213 = ORIENTED_EDGE ( 'NONE', *, *, #10221, .F. ) ;
#6214 = SURFACE_SIDE_STYLE ('',( #2650 ) ) ;
#6215 = DIRECTION ( 'NONE',  ( 1.000000000000000000, 1.602884491802569361E-15, -2.711709361697226329E-31 ) ) ;
#6216 =( LENGTH_UNIT ( ) NAMED_UNIT ( * ) SI_UNIT ( $, .METRE. ) );
#6217 = PRESENTATION_STYLE_ASSIGNMENT (( #9608 ) ) ;
#6218 = LINE ( 'NONE', #5357, #6272 ) ;
#6219 =( NAMED_UNIT ( * ) SI_UNIT ( $, .STERADIAN. ) SOLID_ANGLE_UNIT ( ) );
#6220 = CARTESIAN_POINT ( 'NONE',  ( 0.06889763779527559306, 0.008858267716535831934, 0.1702755905511812995 ) ) ;
#6221 =( LENGTH_UNIT ( ) NAMED_UNIT ( * ) SI_UNIT ( $, .METRE. ) );
#6222 = ORIENTED_EDGE ( 'NONE', *, *, #3179, .T. ) ;
#6223 = CARTESIAN_POINT ( 'NONE',  ( -0.1464566929133857831, -0.02263779527559050750, -0.1848425196850391194 ) ) ;
#6224 = SURFACE_STYLE_FILL_AREA ( #2530 ) ;
#6225 = LINE ( 'NONE', #4195, #10449 ) ;
#6226 = STYLED_ITEM ( 'NONE', ( #1883 ), #11221 ) ;
#6227 = SURFACE_SIDE_STYLE ('',( #4429 ) ) ;
#6228 = COLOUR_RGB ( '',1.000000000000000000, 1.000000000000000000, 1.000000000000000000 ) ;
#6229 = FILL_AREA_STYLE_COLOUR ( '', #7668 ) ;
#6230 = CIRCLE ( 'NONE', #1171, 0.003937007874015741905 ) ;
#6231 = CIRCLE ( 'NONE', #8094, 0.009105439123007878083 ) ;
#6232 = DIRECTION ( 'NONE',  ( -1.000000000000000000, -1.602884491802569361E-15, 2.711709361697226329E-31 ) ) ;
#6233 = ADVANCED_FACE ( 'NONE', ( #10604 ), #2382, .T. ) ;
#6234 = VERTEX_POINT ( 'NONE', #5502 ) ;
#6235 = PRESENTATION_STYLE_ASSIGNMENT (( #7975 ) ) ;
#6236 = VERTEX_POINT ( 'NONE', #8873 ) ;
#6237 = DIRECTION ( 'NONE',  ( -1.000000000000000000, -1.602884491802569361E-15, 2.711709361697226329E-31 ) ) ;
#6238 = STYLED_ITEM ( 'NONE', ( #4127 ), #1686 ) ;
#6239 = COLOUR_RGB ( '',1.000000000000000000, 1.000000000000000000, 1.000000000000000000 ) ;
#6240 = ORIENTED_EDGE ( 'NONE', *, *, #2762, .F. ) ;
#6241 = SURFACE_STYLE_FILL_AREA ( #8105 ) ;
#6242 = ORIENTED_EDGE ( 'NONE', *, *, #2479, .T. ) ;
#6243 = LINE ( 'NONE', #7117, #841 ) ;
#6244 = SURFACE_SIDE_STYLE ('',( #2738 ) ) ;
#6245 = CARTESIAN_POINT ( 'NONE',  ( 0.06929133858267698398, 0.1269685039370082313, 0.1336614173228346247 ) ) ;
#6246 = EDGE_CURVE ( 'NONE', #4141, #6411, #9001, .T. ) ;
#6247 = DIRECTION ( 'NONE',  ( -1.000000000000000000, -1.602884491802569361E-15, 2.711709361697226329E-31 ) ) ;
#6248 = CARTESIAN_POINT ( 'NONE',  ( 0.1535433070866144833, -0.1407480314960626033, 0.1151574803149610915 ) ) ;
#6249 = FILL_AREA_STYLE_COLOUR ( '', #6512 ) ;
#6250 = FILL_AREA_STYLE ('',( #4277 ) ) ;
#6251 = ADVANCED_FACE ( 'NONE', ( #5380 ), #3576, .T. ) ;
#6252 = ORIENTED_EDGE ( 'NONE', *, *, #2980, .F. ) ;
#6253 = EDGE_LOOP ( 'NONE', ( #10904, #1066, #261, #2750, #9244 ) ) ;
#6254 = ORIENTED_EDGE ( 'NONE', *, *, #6632, .F. ) ;
#6255 = MECHANICAL_DESIGN_GEOMETRIC_PRESENTATION_REPRESENTATION (  '', ( #9619 ), #7185 ) ;
#6256 = CARTESIAN_POINT ( 'NONE',  ( 0.01934165959544850363, 0.1998031496062994683, -0.01628826166439385770 ) ) ;
#6257 = VERTEX_POINT ( 'NONE', #3742 ) ;
#6258 = ORIENTED_EDGE ( 'NONE', *, *, #11284, .F. ) ;
#6259 = SURFACE_STYLE_FILL_AREA ( #2701 ) ;
#6260 = CARTESIAN_POINT ( 'NONE',  ( -0.1464566929133857831, -0.02263779527559053872, -0.2068897637795273081 ) ) ;
#6261 = DIRECTION ( 'NONE',  ( -1.602884491802569361E-15, 1.000000000000000000, -1.644517855226017859E-15 ) ) ;
#6262 = CARTESIAN_POINT ( 'NONE',  ( -0.007480314960630246417, 0.1998031496062995793, -0.2958661417322836495 ) ) ;
#6263 = SURFACE_STYLE_USAGE ( .BOTH. , #8126 ) ;
#6264 = DIRECTION ( 'NONE',  ( 1.594929680954371539E-16, -0.09950371902099727772, 0.9950371902099893751 ) ) ;
#6265 = EDGE_CURVE ( 'NONE', #2302, #2855, #1880, .T. ) ;
#6266 = ADVANCED_FACE ( 'NONE', ( #4515 ), #8054, .F. ) ;
#6267 =( CONVERSION_BASED_UNIT ( 'INCH', #7884 ) LENGTH_UNIT ( ) NAMED_UNIT ( #7672 ) );
#6268 = LENGTH_MEASURE_WITH_UNIT ( LENGTH_MEASURE( 0.02539999999999999897 ), #3529 );
#6269 =( LENGTH_UNIT ( ) NAMED_UNIT ( * ) SI_UNIT ( $, .METRE. ) );
#6270 =( CONVERSION_BASED_UNIT ( 'INCH', #10840 ) LENGTH_UNIT ( ) NAMED_UNIT ( #709 ) );
#6271 = VERTEX_POINT ( 'NONE', #11044 ) ;
#6272 = VECTOR ( 'NONE', #7148, 39.37007874015748143 ) ;
#6273 = CIRCLE ( 'NONE', #1209, 0.009105439123007888491 ) ;
#6274 = DIRECTION ( 'NONE',  ( 1.602884491802569361E-15, -1.000000000000000000, 1.644517855226017859E-15 ) ) ;
#6275 = SURFACE_STYLE_USAGE ( .BOTH. , #3364 ) ;
#6276 = FACE_OUTER_BOUND ( 'NONE', #6142, .T. ) ;
#6277 = UNCERTAINTY_MEASURE_WITH_UNIT (LENGTH_MEASURE( 1.000000000000000082E-05 ), #9336, 'distance_accuracy_value', 'NONE');
#6278 = DIRECTION ( 'NONE',  ( 0.7956271577886173674, 0.0000000000000000000, 0.6057866173738131188 ) ) ;
#6279 = LINE ( 'NONE', #5358, #2600 ) ;
#6280 = ORIENTED_EDGE ( 'NONE', *, *, #4691, .T. ) ;
#6281 = FILL_AREA_STYLE ('',( #10142 ) ) ;
#6282 = STYLED_ITEM ( 'NONE', ( #6470 ), #7153 ) ;
#6283 = CARTESIAN_POINT ( 'NONE',  ( 0.06018589945968472882, 0.1998031496062996348, -0.07544402180015766235 ) ) ;
#6284 = LINE ( 'NONE', #4549, #8408 ) ;
#6286 = CARTESIAN_POINT ( 'NONE',  ( 0.01934165959548794084, 0.1564960629921262059, -0.02539370078740165945 ) ) ;
#6285 = VECTOR ( 'NONE', #10701, 39.37007874015748143 ) ;
#6287 = SURFACE_STYLE_FILL_AREA ( #1835 ) ;
#6288 = FILL_AREA_STYLE ('',( #4499 ) ) ;
#6289 = SURFACE_SIDE_STYLE ('',( #7280 ) ) ;
#6290 = ORIENTED_EDGE ( 'NONE', *, *, #2835, .T. ) ;
#6291 = ORIENTED_EDGE ( 'NONE', *, *, #6461, .F. ) ;
#6292 = EDGE_CURVE ( 'NONE', #1153, #2995, #10871, .T. ) ;
#6293 = ORIENTED_EDGE ( 'NONE', *, *, #10232, .T. ) ;
#6294 = DIRECTION ( 'NONE',  ( -1.602884491802569361E-15, 1.000000000000000000, -1.644517855226017859E-15 ) ) ;
#6295 = VERTEX_POINT ( 'NONE', #1132 ) ;
#6296 = UNCERTAINTY_MEASURE_WITH_UNIT (LENGTH_MEASURE( 1.000000000000000082E-05 ), #11316, 'distance_accuracy_value', 'NONE');
#6297 = DIRECTION ( 'NONE',  ( 1.602884491802569361E-15, -1.000000000000000000, 1.644517855226017859E-15 ) ) ;
#6298 =( GEOMETRIC_REPRESENTATION_CONTEXT ( 3 ) GLOBAL_UNCERTAINTY_ASSIGNED_CONTEXT ( ( #873 ) ) GLOBAL_UNIT_ASSIGNED_CONTEXT ( ( #25, #2559, #6082 ) ) REPRESENTATION_CONTEXT ( 'NONE', 'WORKASPACE' ) );
#6299 = AXIS2_PLACEMENT_3D ( 'NONE', #5343, #4585, #8009 ) ;
#6300 = FILL_AREA_STYLE_COLOUR ( '', #11467 ) ;
#6301 =( NAMED_UNIT ( * ) PLANE_ANGLE_UNIT ( ) SI_UNIT ( $, .RADIAN. ) );
#6302 = CARTESIAN_POINT ( 'NONE',  ( 0.06929133858267687296, 0.1958661417322839216, -0.06633858267716551127 ) ) ;
#6303 = VERTEX_POINT ( 'NONE', #5790 ) ;
#6304 =( GEOMETRIC_REPRESENTATION_CONTEXT ( 3 ) GLOBAL_UNCERTAINTY_ASSIGNED_CONTEXT ( ( #10017 ) ) GLOBAL_UNIT_ASSIGNED_CONTEXT ( ( #10216, #2177, #5824 ) ) REPRESENTATION_CONTEXT ( 'NONE', 'WORKASPACE' ) );
#6305 = VERTEX_POINT ( 'NONE', #5613 ) ;
#6306 =( GEOMETRIC_REPRESENTATION_CONTEXT ( 3 ) GLOBAL_UNCERTAINTY_ASSIGNED_CONTEXT ( ( #8023 ) ) GLOBAL_UNIT_ASSIGNED_CONTEXT ( ( #2062, #4010, #9312 ) ) REPRESENTATION_CONTEXT ( 'NONE', 'WORKASPACE' ) );
#6307 = VERTEX_POINT ( 'NONE', #1191 ) ;
#6308 = ADVANCED_FACE ( 'NONE', ( #9281 ), #1251, .F. ) ;
#6309 = VECTOR ( 'NONE', #2269, 39.37007874015748143 ) ;
#6310 = SURFACE_SIDE_STYLE ('',( #4461 ) ) ;
#6311 = ORIENTED_EDGE ( 'NONE', *, *, #75, .T. ) ;
#6312 = VERTEX_POINT ( 'NONE', #7568 ) ;
#6313 = CARTESIAN_POINT ( 'NONE',  ( -0.1535433070866139282, -0.1407480314960631029, 0.01515748031496108768 ) ) ;
#6314 = DIRECTION ( 'NONE',  ( 1.000000000000000000, 1.602884491801618981E-15, -5.779657525473999146E-13 ) ) ;
#6315 = ADVANCED_FACE ( 'NONE', ( #10071 ), #10981, .T. ) ;
#6316 = PRESENTATION_LAYER_ASSIGNMENT (  '', '', ( #9854 ) ) ;
#6317 = DIRECTION ( 'NONE',  ( 2.348093788196917952E-30, -1.644517855226018450E-15, -1.000000000000000000 ) ) ;
#6318 =( NAMED_UNIT ( * ) PLANE_ANGLE_UNIT ( ) SI_UNIT ( $, .RADIAN. ) );
#6319 = SURFACE_SIDE_STYLE ('',( #7251 ) ) ;
#6320 = DIRECTION ( 'NONE',  ( -2.348093788196917952E-30, 1.644517855226018450E-15, 1.000000000000000000 ) ) ;
#6321 = SURFACE_STYLE_FILL_AREA ( #8130 ) ;
#6322 =( GEOMETRIC_REPRESENTATION_CONTEXT ( 3 ) GLOBAL_UNCERTAINTY_ASSIGNED_CONTEXT ( ( #5832 ) ) GLOBAL_UNIT_ASSIGNED_CONTEXT ( ( #1876, #1698, #2642 ) ) REPRESENTATION_CONTEXT ( 'NONE', 'WORKASPACE' ) );
#6323 = TOROIDAL_SURFACE ( 'NONE', #2975, 0.02854330708661417110, 0.003937007874015747977 ) ;
#6324 = MECHANICAL_DESIGN_GEOMETRIC_PRESENTATION_REPRESENTATION (  '', ( #6880 ), #2790 ) ;
#6325 = EDGE_CURVE ( 'NONE', #8287, #128, #2085, .T. ) ;
#6326 = ADVANCED_FACE ( 'NONE', ( #9677 ), #9450, .T. ) ;
#6327 = VERTEX_POINT ( 'NONE', #5246 ) ;
#6328 = STYLED_ITEM ( 'NONE', ( #2743 ), #5341 ) ;
#6329 = LINE ( 'NONE', #7143, #3060 ) ;
#6330 = LENGTH_MEASURE_WITH_UNIT ( LENGTH_MEASURE( 0.02539999999999999897 ), #2774 );
#6331 = FILL_AREA_STYLE ('',( #2777 ) ) ;
#6332 = LENGTH_MEASURE_WITH_UNIT ( LENGTH_MEASURE( 0.02539999999999999897 ), #4594 );
#6333 = SURFACE_STYLE_USAGE ( .BOTH. , #7019 ) ;
#6334 =( GEOMETRIC_REPRESENTATION_CONTEXT ( 3 ) GLOBAL_UNCERTAINTY_ASSIGNED_CONTEXT ( ( #10819 ) ) GLOBAL_UNIT_ASSIGNED_CONTEXT ( ( #1422, #4085, #5016 ) ) REPRESENTATION_CONTEXT ( 'NONE', 'WORKASPACE' ) );
#6336 = LINE ( 'NONE', #2592, #6893 ) ;
#6335 = VECTOR ( 'NONE', #4826, 39.37007874015748143 ) ;
#6337 = CARTESIAN_POINT ( 'NONE',  ( 0.06018589945968479821, 0.1564960629921264834, -0.2663385826771654807 ) ) ;
#6338 = ORIENTED_EDGE ( 'NONE', *, *, #4697, .T. ) ;
#6339 = AXIS2_PLACEMENT_3D ( 'NONE', #3853, #6530, #6643 ) ;
#6340 = DIRECTION ( 'NONE',  ( -1.000000000000000000, -1.602884491802569361E-15, 2.711709361697226329E-31 ) ) ;
#6341 = PRESENTATION_STYLE_ASSIGNMENT (( #9087 ) ) ;
#6342 = EDGE_CURVE ( 'NONE', #249, #5095, #521, .T. ) ;
#6343 =( GEOMETRIC_REPRESENTATION_CONTEXT ( 3 ) GLOBAL_UNCERTAINTY_ASSIGNED_CONTEXT ( ( #3028 ) ) GLOBAL_UNIT_ASSIGNED_CONTEXT ( ( #7486, #4656, #5749 ) ) REPRESENTATION_CONTEXT ( 'NONE', 'WORKASPACE' ) );
#6344 = STYLED_ITEM ( 'NONE', ( #3825 ), #5678 ) ;
#6345 = DIRECTION ( 'NONE',  ( 1.000000000000000000, 1.602884491802764604E-15, 1.187510765328999591E-13 ) ) ;
#6346 = FACE_OUTER_BOUND ( 'NONE', #4090, .T. ) ;
#6347 = SURFACE_STYLE_USAGE ( .BOTH. , #523 ) ;
#6348 = DIMENSIONAL_EXPONENTS ( 1.000000000000000000, 0.0000000000000000000, 0.0000000000000000000, 0.0000000000000000000, 0.0000000000000000000, 0.0000000000000000000, 0.0000000000000000000 ) ;
#6349 = ORIENTED_EDGE ( 'NONE', *, *, #9100, .T. ) ;
#6350 = DIRECTION ( 'NONE',  ( -2.348093788196916901E-30, 1.644517855226017859E-15, 1.000000000000000000 ) ) ;
#6351 = ORIENTED_EDGE ( 'NONE', *, *, #8313, .T. ) ;
#6352 = CARTESIAN_POINT ( 'NONE',  ( 0.06018589945968472882, 0.1998031496062996348, -0.3214566929133859663 ) ) ;
#6353 = CIRCLE ( 'NONE', #10968, 0.009105439123007878083 ) ;
#6354 = ORIENTED_EDGE ( 'NONE', *, *, #10783, .F. ) ;
#6355 = LINE ( 'NONE', #2734, #9389 ) ;
#6356 = ORIENTED_EDGE ( 'NONE', *, *, #4899, .F. ) ;
#6357 = FILL_AREA_STYLE_COLOUR ( '', #3949 ) ;
#6358 = CARTESIAN_POINT ( 'NONE',  ( 0.06018589945968472882, 0.2037401574803154036, -0.07027559055118128006 ) ) ;
#6359 = VECTOR ( 'NONE', #5428, 39.37007874015748143 ) ;
#6360 =( CONVERSION_BASED_UNIT ( 'INCH', #9806 ) LENGTH_UNIT ( ) NAMED_UNIT ( #5611 ) );
#6361 = CARTESIAN_POINT ( 'NONE',  ( -0.1464566929133857831, -0.02263779527559043464, -0.3848425196850391861 ) ) ;
#6362 = PRESENTATION_STYLE_ASSIGNMENT (( #2867 ) ) ;
#6363 = DIRECTION ( 'NONE',  ( 1.000000000000000000, 1.602884491802569361E-15, -2.711709361697226329E-31 ) ) ;
#6364 = MECHANICAL_DESIGN_GEOMETRIC_PRESENTATION_REPRESENTATION (  '', ( #11574 ), #7848 ) ;
#6365 = ORIENTED_EDGE ( 'NONE', *, *, #9100, .F. ) ;
#6366 = AXIS2_PLACEMENT_3D ( 'NONE', #2724, #6175, #1715 ) ;
#6367 = DIRECTION ( 'NONE',  ( -2.255731163044917930E-10, 1.000000000000000000, 2.962140801037447666E-10 ) ) ;
#6368 = ORIENTED_EDGE ( 'NONE', *, *, #8164, .F. ) ;
#6369 = LINE ( 'NONE', #2873, #1173 ) ;
#6370 = SURFACE_SIDE_STYLE ('',( #10782 ) ) ;
#6371 = AXIS2_PLACEMENT_3D ( 'NONE', #7193, #2760, #10035 ) ;
#6372 = FILL_AREA_STYLE_COLOUR ( '', #8679 ) ;
#6373 = SURFACE_STYLE_USAGE ( .BOTH. , #8237 ) ;
#6374 = FACE_OUTER_BOUND ( 'NONE', #4164, .T. ) ;
#6375 = SURFACE_STYLE_FILL_AREA ( #796 ) ;
#6376 = DIRECTION ( 'NONE',  ( 1.602884491802569361E-15, -1.000000000000000000, 1.644517855226017859E-15 ) ) ;
#6377 = EDGE_CURVE ( 'NONE', #4037, #2908, #4317, .T. ) ;
#6378 = FACE_OUTER_BOUND ( 'NONE', #7875, .T. ) ;
#6379 = COLOUR_RGB ( '',1.000000000000000000, 1.000000000000000000, 1.000000000000000000 ) ;
#6380 = CARTESIAN_POINT ( 'NONE',  ( 0.06429804372452725680, 0.1998031496062997181, -0.2785749882836222602 ) ) ;
#6381 = ORIENTED_EDGE ( 'NONE', *, *, #9825, .F. ) ;
#6382 = DIMENSIONAL_EXPONENTS ( 1.000000000000000000, 0.0000000000000000000, 0.0000000000000000000, 0.0000000000000000000, 0.0000000000000000000, 0.0000000000000000000, 0.0000000000000000000 ) ;
#6383 = FACE_OUTER_BOUND ( 'NONE', #846, .T. ) ;
#6384 = CARTESIAN_POINT ( 'NONE',  ( -0.06889763779527587062, 0.1564960629921261781, 0.1624015748031495399 ) ) ;
#6385 = FILL_AREA_STYLE_COLOUR ( '', #9412 ) ;
#6386 =( CONVERSION_BASED_UNIT ( 'INCH', #170 ) LENGTH_UNIT ( ) NAMED_UNIT ( #2914 ) );
#6387 = VECTOR ( 'NONE', #8399, 39.37007874015748143 ) ;
#6388 =( NAMED_UNIT ( * ) SI_UNIT ( $, .STERADIAN. ) SOLID_ANGLE_UNIT ( ) );
#6389 = EDGE_CURVE ( 'NONE', #1011, #6661, #3375, .T. ) ;
#6390 = EDGE_CURVE ( 'NONE', #4077, #1024, #11277, .T. ) ;
#6391 = VERTEX_POINT ( 'NONE', #2312 ) ;
#6392 = DIRECTION ( 'NONE',  ( -1.000000000000000000, -1.602884491802569361E-15, 2.711709361697226329E-31 ) ) ;
#6393 = LINE ( 'NONE', #174, #8088 ) ;
#6394 = PRESENTATION_STYLE_ASSIGNMENT (( #2 ) ) ;
#6395 = AXIS2_PLACEMENT_3D ( 'NONE', #6283, #2475, #6061 ) ;
#6396 = PRESENTATION_LAYER_ASSIGNMENT (  '', '', ( #8637 ) ) ;
#6397 = FILL_AREA_STYLE ('',( #121 ) ) ;
#6398 = DIRECTION ( 'NONE',  ( -1.000000000000000000, -1.602884491802569361E-15, 2.711709361697224578E-31 ) ) ;
#6399 = ADVANCED_FACE ( 'NONE', ( #5898 ), #1418, .F. ) ;
#6400 = SURFACE_STYLE_USAGE ( .BOTH. , #6289 ) ;
#6401 = EDGE_CURVE ( 'NONE', #7873, #3666, #5948, .T. ) ;
#6402 = PRESENTATION_LAYER_ASSIGNMENT (  '', '', ( #3059 ) ) ;
#6403 = ORIENTED_EDGE ( 'NONE', *, *, #10861, .T. ) ;
#6404 = DIRECTION ( 'NONE',  ( 1.602884491802569361E-15, -1.000000000000000000, 1.644517855226017859E-15 ) ) ;
#6405 = EDGE_LOOP ( 'NONE', ( #9256, #8532, #10070, #5890 ) ) ;
#6406 = LENGTH_MEASURE_WITH_UNIT ( LENGTH_MEASURE( 0.02539999999999999897 ), #4614 );
#6407 = EDGE_LOOP ( 'NONE', ( #9417, #4994, #9627, #3052 ) ) ;
#6408 = PRESENTATION_LAYER_ASSIGNMENT (  '', '', ( #8270 ) ) ;
#6409 = FILL_AREA_STYLE_COLOUR ( '', #4925 ) ;
#6410 = STYLED_ITEM ( 'NONE', ( #10551 ), #11437 ) ;
#6411 = VERTEX_POINT ( 'NONE', #1481 ) ;
#6412 = UNCERTAINTY_MEASURE_WITH_UNIT (LENGTH_MEASURE( 1.000000000000000082E-05 ), #2162, 'distance_accuracy_value', 'NONE');
#6413 = CARTESIAN_POINT ( 'NONE',  ( 0.01934165959544855914, 0.1643700787401577990, -0.2253937007874016740 ) ) ;
#6414 = CARTESIAN_POINT ( 'NONE',  ( 0.06018589945968478433, 0.1643700787401579377, -0.4162882616643938105 ) ) ;
#6415 = LINE ( 'NONE', #6361, #6147 ) ;
#6416 =( LENGTH_UNIT ( ) NAMED_UNIT ( * ) SI_UNIT ( $, .METRE. ) );
#6417 =( GEOMETRIC_REPRESENTATION_CONTEXT ( 3 ) GLOBAL_UNCERTAINTY_ASSIGNED_CONTEXT ( ( #7331 ) ) GLOBAL_UNIT_ASSIGNED_CONTEXT ( ( #10600, #8869, #11026 ) ) REPRESENTATION_CONTEXT ( 'NONE', 'WORKASPACE' ) );
#6418 = SURFACE_SIDE_STYLE ('',( #10823 ) ) ;
#6419 = AXIS2_PLACEMENT_3D ( 'NONE', #4823, #8309, #11134 ) ;
#6420 = ORIENTED_EDGE ( 'NONE', *, *, #1609, .T. ) ;
#6421 = LINE ( 'NONE', #9976, #10102 ) ;
#6422 = ORIENTED_EDGE ( 'NONE', *, *, #2513, .F. ) ;
#6423 = LINE ( 'NONE', #2822, #11231 ) ;
#6424 =( GEOMETRIC_REPRESENTATION_CONTEXT ( 3 ) GLOBAL_UNCERTAINTY_ASSIGNED_CONTEXT ( ( #9324 ) ) GLOBAL_UNIT_ASSIGNED_CONTEXT ( ( #5469, #1996, #9938 ) ) REPRESENTATION_CONTEXT ( 'NONE', 'WORKASPACE' ) );
#6425 = AXIS2_PLACEMENT_3D ( 'NONE', #4408, #8831, #3526 ) ;
#6426 = DIRECTION ( 'NONE',  ( -2.348093788196917952E-30, 1.644517855226018450E-15, 1.000000000000000000 ) ) ;
#6427 = DIRECTION ( 'NONE',  ( -1.602884491802569361E-15, 1.000000000000000000, -1.644517855226017859E-15 ) ) ;
#6428 = LENGTH_MEASURE_WITH_UNIT ( LENGTH_MEASURE( 0.02539999999999999897 ), #9770 );
#6429 = CARTESIAN_POINT ( 'NONE',  ( 0.01934165959544861813, 0.1269685039370080926, 0.07460629921259839814 ) ) ;
#6430 = LINE ( 'NONE', #2880, #10588 ) ;
#6431 = CARTESIAN_POINT ( 'NONE',  ( -0.06929133858267740032, 0.1269685039370082036, -0.3663385826771654585 ) ) ;
#6432 = STYLED_ITEM ( 'NONE', ( #9062 ), #2102 ) ;
#6433 = EDGE_LOOP ( 'NONE', ( #6351, #4343, #4982, #322 ) ) ;
#6434 = FILL_AREA_STYLE_COLOUR ( '', #2647 ) ;
#6435 = ORIENTED_EDGE ( 'NONE', *, *, #4961, .F. ) ;
#6436 = EDGE_CURVE ( 'NONE', #3777, #8273, #5073, .T. ) ;
#6437 = CARTESIAN_POINT ( 'NONE',  ( 0.01522951533058629174, 0.2037401574803152926, 0.02142501171637779464 ) ) ;
#6438 = VECTOR ( 'NONE', #7288, 39.37007874015748143 ) ;
#6439 = DIRECTION ( 'NONE',  ( -1.602884491802569361E-15, 1.000000000000000000, -1.644517855226017859E-15 ) ) ;
#6440 = LINE ( 'NONE', #5650, #146 ) ;
#6441 = FILL_AREA_STYLE_COLOUR ( '', #9847 ) ;
#6442 = CARTESIAN_POINT ( 'NONE',  ( 0.06429804372452725680, 0.2037401574803154036, -0.07857498828362222132 ) ) ;
#6443 = VERTEX_POINT ( 'NONE', #4255 ) ;
#6444 = FACE_OUTER_BOUND ( 'NONE', #8241, .T. ) ;
#6445 =( LENGTH_UNIT ( ) NAMED_UNIT ( * ) SI_UNIT ( $, .METRE. ) );
#6446 = AXIS2_PLACEMENT_3D ( 'NONE', #2853, #4432, #6398 ) ;
#6447 = EDGE_CURVE ( 'NONE', #1690, #4953, #9622, .T. ) ;
#6448 = DIRECTION ( 'NONE',  ( 1.602884491802569361E-15, -1.000000000000000000, 1.644517855226017859E-15 ) ) ;
#6449 = LINE ( 'NONE', #1000, #6783 ) ;
#6450 = CARTESIAN_POINT ( 'NONE',  ( 0.06018589945980290512, 0.1564960629921262614, -0.02539370078740165945 ) ) ;
#6451 = ADVANCED_FACE ( 'NONE', ( #6009 ), #9570, .T. ) ;
#6452 = DIMENSIONAL_EXPONENTS ( 1.000000000000000000, 0.0000000000000000000, 0.0000000000000000000, 0.0000000000000000000, 0.0000000000000000000, 0.0000000000000000000, 0.0000000000000000000 ) ;
#6453 = SURFACE_SIDE_STYLE ('',( #3019 ) ) ;
#6454 = CIRCLE ( 'NONE', #2733, 0.005168431248992122300 ) ;
#6455 = ORIENTED_EDGE ( 'NONE', *, *, #8296, .F. ) ;
#6456 = CARTESIAN_POINT ( 'NONE',  ( 0.1535433070866145389, -0.1722440944881885871, 0.1120078740157485764 ) ) ;
#6457 = ORIENTED_EDGE ( 'NONE', *, *, #10568, .T. ) ;
#6458 = SURFACE_STYLE_USAGE ( .BOTH. , #10067 ) ;
#6459 = ORIENTED_EDGE ( 'NONE', *, *, #5696, .F. ) ;
#6460 = VECTOR ( 'NONE', #8758, 39.37007874015748143 ) ;
#6461 = EDGE_CURVE ( 'NONE', #548, #4685, #4552, .T. ) ;
#6462 = AXIS2_PLACEMENT_3D ( 'NONE', #7699, #4215, #535 ) ;
#6463 = FACE_OUTER_BOUND ( 'NONE', #3722, .T. ) ;
#6464 = ADVANCED_FACE ( 'NONE', ( #9739 ), #10698, .T. ) ;
#6465 = ORIENTED_EDGE ( 'NONE', *, *, #3995, .F. ) ;
#6466 = LENGTH_MEASURE_WITH_UNIT ( LENGTH_MEASURE( 0.02539999999999999897 ), #8388 );
#6467 = DIMENSIONAL_EXPONENTS ( 1.000000000000000000, 0.0000000000000000000, 0.0000000000000000000, 0.0000000000000000000, 0.0000000000000000000, 0.0000000000000000000, 0.0000000000000000000 ) ;
#6468 = FILL_AREA_STYLE ('',( #2026 ) ) ;
#6469 = LINE ( 'NONE', #10018, #2515 ) ;
#6470 = PRESENTATION_STYLE_ASSIGNMENT (( #1971 ) ) ;
#6471 = DIRECTION ( 'NONE',  ( 2.348093788196917952E-30, -1.644517855226018450E-15, -1.000000000000000000 ) ) ;
#6472 = CARTESIAN_POINT ( 'NONE',  ( 0.01934165959544855914, 0.1643700787401578545, -0.4253937007874017406 ) ) ;
#6473 = PRESENTATION_LAYER_ASSIGNMENT (  '', '', ( #3499 ) ) ;
#6474 = DIRECTION ( 'NONE',  ( 0.7956271577885689616, 2.392722035830078479E-15, 0.6057866173738765125 ) ) ;
#6475 = ORIENTED_EDGE ( 'NONE', *, *, #295, .T. ) ;
#6476 = LINE ( 'NONE', #2923, #6387 ) ;
#6477 = ADVANCED_FACE ( 'NONE', ( #8856 ), #11565, .T. ) ;
#6478 = ORIENTED_EDGE ( 'NONE', *, *, #6292, .F. ) ;
#6479 = COLOUR_RGB ( '',0.0000000000000000000, 0.0000000000000000000, 1.000000000000000000 ) ;
#6480 = PRODUCT_CONTEXT ( 'NONE', #5253, 'mechanical' ) ;
#6481 = DIRECTION ( 'NONE',  ( 2.348093788196917952E-30, -1.644517855226018450E-15, -1.000000000000000000 ) ) ;
#6482 = DIRECTION ( 'NONE',  ( 0.7956271577885690727, 2.775557561562890562E-15, 0.6057866173738766236 ) ) ;
#6483 = FILL_AREA_STYLE_COLOUR ( '', #872 ) ;
#6484 = SURFACE_SIDE_STYLE ('',( #10259 ) ) ;
#6485 = CARTESIAN_POINT ( 'NONE',  ( 0.06743043410952737071, 0.1269685039370083424, -0.2809599749661811918 ) ) ;
#6486 = CARTESIAN_POINT ( 'NONE',  ( 0.06018589943271623194, 0.1998031496062995238, 0.07460629921259827324 ) ) ;
#6487 =( NAMED_UNIT ( * ) SI_UNIT ( $, .STERADIAN. ) SOLID_ANGLE_UNIT ( ) );
#6488 = PRESENTATION_LAYER_ASSIGNMENT (  '', '', ( #1049 ) ) ;
#6489 = DIMENSIONAL_EXPONENTS ( 1.000000000000000000, 0.0000000000000000000, 0.0000000000000000000, 0.0000000000000000000, 0.0000000000000000000, 0.0000000000000000000, 0.0000000000000000000 ) ;
#6490 = LINE ( 'NONE', #10890, #2403 ) ;
#6491 = PRESENTATION_LAYER_ASSIGNMENT (  '', '', ( #11502 ) ) ;
#6492 = CIRCLE ( 'NONE', #7608, 0.005168431248992127504 ) ;
#6493 = ORIENTED_EDGE ( 'NONE', *, *, #2320, .T. ) ;
#6494 = STYLED_ITEM ( 'NONE', ( #1719 ), #7398 ) ;
#6495 = VERTEX_POINT ( 'NONE', #1772 ) ;
#6496 = VECTOR ( 'NONE', #5636, 39.37007874015748143 ) ;
#6497 =( NAMED_UNIT ( * ) SI_UNIT ( $, .STERADIAN. ) SOLID_ANGLE_UNIT ( ) );
#6498 = DIRECTION ( 'NONE',  ( -1.594929680954395007E-15, 0.9950371902099891530, 0.09950371902099724997 ) ) ;
#6499 = SURFACE_STYLE_FILL_AREA ( #10045 ) ;
#6500 = AXIS2_PLACEMENT_3D ( 'NONE', #3656, #5464, #49 ) ;
#6501 = PLANE ( 'NONE',  #7900 ) ;
#6502 = VECTOR ( 'NONE', #9930, 39.37007874015748143 ) ;
#6503 = CARTESIAN_POINT ( 'NONE',  ( 0.06743043410952725969, 0.1998031496062995793, 0.1190400250338187610 ) ) ;
#6504 = CARTESIAN_POINT ( 'NONE',  ( 0.1535433070866145389, -0.1722440944881884761, -0.3037401574803144655 ) ) ;
#6505 = SURFACE_STYLE_USAGE ( .BOTH. , #9311 ) ;
#6506 = FACE_OUTER_BOUND ( 'NONE', #3283, .T. ) ;
#6507 = ORIENTED_EDGE ( 'NONE', *, *, #1877, .F. ) ;
#6508 = STYLED_ITEM ( 'NONE', ( #1679 ), #8052 ) ;
#6509 = FACE_OUTER_BOUND ( 'NONE', #7913, .T. ) ;
#6510 =( CONVERSION_BASED_UNIT ( 'INCH', #2065 ) LENGTH_UNIT ( ) NAMED_UNIT ( #8807 ) );
#6511 = COLOUR_RGB ( '',0.7607843137254901578, 0.7607843137254901578, 0.0000000000000000000 ) ;
#6512 = COLOUR_RGB ( '',1.000000000000000000, 1.000000000000000000, 1.000000000000000000 ) ;
#6513 = LENGTH_MEASURE_WITH_UNIT ( LENGTH_MEASURE( 0.02539999999999999897 ), #2068 );
#6514 = FACE_OUTER_BOUND ( 'NONE', #3280, .T. ) ;
#6515 = UNCERTAINTY_MEASURE_WITH_UNIT (LENGTH_MEASURE( 1.000000000000000082E-05 ), #1582, 'distance_accuracy_value', 'NONE');
#6516 = FACE_OUTER_BOUND ( 'NONE', #10850, .T. ) ;
#6517 = PLANE ( 'NONE',  #1425 ) ;
#6518 = ORIENTED_EDGE ( 'NONE', *, *, #5476, .F. ) ;
#6519 = FILL_AREA_STYLE ('',( #2959 ) ) ;
#6520 = EDGE_CURVE ( 'NONE', #9334, #6636, #2852, .T. ) ;
#6521 = EDGE_LOOP ( 'NONE', ( #5754, #1783, #6338, #2109, #9692, #6356 ) ) ;
#6522 = FILL_AREA_STYLE ('',( #1063 ) ) ;
#6523 = CIRCLE ( 'NONE', #7630, 0.003937007874015748844 ) ;
#6524 = COLOUR_RGB ( '',1.000000000000000000, 1.000000000000000000, 1.000000000000000000 ) ;
#6525 = EDGE_CURVE ( 'NONE', #2037, #3586, #7907, .T. ) ;
#6526 = AXIS2_PLACEMENT_3D ( 'NONE', #2401, #3405, #6950 ) ;
#6527 = ORIENTED_EDGE ( 'NONE', *, *, #8101, .F. ) ;
#6528 = SURFACE_STYLE_FILL_AREA ( #1189 ) ;
#6529 = ORIENTED_EDGE ( 'NONE', *, *, #11370, .T. ) ;
#6530 = DIRECTION ( 'NONE',  ( 1.602884491802569361E-15, -1.000000000000000000, 1.644517855226017859E-15 ) ) ;
#6531 = UNCERTAINTY_MEASURE_WITH_UNIT (LENGTH_MEASURE( 1.000000000000000082E-05 ), #3146, 'distance_accuracy_value', 'NONE');
#6532 = DIRECTION ( 'NONE',  ( 1.602884491802569361E-15, -1.000000000000000000, 1.644517855226017859E-15 ) ) ;
#6533 = MECHANICAL_DESIGN_GEOMETRIC_PRESENTATION_REPRESENTATION (  '', ( #3174 ), #10611 ) ;
#6534 = TOROIDAL_SURFACE ( 'NONE', #10427, 0.005168431248992125769, 0.003937007874015747977 ) ;
#6535 = CARTESIAN_POINT ( 'NONE',  ( 0.01934165959544855914, 0.1643700787401578267, -0.3162882616643937772 ) ) ;
#6536 = SURFACE_SIDE_STYLE ('',( #466 ) ) ;
#6537 = STYLED_ITEM ( 'NONE', ( #475 ), #6059 ) ;
#6538 = EDGE_CURVE ( 'NONE', #3434, #436, #5657, .T. ) ;
#6539 = EDGE_CURVE ( 'NONE', #2607, #10297, #279, .T. ) ;
#6540 = CARTESIAN_POINT ( 'NONE',  ( 0.01209712494558641202, 0.1269685039370082591, -0.2809599749661811918 ) ) ;
#6541 = EDGE_LOOP ( 'NONE', ( #3020, #4901, #4919, #11101 ) ) ;
#6542 =( GEOMETRIC_REPRESENTATION_CONTEXT ( 3 ) GLOBAL_UNCERTAINTY_ASSIGNED_CONTEXT ( ( #7607 ) ) GLOBAL_UNIT_ASSIGNED_CONTEXT ( ( #2978, #3749, #2869 ) ) REPRESENTATION_CONTEXT ( 'NONE', 'WORKASPACE' ) );
#6543 = EDGE_CURVE ( 'NONE', #1845, #4741, #8321, .T. ) ;
#6544 = FACE_OUTER_BOUND ( 'NONE', #8063, .T. ) ;
#6545 = ORIENTED_EDGE ( 'NONE', *, *, #2114, .F. ) ;
#6546 = PRESENTATION_LAYER_ASSIGNMENT (  '', '', ( #4700 ) ) ;
#6547 = DIRECTION ( 'NONE',  ( 1.000000000000000000, 0.0000000000000000000, 0.0000000000000000000 ) ) ;
#6548 = CARTESIAN_POINT ( 'NONE',  ( 0.1535433070866145389, -0.1722440944881885316, -0.2037401574803144599 ) ) ;
#6549 = CARTESIAN_POINT ( 'NONE',  ( 0.06018589943043277379, 0.1998031496062996348, 0.03366141732283450816 ) ) ;
#6550 = PRESENTATION_STYLE_ASSIGNMENT (( #8407 ) ) ;
#6551 = CARTESIAN_POINT ( 'NONE',  ( 0.1952755905511816270, -0.02263779527558996280, -0.3068897637795273137 ) ) ;
#6552 = PRESENTATION_LAYER_ASSIGNMENT (  '', '', ( #11560 ) ) ;
#6553 = SURFACE_STYLE_USAGE ( .BOTH. , #11005 ) ;
#6554 = DIRECTION ( 'NONE',  ( -1.000000000000000000, -1.602884491802569361E-15, 2.878783784372901366E-31 ) ) ;
#6555 = DIMENSIONAL_EXPONENTS ( 1.000000000000000000, 0.0000000000000000000, 0.0000000000000000000, 0.0000000000000000000, 0.0000000000000000000, 0.0000000000000000000, 0.0000000000000000000 ) ;
#6556 = CARTESIAN_POINT ( 'NONE',  ( 0.01209712494559023188, 0.1998031496062996071, -0.4107723084983663231 ) ) ;
#6557 = EDGE_CURVE ( 'NONE', #9868, #1963, #10912, .T. ) ;
#6558 = LINE ( 'NONE', #6611, #4478 ) ;
#6559 = ORIENTED_EDGE ( 'NONE', *, *, #3557, .F. ) ;
#6560 = MECHANICAL_DESIGN_GEOMETRIC_PRESENTATION_REPRESENTATION (  '', ( #3771 ), #1493 ) ;
#6561 = ORIENTED_EDGE ( 'NONE', *, *, #2456, .T. ) ;
#6562 = CARTESIAN_POINT ( 'NONE',  ( 0.1535433070866145389, -0.1722440944881885594, 0.01200787401574855001 ) ) ;
#6563 = AXIS2_PLACEMENT_3D ( 'NONE', #8678, #6110, #4311 ) ;
#6564 = VERTEX_POINT ( 'NONE', #229 ) ;
#6565 = ORIENTED_EDGE ( 'NONE', *, *, #6608, .F. ) ;
#6566 = FILL_AREA_STYLE ('',( #9424 ) ) ;
#6567 = DIRECTION ( 'NONE',  ( -1.602884491802569361E-15, 1.000000000000000000, -1.644517855226017859E-15 ) ) ;
#6568 = LINE ( 'NONE', #2283, #5885 ) ;
#6569 = FACE_OUTER_BOUND ( 'NONE', #9974, .T. ) ;
#6570 = LINE ( 'NONE', #8138, #9142 ) ;
#6571 = FILL_AREA_STYLE ('',( #9205 ) ) ;
#6572 = ORIENTED_EDGE ( 'NONE', *, *, #9613, .F. ) ;
#6573 = CARTESIAN_POINT ( 'NONE',  ( 0.1535433070866143168, -0.02263779527558998361, -0.2848425196850391528 ) ) ;
#6574 = STYLED_ITEM ( 'NONE', ( #485 ), #10700 ) ;
#6575 = CARTESIAN_POINT ( 'NONE',  ( 0.01934165959544855914, 0.1643700787401576879, 0.07460629921259834263 ) ) ;
#6576 = DIRECTION ( 'NONE',  ( 1.602884491802569361E-15, -1.000000000000000000, 1.644517855226017859E-15 ) ) ;
#6577 = CYLINDRICAL_SURFACE ( 'NONE', #7526, 0.009105439123007874613 ) ;
#6578 =( NAMED_UNIT ( * ) SI_UNIT ( $, .STERADIAN. ) SOLID_ANGLE_UNIT ( ) );
#6579 = VERTEX_POINT ( 'NONE', #10972 ) ;
#6581 = ORIENTED_EDGE ( 'NONE', *, *, #8958, .F. ) ;
#6580 =( NAMED_UNIT ( * ) PLANE_ANGLE_UNIT ( ) SI_UNIT ( $, .RADIAN. ) );
#6582 = VERTEX_POINT ( 'NONE', #2012 ) ;
#6583 = LENGTH_MEASURE_WITH_UNIT ( LENGTH_MEASURE( 0.02539999999999999897 ), #4898 );
#6584 = VERTEX_POINT ( 'NONE', #3782 ) ;
#6585 = PLANE ( 'NONE',  #8821 ) ;
#6586 = VERTEX_POINT ( 'NONE', #10858 ) ;
#6587 = FACE_OUTER_BOUND ( 'NONE', #10408, .T. ) ;
#6588 = EDGE_CURVE ( 'NONE', #9476, #5174, #9265, .T. ) ;
#6589 = CIRCLE ( 'NONE', #4556, 0.009105439123007843388 ) ;
#6590 = PRESENTATION_LAYER_ASSIGNMENT (  '', '', ( #8260 ) ) ;
#6591 =( NAMED_UNIT ( * ) PLANE_ANGLE_UNIT ( ) SI_UNIT ( $, .RADIAN. ) );
#6592 = CARTESIAN_POINT ( 'NONE',  ( 0.1535433070866144833, -0.1407480314960624646, -0.2848425196850389307 ) ) ;
#6593 = PRESENTATION_STYLE_ASSIGNMENT (( #6647 ) ) ;
#6594 = CARTESIAN_POINT ( 'NONE',  ( 0.01934165959544855914, 0.1643700787401578822, -0.2754440218001575902 ) ) ;
#6595 = DIRECTION ( 'NONE',  ( -2.348093788196917952E-30, 1.644517855226018450E-15, 1.000000000000000000 ) ) ;
#6596 = VERTEX_POINT ( 'NONE', #5775 ) ;
#6597 = CIRCLE ( 'NONE', #9771, 0.003937007874015750579 ) ;
#6598 = ORIENTED_EDGE ( 'NONE', *, *, #8245, .T. ) ;
#6599 = ADVANCED_FACE ( 'NONE', ( #10006 ), #8262, .T. ) ;
#6600 = PLANE ( 'NONE',  #6656 ) ;
#6601 = FILL_AREA_STYLE_COLOUR ( '', #4508 ) ;
#6602 = DIRECTION ( 'NONE',  ( 1.602884491802569361E-15, -1.000000000000000000, 1.644517855226017859E-15 ) ) ;
#6603 = CARTESIAN_POINT ( 'NONE',  ( 0.06929133858267692847, 0.1564960629921264001, -0.4253937007874017406 ) ) ;
#6604 = DIRECTION ( 'NONE',  ( -2.348093788196917952E-30, 1.644517855226018450E-15, 1.000000000000000000 ) ) ;
#6605 = CIRCLE ( 'NONE', #4746, 0.009105439123007872879 ) ;
#6606 =( LENGTH_UNIT ( ) NAMED_UNIT ( * ) SI_UNIT ( $, .METRE. ) );
#6607 =( CONVERSION_BASED_UNIT ( 'INCH', #206 ) LENGTH_UNIT ( ) NAMED_UNIT ( #1470 ) );
#6608 = EDGE_CURVE ( 'NONE', #2429, #8768, #9154, .T. ) ;
#6609 = DIRECTION ( 'NONE',  ( -1.602884491802569361E-15, 1.000000000000000000, -1.644517855226017859E-15 ) ) ;
#6610 = LENGTH_MEASURE_WITH_UNIT ( LENGTH_MEASURE( 0.02539999999999999897 ), #7368 );
#6611 = CARTESIAN_POINT ( 'NONE',  ( 0.06889763779527535714, 0.1564960629921263724, 0.1624015748031495399 ) ) ;
#6612 = FACE_OUTER_BOUND ( 'NONE', #9799, .T. ) ;
#6613 = ORIENTED_EDGE ( 'NONE', *, *, #5048, .F. ) ;
#6614 = ORIENTED_EDGE ( 'NONE', *, *, #790, .F. ) ;
#6615 = DIRECTION ( 'NONE',  ( 1.000000000000000000, 1.602884491802569361E-15, 0.0000000000000000000 ) ) ;
#6616 = TOROIDAL_SURFACE ( 'NONE', #230, 0.02854330708661417110, 0.003937007874015747977 ) ;
#6617 = VERTEX_POINT ( 'NONE', #2903 ) ;
#6618 = ORIENTED_EDGE ( 'NONE', *, *, #2688, .F. ) ;
#6619 = DIRECTION ( 'NONE',  ( -2.348093788196917952E-30, 1.644517855226018450E-15, 1.000000000000000000 ) ) ;
#6620 = ADVANCED_FACE ( 'NONE', ( #7332 ), #6635, .F. ) ;
#6621 = EDGE_CURVE ( 'NONE', #3221, #5491, #2189, .T. ) ;
#6622 = DIRECTION ( 'NONE',  ( 1.602884491802569361E-15, -1.000000000000000000, 1.644517855226017859E-15 ) ) ;
#6623 = CARTESIAN_POINT ( 'NONE',  ( 0.01934165959544850363, 0.1998031496062996071, -0.1754440218001576401 ) ) ;
#6624 = DIRECTION ( 'NONE',  ( 1.602884491802569361E-15, -1.000000000000000000, 1.644517855226018450E-15 ) ) ;
#6625 = SURFACE_STYLE_USAGE ( .BOTH. , #6785 ) ;
#6626 = FILL_AREA_STYLE ('',( #6441 ) ) ;
#6627 = TOROIDAL_SURFACE ( 'NONE', #8111, 0.005168431248992125769, 0.003937007874015747977 ) ;
#6628 = ORIENTED_EDGE ( 'NONE', *, *, #2601, .F. ) ;
#6629 = FILL_AREA_STYLE_COLOUR ( '', #4152 ) ;
#6630 = DIMENSIONAL_EXPONENTS ( 1.000000000000000000, 0.0000000000000000000, 0.0000000000000000000, 0.0000000000000000000, 0.0000000000000000000, 0.0000000000000000000, 0.0000000000000000000 ) ;
#6631 = VECTOR ( 'NONE', #9978, 39.37007874015748143 ) ;
#6632 = EDGE_CURVE ( 'NONE', #10349, #10417, #8432, .T. ) ;
#6633 = DIRECTION ( 'NONE',  ( 1.000000000000000000, 1.875148439272792120E-15, 0.0000000000000000000 ) ) ;
#6634 = UNCERTAINTY_MEASURE_WITH_UNIT (LENGTH_MEASURE( 1.000000000000000082E-05 ), #7191, 'distance_accuracy_value', 'NONE');
#6635 = PLANE ( 'NONE',  #9905 ) ;
#6636 = VERTEX_POINT ( 'NONE', #11379 ) ;
#6637 = LENGTH_MEASURE_WITH_UNIT ( LENGTH_MEASURE( 0.02539999999999999897 ), #10977 );
#6638 = AXIS2_PLACEMENT_3D ( 'NONE', #9461, #4921, #11001 ) ;
#6639 = ORIENTED_EDGE ( 'NONE', *, *, #1239, .F. ) ;
#6640 = SURFACE_STYLE_USAGE ( .BOTH. , #11214 ) ;
#6641 = ORIENTED_EDGE ( 'NONE', *, *, #7309, .F. ) ;
#6642 = ORIENTED_EDGE ( 'NONE', *, *, #4172, .T. ) ;
#6643 = DIRECTION ( 'NONE',  ( 0.0000000000000000000, 0.0000000000000000000, -1.000000000000000000 ) ) ;
#6645 = CARTESIAN_POINT ( 'NONE',  ( -0.1464566929133855611, -0.1722440944881889757, -0.2879921259842515013 ) ) ;
#6644 = MECHANICAL_DESIGN_GEOMETRIC_PRESENTATION_REPRESENTATION (  '', ( #92 ), #1784 ) ;
#6646 = VECTOR ( 'NONE', #1483, 39.37007874015748143 ) ;
#6647 = SURFACE_STYLE_USAGE ( .BOTH. , #11165 ) ;
#6648 = SURFACE_SIDE_STYLE ('',( #6760 ) ) ;
#6649 = DIRECTION ( 'NONE',  ( -1.000000000000000000, -1.602884491802569361E-15, 2.878783784372901366E-31 ) ) ;
#6650 = EDGE_CURVE ( 'NONE', #8413, #7634, #4147, .T. ) ;
#6651 = STYLED_ITEM ( 'NONE', ( #6837 ), #2847 ) ;
#6652 = ORIENTED_EDGE ( 'NONE', *, *, #6197, .F. ) ;
#6653 = DIMENSIONAL_EXPONENTS ( 1.000000000000000000, 0.0000000000000000000, 0.0000000000000000000, 0.0000000000000000000, 0.0000000000000000000, 0.0000000000000000000, 0.0000000000000000000 ) ;
#6654 = SURFACE_STYLE_USAGE ( .BOTH. , #10135 ) ;
#6655 = FILL_AREA_STYLE_COLOUR ( '', #678 ) ;
#6656 = AXIS2_PLACEMENT_3D ( 'NONE', #5681, #10028, #1200 ) ;
#6657 =( NAMED_UNIT ( * ) SI_UNIT ( $, .STERADIAN. ) SOLID_ANGLE_UNIT ( ) );
#6658 = LENGTH_MEASURE_WITH_UNIT ( LENGTH_MEASURE( 0.02539999999999999897 ), #3104 );
#6659 = ORIENTED_EDGE ( 'NONE', *, *, #5982, .T. ) ;
#6660 = EDGE_CURVE ( 'NONE', #8904, #3068, #3418, .T. ) ;
#6661 = VERTEX_POINT ( 'NONE', #7727 ) ;
#6662 =( GEOMETRIC_REPRESENTATION_CONTEXT ( 3 ) GLOBAL_UNCERTAINTY_ASSIGNED_CONTEXT ( ( #2792 ) ) GLOBAL_UNIT_ASSIGNED_CONTEXT ( ( #7017, #2587, #7842 ) ) REPRESENTATION_CONTEXT ( 'NONE', 'WORKASPACE' ) );
#6663 = ORIENTED_EDGE ( 'NONE', *, *, #5547, .F. ) ;
#6664 = ORIENTED_EDGE ( 'NONE', *, *, #6436, .T. ) ;
#6665 = ADVANCED_FACE ( 'NONE', ( #4186 ), #5886, .F. ) ;
#6666 = CARTESIAN_POINT ( 'NONE',  ( 0.1948818897637792369, 0.2037401574803159310, -0.1513187379060237647 ) ) ;
#6667 = DIRECTION ( 'NONE',  ( 1.602884491802569361E-15, -1.000000000000000000, 1.644517855226018450E-15 ) ) ;
#6668 = VECTOR ( 'NONE', #5590, 39.37007874015748143 ) ;
#6669 = FACE_OUTER_BOUND ( 'NONE', #5608, .T. ) ;
#6670 = LENGTH_MEASURE_WITH_UNIT ( LENGTH_MEASURE( 0.02539999999999999897 ), #11076 );
#6671 = PRESENTATION_LAYER_ASSIGNMENT (  '', '', ( #1814 ) ) ;
#6672 = FACE_OUTER_BOUND ( 'NONE', #2965, .T. ) ;
#6673 = COLOUR_RGB ( '',0.7607843137254901578, 0.7607843137254901578, 0.0000000000000000000 ) ;
#6674 = CARTESIAN_POINT ( 'NONE',  ( 0.01934165959544850363, 0.1998031496062994405, 0.07460629921259827324 ) ) ;
#6675 = EDGE_CURVE ( 'NONE', #2106, #5134, #9437, .T. ) ;
#6676 = ADVANCED_FACE ( 'NONE', ( #8671 ), #4070, .F. ) ;
#6677 =( NAMED_UNIT ( * ) PLANE_ANGLE_UNIT ( ) SI_UNIT ( $, .RADIAN. ) );
#6678 = VECTOR ( 'NONE', #8923, 39.37007874015748143 ) ;
#6679 = VECTOR ( 'NONE', #1662, 39.37007874015748854 ) ;
#6680 = COLOUR_RGB ( '',1.000000000000000000, 1.000000000000000000, 1.000000000000000000 ) ;
#6681 = FILL_AREA_STYLE_COLOUR ( '', #11239 ) ;
#6682 = LENGTH_MEASURE_WITH_UNIT ( LENGTH_MEASURE( 0.02539999999999999897 ), #11148 );
#6683 = DIRECTION ( 'NONE',  ( 1.000000000000000000, 1.602884491802569361E-15, -2.711709361697224578E-31 ) ) ;
#6684 = SURFACE_STYLE_USAGE ( .BOTH. , #5937 ) ;
#6685 = FACE_OUTER_BOUND ( 'NONE', #11269, .T. ) ;
#6686 = VERTEX_POINT ( 'NONE', #2522 ) ;
#6687 = STYLED_ITEM ( 'NONE', ( #860 ), #5105 ) ;
#6688 = DIRECTION ( 'NONE',  ( 0.0000000000000000000, 1.387778780781445676E-15, 1.000000000000000000 ) ) ;
#6689 = COLOUR_RGB ( '',0.0000000000000000000, 0.0000000000000000000, 1.000000000000000000 ) ;
#6690 = ADVANCED_FACE ( 'NONE', ( #7844 ), #4998, .F. ) ;
#6691 = VERTEX_POINT ( 'NONE', #5232 ) ;
#6692 = FILL_AREA_STYLE_COLOUR ( '', #8610 ) ;
#6693 = STYLED_ITEM ( 'NONE', ( #3396 ), #8899 ) ;
#6694 = VERTEX_POINT ( 'NONE', #8787 ) ;
#6695 = ORIENTED_EDGE ( 'NONE', *, *, #4770, .F. ) ;
#6696 = VECTOR ( 'NONE', #10263, 39.37007874015748143 ) ;
#6697 =( NAMED_UNIT ( * ) SI_UNIT ( $, .STERADIAN. ) SOLID_ANGLE_UNIT ( ) );
#6698 = DIMENSIONAL_EXPONENTS ( 1.000000000000000000, 0.0000000000000000000, 0.0000000000000000000, 0.0000000000000000000, 0.0000000000000000000, 0.0000000000000000000, 0.0000000000000000000 ) ;
#6699 = DIRECTION ( 'NONE',  ( 6.749499564049081992E-10, 1.000000000000000000, -1.644517855226017859E-15 ) ) ;
#6700 = SURFACE_STYLE_FILL_AREA ( #4083 ) ;
#6701 = AXIS2_PLACEMENT_3D ( 'NONE', #1945, #4767, #7441 ) ;
#6702 = VECTOR ( 'NONE', #8624, 39.37007874015748143 ) ;
#6703 = ORIENTED_EDGE ( 'NONE', *, *, #362, .T. ) ;
#6704 = DIRECTION ( 'NONE',  ( -1.000000000000000000, -1.602884491802569361E-15, 2.711709361697226329E-31 ) ) ;
#6705 = LENGTH_MEASURE_WITH_UNIT ( LENGTH_MEASURE( 0.02539999999999999897 ), #1982 );
#6706 = LINE ( 'NONE', #3157, #1012 ) ;
#6707 = AXIS2_PLACEMENT_3D ( 'NONE', #8079, #10844, #10796 ) ;
#6708 = DIRECTION ( 'NONE',  ( -1.602884491802569361E-15, 1.000000000000000000, -1.644517855226017859E-15 ) ) ;
#6709 = CARTESIAN_POINT ( 'NONE',  ( 0.06929133858267698398, 0.1269685039370081203, 0.07460629921259839814 ) ) ;
#6710 =( LENGTH_UNIT ( ) NAMED_UNIT ( * ) SI_UNIT ( $, .METRE. ) );
#6711 =( NAMED_UNIT ( * ) SI_UNIT ( $, .STERADIAN. ) SOLID_ANGLE_UNIT ( ) );
#6712 = SURFACE_SIDE_STYLE ('',( #4099 ) ) ;
#6713 = CARTESIAN_POINT ( 'NONE',  ( 0.06018589943271623194, 0.1998031496062996071, -0.2253937007874017573 ) ) ;
#6714 = DIRECTION ( 'NONE',  ( 1.602884491802569361E-15, -1.000000000000000000, 1.644517855226017859E-15 ) ) ;
#6715 = LENGTH_MEASURE_WITH_UNIT ( LENGTH_MEASURE( 0.02539999999999999897 ), #4871 );
#6716 = PRESENTATION_LAYER_ASSIGNMENT (  '', '', ( #8775 ) ) ;
#6717 = ORIENTED_EDGE ( 'NONE', *, *, #1255, .T. ) ;
#6718 = VECTOR ( 'NONE', #4287, 39.37007874015748143 ) ;
#6719 = VERTEX_POINT ( 'NONE', #993 ) ;
#6720 =( LENGTH_UNIT ( ) NAMED_UNIT ( * ) SI_UNIT ( $, .METRE. ) );
#6721 = ORIENTED_EDGE ( 'NONE', *, *, #2320, .F. ) ;
#6722 = EDGE_LOOP ( 'NONE', ( #8563, #10361, #6894, #4840 ) ) ;
#6723 = LINE ( 'NONE', #9193, #10845 ) ;
#6724 = CARTESIAN_POINT ( 'NONE',  ( 0.08700787401574773539, 0.1998031496062997181, -0.2958661417322836495 ) ) ;
#6725 = SURFACE_STYLE_USAGE ( .BOTH. , #5817 ) ;
#6726 = VECTOR ( 'NONE', #4383, 39.37007874015748143 ) ;
#6727 = CARTESIAN_POINT ( 'NONE',  ( 0.1535433070866144833, -0.1407480314960626033, -0.006889763779527091452 ) ) ;
#6728 = EDGE_CURVE ( 'NONE', #8003, #1530, #746, .T. ) ;
#6729 = MECHANICAL_DESIGN_GEOMETRIC_PRESENTATION_REPRESENTATION (  '', ( #8780 ), #1311 ) ;
#6730 = SURFACE_SIDE_STYLE ('',( #5054 ) ) ;
#6731 = VERTEX_POINT ( 'NONE', #4596 ) ;
#6732 =( LENGTH_UNIT ( ) NAMED_UNIT ( * ) SI_UNIT ( $, .METRE. ) );
#6733 = CARTESIAN_POINT ( 'NONE',  ( -0.06929133858267744195, 0.1564960629921261781, 0.03366141732283457061 ) ) ;
#6734 =( NAMED_UNIT ( * ) PLANE_ANGLE_UNIT ( ) SI_UNIT ( $, .RADIAN. ) );
#6735 = VECTOR ( 'NONE', #998, 39.37007874015748143 ) ;
#6736 = CARTESIAN_POINT ( 'NONE',  ( 0.01209712494559034984, 0.1269685039370081758, -0.2107723084983661732 ) ) ;
#6737 = DIRECTION ( 'NONE',  ( 2.348093788196917952E-30, -1.644517855226018450E-15, -1.000000000000000000 ) ) ;
#6738 =( NAMED_UNIT ( * ) SI_UNIT ( $, .STERADIAN. ) SOLID_ANGLE_UNIT ( ) );
#6739 = EDGE_CURVE ( 'NONE', #1508, #4459, #8137, .T. ) ;
#6740 = UNCERTAINTY_MEASURE_WITH_UNIT (LENGTH_MEASURE( 1.000000000000000082E-05 ), #8207, 'distance_accuracy_value', 'NONE');
#6741 = PRESENTATION_LAYER_ASSIGNMENT (  '', '', ( #2077 ) ) ;
#6742 = FACE_OUTER_BOUND ( 'NONE', #6118, .T. ) ;
#6743 = DIRECTION ( 'NONE',  ( 2.348093788196917952E-30, -1.644517855226018450E-15, -1.000000000000000000 ) ) ;
#6744 = ORIENTED_EDGE ( 'NONE', *, *, #1237, .F. ) ;
#6745 = EDGE_CURVE ( 'NONE', #10880, #4285, #5904, .T. ) ;
#6746 = ORIENTED_EDGE ( 'NONE', *, *, #4974, .T. ) ;
#6747 = AXIS2_PLACEMENT_3D ( 'NONE', #10792, #11497, #3939 ) ;
#6748 = VERTEX_POINT ( 'NONE', #9666 ) ;
#6749 = VERTEX_POINT ( 'NONE', #3720 ) ;
#6750 = LENGTH_MEASURE_WITH_UNIT ( LENGTH_MEASURE( 0.02539999999999999897 ), #6007 );
#6751 = CARTESIAN_POINT ( 'NONE',  ( 0.01522951533058629695, 0.1998031496062994683, -0.01315729518093717090 ) ) ;
#6752 = EDGE_CURVE ( 'NONE', #5315, #7783, #8843, .T. ) ;
#6753 = ADVANCED_FACE ( 'NONE', ( #1766 ), #2589, .T. ) ;
#6754 = UNCERTAINTY_MEASURE_WITH_UNIT (LENGTH_MEASURE( 1.000000000000000082E-05 ), #10334, 'distance_accuracy_value', 'NONE');
#6755 = CARTESIAN_POINT ( 'NONE',  ( -0.1464566929133855611, -0.1722440944881889757, -0.1879921259842514403 ) ) ;
#6756 = DIRECTION ( 'NONE',  ( -1.602884491802569361E-15, 1.000000000000000000, -1.644517855226017859E-15 ) ) ;
#6757 =( NAMED_UNIT ( * ) SI_UNIT ( $, .STERADIAN. ) SOLID_ANGLE_UNIT ( ) );
#6758 =( LENGTH_UNIT ( ) NAMED_UNIT ( * ) SI_UNIT ( $, .METRE. ) );
#6759 = ORIENTED_EDGE ( 'NONE', *, *, #1965, .F. ) ;
#6760 = SURFACE_STYLE_FILL_AREA ( #10362 ) ;
#6761 =( NAMED_UNIT ( * ) SI_UNIT ( $, .STERADIAN. ) SOLID_ANGLE_UNIT ( ) );
#6762 = STYLED_ITEM ( 'NONE', ( #4138 ), #64 ) ;
#6763 =( GEOMETRIC_REPRESENTATION_CONTEXT ( 3 ) GLOBAL_UNCERTAINTY_ASSIGNED_CONTEXT ( ( #3071 ) ) GLOBAL_UNIT_ASSIGNED_CONTEXT ( ( #8719, #805, #3301 ) ) REPRESENTATION_CONTEXT ( 'NONE', 'WORKASPACE' ) );
#6764 = ORIENTED_EDGE ( 'NONE', *, *, #8181, .T. ) ;
#6765 = DIRECTION ( 'NONE',  ( 1.324743555594197337E-12, 1.000000000000000000, -1.644517855226017859E-15 ) ) ;
#6766 = DIRECTION ( 'NONE',  ( 2.348093788196916901E-30, -1.644517855226017859E-15, -1.000000000000000000 ) ) ;
#6767 = CARTESIAN_POINT ( 'NONE',  ( 0.06929133858267687296, 0.1958661417322840048, -0.2663385826771654807 ) ) ;
#6768 = CARTESIAN_POINT ( 'NONE',  ( 0.06889763779527560694, 0.001377952755905925307, 0.1820866141732285226 ) ) ;
#6769 =( CONVERSION_BASED_UNIT ( 'INCH', #2330 ) LENGTH_UNIT ( ) NAMED_UNIT ( #1490 ) );
#6770 = CARTESIAN_POINT ( 'NONE',  ( 0.01830074866882645118, 0.1998031496062995516, -0.2214566929133859607 ) ) ;
#6771 = CARTESIAN_POINT ( 'NONE',  ( -0.06889763779527587062, 0.1564960629921261781, 0.1624015748031495399 ) ) ;
#6772 = VECTOR ( 'NONE', #462, 39.37007874015748143 ) ;
#6774 = PRESENTATION_STYLE_ASSIGNMENT (( #7540 ) ) ;
#6773 = MECHANICAL_DESIGN_GEOMETRIC_PRESENTATION_REPRESENTATION (  '', ( #6226 ), #764 ) ;
#6775 = ORIENTED_EDGE ( 'NONE', *, *, #5701, .T. ) ;
#6776 = ORIENTED_EDGE ( 'NONE', *, *, #2434, .T. ) ;
#6777 = SURFACE_SIDE_STYLE ('',( #1443 ) ) ;
#6778 = ORIENTED_EDGE ( 'NONE', *, *, #9323, .T. ) ;
#6779 = ORIENTED_EDGE ( 'NONE', *, *, #11354, .T. ) ;
#6780 =( CONVERSION_BASED_UNIT ( 'INCH', #5097 ) LENGTH_UNIT ( ) NAMED_UNIT ( #6348 ) );
#6781 = CIRCLE ( 'NONE', #5305, 0.009105439123007878083 ) ;
#6782 = PLANE ( 'NONE',  #7396 ) ;
#6783 = VECTOR ( 'NONE', #10003, 39.37007874015748143 ) ;
#6784 =( NAMED_UNIT ( * ) SI_UNIT ( $, .STERADIAN. ) SOLID_ANGLE_UNIT ( ) );
#6785 = SURFACE_SIDE_STYLE ('',( #4059 ) ) ;
#6786 = FACE_OUTER_BOUND ( 'NONE', #2834, .T. ) ;
#6787 = ORIENTED_EDGE ( 'NONE', *, *, #4849, .T. ) ;
#6788 = SURFACE_STYLE_FILL_AREA ( #1517 ) ;
#6789 = VECTOR ( 'NONE', #4067, 39.37007874015748143 ) ;
#6790 = CARTESIAN_POINT ( 'NONE',  ( 0.01934165959544850363, 0.1998031496062996071, -0.4162882616643939215 ) ) ;
#6791 = MECHANICAL_DESIGN_GEOMETRIC_PRESENTATION_REPRESENTATION (  '', ( #10691 ), #9961 ) ;
#6792 = EDGE_CURVE ( 'NONE', #8003, #3154, #7956, .T. ) ;
#6793 = CARTESIAN_POINT ( 'NONE',  ( 0.06018589945968484678, 0.1269685039370082036, -0.1162882616643937522 ) ) ;
#6794 = AXIS2_PLACEMENT_3D ( 'NONE', #7082, #11566, #9662 ) ;
#6795 = AXIS2_PLACEMENT_3D ( 'NONE', #3700, #7192, #928 ) ;
#6796 = CARTESIAN_POINT ( 'NONE',  ( 0.08700787401574773539, 0.1998031496062995793, 0.1041338582677163865 ) ) ;
#6797 =( NAMED_UNIT ( * ) SI_UNIT ( $, .STERADIAN. ) SOLID_ANGLE_UNIT ( ) );
#6798 = DIMENSIONAL_EXPONENTS ( 1.000000000000000000, 0.0000000000000000000, 0.0000000000000000000, 0.0000000000000000000, 0.0000000000000000000, 0.0000000000000000000, 0.0000000000000000000 ) ;
#6799 = ORIENTED_EDGE ( 'NONE', *, *, #2762, .T. ) ;
#6800 = DIRECTION ( 'NONE',  ( -0.7956271577885695168, 0.0000000000000000000, -0.6057866173738759574 ) ) ;
#6801 = EDGE_CURVE ( 'NONE', #8155, #1393, #7087, .T. ) ;
#6802 = ORIENTED_EDGE ( 'NONE', *, *, #6792, .F. ) ;
#6803 = ORIENTED_EDGE ( 'NONE', *, *, #10895, .F. ) ;
#6804 = EDGE_CURVE ( 'NONE', #1605, #1664, #6218, .T. ) ;
#6805 = DIRECTION ( 'NONE',  ( -2.348093788196917952E-30, 1.644517855226018450E-15, 1.000000000000000000 ) ) ;
#6806 = SURFACE_SIDE_STYLE ('',( #3257 ) ) ;
#6807 = PLANE ( 'NONE',  #10352 ) ;
#6808 = DIRECTION ( 'NONE',  ( -0.7956271577887875646, 0.0000000000000000000, 0.6057866173735895199 ) ) ;
#6809 = LINE ( 'NONE', #9400, #870 ) ;
#6810 = FILL_AREA_STYLE_COLOUR ( '', #7991 ) ;
#6811 = EDGE_CURVE ( 'NONE', #4103, #8929, #4232, .T. ) ;
#6812 = ORIENTED_EDGE ( 'NONE', *, *, #2968, .T. ) ;
#6813 = ADVANCED_FACE ( 'NONE', ( #4766 ), #3006, .T. ) ;
#6814 = ORIENTED_EDGE ( 'NONE', *, *, #9661, .T. ) ;
#6815 = COLOUR_RGB ( '',1.000000000000000000, 1.000000000000000000, 1.000000000000000000 ) ;
#6816 = PRESENTATION_STYLE_ASSIGNMENT (( #3207 ) ) ;
#6817 = ORIENTED_EDGE ( 'NONE', *, *, #3389, .T. ) ;
#6818 = CARTESIAN_POINT ( 'NONE',  ( 0.1464566929133859496, -0.02263779527559003565, -0.1848425196850391194 ) ) ;
#6819 = DIRECTION ( 'NONE',  ( 1.602884491802569361E-15, -1.000000000000000000, 1.644517855226017859E-15 ) ) ;
#6820 = DIRECTION ( 'NONE',  ( 1.602884491802569361E-15, -1.000000000000000000, 1.644517855226017859E-15 ) ) ;
#6821 = CARTESIAN_POINT ( 'NONE',  ( -0.1464566929133855611, -0.1722440944881889757, -0.1879921259842514403 ) ) ;
#6822 = PLANE ( 'NONE',  #7211 ) ;
#6823 = FACE_OUTER_BOUND ( 'NONE', #6722, .T. ) ;
#6824 = PRESENTATION_STYLE_ASSIGNMENT (( #1331 ) ) ;
#6825 = SURFACE_STYLE_FILL_AREA ( #5746 ) ;
#6826 = PRESENTATION_LAYER_ASSIGNMENT (  '', '', ( #6282 ) ) ;
#6827 = SURFACE_STYLE_USAGE ( .BOTH. , #10262 ) ;
#6828 = VECTOR ( 'NONE', #11552, 39.37007874015748143 ) ;
#6829 = CARTESIAN_POINT ( 'NONE',  ( -0.1535433070866139282, -0.1407480314960630197, -0.1848425196850389252 ) ) ;
#6830 = CARTESIAN_POINT ( 'NONE',  ( -0.1464566929133855611, -0.1722440944881890312, -0.1068897637795270666 ) ) ;
#6831 = ADVANCED_FACE ( 'NONE', ( #219 ), #9464, .F. ) ;
#6832 = ORIENTED_EDGE ( 'NONE', *, *, #352, .F. ) ;
#6833 = SURFACE_STYLE_FILL_AREA ( #3459 ) ;
#6834 = ORIENTED_EDGE ( 'NONE', *, *, #10863, .T. ) ;
#6835 = ORIENTED_EDGE ( 'NONE', *, *, #10160, .T. ) ;
#6836 = CARTESIAN_POINT ( 'NONE',  ( 0.06929133858267692847, 0.1564960629921265112, -0.3663385826771655140 ) ) ;
#6837 = PRESENTATION_STYLE_ASSIGNMENT (( #9837 ) ) ;
#6838 = CARTESIAN_POINT ( 'NONE',  ( -0.06929133858267740032, 0.1269685039370080371, -0.2253937007874016185 ) ) ;
#6839 = CARTESIAN_POINT ( 'NONE',  ( -0.1464566929133855611, -0.1722440944881890312, 0.01200787401574855001 ) ) ;
#6840 = DIRECTION ( 'NONE',  ( -0.7956271577883994306, 0.0000000000000000000, 0.6057866173740991123 ) ) ;
#6841 = CARTESIAN_POINT ( 'NONE',  ( 0.01934165959544861813, 0.1269685039370083424, -0.3663385826771654585 ) ) ;
#6842 = ORIENTED_EDGE ( 'NONE', *, *, #7, .F. ) ;
#6843 = DIRECTION ( 'NONE',  ( -1.594929680954394613E-15, 0.9950371902099890420, -0.09950371902100052512 ) ) ;
#6844 = AXIS2_PLACEMENT_3D ( 'NONE', #4300, #7084, #7893 ) ;
#6845 = FILL_AREA_STYLE ('',( #4182 ) ) ;
#6846 = MECHANICAL_DESIGN_GEOMETRIC_PRESENTATION_REPRESENTATION (  '', ( #2406 ), #2970 ) ;
#6847 = CARTESIAN_POINT ( 'NONE',  ( 0.1952755905511816270, -0.02263779527558992463, -0.4068897637795272915 ) ) ;
#6848 = CARTESIAN_POINT ( 'NONE',  ( 0.06929133858267698398, 0.1269685039370082313, 0.1336614173228346247 ) ) ;
#6849 = AXIS2_PLACEMENT_3D ( 'NONE', #1028, #98, #204 ) ;
#6850 = UNCERTAINTY_MEASURE_WITH_UNIT (LENGTH_MEASURE( 1.000000000000000082E-05 ), #4045, 'distance_accuracy_value', 'NONE');
#6851 = DIMENSIONAL_EXPONENTS ( 1.000000000000000000, 0.0000000000000000000, 0.0000000000000000000, 0.0000000000000000000, 0.0000000000000000000, 0.0000000000000000000, 0.0000000000000000000 ) ;
#6852 = DIRECTION ( 'NONE',  ( 2.348093788196917952E-30, -1.644517855226018450E-15, -1.000000000000000000 ) ) ;
#6853 = CARTESIAN_POINT ( 'NONE',  ( 0.06018589945968478433, 0.1643700787401579377, -0.1754440218001575846 ) ) ;
#6854 = ORIENTED_EDGE ( 'NONE', *, *, #5842, .T. ) ;
#6855 = SURFACE_SIDE_STYLE ('',( #3310 ) ) ;
#6856 = AXIS2_PLACEMENT_3D ( 'NONE', #5463, #4472, #6208 ) ;
#6857 = CARTESIAN_POINT ( 'NONE',  ( 0.1535433070866143168, -0.02263779527559002525, -0.3068897637795273137 ) ) ;
#6858 = AXIS2_PLACEMENT_3D ( 'NONE', #9376, #8423, #1349 ) ;
#6859 = VECTOR ( 'NONE', #10434, 39.37007874015748143 ) ;
#6860 =( NAMED_UNIT ( * ) PLANE_ANGLE_UNIT ( ) SI_UNIT ( $, .RADIAN. ) );
#6861 = SURFACE_STYLE_FILL_AREA ( #6923 ) ;
#6862 = PRESENTATION_STYLE_ASSIGNMENT (( #3432 ) ) ;
#6863 = EDGE_CURVE ( 'NONE', #6236, #11511, #4972, .T. ) ;
#6864 = MECHANICAL_DESIGN_GEOMETRIC_PRESENTATION_REPRESENTATION (  '', ( #7794 ), #5024 ) ;
#6865 = DIRECTION ( 'NONE',  ( 2.348093788196917952E-30, -1.644517855226018450E-15, -1.000000000000000000 ) ) ;
#6866 = ORIENTED_EDGE ( 'NONE', *, *, #2539, .T. ) ;
#6867 = PRESENTATION_STYLE_ASSIGNMENT (( #10307 ) ) ;
#6868 = DIMENSIONAL_EXPONENTS ( 1.000000000000000000, 0.0000000000000000000, 0.0000000000000000000, 0.0000000000000000000, 0.0000000000000000000, 0.0000000000000000000, 0.0000000000000000000 ) ;
#6869 = CARTESIAN_POINT ( 'NONE',  ( 0.06889763779527560694, 0.001377952755905925307, 0.1820866141732285226 ) ) ;
#6870 = TOROIDAL_SURFACE ( 'NONE', #5597, 0.005168431248992125769, 0.003937007874015747977 ) ;
#6871 = COLOUR_RGB ( '',0.0000000000000000000, 0.0000000000000000000, 1.000000000000000000 ) ;
#6872 = DIMENSIONAL_EXPONENTS ( 1.000000000000000000, 0.0000000000000000000, 0.0000000000000000000, 0.0000000000000000000, 0.0000000000000000000, 0.0000000000000000000, 0.0000000000000000000 ) ;
#6873 = AXIS2_PLACEMENT_3D ( 'NONE', #7369, #1274, #317 ) ;
#6874 = EDGE_LOOP ( 'NONE', ( #552, #3009, #3968, #4346 ) ) ;
#6875 = VERTEX_POINT ( 'NONE', #6503 ) ;
#6876 = DIRECTION ( 'NONE',  ( 2.348093788196917952E-30, -1.644517855226018450E-15, -1.000000000000000000 ) ) ;
#6877 = CARTESIAN_POINT ( 'NONE',  ( -0.1535433070866141225, -0.02263779527559047974, -0.2848425196850391528 ) ) ;
#6878 = MECHANICAL_DESIGN_GEOMETRIC_PRESENTATION_REPRESENTATION (  '', ( #145 ), #1650 ) ;
#6879 = LENGTH_MEASURE_WITH_UNIT ( LENGTH_MEASURE( 0.02539999999999999897 ), #4393 );
#6880 = STYLED_ITEM ( 'NONE', ( #6884 ), #8092 ) ;
#6881 =( NAMED_UNIT ( * ) PLANE_ANGLE_UNIT ( ) SI_UNIT ( $, .RADIAN. ) );
#6882 = EDGE_CURVE ( 'NONE', #4037, #8357, #3774, .T. ) ;
#6883 = CARTESIAN_POINT ( 'NONE',  ( 0.06018589945968472882, 0.2037401574803154314, -0.1702755905511812995 ) ) ;
#6884 = PRESENTATION_STYLE_ASSIGNMENT (( #6022 ) ) ;
#6885 = ADVANCED_FACE ( 'NONE', ( #3828 ), #2533, .T. ) ;
#6886 = DIRECTION ( 'NONE',  ( -2.348093788196917952E-30, 1.644517855226018450E-15, 1.000000000000000000 ) ) ;
#6887 = VECTOR ( 'NONE', #5985, 39.37007874015748143 ) ;
#6888 = PLANE ( 'NONE',  #1258 ) ;
#6889 = CARTESIAN_POINT ( 'NONE',  ( 0.06429804372452725680, 0.1998031496062996348, -0.2131572951809450334 ) ) ;
#6890 = DIRECTION ( 'NONE',  ( -1.000000000000000000, -1.602884491802569361E-15, 2.711709361697226329E-31 ) ) ;
#6891 = AXIS2_PLACEMENT_3D ( 'NONE', #814, #7678, #6800 ) ;
#6892 = EDGE_LOOP ( 'NONE', ( #2015, #11406, #1292, #1660 ) ) ;
#6893 = VECTOR ( 'NONE', #945, 39.37007874015748143 ) ;
#6894 = ORIENTED_EDGE ( 'NONE', *, *, #2194, .F. ) ;
#6895 = ORIENTED_EDGE ( 'NONE', *, *, #11335, .T. ) ;
#6896 = VECTOR ( 'NONE', #2888, 39.37007874015748143 ) ;
#6897 =( NAMED_UNIT ( * ) PLANE_ANGLE_UNIT ( ) SI_UNIT ( $, .RADIAN. ) );
#6898 = DIRECTION ( 'NONE',  ( 0.0000000000000000000, 1.387778780781446464E-15, 1.000000000000000000 ) ) ;
#6899 = LINE ( 'NONE', #671, #2997 ) ;
#6900 = DIRECTION ( 'NONE',  ( -2.348093788196916901E-30, 1.644517855226017859E-15, 1.000000000000000000 ) ) ;
#6901 = FILL_AREA_STYLE_COLOUR ( '', #7420 ) ;
#6902 = CARTESIAN_POINT ( 'NONE',  ( -0.06929133858267749746, 0.1958661417322836162, -0.02539370078740171843 ) ) ;
#6903 = ADVANCED_FACE ( 'NONE', ( #5588 ), #4710, .T. ) ;
#6904 = EDGE_CURVE ( 'NONE', #6584, #7041, #7813, .T. ) ;
#6905 = AXIS2_PLACEMENT_3D ( 'NONE', #6302, #8284, #1138 ) ;
#6907 = DIRECTION ( 'NONE',  ( -2.364801230464485631E-30, 1.644517855226018450E-15, 1.000000000000000000 ) ) ;
#6906 =( GEOMETRIC_REPRESENTATION_CONTEXT ( 3 ) GLOBAL_UNCERTAINTY_ASSIGNED_CONTEXT ( ( #9000 ) ) GLOBAL_UNIT_ASSIGNED_CONTEXT ( ( #736, #6957, #2461 ) ) REPRESENTATION_CONTEXT ( 'NONE', 'WORKASPACE' ) );
#6908 = EDGE_LOOP ( 'NONE', ( #4457, #878, #3642, #3791 ) ) ;
#6909 = SURFACE_STYLE_USAGE ( .BOTH. , #4061 ) ;
#6910 = VECTOR ( 'NONE', #5136, 39.37007874015748143 ) ;
#6911 = PRESENTATION_STYLE_ASSIGNMENT (( #8666 ) ) ;
#6912 = VECTOR ( 'NONE', #896, 39.37007874015748143 ) ;
#6913 = SURFACE_STYLE_FILL_AREA ( #7078 ) ;
#6914 = MECHANICAL_DESIGN_GEOMETRIC_PRESENTATION_REPRESENTATION (  '', ( #9530 ), #7660 ) ;
#6915 = FACE_OUTER_BOUND ( 'NONE', #2233, .T. ) ;
#6916 =( NAMED_UNIT ( * ) SI_UNIT ( $, .STERADIAN. ) SOLID_ANGLE_UNIT ( ) );
#6917 = DIRECTION ( 'NONE',  ( 0.0000000000000000000, 0.0000000000000000000, 1.000000000000000000 ) ) ;
#6918 = DIRECTION ( 'NONE',  ( -1.602884491802569361E-15, 1.000000000000000000, -1.644517855226017859E-15 ) ) ;
#6919 = ORIENTED_EDGE ( 'NONE', *, *, #9565, .T. ) ;
#6920 = CIRCLE ( 'NONE', #7665, 0.009105439123007872879 ) ;
#6921 = DIRECTION ( 'NONE',  ( -1.000000000000000000, -1.602884491802569361E-15, 2.711709361697226329E-31 ) ) ;
#6922 = ORIENTED_EDGE ( 'NONE', *, *, #9759, .F. ) ;
#6923 = FILL_AREA_STYLE ('',( #3318 ) ) ;
#6924 = DIRECTION ( 'NONE',  ( 1.324743555594197337E-12, 1.000000000000000000, -1.644517855226017859E-15 ) ) ;
#6925 = SURFACE_STYLE_USAGE ( .BOTH. , #1484 ) ;
#6926 = ORIENTED_EDGE ( 'NONE', *, *, #10024, .T. ) ;
#6927 = CARTESIAN_POINT ( 'NONE',  ( 0.1464566929133862272, -0.1722440944881886149, 0.09625984251968555672 ) ) ;
#6928 = FILL_AREA_STYLE ('',( #11399 ) ) ;
#6929 = AXIS2_PLACEMENT_3D ( 'NONE', #10096, #5974, #4108 ) ;
#6930 = EDGE_CURVE ( 'NONE', #6495, #4442, #7759, .T. ) ;
#6931 = ORIENTED_EDGE ( 'NONE', *, *, #8523, .T. ) ;
#6932 = FILL_AREA_STYLE ('',( #9458 ) ) ;
#6933 = VERTEX_POINT ( 'NONE', #6883 ) ;
#6934 = DIRECTION ( 'NONE',  ( -2.364801230464485631E-30, 1.644517855226018450E-15, 1.000000000000000000 ) ) ;
#6935 = FACE_OUTER_BOUND ( 'NONE', #9164, .T. ) ;
#6936 =( GEOMETRIC_REPRESENTATION_CONTEXT ( 3 ) GLOBAL_UNCERTAINTY_ASSIGNED_CONTEXT ( ( #3300 ) ) GLOBAL_UNIT_ASSIGNED_CONTEXT ( ( #1622, #2567, #5511 ) ) REPRESENTATION_CONTEXT ( 'NONE', 'WORKASPACE' ) );
#6937 = DIRECTION ( 'NONE',  ( -0.7956271577887875646, 0.0000000000000000000, 0.6057866173735895199 ) ) ;
#6938 = LINE ( 'NONE', #4273, #7394 ) ;
#6939 = CARTESIAN_POINT ( 'NONE',  ( 0.1464566929133859496, -0.02263779527558996973, -0.3848425196850391861 ) ) ;
#6940 = CARTESIAN_POINT ( 'NONE',  ( 0.01934165962471621689, 0.1998031496062995793, -0.3253937007874017628 ) ) ;
#6941 = CLOSED_SHELL ( 'NONE', ( #10152, #11059, #7737, #3643, #10522, #4971, #10128, #9483 ) ) ;
#6942 = CIRCLE ( 'NONE', #1336, 0.02460629921259841965 ) ;
#6943 = DIMENSIONAL_EXPONENTS ( 1.000000000000000000, 0.0000000000000000000, 0.0000000000000000000, 0.0000000000000000000, 0.0000000000000000000, 0.0000000000000000000, 0.0000000000000000000 ) ;
#6944 = ORIENTED_EDGE ( 'NONE', *, *, #5911, .T. ) ;
#6945 = ADVANCED_FACE ( 'NONE', ( #11352 ), #6822, .T. ) ;
#6946 =( LENGTH_UNIT ( ) NAMED_UNIT ( * ) SI_UNIT ( $, .METRE. ) );
#6947 = ORIENTED_EDGE ( 'NONE', *, *, #3327, .T. ) ;
#6948 = ORIENTED_EDGE ( 'NONE', *, *, #11492, .T. ) ;
#6949 = DIRECTION ( 'NONE',  ( -1.000000000000000000, -1.602884491802569361E-15, 2.711709361697224578E-31 ) ) ;
#6950 = DIRECTION ( 'NONE',  ( 1.594929680954395007E-15, -0.9950371902099891530, -0.09950371902099724997 ) ) ;
#6951 = EDGE_CURVE ( 'NONE', #9682, #11265, #5326, .T. ) ;
#6952 = PRESENTATION_STYLE_ASSIGNMENT (( #8712 ) ) ;
#6953 =( LENGTH_UNIT ( ) NAMED_UNIT ( * ) SI_UNIT ( $, .METRE. ) );
#6954 =( GEOMETRIC_REPRESENTATION_CONTEXT ( 3 ) GLOBAL_UNCERTAINTY_ASSIGNED_CONTEXT ( ( #3616 ) ) GLOBAL_UNIT_ASSIGNED_CONTEXT ( ( #8682, #4497, #6111 ) ) REPRESENTATION_CONTEXT ( 'NONE', 'WORKASPACE' ) );
#6955 = VECTOR ( 'NONE', #6294, 39.37007874015748143 ) ;
#6956 = DIRECTION ( 'NONE',  ( 1.000000000000000000, 1.602884491802569361E-15, -2.711709361697224578E-31 ) ) ;
#6957 =( NAMED_UNIT ( * ) PLANE_ANGLE_UNIT ( ) SI_UNIT ( $, .RADIAN. ) );
#6958 = DIRECTION ( 'NONE',  ( 0.0000000000000000000, 0.0000000000000000000, 1.000000000000000000 ) ) ;
#6959 = FILL_AREA_STYLE_COLOUR ( '', #10399 ) ;
#6960 = ADVANCED_FACE ( 'NONE', ( #659 ), #1678, .T. ) ;
#6961 = PRESENTATION_LAYER_ASSIGNMENT (  '', '', ( #1539 ) ) ;
#6962 = EDGE_CURVE ( 'NONE', #9222, #6391, #6938, .T. ) ;
#6963 =( GEOMETRIC_REPRESENTATION_CONTEXT ( 3 ) GLOBAL_UNCERTAINTY_ASSIGNED_CONTEXT ( ( #6979 ) ) GLOBAL_UNIT_ASSIGNED_CONTEXT ( ( #10581, #1713, #6064 ) ) REPRESENTATION_CONTEXT ( 'NONE', 'WORKASPACE' ) );
#6964 = CIRCLE ( 'NONE', #585, 0.009105439123007855531 ) ;
#6965 = DIRECTION ( 'NONE',  ( 1.602884491802569361E-15, -1.000000000000000000, 1.644517855226017859E-15 ) ) ;
#6966 = DIRECTION ( 'NONE',  ( -2.364801230464485631E-30, 1.644517855226018450E-15, 1.000000000000000000 ) ) ;
#6967 = DIRECTION ( 'NONE',  ( 1.000000000000000000, 1.602884491802569361E-15, -2.711709361697226329E-31 ) ) ;
#6968 = CARTESIAN_POINT ( 'NONE',  ( -0.007480314960630246417, 0.1998031496062995516, -0.1958661417322836440 ) ) ;
#6969 = DIRECTION ( 'NONE',  ( 1.324743555594197337E-12, 1.000000000000000000, -1.644517855226017859E-15 ) ) ;
#6970 = PRESENTATION_LAYER_ASSIGNMENT (  '', '', ( #10690 ) ) ;
#6971 = VECTOR ( 'NONE', #6345, 39.37007874015748143 ) ;
#6972 = VERTEX_POINT ( 'NONE', #8699 ) ;
#6973 = DIRECTION ( 'NONE',  ( 1.602884491802569361E-15, -1.000000000000000000, 1.644517855226017859E-15 ) ) ;
#6974 = CARTESIAN_POINT ( 'NONE',  ( -0.1464566929133855611, -0.1722440944881890867, 0.09625984251968555672 ) ) ;
#6975 = EDGE_CURVE ( 'NONE', #1605, #293, #8876, .T. ) ;
#6976 = ORIENTED_EDGE ( 'NONE', *, *, #8194, .T. ) ;
#6977 =( GEOMETRIC_REPRESENTATION_CONTEXT ( 3 ) GLOBAL_UNCERTAINTY_ASSIGNED_CONTEXT ( ( #1956 ) ) GLOBAL_UNIT_ASSIGNED_CONTEXT ( ( #5113, #9318, #2354 ) ) REPRESENTATION_CONTEXT ( 'NONE', 'WORKASPACE' ) );
#6978 =( GEOMETRIC_REPRESENTATION_CONTEXT ( 3 ) GLOBAL_UNCERTAINTY_ASSIGNED_CONTEXT ( ( #8855 ) ) GLOBAL_UNIT_ASSIGNED_CONTEXT ( ( #8250, #9992, #2941 ) ) REPRESENTATION_CONTEXT ( 'NONE', 'WORKASPACE' ) );
#6979 = UNCERTAINTY_MEASURE_WITH_UNIT (LENGTH_MEASURE( 1.000000000000000082E-05 ), #10581, 'distance_accuracy_value', 'NONE');
#6980 = DIRECTION ( 'NONE',  ( -6.234788562956082048E-10, -1.000000000000000000, -8.959562889578396700E-14 ) ) ;
#6981 = CARTESIAN_POINT ( 'NONE',  ( 0.06018589943271623194, 0.1998031496062995516, -0.02539370078740173925 ) ) ;
#6982 = ORIENTED_EDGE ( 'NONE', *, *, #2021, .F. ) ;
#6983 = ORIENTED_EDGE ( 'NONE', *, *, #3109, .T. ) ;
#6984 = DIRECTION ( 'NONE',  ( 1.000000000000000000, 1.602884491802569361E-15, -2.711709361697226329E-31 ) ) ;
#6985 = AXIS2_PLACEMENT_3D ( 'NONE', #7494, #10153, #2173 ) ;
#6986 = ORIENTED_EDGE ( 'NONE', *, *, #4427, .T. ) ;
#6987 = ORIENTED_EDGE ( 'NONE', *, *, #1165, .F. ) ;
#6988 =( NAMED_UNIT ( * ) PLANE_ANGLE_UNIT ( ) SI_UNIT ( $, .RADIAN. ) );
#6989 = ORIENTED_EDGE ( 'NONE', *, *, #11211, .T. ) ;
#6990 = CARTESIAN_POINT ( 'NONE',  ( 0.01522951533058629174, 0.2037401574803154036, -0.2785749882836222602 ) ) ;
#6991 = AXIS2_PLACEMENT_3D ( 'NONE', #9237, #5137, #6937 ) ;
#6992 = UNCERTAINTY_MEASURE_WITH_UNIT (LENGTH_MEASURE( 1.000000000000000082E-05 ), #2203, 'distance_accuracy_value', 'NONE');
#6993 = CARTESIAN_POINT ( 'NONE',  ( 0.06929133858267687296, 0.1958661417322839493, -0.1663385826771654752 ) ) ;
#6994 = DIRECTION ( 'NONE',  ( -1.602884491802569361E-15, 1.000000000000000000, -1.644517855226017859E-15 ) ) ;
#6995 = DIRECTION ( 'NONE',  ( 1.602884491802569361E-15, -1.000000000000000000, 1.644517855226017859E-15 ) ) ;
#6996 = PLANE ( 'NONE',  #9133 ) ;
#6997 = DIRECTION ( 'NONE',  ( 8.640684008184001570E-13, -1.644517855224633408E-15, -1.000000000000000000 ) ) ;
#6998 = ORIENTED_EDGE ( 'NONE', *, *, #6172, .F. ) ;
#6999 = EDGE_LOOP ( 'NONE', ( #7974, #6776, #4078, #7742, #7912, #6987 ) ) ;
#7000 = VERTEX_POINT ( 'NONE', #11412 ) ;
#7001 = ORIENTED_EDGE ( 'NONE', *, *, #650, .F. ) ;
#7002 = SURFACE_STYLE_USAGE ( .BOTH. , #1625 ) ;
#7003 =( NAMED_UNIT ( * ) PLANE_ANGLE_UNIT ( ) SI_UNIT ( $, .RADIAN. ) );
#7004 = CARTESIAN_POINT ( 'NONE',  ( -0.1535433070866141225, -0.02263779527559058036, 0.01515748031496088298 ) ) ;
#7005 = DIMENSIONAL_EXPONENTS ( 1.000000000000000000, 0.0000000000000000000, 0.0000000000000000000, 0.0000000000000000000, 0.0000000000000000000, 0.0000000000000000000, 0.0000000000000000000 ) ;
#7006 = SURFACE_SIDE_STYLE ('',( #7771 ) ) ;
#7007 = MECHANICAL_DESIGN_GEOMETRIC_PRESENTATION_REPRESENTATION (  '', ( #4238 ), #10729 ) ;
#7008 = DIRECTION ( 'NONE',  ( -2.348093788196917952E-30, 1.644517855226018450E-15, 1.000000000000000000 ) ) ;
#7009 = EDGE_CURVE ( 'NONE', #9335, #3442, #3449, .T. ) ;
#7010 = DIRECTION ( 'NONE',  ( 1.000000000000000000, 1.602884491802569361E-15, -2.711709361697226329E-31 ) ) ;
#7011 = EDGE_CURVE ( 'NONE', #3106, #6140, #7049, .T. ) ;
#7012 = PRESENTATION_LAYER_ASSIGNMENT (  '', '', ( #2922 ) ) ;
#7013 =( LENGTH_UNIT ( ) NAMED_UNIT ( * ) SI_UNIT ( $, .METRE. ) );
#7014 = UNCERTAINTY_MEASURE_WITH_UNIT (LENGTH_MEASURE( 1.000000000000000082E-05 ), #7595, 'distance_accuracy_value', 'NONE');
#7015 = ORIENTED_EDGE ( 'NONE', *, *, #10247, .T. ) ;
#7016 = PRESENTATION_STYLE_ASSIGNMENT (( #742 ) ) ;
#7017 =( CONVERSION_BASED_UNIT ( 'INCH', #5355 ) LENGTH_UNIT ( ) NAMED_UNIT ( #10132 ) );
#7018 = LINE ( 'NONE', #3417, #3823 ) ;
#7019 = SURFACE_SIDE_STYLE ('',( #11569 ) ) ;
#7020 = CARTESIAN_POINT ( 'NONE',  ( 0.06122681038629890909, 0.1998031496062997181, -0.1702755905511812995 ) ) ;
#7021 = EDGE_CURVE ( 'NONE', #11484, #576, #3510, .T. ) ;
#7022 = AXIS2_PLACEMENT_3D ( 'NONE', #8969, #4541, #8082 ) ;
#7023 = EDGE_CURVE ( 'NONE', #8689, #4459, #9823, .T. ) ;
#7024 = LINE ( 'NONE', #10638, #4328 ) ;
#7025 = VECTOR ( 'NONE', #10566, 39.37007874015748143 ) ;
#7026 = CARTESIAN_POINT ( 'NONE',  ( 0.06018589945968472882, 0.1998031496062995516, -0.01628826166439385770 ) ) ;
#7027 =( NAMED_UNIT ( * ) SI_UNIT ( $, .STERADIAN. ) SOLID_ANGLE_UNIT ( ) );
#7028 = PRESENTATION_LAYER_ASSIGNMENT (  '', '', ( #663 ) ) ;
#7029 =( NAMED_UNIT ( * ) PLANE_ANGLE_UNIT ( ) SI_UNIT ( $, .RADIAN. ) );
#7030 = EDGE_CURVE ( 'NONE', #6411, #3437, #8109, .T. ) ;
#7031 = ORIENTED_EDGE ( 'NONE', *, *, #1283, .F. ) ;
#7032 = ORIENTED_EDGE ( 'NONE', *, *, #1145, .F. ) ;
#7033 = ORIENTED_EDGE ( 'NONE', *, *, #9749, .F. ) ;
#7034 = DIRECTION ( 'NONE',  ( 2.348093788196917952E-30, -1.644517855226018450E-15, -1.000000000000000000 ) ) ;
#7035 = AXIS2_PLACEMENT_3D ( 'NONE', #11368, #617, #2458 ) ;
#7036 = ORIENTED_EDGE ( 'NONE', *, *, #10313, .F. ) ;
#7037 = CARTESIAN_POINT ( 'NONE',  ( -0.06929133858267744195, 0.1564960629921262614, -0.2663385826771654807 ) ) ;
#7038 = CIRCLE ( 'NONE', #2389, 0.009105439123007867674 ) ;
#7039 = EDGE_LOOP ( 'NONE', ( #7128, #1723, #9443, #8227 ) ) ;
#7040 = CARTESIAN_POINT ( 'NONE',  ( 0.1535433070866144833, -0.1407480314960624923, -0.3068897637795270916 ) ) ;
#7041 = VERTEX_POINT ( 'NONE', #7349 ) ;
#7042 = TOROIDAL_SURFACE ( 'NONE', #2016, 0.02854330708661417110, 0.003937007874015747977 ) ;
#7043 = CARTESIAN_POINT ( 'NONE',  ( -0.06929133858267740032, 0.1269685039370080926, 0.03366141732283462612 ) ) ;
#7044 = VECTOR ( 'NONE', #1750, 39.37007874015748143 ) ;
#7045 = DIRECTION ( 'NONE',  ( -1.602884491802569361E-15, 1.000000000000000000, -1.644517855226017859E-15 ) ) ;
#7046 = DIRECTION ( 'NONE',  ( 1.594929680954394613E-15, -0.9950371902099890420, 0.09950371902100052512 ) ) ;
#7047 = PLANE ( 'NONE',  #9434 ) ;
#7048 = CARTESIAN_POINT ( 'NONE',  ( 0.01934165959544850363, 0.1998031496062994683, -0.02539370078740173925 ) ) ;
#7049 = LINE ( 'NONE', #10541, #8323 ) ;
#7050 =( NAMED_UNIT ( * ) PLANE_ANGLE_UNIT ( ) SI_UNIT ( $, .RADIAN. ) );
#7051 = DIRECTION ( 'NONE',  ( 1.602884491802569361E-15, -1.000000000000000000, 1.644517855226017859E-15 ) ) ;
#7052 =( GEOMETRIC_REPRESENTATION_CONTEXT ( 3 ) GLOBAL_UNCERTAINTY_ASSIGNED_CONTEXT ( ( #9105 ) ) GLOBAL_UNIT_ASSIGNED_CONTEXT ( ( #9357, #7582, #6711 ) ) REPRESENTATION_CONTEXT ( 'NONE', 'WORKASPACE' ) );
#7053 = PLANE ( 'NONE',  #10776 ) ;
#7054 = DIRECTION ( 'NONE',  ( -1.594929680954394613E-15, 0.9950371902099890420, -0.09950371902100052512 ) ) ;
#7055 = ORIENTED_EDGE ( 'NONE', *, *, #417, .F. ) ;
#7056 = MECHANICAL_DESIGN_GEOMETRIC_PRESENTATION_REPRESENTATION (  '', ( #10037 ), #5956 ) ;
#7057 = VECTOR ( 'NONE', #6206, 39.37007874015748143 ) ;
#7058 = EDGE_LOOP ( 'NONE', ( #7340, #1004, #2909, #2735 ) ) ;
#7059 = DIRECTION ( 'NONE',  ( -2.255731163044917930E-10, 1.000000000000000000, 2.962140801037447666E-10 ) ) ;
#7060 = ORIENTED_EDGE ( 'NONE', *, *, #3919, .T. ) ;
#7061 = COLOUR_RGB ( '',1.000000000000000000, 1.000000000000000000, 1.000000000000000000 ) ;
#7062 = ORIENTED_EDGE ( 'NONE', *, *, #443, .T. ) ;
#7063 = COLOUR_RGB ( '',0.0000000000000000000, 0.0000000000000000000, 1.000000000000000000 ) ;
#7064 = SURFACE_STYLE_USAGE ( .BOTH. , #3755 ) ;
#7065 = FILL_AREA_STYLE ('',( #2342 ) ) ;
#7066 =( LENGTH_UNIT ( ) NAMED_UNIT ( * ) SI_UNIT ( $, .METRE. ) );
#7067 = PRESENTATION_LAYER_ASSIGNMENT (  '', '', ( #1844 ) ) ;
#7068 = SURFACE_STYLE_USAGE ( .BOTH. , #9654 ) ;
#7069 = PRESENTATION_STYLE_ASSIGNMENT (( #2573 ) ) ;
#7070 = LINE ( 'NONE', #3465, #7057 ) ;
#7071 = SURFACE_STYLE_FILL_AREA ( #5405 ) ;
#7072 = FILL_AREA_STYLE ('',( #10838 ) ) ;
#7073 = VECTOR ( 'NONE', #8573, 39.37007874015748143 ) ;
#7074 =( GEOMETRIC_REPRESENTATION_CONTEXT ( 3 ) GLOBAL_UNCERTAINTY_ASSIGNED_CONTEXT ( ( #3390 ) ) GLOBAL_UNIT_ASSIGNED_CONTEXT ( ( #3065, #268, #6388 ) ) REPRESENTATION_CONTEXT ( 'NONE', 'WORKASPACE' ) );
#7075 =( GEOMETRIC_REPRESENTATION_CONTEXT ( 3 ) GLOBAL_UNCERTAINTY_ASSIGNED_CONTEXT ( ( #2417 ) ) GLOBAL_UNIT_ASSIGNED_CONTEXT ( ( #7315, #8248, #9076 ) ) REPRESENTATION_CONTEXT ( 'NONE', 'WORKASPACE' ) );
#7076 = FILL_AREA_STYLE ('',( #6434 ) ) ;
#7077 = ORIENTED_EDGE ( 'NONE', *, *, #10575, .F. ) ;
#7078 = FILL_AREA_STYLE ('',( #7890 ) ) ;
#7079 = EDGE_CURVE ( 'NONE', #11065, #9751, #2739, .T. ) ;
#7080 = PLANE ( 'NONE',  #898 ) ;
#7081 =( GEOMETRIC_REPRESENTATION_CONTEXT ( 3 ) GLOBAL_UNCERTAINTY_ASSIGNED_CONTEXT ( ( #9804 ) ) GLOBAL_UNIT_ASSIGNED_CONTEXT ( ( #6058, #10350, #632 ) ) REPRESENTATION_CONTEXT ( 'NONE', 'WORKASPACE' ) );
#7082 = CARTESIAN_POINT ( 'NONE',  ( 0.06018589945968472882, 0.1998031496062995793, 0.1245559781998423626 ) ) ;
#7083 =( GEOMETRIC_REPRESENTATION_CONTEXT ( 3 ) GLOBAL_UNCERTAINTY_ASSIGNED_CONTEXT ( ( #10603 ) ) GLOBAL_UNIT_ASSIGNED_CONTEXT ( ( #7661, #1576, #5157 ) ) REPRESENTATION_CONTEXT ( 'NONE', 'WORKASPACE' ) );
#7084 = DIRECTION ( 'NONE',  ( 1.602884491802569361E-15, -1.000000000000000000, 1.644517855226017859E-15 ) ) ;
#7085 = DIRECTION ( 'NONE',  ( -0.7956271577887876756, 0.0000000000000000000, 0.6057866173735895199 ) ) ;
#7086 = UNCERTAINTY_MEASURE_WITH_UNIT (LENGTH_MEASURE( 1.000000000000000082E-05 ), #1201, 'distance_accuracy_value', 'NONE');
#7087 = LINE ( 'NONE', #10634, #7933 ) ;
#7088 =( NAMED_UNIT ( * ) PLANE_ANGLE_UNIT ( ) SI_UNIT ( $, .RADIAN. ) );
#7089 = DIRECTION ( 'NONE',  ( -2.348093788196917952E-30, 1.644517855226018450E-15, 1.000000000000000000 ) ) ;
#7090 =( CONVERSION_BASED_UNIT ( 'INCH', #1827 ) LENGTH_UNIT ( ) NAMED_UNIT ( #6698 ) );
#7091 = ORIENTED_EDGE ( 'NONE', *, *, #3692, .T. ) ;
#7092 = CARTESIAN_POINT ( 'NONE',  ( 0.1535433070866143168, -0.02263779527559005994, -0.2068897637795273081 ) ) ;
#7093 = DIRECTION ( 'NONE',  ( -2.364801230464485631E-30, 1.644517855226018450E-15, 1.000000000000000000 ) ) ;
#7094 = CARTESIAN_POINT ( 'NONE',  ( 0.06929133858267698398, 0.1269685039370082313, -0.2253937007874016185 ) ) ;
#7095 = AXIS2_PLACEMENT_3D ( 'NONE', #529, #6649, #6595 ) ;
#7096 = ADVANCED_FACE ( 'NONE', ( #908 ), #1853, .T. ) ;
#7097 = PRESENTATION_STYLE_ASSIGNMENT (( #7906 ) ) ;
#7098 = UNCERTAINTY_MEASURE_WITH_UNIT (LENGTH_MEASURE( 1.000000000000000082E-05 ), #5540, 'distance_accuracy_value', 'NONE');
#7099 = SURFACE_SIDE_STYLE ('',( #819 ) ) ;
#7100 = STYLED_ITEM ( 'NONE', ( #5005 ), #10128 ) ;
#7101 =( LENGTH_UNIT ( ) NAMED_UNIT ( * ) SI_UNIT ( $, .METRE. ) );
#7102 = EDGE_CURVE ( 'NONE', #4953, #2429, #4053, .T. ) ;
#7103 = DIRECTION ( 'NONE',  ( 2.348093788196917952E-30, -1.644517855226018450E-15, -1.000000000000000000 ) ) ;
#7104 = LINE ( 'NONE', #955, #10173 ) ;
#7105 = EDGE_LOOP ( 'NONE', ( #1240, #4568, #7415, #11469 ) ) ;
#7106 = EDGE_LOOP ( 'NONE', ( #10027, #2024, #6614, #8994 ) ) ;
#7107 = CARTESIAN_POINT ( 'NONE',  ( 0.1535433070866144833, -0.1407480314960625478, -0.2068897637795271138 ) ) ;
#7108 = VECTOR ( 'NONE', #8206, 39.37007874015748143 ) ;
#7109 = ORIENTED_EDGE ( 'NONE', *, *, #774, .F. ) ;
#7110 = DIRECTION ( 'NONE',  ( -1.602884491802569361E-15, 1.000000000000000000, -1.644517855226017859E-15 ) ) ;
#7111 = STYLED_ITEM ( 'NONE', ( #10353 ), #10145 ) ;
#7112 = ORIENTED_EDGE ( 'NONE', *, *, #652, .T. ) ;
#7113 = EDGE_CURVE ( 'NONE', #4387, #3086, #4801, .T. ) ;
#7114 = SURFACE_STYLE_USAGE ( .BOTH. , #5440 ) ;
#7115 = EDGE_CURVE ( 'NONE', #9500, #3521, #5361, .T. ) ;
#7116 = ORIENTED_EDGE ( 'NONE', *, *, #11008, .F. ) ;
#7117 = CARTESIAN_POINT ( 'NONE',  ( 0.01209712494559034984, 0.1269685039370082036, -0.3107723084983661788 ) ) ;
#7118 = UNCERTAINTY_MEASURE_WITH_UNIT (LENGTH_MEASURE( 1.000000000000000082E-05 ), #1840, 'distance_accuracy_value', 'NONE');
#7119 = CARTESIAN_POINT ( 'NONE',  ( 0.06018589945968478433, 0.1643700787401578545, 0.02455597819984241953 ) ) ;
#7120 =( NAMED_UNIT ( * ) PLANE_ANGLE_UNIT ( ) SI_UNIT ( $, .RADIAN. ) );
#7121 = SURFACE_SIDE_STYLE ('',( #1072 ) ) ;
#7122 = LINE ( 'NONE', #2029, #5964 ) ;
#7123 = PRESENTATION_STYLE_ASSIGNMENT (( #3512 ) ) ;
#7124 = SURFACE_SIDE_STYLE ('',( #5331 ) ) ;
#7125 =( NAMED_UNIT ( * ) PLANE_ANGLE_UNIT ( ) SI_UNIT ( $, .RADIAN. ) );
#7126 = CARTESIAN_POINT ( 'NONE',  ( 0.06018589945980290512, 0.1564960629921262336, 0.07460629921259835651 ) ) ;
#7127 = VERTEX_POINT ( 'NONE', #191 ) ;
#7128 = ORIENTED_EDGE ( 'NONE', *, *, #1384, .F. ) ;
#7129 = ORIENTED_EDGE ( 'NONE', *, *, #7326, .F. ) ;
#7130 = LENGTH_MEASURE_WITH_UNIT ( LENGTH_MEASURE( 0.02539999999999999897 ), #1924 );
#7131 = VECTOR ( 'NONE', #2224, 39.37007874015748143 ) ;
#7132 = ORIENTED_EDGE ( 'NONE', *, *, #9907, .F. ) ;
#7133 = VERTEX_POINT ( 'NONE', #8056 ) ;
#7134 = FILL_AREA_STYLE_COLOUR ( '', #7344 ) ;
#7135 = LINE ( 'NONE', #2874, #3298 ) ;
#7136 = FACE_OUTER_BOUND ( 'NONE', #5289, .T. ) ;
#7137 = FILL_AREA_STYLE_COLOUR ( '', #6673 ) ;
#7138 = CARTESIAN_POINT ( 'NONE',  ( -2.057162640966502078E-16, 0.1269685039370081203, -0.2458661417322835219 ) ) ;
#7139 = SURFACE_STYLE_USAGE ( .BOTH. , #10559 ) ;
#7140 = PRESENTATION_STYLE_ASSIGNMENT (( #4475 ) ) ;
#7141 = UNCERTAINTY_MEASURE_WITH_UNIT (LENGTH_MEASURE( 1.000000000000000082E-05 ), #8342, 'distance_accuracy_value', 'NONE');
#7142 = EDGE_LOOP ( 'NONE', ( #5251, #5436, #3121, #2659 ) ) ;
#7143 = CARTESIAN_POINT ( 'NONE',  ( -0.1464566929133855611, -0.1722440944881890590, 0.1120078740157485764 ) ) ;
#7144 = TOROIDAL_SURFACE ( 'NONE', #5479, 0.02854330708661417110, 0.003937007874015747977 ) ;
#7145 = LINE ( 'NONE', #8906, #8953 ) ;
#7146 = STYLED_ITEM ( 'NONE', ( #292 ), #11140 ) ;
#7147 = SURFACE_STYLE_USAGE ( .BOTH. , #3603 ) ;
#7148 = DIRECTION ( 'NONE',  ( 1.000000000000000000, 1.602884491802764604E-15, 1.187510765328999591E-13 ) ) ;
#7149 = CARTESIAN_POINT ( 'NONE',  ( -0.1464566929133855611, -0.1722440944881889202, -0.3879921259842515346 ) ) ;
#7150 = DIRECTION ( 'NONE',  ( -6.762023144706918568E-10, 1.000000000000000000, 8.919191143228396171E-14 ) ) ;
#7151 = VERTEX_POINT ( 'NONE', #10769 ) ;
#7152 = CARTESIAN_POINT ( 'NONE',  ( 0.06018589945968484678, 0.1269685039370083979, -0.3663385826771654585 ) ) ;
#7153 = ADVANCED_FACE ( 'NONE', ( #9969 ), #23, .T. ) ;
#7154 = STYLED_ITEM ( 'NONE', ( #10943 ), #1139 ) ;
#7155 = CARTESIAN_POINT ( 'NONE',  ( 0.06018589943043277379, 0.1998031496062997459, -0.2663385826771654807 ) ) ;
#7156 = COLOUR_RGB ( '',1.000000000000000000, 1.000000000000000000, 1.000000000000000000 ) ;
#7157 = DIRECTION ( 'NONE',  ( 1.602884491802569361E-15, -1.000000000000000000, 1.644517855226017859E-15 ) ) ;
#7158 = COLOUR_RGB ( '',0.7607843137254901578, 0.7607843137254901578, 0.0000000000000000000 ) ;
#7159 = SURFACE_SIDE_STYLE ('',( #640 ) ) ;
#7160 =( GEOMETRIC_REPRESENTATION_CONTEXT ( 3 ) GLOBAL_UNCERTAINTY_ASSIGNED_CONTEXT ( ( #10697 ) ) GLOBAL_UNIT_ASSIGNED_CONTEXT ( ( #8095, #7277, #9267 ) ) REPRESENTATION_CONTEXT ( 'NONE', 'WORKASPACE' ) );
#7161 = LENGTH_MEASURE_WITH_UNIT ( LENGTH_MEASURE( 0.02539999999999999897 ), #7968 );
#7162 = PRESENTATION_LAYER_ASSIGNMENT (  '', '', ( #10500 ) ) ;
#7163 = LINE ( 'NONE', #11393, #224 ) ;
#7164 = DIRECTION ( 'NONE',  ( 2.348093788196917952E-30, -1.644517855226018450E-15, -1.000000000000000000 ) ) ;
#7165 = DIMENSIONAL_EXPONENTS ( 1.000000000000000000, 0.0000000000000000000, 0.0000000000000000000, 0.0000000000000000000, 0.0000000000000000000, 0.0000000000000000000, 0.0000000000000000000 ) ;
#7166 = LENGTH_MEASURE_WITH_UNIT ( LENGTH_MEASURE( 0.02539999999999999897 ), #7972 );
#7167 = ORIENTED_EDGE ( 'NONE', *, *, #1817, .F. ) ;
#7168 = ADVANCED_FACE ( 'NONE', ( #9283 ), #356, .T. ) ;
#7169 = ORIENTED_EDGE ( 'NONE', *, *, #8229, .F. ) ;
#7170 = EDGE_CURVE ( 'NONE', #1968, #2616, #3912, .T. ) ;
#7171 = EDGE_LOOP ( 'NONE', ( #6529, #1589, #703, #6252 ) ) ;
#7172 = ORIENTED_EDGE ( 'NONE', *, *, #6325, .T. ) ;
#7173 =( LENGTH_UNIT ( ) NAMED_UNIT ( * ) SI_UNIT ( $, .METRE. ) );
#7174 = CARTESIAN_POINT ( 'NONE',  ( 0.06889763779527552368, 0.05610236220472479551, 0.1624015748031496786 ) ) ;
#7175 = AXIS2_PLACEMENT_3D ( 'NONE', #4650, #10900, #2939 ) ;
#7176 = LINE ( 'NONE', #4733, #9504 ) ;
#7177 = PRESENTATION_LAYER_ASSIGNMENT (  '', '', ( #2710 ) ) ;
#7178 = EDGE_CURVE ( 'NONE', #6257, #10, #7469, .T. ) ;
#7179 = EDGE_CURVE ( 'NONE', #2378, #2568, #3031, .T. ) ;
#7180 = PRESENTATION_STYLE_ASSIGNMENT (( #27 ) ) ;
#7181 = DIRECTION ( 'NONE',  ( 1.594929680954418377E-16, -0.09950371902100052512, -0.9950371902099890420 ) ) ;
#7182 = EDGE_LOOP ( 'NONE', ( #7032, #1728, #608, #4281, #2540, #11286 ) ) ;
#7183 = ORIENTED_EDGE ( 'NONE', *, *, #2584, .T. ) ;
#7184 = ORIENTED_EDGE ( 'NONE', *, *, #11257, .F. ) ;
#7185 =( GEOMETRIC_REPRESENTATION_CONTEXT ( 3 ) GLOBAL_UNCERTAINTY_ASSIGNED_CONTEXT ( ( #7670 ) ) GLOBAL_UNIT_ASSIGNED_CONTEXT ( ( #11430, #2457, #1511 ) ) REPRESENTATION_CONTEXT ( 'NONE', 'WORKASPACE' ) );
#7186 = DIRECTION ( 'NONE',  ( 1.000000000000000000, 1.602884491802569361E-15, -2.711709361697226329E-31 ) ) ;
#7187 = VERTEX_POINT ( 'NONE', #8450 ) ;
#7188 = ORIENTED_EDGE ( 'NONE', *, *, #1609, .F. ) ;
#7189 = FACE_OUTER_BOUND ( 'NONE', #1457, .T. ) ;
#7190 = FACE_BOUND ( 'NONE', #2820, .T. ) ;
#7191 =( CONVERSION_BASED_UNIT ( 'INCH', #1087 ) LENGTH_UNIT ( ) NAMED_UNIT ( #8576 ) );
#7192 = DIRECTION ( 'NONE',  ( 1.602884491802569361E-15, -1.000000000000000000, 1.644517855226017859E-15 ) ) ;
#7193 = CARTESIAN_POINT ( 'NONE',  ( -0.1464566929133861994, 0.2273622047244095445, -0.4458661417322836718 ) ) ;
#7194 = CYLINDRICAL_SURFACE ( 'NONE', #5203, 0.02460629921259844741 ) ;
#7195 =( GEOMETRIC_REPRESENTATION_CONTEXT ( 3 ) GLOBAL_UNCERTAINTY_ASSIGNED_CONTEXT ( ( #1117 ) ) GLOBAL_UNIT_ASSIGNED_CONTEXT ( ( #4093, #3988, #7422 ) ) REPRESENTATION_CONTEXT ( 'NONE', 'WORKASPACE' ) );
#7196 = ADVANCED_FACE ( 'NONE', ( #5849 ), #8278, .F. ) ;
#7197 = FACE_OUTER_BOUND ( 'NONE', #11337, .T. ) ;
#7198 = ORIENTED_EDGE ( 'NONE', *, *, #9552, .T. ) ;
#7199 = CARTESIAN_POINT ( 'NONE',  ( 0.06018589945968478433, 0.1643700787401578822, -0.07544402180015759296 ) ) ;
#7200 = PRESENTATION_LAYER_ASSIGNMENT (  '', '', ( #4789 ) ) ;
#7201 = COLOUR_RGB ( '',0.7607843137254901578, 0.7607843137254901578, 0.0000000000000000000 ) ;
#7202 = FILL_AREA_STYLE ('',( #7375 ) ) ;
#7203 = CARTESIAN_POINT ( 'NONE',  ( 0.1535433070866143168, -0.02263779527559009463, -0.1068897637795273164 ) ) ;
#7204 = CARTESIAN_POINT ( 'NONE',  ( 0.1535433070866144833, -0.1407480314960626033, -0.006889763779527091452 ) ) ;
#7205 = DIRECTION ( 'NONE',  ( 2.348093788196917952E-30, -1.644517855226018450E-15, -1.000000000000000000 ) ) ;
#7206 = FACE_OUTER_BOUND ( 'NONE', #11125, .T. ) ;
#7207 = FILL_AREA_STYLE ('',( #10519 ) ) ;
#7208 = DIRECTION ( 'NONE',  ( -1.594929680954394613E-15, 0.9950371902099890420, -0.09950371902100052512 ) ) ;
#7209 = ORIENTED_EDGE ( 'NONE', *, *, #1428, .T. ) ;
#7210 = PLANE ( 'NONE',  #7273 ) ;
#7211 = AXIS2_PLACEMENT_3D ( 'NONE', #11294, #6134, #5199 ) ;
#7212 = PRESENTATION_LAYER_ASSIGNMENT (  '', '', ( #6651 ) ) ;
#7213 =( NAMED_UNIT ( * ) PLANE_ANGLE_UNIT ( ) SI_UNIT ( $, .RADIAN. ) );
#7214 =( NAMED_UNIT ( * ) SI_UNIT ( $, .STERADIAN. ) SOLID_ANGLE_UNIT ( ) );
#7216 = LENGTH_MEASURE_WITH_UNIT ( LENGTH_MEASURE( 0.02539999999999999897 ), #2069 );
#7215 = VECTOR ( 'NONE', #586, 39.37007874015748143 ) ;
#7217 = VECTOR ( 'NONE', #4444, 39.37007874015748143 ) ;
#7218 = UNCERTAINTY_MEASURE_WITH_UNIT (LENGTH_MEASURE( 1.000000000000000082E-05 ), #3407, 'distance_accuracy_value', 'NONE');
#7219 = DIRECTION ( 'NONE',  ( 1.602884491802569361E-15, -1.000000000000000000, 1.644517855226017859E-15 ) ) ;
#7220 = SURFACE_STYLE_USAGE ( .BOTH. , #3841 ) ;
#7221 = FILL_AREA_STYLE ('',( #2794 ) ) ;
#7222 = ORIENTED_EDGE ( 'NONE', *, *, #3541, .T. ) ;
#7223 = FACE_OUTER_BOUND ( 'NONE', #10144, .T. ) ;
#7224 = ORIENTED_EDGE ( 'NONE', *, *, #6804, .T. ) ;
#7225 = LINE ( 'NONE', #10598, #1923 ) ;
#7226 = ORIENTED_EDGE ( 'NONE', *, *, #6292, .T. ) ;
#7227 = EDGE_CURVE ( 'NONE', #5493, #5781, #840, .T. ) ;
#7228 = CARTESIAN_POINT ( 'NONE',  ( 0.1464566929133861717, -0.1407480314960625478, -0.2068897637795271138 ) ) ;
#7229 = UNCERTAINTY_MEASURE_WITH_UNIT (LENGTH_MEASURE( 1.000000000000000082E-05 ), #9068, 'distance_accuracy_value', 'NONE');
#7230 = DIRECTION ( 'NONE',  ( -2.348093788196917952E-30, 1.644517855226018450E-15, 1.000000000000000000 ) ) ;
#7231 = VECTOR ( 'NONE', #10486, 39.37007874015748143 ) ;
#7232 = DIRECTION ( 'NONE',  ( 0.0000000000000000000, 0.0000000000000000000, 1.000000000000000000 ) ) ;
#7233 = CARTESIAN_POINT ( 'NONE',  ( -0.06929133858267744195, 0.1564960629921262059, -0.06633858267716544188 ) ) ;
#7234 = CARTESIAN_POINT ( 'NONE',  ( -0.1464566929133857831, -0.02263779527559064281, 0.09311023622047270853 ) ) ;
#7235 = CARTESIAN_POINT ( 'NONE',  ( -0.1535433070866145111, 0.2273622047244093780, 0.05413385826771639764 ) ) ;
#7236 = DIRECTION ( 'NONE',  ( 1.000000000000000000, 1.602884491802569361E-15, -2.711709361697226329E-31 ) ) ;
#7238 = EDGE_LOOP ( 'NONE', ( #1184, #348, #2670, #7618, #7825 ) ) ;
#7237 = DIMENSIONAL_EXPONENTS ( 1.000000000000000000, 0.0000000000000000000, 0.0000000000000000000, 0.0000000000000000000, 0.0000000000000000000, 0.0000000000000000000, 0.0000000000000000000 ) ;
#7239 = AXIS2_PLACEMENT_3D ( 'NONE', #8778, #7946, #5220 ) ;
#7240 = CIRCLE ( 'NONE', #6858, 0.02460629921259843353 ) ;
#7241 = STYLED_ITEM ( 'NONE', ( #5908 ), #3978 ) ;
#7242 = SURFACE_STYLE_USAGE ( .BOTH. , #4630 ) ;
#7243 = ORIENTED_EDGE ( 'NONE', *, *, #7391, .F. ) ;
#7244 = EDGE_CURVE ( 'NONE', #844, #11246, #11336, .T. ) ;
#7245 = EDGE_CURVE ( 'NONE', #1007, #2616, #3379, .T. ) ;
#7246 = FILL_AREA_STYLE ('',( #3697 ) ) ;
#7247 = CARTESIAN_POINT ( 'NONE',  ( 0.01934165959543282173, 0.1564960629921263169, 0.03366141732283457061 ) ) ;
#7248 = CARTESIAN_POINT ( 'NONE',  ( 0.01934165959544855914, 0.1643700787401577434, -0.1162882616643937939 ) ) ;
#7249 = CARTESIAN_POINT ( 'NONE',  ( 0.1535433070866144833, -0.1407480314960626311, 0.09311023622047291670 ) ) ;
#7250 = PLANE ( 'NONE',  #5458 ) ;
#7251 = SURFACE_STYLE_FILL_AREA ( #3703 ) ;
#7252 =( NAMED_UNIT ( * ) SI_UNIT ( $, .STERADIAN. ) SOLID_ANGLE_UNIT ( ) );
#7253 =( LENGTH_UNIT ( ) NAMED_UNIT ( * ) SI_UNIT ( $, .METRE. ) );
#7254 = MECHANICAL_DESIGN_GEOMETRIC_PRESENTATION_REPRESENTATION (  '', ( #1266 ), #6334 ) ;
#7255 =( GEOMETRIC_REPRESENTATION_CONTEXT ( 3 ) GLOBAL_UNCERTAINTY_ASSIGNED_CONTEXT ( ( #6992 ) ) GLOBAL_UNIT_ASSIGNED_CONTEXT ( ( #2203, #10246, #1195 ) ) REPRESENTATION_CONTEXT ( 'NONE', 'WORKASPACE' ) );
#7256 =( NAMED_UNIT ( * ) PLANE_ANGLE_UNIT ( ) SI_UNIT ( $, .RADIAN. ) );
#7257 = ORIENTED_EDGE ( 'NONE', *, *, #3757, .T. ) ;
#7258 = AXIS2_PLACEMENT_3D ( 'NONE', #9973, #2868, #1077 ) ;
#7259 = CARTESIAN_POINT ( 'NONE',  ( -0.1535433070866141225, -0.02263779527559058036, -0.1068897637795273164 ) ) ;
#7260 = EDGE_CURVE ( 'NONE', #11225, #9446, #7795, .T. ) ;
#7261 = ADVANCED_FACE ( 'NONE', ( #7741 ), #4808, .T. ) ;
#7262 = CARTESIAN_POINT ( 'NONE',  ( 0.1464566929133861717, -0.1407480314960624923, -0.3068897637795270916 ) ) ;
#7263 = PRESENTATION_STYLE_ASSIGNMENT (( #1821 ) ) ;
#7264 = SURFACE_STYLE_USAGE ( .BOTH. , #9891 ) ;
#7265 = LENGTH_MEASURE_WITH_UNIT ( LENGTH_MEASURE( 0.02539999999999999897 ), #3542 );
#7266 = AXIS2_PLACEMENT_3D ( 'NONE', #3786, #6350, #9906 ) ;
#7268 = AXIS2_PLACEMENT_3D ( 'NONE', #3147, #5167, #7845 ) ;
#7267 = FILL_AREA_STYLE ('',( #2061 ) ) ;
#7269 = CARTESIAN_POINT ( 'NONE',  ( -0.1535433070866141225, -0.02263779527559044505, -0.3848425196850391861 ) ) ;
#7270 = VECTOR ( 'NONE', #7624, 39.37007874015748143 ) ;
#7271 = DIRECTION ( 'NONE',  ( 2.348093788196917952E-30, -1.644517855226018450E-15, -1.000000000000000000 ) ) ;
#7272 =( CONVERSION_BASED_UNIT ( 'INCH', #8143 ) LENGTH_UNIT ( ) NAMED_UNIT ( #7472 ) );
#7273 = AXIS2_PLACEMENT_3D ( 'NONE', #2660, #2845, #4492 ) ;
#7274 = AXIS2_PLACEMENT_3D ( 'NONE', #9240, #6376, #8184 ) ;
#7275 = AXIS2_PLACEMENT_3D ( 'NONE', #5414, #4649, #5584 ) ;
#7276 = DIRECTION ( 'NONE',  ( 1.602884491802569361E-15, -1.000000000000000000, 1.644517855226017859E-15 ) ) ;
#7277 =( NAMED_UNIT ( * ) PLANE_ANGLE_UNIT ( ) SI_UNIT ( $, .RADIAN. ) );
#7278 = DIRECTION ( 'NONE',  ( -2.348093788196917952E-30, 1.644517855226018450E-15, 1.000000000000000000 ) ) ;
#7279 = DIMENSIONAL_EXPONENTS ( 1.000000000000000000, 0.0000000000000000000, 0.0000000000000000000, 0.0000000000000000000, 0.0000000000000000000, 0.0000000000000000000, 0.0000000000000000000 ) ;
#7280 = SURFACE_STYLE_FILL_AREA ( #7221 ) ;
#7281 = ORIENTED_EDGE ( 'NONE', *, *, #1449, .T. ) ;
#7282 = VECTOR ( 'NONE', #5078, 39.37007874015748143 ) ;
#7283 = ORIENTED_EDGE ( 'NONE', *, *, #2513, .T. ) ;
#7284 = SURFACE_STYLE_FILL_AREA ( #6522 ) ;
#7285 = VECTOR ( 'NONE', #7046, 39.37007874015748143 ) ;
#7286 = ORIENTED_EDGE ( 'NONE', *, *, #4337, .T. ) ;
#7287 = VERTEX_POINT ( 'NONE', #11394 ) ;
#7288 = DIRECTION ( 'NONE',  ( 8.640684008184001570E-13, -1.644517855224633408E-15, -1.000000000000000000 ) ) ;
#7289 = VECTOR ( 'NONE', #7791, 39.37007874015748143 ) ;
#7290 = CARTESIAN_POINT ( 'NONE',  ( 0.06018589945968484678, 0.1269685039370082591, -0.3162882616643937772 ) ) ;
#7291 = SURFACE_STYLE_FILL_AREA ( #8110 ) ;
#7292 = FILL_AREA_STYLE ('',( #8167 ) ) ;
#7293 = DIRECTION ( 'NONE',  ( 0.7956271577883996526, 0.0000000000000000000, -0.6057866173740990012 ) ) ;
#7294 = ORIENTED_EDGE ( 'NONE', *, *, #5778, .F. ) ;
#7295 = EDGE_CURVE ( 'NONE', #7529, #6617, #7402, .T. ) ;
#7296 = STYLED_ITEM ( 'NONE', ( #3617 ), #6477 ) ;
#7297 = ORIENTED_EDGE ( 'NONE', *, *, #277, .T. ) ;
#7298 = DIRECTION ( 'NONE',  ( 0.0000000000000000000, 0.0000000000000000000, 1.000000000000000000 ) ) ;
#7299 = SURFACE_STYLE_USAGE ( .BOTH. , #6370 ) ;
#7300 = PRESENTATION_LAYER_ASSIGNMENT (  '', '', ( #739 ) ) ;
#7301 = PLANE ( 'NONE',  #11054 ) ;
#7302 = LINE ( 'NONE', #9979, #7044 ) ;
#7303 = FILL_AREA_STYLE_COLOUR ( '', #5328 ) ;
#7304 = PRESENTATION_STYLE_ASSIGNMENT (( #3760 ) ) ;
#7305 = DIRECTION ( 'NONE',  ( -2.348093788196917952E-30, 1.644517855226018450E-15, 1.000000000000000000 ) ) ;
#7306 = PRESENTATION_STYLE_ASSIGNMENT (( #1149 ) ) ;
#7307 = CARTESIAN_POINT ( 'NONE',  ( 0.06929133858267698398, 0.1269685039370082313, -0.1162882616642480771 ) ) ;
#7308 = CARTESIAN_POINT ( 'NONE',  ( -0.1464566929133855888, -0.1407480314960630752, -0.1068897637795270944 ) ) ;
#7309 = EDGE_CURVE ( 'NONE', #4804, #9422, #8687, .T. ) ;
#7310 = COLOUR_RGB ( '',0.7607843137254901578, 0.7607843137254901578, 0.0000000000000000000 ) ;
#7311 = SURFACE_SIDE_STYLE ('',( #4644 ) ) ;
#7312 = EDGE_LOOP ( 'NONE', ( #3329, #9019, #1129, #7732 ) ) ;
#7313 = EDGE_CURVE ( 'NONE', #5972, #711, #10589, .T. ) ;
#7314 = CARTESIAN_POINT ( 'NONE',  ( -0.06929133858267740032, 0.1269685039370081203, -0.4253937007874016851 ) ) ;
#7315 =( CONVERSION_BASED_UNIT ( 'INCH', #3661 ) LENGTH_UNIT ( ) NAMED_UNIT ( #2886 ) );
#7316 = SURFACE_STYLE_FILL_AREA ( #1885 ) ;
#7317 = DIRECTION ( 'NONE',  ( -2.348093788196917952E-30, 1.644517855226018450E-15, 1.000000000000000000 ) ) ;
#7318 = LINE ( 'NONE', #7204, #4757 ) ;
#7319 = SURFACE_STYLE_FILL_AREA ( #8520 ) ;
#7320 = CIRCLE ( 'NONE', #6210, 0.003937007874015758385 ) ;
#7321 = CARTESIAN_POINT ( 'NONE',  ( 0.06929133858267698398, 0.1269685039370083979, -0.3663385826771654585 ) ) ;
#7322 =( NAMED_UNIT ( * ) SI_UNIT ( $, .STERADIAN. ) SOLID_ANGLE_UNIT ( ) );
#7323 = LINE ( 'NONE', #10849, #2776 ) ;
#7324 = ORIENTED_EDGE ( 'NONE', *, *, #1314, .T. ) ;
#7325 = EDGE_CURVE ( 'NONE', #2550, #10, #3433, .T. ) ;
#7326 = EDGE_CURVE ( 'NONE', #938, #10297, #7104, .T. ) ;
#7327 = PRESENTATION_LAYER_ASSIGNMENT (  '', '', ( #210 ) ) ;
#7328 = AXIS2_PLACEMENT_3D ( 'NONE', #762, #8048, #7983 ) ;
#7329 = SURFACE_STYLE_FILL_AREA ( #4776 ) ;
#7330 =( CONVERSION_BASED_UNIT ( 'INCH', #7216 ) LENGTH_UNIT ( ) NAMED_UNIT ( #10286 ) );
#7331 = UNCERTAINTY_MEASURE_WITH_UNIT (LENGTH_MEASURE( 1.000000000000000082E-05 ), #10600, 'distance_accuracy_value', 'NONE');
#7332 = FACE_OUTER_BOUND ( 'NONE', #331, .T. ) ;
#7333 =( NAMED_UNIT ( * ) PLANE_ANGLE_UNIT ( ) SI_UNIT ( $, .RADIAN. ) );
#7334 =( NAMED_UNIT ( * ) PLANE_ANGLE_UNIT ( ) SI_UNIT ( $, .RADIAN. ) );
#7335 = TOROIDAL_SURFACE ( 'NONE', #398, 0.005168431248992125769, 0.003937007874015747977 ) ;
#7336 = ORIENTED_EDGE ( 'NONE', *, *, #9801, .T. ) ;
#7337 = FILL_AREA_STYLE ('',( #4666 ) ) ;
#7338 = ADVANCED_FACE ( 'NONE', ( #10645 ), #5430, .T. ) ;
#7339 = ORIENTED_EDGE ( 'NONE', *, *, #75, .F. ) ;
#7340 = ORIENTED_EDGE ( 'NONE', *, *, #10924, .T. ) ;
#7341 = CIRCLE ( 'NONE', #980, 0.009105439123007878083 ) ;
#7342 =( CONVERSION_BASED_UNIT ( 'INCH', #5665 ) LENGTH_UNIT ( ) NAMED_UNIT ( #1858 ) );
#7343 = AXIS2_PLACEMENT_3D ( 'NONE', #3128, #10109, #9382 ) ;
#7344 = COLOUR_RGB ( '',0.0000000000000000000, 0.0000000000000000000, 1.000000000000000000 ) ;
#7345 = EDGE_LOOP ( 'NONE', ( #5276, #1601, #4028, #5692 ) ) ;
#7346 = UNCERTAINTY_MEASURE_WITH_UNIT (LENGTH_MEASURE( 1.000000000000000082E-05 ), #3706, 'distance_accuracy_value', 'NONE');
#7347 = EDGE_LOOP ( 'NONE', ( #11307, #10616, #1197 ) ) ;
#7348 = CARTESIAN_POINT ( 'NONE',  ( 0.1535433070866144833, -0.1407480314960624646, -0.2848425196850389307 ) ) ;
#7349 = CARTESIAN_POINT ( 'NONE',  ( 0.01209712494559416970, 0.1998031496062995238, 0.1190400250338187610 ) ) ;
#7350 = DIRECTION ( 'NONE',  ( 1.594929680954371539E-16, -0.09950371902099727772, 0.9950371902099893751 ) ) ;
#7351 = DIRECTION ( 'NONE',  ( -1.000000000000000000, -1.602884491802569361E-15, 2.711709361697226329E-31 ) ) ;
#7352 = LINE ( 'NONE', #2205, #8936 ) ;
#7353 = AXIS2_PLACEMENT_3D ( 'NONE', #9380, #10224, #11146 ) ;
#7354 = MECHANICAL_DESIGN_GEOMETRIC_PRESENTATION_REPRESENTATION (  '', ( #5125 ), #9229 ) ;
#7355 = CARTESIAN_POINT ( 'NONE',  ( -0.1464566929133855888, -0.1407480314960629364, -0.2848425196850389307 ) ) ;
#7356 = EDGE_LOOP ( 'NONE', ( #11384, #10214, #6435, #78 ) ) ;
#7357 = CARTESIAN_POINT ( 'NONE',  ( 0.01934165959544850363, 0.1998031496062995516, -0.2214566929133859607 ) ) ;
#7358 = VERTEX_POINT ( 'NONE', #8096 ) ;
#7359 = VECTOR ( 'NONE', #9307, 39.37007874015748143 ) ;
#7360 = DIRECTION ( 'NONE',  ( 6.254816746612918849E-10, -1.000000000000000000, 1.644517855226017859E-15 ) ) ;
#7361 = COLOUR_RGB ( '',0.7607843137254901578, 0.7607843137254901578, 0.0000000000000000000 ) ;
#7362 = CARTESIAN_POINT ( 'NONE',  ( 0.1948818897637793202, 0.1564960629921266222, 0.1820866141732282728 ) ) ;
#7363 = CARTESIAN_POINT ( 'NONE',  ( 0.01934165959543282173, 0.1564960629921264557, -0.3663385826771655140 ) ) ;
#7364 = CARTESIAN_POINT ( 'NONE',  ( -0.06889763779527570409, 0.05610236220472458041, 0.1624015748031496786 ) ) ;
#7365 = DIRECTION ( 'NONE',  ( -1.602884491802569361E-15, 1.000000000000000000, -1.644517855226017859E-15 ) ) ;
#7366 = SURFACE_STYLE_FILL_AREA ( #1931 ) ;
#7367 = CARTESIAN_POINT ( 'NONE',  ( 0.06429804372452725680, 0.2037401574803155146, -0.3785749882836223490 ) ) ;
#7368 =( LENGTH_UNIT ( ) NAMED_UNIT ( * ) SI_UNIT ( $, .METRE. ) );
#7369 = CARTESIAN_POINT ( 'NONE',  ( 0.1464566929133862272, -0.1722440944881885594, -0.1068897637795270666 ) ) ;
#7370 = AXIS2_PLACEMENT_3D ( 'NONE', #6262, #9821, #6482 ) ;
#7371 = ORIENTED_EDGE ( 'NONE', *, *, #3239, .T. ) ;
#7372 = PLANE ( 'NONE',  #6929 ) ;
#7373 = ORIENTED_EDGE ( 'NONE', *, *, #4691, .F. ) ;
#7374 = DIRECTION ( 'NONE',  ( 1.602884491802569361E-15, -1.000000000000000000, 1.644517855226017859E-15 ) ) ;
#7375 = FILL_AREA_STYLE_COLOUR ( '', #1097 ) ;
#7376 = FILL_AREA_STYLE_COLOUR ( '', #3450 ) ;
#7377 = FILL_AREA_STYLE_COLOUR ( '', #6239 ) ;
#7378 = EDGE_CURVE ( 'NONE', #1760, #8067, #10192, .T. ) ;
#7379 = FILL_AREA_STYLE_COLOUR ( '', #3485 ) ;
#7380 = CARTESIAN_POINT ( 'NONE',  ( 0.01934165959544849669, 0.2037401574803152371, -0.02145669291338599474 ) ) ;
#7381 = CARTESIAN_POINT ( 'NONE',  ( 0.06018589945968472882, 0.1998031496062996903, -0.1754440218001576401 ) ) ;
#7382 = VERTEX_POINT ( 'NONE', #9904 ) ;
#7383 = EDGE_CURVE ( 'NONE', #4981, #9868, #8859, .T. ) ;
#7384 =( NAMED_UNIT ( * ) PLANE_ANGLE_UNIT ( ) SI_UNIT ( $, .RADIAN. ) );
#7385 = CARTESIAN_POINT ( 'NONE',  ( 0.01934165959544861813, 0.1269685039370081758, 0.1336614173228346247 ) ) ;
#7386 = MECHANICAL_DESIGN_GEOMETRIC_PRESENTATION_REPRESENTATION (  '', ( #4789 ), #8883 ) ;
#7387 = DIMENSIONAL_EXPONENTS ( 1.000000000000000000, 0.0000000000000000000, 0.0000000000000000000, 0.0000000000000000000, 0.0000000000000000000, 0.0000000000000000000, 0.0000000000000000000 ) ;
#7388 = PRESENTATION_STYLE_ASSIGNMENT (( #4514 ) ) ;
#7389 =( NAMED_UNIT ( * ) SI_UNIT ( $, .STERADIAN. ) SOLID_ANGLE_UNIT ( ) );
#7390 = EDGE_CURVE ( 'NONE', #4714, #10629, #4609, .T. ) ;
#7391 = EDGE_CURVE ( 'NONE', #8334, #10442, #71, .T. ) ;
#7392 = SURFACE_STYLE_FILL_AREA ( #339 ) ;
#7393 = CARTESIAN_POINT ( 'NONE',  ( 0.06018589945968478433, 0.1643700787401579377, -0.06633858267716545576 ) ) ;
#7394 = VECTOR ( 'NONE', #5139, 39.37007874015748143 ) ;
#7395 =( LENGTH_UNIT ( ) NAMED_UNIT ( * ) SI_UNIT ( $, .METRE. ) );
#7396 = AXIS2_PLACEMENT_3D ( 'NONE', #9768, #10723, #9875 ) ;
#7397 = ORIENTED_EDGE ( 'NONE', *, *, #3268, .F. ) ;
#7398 = ADVANCED_FACE ( 'NONE', ( #3673 ), #4433, .F. ) ;
#7399 = ORIENTED_EDGE ( 'NONE', *, *, #10087, .F. ) ;
#7400 =( NAMED_UNIT ( * ) SI_UNIT ( $, .STERADIAN. ) SOLID_ANGLE_UNIT ( ) );
#7401 = ORIENTED_EDGE ( 'NONE', *, *, #7464, .T. ) ;
#7402 = CIRCLE ( 'NONE', #3865, 0.005168431248992122300 ) ;
#7403 = VECTOR ( 'NONE', #1788, 39.37007874015748143 ) ;
#7404 = DIRECTION ( 'NONE',  ( 1.602884491802569361E-15, -1.000000000000000000, 1.644517855226017859E-15 ) ) ;
#7405 = VERTEX_POINT ( 'NONE', #9327 ) ;
#7406 =( CONVERSION_BASED_UNIT ( 'INCH', #6466 ) LENGTH_UNIT ( ) NAMED_UNIT ( #3712 ) );
#7407 = ADVANCED_FACE ( 'NONE', ( #1183 ), #6517, .F. ) ;
#7408 =( NAMED_UNIT ( * ) PLANE_ANGLE_UNIT ( ) SI_UNIT ( $, .RADIAN. ) );
#7409 = ORIENTED_EDGE ( 'NONE', *, *, #1958, .F. ) ;
#7410 = SURFACE_SIDE_STYLE ('',( #3200 ) ) ;
#7411 =( NAMED_UNIT ( * ) SI_UNIT ( $, .STERADIAN. ) SOLID_ANGLE_UNIT ( ) );
#7412 = LINE ( 'NONE', #10305, #2411 ) ;
#7413 = LENGTH_MEASURE_WITH_UNIT ( LENGTH_MEASURE( 0.02539999999999999897 ), #6416 );
#7414 = DIRECTION ( 'NONE',  ( -1.000000000000000000, -1.602884491802569361E-15, 2.711709361697226329E-31 ) ) ;
#7415 = ORIENTED_EDGE ( 'NONE', *, *, #15, .F. ) ;
#7416 = DIRECTION ( 'NONE',  ( 0.7956271577883996526, 0.0000000000000000000, -0.6057866173740990012 ) ) ;
#7417 = ORIENTED_EDGE ( 'NONE', *, *, #266, .F. ) ;
#7418 = VECTOR ( 'NONE', #5015, 39.37007874015748143 ) ;
#7419 = SHAPE_DEFINITION_REPRESENTATION ( #9430, #9965 ) ;
#7420 = COLOUR_RGB ( '',0.7607843137254901578, 0.7607843137254901578, 0.0000000000000000000 ) ;
#7421 = SURFACE_STYLE_USAGE ( .BOTH. , #250 ) ;
#7422 =( NAMED_UNIT ( * ) SI_UNIT ( $, .STERADIAN. ) SOLID_ANGLE_UNIT ( ) );
#7423 = PLANE ( 'NONE',  #6129 ) ;
#7424 = FILL_AREA_STYLE_COLOUR ( '', #4338 ) ;
#7425 = DIRECTION ( 'NONE',  ( 0.0000000000000000000, 0.0000000000000000000, -1.000000000000000000 ) ) ;
#7426 = LENGTH_MEASURE_WITH_UNIT ( LENGTH_MEASURE( 0.02539999999999999897 ), #207 );
#7427 = VECTOR ( 'NONE', #7675, 39.37007874015748143 ) ;
#7428 = CARTESIAN_POINT ( 'NONE',  ( 0.08700787401574779090, 0.1643700787401579932, -0.3958661417322836273 ) ) ;
#7429 = CARTESIAN_POINT ( 'NONE',  ( 0.06889763779527559306, 0.008858267716535823261, 0.1624015748031497619 ) ) ;
#7430 = VERTEX_POINT ( 'NONE', #396 ) ;
#7431 = CIRCLE ( 'NONE', #5392, 0.003937007874015749712 ) ;
#7432 = PRESENTATION_STYLE_ASSIGNMENT (( #1213 ) ) ;
#7433 = ORIENTED_EDGE ( 'NONE', *, *, #1832, .F. ) ;
#7434 = ORIENTED_EDGE ( 'NONE', *, *, #9021, .T. ) ;
#7435 = MECHANICAL_DESIGN_GEOMETRIC_PRESENTATION_REPRESENTATION (  '', ( #294 ), #1631 ) ;
#7436 = LINE ( 'NONE', #4877, #11032 ) ;
#7437 = CARTESIAN_POINT ( 'NONE',  ( 0.06743043410952725969, 0.1998031496062995793, -0.01077230849836236654 ) ) ;
#7438 =( NAMED_UNIT ( * ) PLANE_ANGLE_UNIT ( ) SI_UNIT ( $, .RADIAN. ) );
#7439 = PRESENTATION_LAYER_ASSIGNMENT (  '', '', ( #8559 ) ) ;
#7440 = FILL_AREA_STYLE_COLOUR ( '', #2161 ) ;
#7441 = DIRECTION ( 'NONE',  ( 1.000000000000000000, 1.602884491802569361E-15, -2.711709361697224578E-31 ) ) ;
#7442 = FILL_AREA_STYLE ('',( #3883 ) ) ;
#7443 = DIRECTION ( 'NONE',  ( 1.602884491802569361E-15, -1.000000000000000000, 1.644517855226018450E-15 ) ) ;
#7444 = VERTEX_POINT ( 'NONE', #10008 ) ;
#7445 = COLOUR_RGB ( '',1.000000000000000000, 1.000000000000000000, 1.000000000000000000 ) ;
#7446 = DIRECTION ( 'NONE',  ( -2.348093788196917952E-30, 1.644517855226018450E-15, 1.000000000000000000 ) ) ;
#7447 = DIMENSIONAL_EXPONENTS ( 1.000000000000000000, 0.0000000000000000000, 0.0000000000000000000, 0.0000000000000000000, 0.0000000000000000000, 0.0000000000000000000, 0.0000000000000000000 ) ;
#7448 = EDGE_CURVE ( 'NONE', #185, #8544, #8325, .T. ) ;
#7449 = AXIS2_PLACEMENT_3D ( 'NONE', #4219, #7757, #9640 ) ;
#7450 = UNCERTAINTY_MEASURE_WITH_UNIT (LENGTH_MEASURE( 1.000000000000000082E-05 ), #490, 'distance_accuracy_value', 'NONE');
#7451 =( NAMED_UNIT ( * ) SI_UNIT ( $, .STERADIAN. ) SOLID_ANGLE_UNIT ( ) );
#7452 =( LENGTH_UNIT ( ) NAMED_UNIT ( * ) SI_UNIT ( $, .METRE. ) );
#7453 = DIRECTION ( 'NONE',  ( -0.7956271577887860103, 0.0000000000000000000, 0.6057866173735916293 ) ) ;
#7454 = DIRECTION ( 'NONE',  ( -2.364801230464485631E-30, 1.644517855226018450E-15, 1.000000000000000000 ) ) ;
#7455 = VERTEX_POINT ( 'NONE', #282 ) ;
#7456 = ORIENTED_EDGE ( 'NONE', *, *, #10492, .T. ) ;
#7457 = PLANE ( 'NONE',  #2256 ) ;
#7458 =( GEOMETRIC_REPRESENTATION_CONTEXT ( 3 ) GLOBAL_UNCERTAINTY_ASSIGNED_CONTEXT ( ( #3505 ) ) GLOBAL_UNIT_ASSIGNED_CONTEXT ( ( #9486, #7602, #3177 ) ) REPRESENTATION_CONTEXT ( 'NONE', 'WORKASPACE' ) );
#7459 = ADVANCED_FACE ( 'NONE', ( #6685 ), #453, .T. ) ;
#7460 = CIRCLE ( 'NONE', #4865, 0.005168431248992119698 ) ;
#7461 = ORIENTED_EDGE ( 'NONE', *, *, #1668, .T. ) ;
#7462 = CARTESIAN_POINT ( 'NONE',  ( 0.06929133858267692847, 0.1564960629921262336, 0.07460629921259835651 ) ) ;
#7463 = ORIENTED_EDGE ( 'NONE', *, *, #3123, .T. ) ;
#7464 = EDGE_CURVE ( 'NONE', #7683, #4759, #2564, .T. ) ;
#7465 = LINE ( 'NONE', #9103, #2038 ) ;
#7466 = UNCERTAINTY_MEASURE_WITH_UNIT (LENGTH_MEASURE( 1.000000000000000082E-05 ), #3249, 'distance_accuracy_value', 'NONE');
#7467 = VECTOR ( 'NONE', #3515, 39.37007874015748143 ) ;
#7468 = VECTOR ( 'NONE', #10789, 39.37007874015748143 ) ;
#7469 = LINE ( 'NONE', #10987, #1794 ) ;
#7470 =( CONVERSION_BASED_UNIT ( 'INCH', #5734 ) LENGTH_UNIT ( ) NAMED_UNIT ( #574 ) );
#7471 = DIRECTION ( 'NONE',  ( -1.602884491802569361E-15, 1.000000000000000000, -1.644517855226017859E-15 ) ) ;
#7472 = DIMENSIONAL_EXPONENTS ( 1.000000000000000000, 0.0000000000000000000, 0.0000000000000000000, 0.0000000000000000000, 0.0000000000000000000, 0.0000000000000000000, 0.0000000000000000000 ) ;
#7473 = VERTEX_POINT ( 'NONE', #2014 ) ;
#7474 = ADVANCED_FACE ( 'NONE', ( #4839 ), #2247, .T. ) ;
#7475 = ADVANCED_FACE ( 'NONE', ( #11152 ), #2191, .T. ) ;
#7476 = VECTOR ( 'NONE', #4576, 39.37007874015748143 ) ;
#7477 =( NAMED_UNIT ( * ) PLANE_ANGLE_UNIT ( ) SI_UNIT ( $, .RADIAN. ) );
#7478 = VERTEX_POINT ( 'NONE', #5889 ) ;
#7479 = STYLED_ITEM ( 'NONE', ( #2862 ), #6251 ) ;
#7480 = LINE ( 'NONE', #2153, #9829 ) ;
#7481 = LINE ( 'NONE', #6549, #4270 ) ;
#7482 = CARTESIAN_POINT ( 'NONE',  ( 0.01934165959544850363, 0.1998031496062994683, -0.01628826166439385770 ) ) ;
#7483 = CIRCLE ( 'NONE', #4695, 0.003937007874015724558 ) ;
#7484 = LINE ( 'NONE', #4810, #1441 ) ;
#7485 = SURFACE_STYLE_USAGE ( .BOTH. , #9296 ) ;
#7486 =( CONVERSION_BASED_UNIT ( 'INCH', #9946 ) LENGTH_UNIT ( ) NAMED_UNIT ( #11321 ) );
#7487 = EDGE_LOOP ( 'NONE', ( #7433, #6817, #7198, #1777, #712, #8044 ) ) ;
#7488 = EDGE_CURVE ( 'NONE', #7719, #6933, #10564, .T. ) ;
#7489 = ORIENTED_EDGE ( 'NONE', *, *, #223, .T. ) ;
#7490 = LINE ( 'NONE', #1278, #3211 ) ;
#7491 = ORIENTED_EDGE ( 'NONE', *, *, #3190, .F. ) ;
#7492 = ORIENTED_EDGE ( 'NONE', *, *, #7178, .F. ) ;
#7493 = DIRECTION ( 'NONE',  ( 1.602884491802569361E-15, -1.000000000000000000, 1.644517855226018450E-15 ) ) ;
#7494 = CARTESIAN_POINT ( 'NONE',  ( 0.06018589945968484678, 0.1269685039370082591, -0.07544402180015752357 ) ) ;
#7495 = SURFACE_STYLE_FILL_AREA ( #5820 ) ;
#7496 =( NAMED_UNIT ( * ) PLANE_ANGLE_UNIT ( ) SI_UNIT ( $, .RADIAN. ) );
#7497 = DIRECTION ( 'NONE',  ( 0.7956271577886169233, 1.875148439272792514E-15, 0.6057866173738137849 ) ) ;
#7498 = CARTESIAN_POINT ( 'NONE',  ( 0.06743043410952725969, 0.1998031496062996903, -0.3107723084983624040 ) ) ;
#7499 = VERTEX_POINT ( 'NONE', #1529 ) ;
#7500 = DIRECTION ( 'NONE',  ( -1.594929680954394613E-15, 0.9950371902099890420, -0.09950371902100052512 ) ) ;
#7501 = AXIS2_PLACEMENT_3D ( 'NONE', #11482, #9057, #8887 ) ;
#7502 = SURFACE_SIDE_STYLE ('',( #2415 ) ) ;
#7503 = LINE ( 'NONE', #10284, #1802 ) ;
#7504 = DIRECTION ( 'NONE',  ( -1.594929680954394613E-15, 0.9950371902099890420, -0.09950371902100052512 ) ) ;
#7505 = FILL_AREA_STYLE ('',( #3017 ) ) ;
#7506 = EDGE_CURVE ( 'NONE', #10760, #3134, #10407, .T. ) ;
#7507 = FILL_AREA_STYLE ('',( #3961 ) ) ;
#7508 = VERTEX_POINT ( 'NONE', #7846 ) ;
#7509 =( LENGTH_UNIT ( ) NAMED_UNIT ( * ) SI_UNIT ( $, .METRE. ) );
#7510 = ORIENTED_EDGE ( 'NONE', *, *, #7102, .F. ) ;
#7511 = FILL_AREA_STYLE ('',( #6692 ) ) ;
#7512 = STYLED_ITEM ( 'NONE', ( #1864 ), #10791 ) ;
#7513 = ORIENTED_EDGE ( 'NONE', *, *, #10924, .F. ) ;
#7514 = LINE ( 'NONE', #623, #3997 ) ;
#7515 = EDGE_LOOP ( 'NONE', ( #10389, #7773, #6475, #303 ) ) ;
#7516 = DIRECTION ( 'NONE',  ( 2.348093788196917952E-30, -1.644517855226018450E-15, -1.000000000000000000 ) ) ;
#7517 = VECTOR ( 'NONE', #4601, 39.37007874015748143 ) ;
#7518 = MECHANICAL_DESIGN_GEOMETRIC_PRESENTATION_REPRESENTATION (  '', ( #5490 ), #3229 ) ;
#7519 = DIMENSIONAL_EXPONENTS ( 1.000000000000000000, 0.0000000000000000000, 0.0000000000000000000, 0.0000000000000000000, 0.0000000000000000000, 0.0000000000000000000, 0.0000000000000000000 ) ;
#7520 = LINE ( 'NONE', #9226, #2729 ) ;
#7521 = ADVANCED_FACE ( 'NONE', ( #5235 ), #1588, .T. ) ;
#7522 =( LENGTH_UNIT ( ) NAMED_UNIT ( * ) SI_UNIT ( $, .METRE. ) );
#7523 =( NAMED_UNIT ( * ) SI_UNIT ( $, .STERADIAN. ) SOLID_ANGLE_UNIT ( ) );
#7524 = CARTESIAN_POINT ( 'NONE',  ( -0.06929133858267740032, 0.1269685039370079260, 0.07460629921259839814 ) ) ;
#7525 = EDGE_CURVE ( 'NONE', #72, #8355, #1473, .T. ) ;
#7526 = AXIS2_PLACEMENT_3D ( 'NONE', #5718, #9155, #10913 ) ;
#7527 = AXIS2_PLACEMENT_3D ( 'NONE', #1417, #4080, #4198 ) ;
#7528 =( NAMED_UNIT ( * ) SI_UNIT ( $, .STERADIAN. ) SOLID_ANGLE_UNIT ( ) );
#7529 = VERTEX_POINT ( 'NONE', #5067 ) ;
#7530 = PLANE ( 'NONE',  #6462 ) ;
#7531 = LENGTH_MEASURE_WITH_UNIT ( LENGTH_MEASURE( 0.02539999999999999897 ), #9236 );
#7532 =( LENGTH_UNIT ( ) NAMED_UNIT ( * ) SI_UNIT ( $, .METRE. ) );
#7533 = LENGTH_MEASURE_WITH_UNIT ( LENGTH_MEASURE( 0.02539999999999999897 ), #4866 );
#7534 = FILL_AREA_STYLE ('',( #1269 ) ) ;
#7535 = ADVANCED_FACE ( 'NONE', ( #4307 ), #10463, .T. ) ;
#7536 = SURFACE_STYLE_FILL_AREA ( #7702 ) ;
#7537 = EDGE_CURVE ( 'NONE', #10872, #3444, #4598, .T. ) ;
#7538 = FACE_OUTER_BOUND ( 'NONE', #11095, .T. ) ;
#7539 = DIRECTION ( 'NONE',  ( 1.000000000000000000, 1.602884491802569361E-15, 0.0000000000000000000 ) ) ;
#7540 = SURFACE_STYLE_USAGE ( .BOTH. , #371 ) ;
#7541 = ORIENTED_EDGE ( 'NONE', *, *, #4615, .T. ) ;
#7542 = CIRCLE ( 'NONE', #5881, 0.009105439123007878083 ) ;
#7543 = ORIENTED_EDGE ( 'NONE', *, *, #9626, .T. ) ;
#7544 = ORIENTED_EDGE ( 'NONE', *, *, #10247, .F. ) ;
#7545 = SURFACE_STYLE_USAGE ( .BOTH. , #11069 ) ;
#7546 = FILL_AREA_STYLE_COLOUR ( '', #708 ) ;
#7547 = DIRECTION ( 'NONE',  ( -1.602884491802569361E-15, 1.000000000000000000, -1.644517855226017859E-15 ) ) ;
#7548 = LENGTH_MEASURE_WITH_UNIT ( LENGTH_MEASURE( 0.02539999999999999897 ), #10273 );
#7549 = ADVANCED_FACE ( 'NONE', ( #8139 ), #1707, .F. ) ;
#7550 = VECTOR ( 'NONE', #5342, 39.37007874015748143 ) ;
#7551 = DIMENSIONAL_EXPONENTS ( 1.000000000000000000, 0.0000000000000000000, 0.0000000000000000000, 0.0000000000000000000, 0.0000000000000000000, 0.0000000000000000000, 0.0000000000000000000 ) ;
#7552 = VERTEX_POINT ( 'NONE', #7269 ) ;
#7553 = SURFACE_STYLE_USAGE ( .BOTH. , #1402 ) ;
#7554 = PRESENTATION_STYLE_ASSIGNMENT (( #10281 ) ) ;
#7555 = VECTOR ( 'NONE', #9916, 39.37007874015748143 ) ;
#7556 = DIRECTION ( 'NONE',  ( 1.602884491802569361E-15, -1.000000000000000000, 1.644517855226017859E-15 ) ) ;
#7557 = DIRECTION ( 'NONE',  ( -1.602884491802569361E-15, 1.000000000000000000, -1.644517855226017859E-15 ) ) ;
#7558 = DIRECTION ( 'NONE',  ( 1.499671914429180214E-11, -1.000000000000000000, 1.644517855226017859E-15 ) ) ;
#7559 = LINE ( 'NONE', #3960, #10683 ) ;
#7560 = DIRECTION ( 'NONE',  ( -1.000000000000000000, -1.602884491802569361E-15, 2.711709361697226329E-31 ) ) ;
#7561 = ORIENTED_EDGE ( 'NONE', *, *, #484, .F. ) ;
#7562 = VECTOR ( 'NONE', #7164, 39.37007874015748143 ) ;
#7563 = ORIENTED_EDGE ( 'NONE', *, *, #11053, .F. ) ;
#7564 = EDGE_LOOP ( 'NONE', ( #7919, #5068, #7077, #6982 ) ) ;
#7565 = EDGE_LOOP ( 'NONE', ( #11397, #5870, #3169, #7973, #2223, #10610 ) ) ;
#7566 = CARTESIAN_POINT ( 'NONE',  ( -0.1464566929133857831, -0.02263779527559050750, -0.1848425196850391194 ) ) ;
#7567 =( GEOMETRIC_REPRESENTATION_CONTEXT ( 3 ) GLOBAL_UNCERTAINTY_ASSIGNED_CONTEXT ( ( #5935 ) ) GLOBAL_UNIT_ASSIGNED_CONTEXT ( ( #2537, #2313, #8798 ) ) REPRESENTATION_CONTEXT ( 'NONE', 'WORKASPACE' ) );
#7568 = CARTESIAN_POINT ( 'NONE',  ( 0.06929133858267698398, 0.1269685039370082313, -0.2253937007874016185 ) ) ;
#7569 =( LENGTH_UNIT ( ) NAMED_UNIT ( * ) SI_UNIT ( $, .METRE. ) );
#7570 = LENGTH_MEASURE_WITH_UNIT ( LENGTH_MEASURE( 0.02539999999999999897 ), #8396 );
#7571 = DIRECTION ( 'NONE',  ( -1.602884491802569361E-15, 1.000000000000000000, -1.644517855226017859E-15 ) ) ;
#7572 = STYLED_ITEM ( 'NONE', ( #3684 ), #7096 ) ;
#7573 = AXIS2_PLACEMENT_3D ( 'NONE', #3445, #2495, #10429 ) ;
#7574 = EDGE_CURVE ( 'NONE', #1038, #576, #8027, .T. ) ;
#7575 = LINE ( 'NONE', #10935, #2276 ) ;
#7576 = ORIENTED_EDGE ( 'NONE', *, *, #6675, .T. ) ;
#7577 = FACE_OUTER_BOUND ( 'NONE', #4846, .T. ) ;
#7578 = SURFACE_STYLE_FILL_AREA ( #10085 ) ;
#7579 = FILL_AREA_STYLE ('',( #41 ) ) ;
#7580 = AXIS2_PLACEMENT_3D ( 'NONE', #6535, #5792, #1193 ) ;
#7581 = MECHANICAL_DESIGN_GEOMETRIC_PRESENTATION_REPRESENTATION (  '', ( #3487 ), #8145 ) ;
#7582 =( NAMED_UNIT ( * ) PLANE_ANGLE_UNIT ( ) SI_UNIT ( $, .RADIAN. ) );
#7583 = SURFACE_STYLE_USAGE ( .BOTH. , #10379 ) ;
#7584 = CYLINDRICAL_SURFACE ( 'NONE', #8002, 0.009105439123007878083 ) ;
#7585 = FILL_AREA_STYLE_COLOUR ( '', #488 ) ;
#7586 = CARTESIAN_POINT ( 'NONE',  ( 0.1952755905511816270, -0.02263779527558999055, -0.2068897637795273081 ) ) ;
#7587 = ORIENTED_EDGE ( 'NONE', *, *, #3765, .T. ) ;
#7588 = DIMENSIONAL_EXPONENTS ( 1.000000000000000000, 0.0000000000000000000, 0.0000000000000000000, 0.0000000000000000000, 0.0000000000000000000, 0.0000000000000000000, 0.0000000000000000000 ) ;
#7589 = VERTEX_POINT ( 'NONE', #112 ) ;
#7590 = ADVANCED_FACE ( 'NONE', ( #3478 ), #8976, .T. ) ;
#7591 = STYLED_ITEM ( 'NONE', ( #9890 ), #3548 ) ;
#7592 = EDGE_CURVE ( 'NONE', #162, #4794, #10746, .T. ) ;
#7593 = ORIENTED_EDGE ( 'NONE', *, *, #8090, .T. ) ;
#7594 = ORIENTED_EDGE ( 'NONE', *, *, #1386, .F. ) ;
#7595 =( CONVERSION_BASED_UNIT ( 'INCH', #437 ) LENGTH_UNIT ( ) NAMED_UNIT ( #2694 ) );
#7596 = LINE ( 'NONE', #4005, #10400 ) ;
#7597 = CARTESIAN_POINT ( 'NONE',  ( 0.01934165959544849669, 0.2037401574803152648, 0.1245559781998423626 ) ) ;
#7598 = CARTESIAN_POINT ( 'NONE',  ( -0.06889763779527563470, 0.008858267716535609890, 0.1702755905511812995 ) ) ;
#7599 = VECTOR ( 'NONE', #7560, 39.37007874015748143 ) ;
#7600 = DIRECTION ( 'NONE',  ( -2.348093788196917952E-30, 1.644517855226018450E-15, 1.000000000000000000 ) ) ;
#7601 = CARTESIAN_POINT ( 'NONE',  ( -0.1464566929133855611, -0.1722440944881889757, -0.2879921259842515013 ) ) ;
#7602 =( NAMED_UNIT ( * ) PLANE_ANGLE_UNIT ( ) SI_UNIT ( $, .RADIAN. ) );
#7603 = VERTEX_POINT ( 'NONE', #1167 ) ;
#7604 = COLOUR_RGB ( '',1.000000000000000000, 1.000000000000000000, 1.000000000000000000 ) ;
#7605 = EDGE_CURVE ( 'NONE', #1938, #11225, #8198, .T. ) ;
#7606 = EDGE_CURVE ( 'NONE', #10615, #3589, #2944, .T. ) ;
#7607 = UNCERTAINTY_MEASURE_WITH_UNIT (LENGTH_MEASURE( 1.000000000000000082E-05 ), #2978, 'distance_accuracy_value', 'NONE');
#7608 = AXIS2_PLACEMENT_3D ( 'NONE', #5805, #9238, #425 ) ;
#7609 = DIRECTION ( 'NONE',  ( 0.7956271577883996526, 0.0000000000000000000, -0.6057866173740990012 ) ) ;
#7610 = FILL_AREA_STYLE_COLOUR ( '', #10311 ) ;
#7611 = CARTESIAN_POINT ( 'NONE',  ( -0.1535433070866141225, -0.02263779527559047974, -0.4068897637795272915 ) ) ;
#7612 = PRESENTATION_LAYER_ASSIGNMENT (  '', '', ( #6137 ) ) ;
#7613 = DIRECTION ( 'NONE',  ( 1.000000000000000000, 1.875148439272792120E-15, 0.0000000000000000000 ) ) ;
#7614 = ORIENTED_EDGE ( 'NONE', *, *, #6811, .F. ) ;
#7615 =( GEOMETRIC_REPRESENTATION_CONTEXT ( 3 ) GLOBAL_UNCERTAINTY_ASSIGNED_CONTEXT ( ( #5115 ) ) GLOBAL_UNIT_ASSIGNED_CONTEXT ( ( #11542, #7125, #11478 ) ) REPRESENTATION_CONTEXT ( 'NONE', 'WORKASPACE' ) );
#7616 = SURFACE_SIDE_STYLE ('',( #11094 ) ) ;
#7617 = VECTOR ( 'NONE', #3929, 39.37007874015748143 ) ;
#7618 = ORIENTED_EDGE ( 'NONE', *, *, #2259, .F. ) ;
#7619 =( CONVERSION_BASED_UNIT ( 'INCH', #6583 ) LENGTH_UNIT ( ) NAMED_UNIT ( #2394 ) );
#7620 = COLOUR_RGB ( '',1.000000000000000000, 1.000000000000000000, 1.000000000000000000 ) ;
#7621 = STYLED_ITEM ( 'NONE', ( #6593 ), #8243 ) ;
#7622 = ORIENTED_EDGE ( 'NONE', *, *, #1174, .T. ) ;
#7623 = EDGE_LOOP ( 'NONE', ( #612, #914, #36, #8964, #2220, #9375 ) ) ;
#7624 = DIRECTION ( 'NONE',  ( -1.602884491802569361E-15, 1.000000000000000000, -1.644517855226017859E-15 ) ) ;
#7625 = PRESENTATION_STYLE_ASSIGNMENT (( #10415 ) ) ;
#7626 = DIRECTION ( 'NONE',  ( -1.000000000000000000, -1.602884491802569361E-15, 2.711709361697224578E-31 ) ) ;
#7627 = CARTESIAN_POINT ( 'NONE',  ( 0.06018589945968472882, 0.1998031496062995793, 0.1297244094488187449 ) ) ;
#7628 = SURFACE_SIDE_STYLE ('',( #5733 ) ) ;
#7629 = FILL_AREA_STYLE ('',( #3092 ) ) ;
#7630 = AXIS2_PLACEMENT_3D ( 'NONE', #8803, #2543, #4381 ) ;
#7631 = DIRECTION ( 'NONE',  ( 0.0000000000000000000, 0.0000000000000000000, 1.000000000000000000 ) ) ;
#7632 = VECTOR ( 'NONE', #2657, 39.37007874015748143 ) ;
#7633 = PRESENTATION_LAYER_ASSIGNMENT (  '', '', ( #11151 ) ) ;
#7634 = VERTEX_POINT ( 'NONE', #7498 ) ;
#7635 = COLOUR_RGB ( '',0.7607843137254901578, 0.7607843137254901578, 0.0000000000000000000 ) ;
#7636 = COLOUR_RGB ( '',1.000000000000000000, 1.000000000000000000, 1.000000000000000000 ) ;
#7637 = CARTESIAN_POINT ( 'NONE',  ( -0.1464566929133857831, -0.02263779527559053872, -0.2068897637795273081 ) ) ;
#7638 = AXIS2_PLACEMENT_3D ( 'NONE', #792, #11427, #7829 ) ;
#7639 = CARTESIAN_POINT ( 'NONE',  ( 0.01934165959544849669, 0.2037401574803153481, 0.02972440944881872896 ) ) ;
#7640 = CARTESIAN_POINT ( 'NONE',  ( -0.1464566929133855611, -0.1722440944881889757, -0.1879921259842514403 ) ) ;
#7641 = PRESENTATION_STYLE_ASSIGNMENT (( #8463 ) ) ;
#7642 = LINE ( 'NONE', #4220, #10560 ) ;
#7643 = CARTESIAN_POINT ( 'NONE',  ( -0.1535433070866138727, -0.1722440944881890312, 0.01200787401574855001 ) ) ;
#7644 = EDGE_CURVE ( 'NONE', #2619, #7405, #9143, .T. ) ;
#7645 =( NAMED_UNIT ( * ) SI_UNIT ( $, .STERADIAN. ) SOLID_ANGLE_UNIT ( ) );
#7646 = COLOUR_RGB ( '',1.000000000000000000, 1.000000000000000000, 1.000000000000000000 ) ;
#7647 = VERTEX_POINT ( 'NONE', #9255 ) ;
#7648 = COLOUR_RGB ( '',0.7607843137254901578, 0.7607843137254901578, 0.0000000000000000000 ) ;
#7649 = ORIENTED_EDGE ( 'NONE', *, *, #8989, .T. ) ;
#7650 = CARTESIAN_POINT ( 'NONE',  ( -0.1535433070866141225, -0.02263779527559054566, -0.08484251968503912777 ) ) ;
#7651 = EDGE_LOOP ( 'NONE', ( #7409, #7055, #4176, #4983, #6200, #10314, #6159, #5082 ) ) ;
#7652 = ORIENTED_EDGE ( 'NONE', *, *, #1222, .T. ) ;
#7653 = DIRECTION ( 'NONE',  ( 2.348093788196917952E-30, -1.644517855226018450E-15, -1.000000000000000000 ) ) ;
#7654 = DIRECTION ( 'NONE',  ( -0.7956271577887875646, 0.0000000000000000000, 0.6057866173735895199 ) ) ;
#7655 =( LENGTH_UNIT ( ) NAMED_UNIT ( * ) SI_UNIT ( $, .METRE. ) );
#7656 = AXIS2_PLACEMENT_3D ( 'NONE', #1665, #10595, #2076 ) ;
#7657 = FILL_AREA_STYLE_COLOUR ( '', #1954 ) ;
#7658 = LINE ( 'NONE', #3947, #10569 ) ;
#7659 = FILL_AREA_STYLE ('',( #3063 ) ) ;
#7660 =( GEOMETRIC_REPRESENTATION_CONTEXT ( 3 ) GLOBAL_UNCERTAINTY_ASSIGNED_CONTEXT ( ( #7809 ) ) GLOBAL_UNIT_ASSIGNED_CONTEXT ( ( #8685, #5127, #11222 ) ) REPRESENTATION_CONTEXT ( 'NONE', 'WORKASPACE' ) );
#7661 =( CONVERSION_BASED_UNIT ( 'INCH', #9428 ) LENGTH_UNIT ( ) NAMED_UNIT ( #10447 ) );
#7662 = ADVANCED_FACE ( 'NONE', ( #6672 ), #11311, .T. ) ;
#7663 = CARTESIAN_POINT ( 'NONE',  ( 0.01934165962243668963, 0.1998031496062995793, 0.03366141732283450816 ) ) ;
#7664 = DIRECTION ( 'NONE',  ( -1.602884491802569361E-15, 1.000000000000000000, -1.644517855226017859E-15 ) ) ;
#7665 = AXIS2_PLACEMENT_3D ( 'NONE', #117, #10907, #2948 ) ;
#7666 = ADVANCED_FACE ( 'NONE', ( #4827 ), #3066, .T. ) ;
#7667 =( NAMED_UNIT ( * ) PLANE_ANGLE_UNIT ( ) SI_UNIT ( $, .RADIAN. ) );
#7668 = COLOUR_RGB ( '',1.000000000000000000, 1.000000000000000000, 1.000000000000000000 ) ;
#7669 = DIRECTION ( 'NONE',  ( 1.602884491802569361E-15, -1.000000000000000000, 1.644517855226017859E-15 ) ) ;
#7670 = UNCERTAINTY_MEASURE_WITH_UNIT (LENGTH_MEASURE( 1.000000000000000082E-05 ), #11430, 'distance_accuracy_value', 'NONE');
#7671 = FILL_AREA_STYLE_COLOUR ( '', #3011 ) ;
#7672 = DIMENSIONAL_EXPONENTS ( 1.000000000000000000, 0.0000000000000000000, 0.0000000000000000000, 0.0000000000000000000, 0.0000000000000000000, 0.0000000000000000000, 0.0000000000000000000 ) ;
#7673 = CARTESIAN_POINT ( 'NONE',  ( 0.1535433070866145389, -0.1722440944881885316, -0.08799212598425146248 ) ) ;
#7674 = EDGE_CURVE ( 'NONE', #5603, #3608, #7038, .T. ) ;
#7675 = DIRECTION ( 'NONE',  ( -1.000000000000000000, -1.602884491802569361E-15, 2.711709361697226329E-31 ) ) ;
#7676 = EDGE_CURVE ( 'NONE', #9561, #4106, #4293, .T. ) ;
#7677 = ORIENTED_EDGE ( 'NONE', *, *, #271, .T. ) ;
#7678 = DIRECTION ( 'NONE',  ( 0.6057866173738770676, -3.374170927559055893E-16, -0.7956271577885687396 ) ) ;
#7679 = LINE ( 'NONE', #11035, #2669 ) ;
#7680 =( NAMED_UNIT ( * ) PLANE_ANGLE_UNIT ( ) SI_UNIT ( $, .RADIAN. ) );
#7681 = VECTOR ( 'NONE', #3534, 39.37007874015748143 ) ;
#7682 = EDGE_LOOP ( 'NONE', ( #5653, #7222, #1046, #5836 ) ) ;
#7683 = VERTEX_POINT ( 'NONE', #7834 ) ;
#7684 = DIRECTION ( 'NONE',  ( -2.348093788196917952E-30, 1.644517855226018450E-15, 1.000000000000000000 ) ) ;
#7685 = LINE ( 'NONE', #3089, #584 ) ;
#7686 = CARTESIAN_POINT ( 'NONE',  ( 0.1464566929133861717, -0.1407480314960624646, -0.2848425196850389307 ) ) ;
#7687 = DIRECTION ( 'NONE',  ( 1.602884491802569361E-15, -1.000000000000000000, 1.644517855226017859E-15 ) ) ;
#7688 = EDGE_CURVE ( 'NONE', #8531, #5174, #5878, .T. ) ;
#7689 = COLOUR_RGB ( '',0.7607843137254901578, 0.7607843137254901578, 0.0000000000000000000 ) ;
#7690 = ORIENTED_EDGE ( 'NONE', *, *, #10436, .T. ) ;
#7691 = LINE ( 'NONE', #9511, #3716 ) ;
#7692 = PLANE ( 'NONE',  #7095 ) ;
#7693 = DIMENSIONAL_EXPONENTS ( 1.000000000000000000, 0.0000000000000000000, 0.0000000000000000000, 0.0000000000000000000, 0.0000000000000000000, 0.0000000000000000000, 0.0000000000000000000 ) ;
#7694 = DIRECTION ( 'NONE',  ( 1.602884491802569361E-15, -1.000000000000000000, 1.644517855226017859E-15 ) ) ;
#7695 = CIRCLE ( 'NONE', #577, 0.003937007874015740171 ) ;
#7696 = AXIS2_PLACEMENT_3D ( 'NONE', #9553, #4297, #6049 ) ;
#7697 = ORIENTED_EDGE ( 'NONE', *, *, #1416, .T. ) ;
#7698 =( LENGTH_UNIT ( ) NAMED_UNIT ( * ) SI_UNIT ( $, .METRE. ) );
#7699 = CARTESIAN_POINT ( 'NONE',  ( 0.1535433070866139005, 0.2273622047244099331, -0.1458661417322836273 ) ) ;
#7700 = CARTESIAN_POINT ( 'NONE',  ( 0.08700787401574773539, 0.1998031496062996071, 0.004133858267716384455 ) ) ;
#7701 = CARTESIAN_POINT ( 'NONE',  ( -0.1948818897637795144, -0.05413385826771657111, 0.1820866141732286614 ) ) ;
#7702 = FILL_AREA_STYLE ('',( #8521 ) ) ;
#7703 = CARTESIAN_POINT ( 'NONE',  ( -0.1535433070866138727, -0.1722440944881890035, -0.2037401574803144599 ) ) ;
#7704 = PRESENTATION_STYLE_ASSIGNMENT (( #7485 ) ) ;
#7705 = CARTESIAN_POINT ( 'NONE',  ( 0.01934165959544849669, 0.2037401574803154036, -0.2754440218001577012 ) ) ;
#7706 = MECHANICAL_DESIGN_GEOMETRIC_PRESENTATION_REPRESENTATION (  '', ( #10490 ), #9215 ) ;
#7707 = ORIENTED_EDGE ( 'NONE', *, *, #10922, .T. ) ;
#7708 = ORIENTED_EDGE ( 'NONE', *, *, #10077, .F. ) ;
#7709 = DIRECTION ( 'NONE',  ( 1.602884491802569361E-15, -1.000000000000000000, 1.644517855226017859E-15 ) ) ;
#7710 = ORIENTED_EDGE ( 'NONE', *, *, #7674, .T. ) ;
#7711 = ORIENTED_EDGE ( 'NONE', *, *, #11510, .F. ) ;
#7712 = FACE_OUTER_BOUND ( 'NONE', #9392, .T. ) ;
#7713 = CIRCLE ( 'NONE', #591, 0.003937007874015758385 ) ;
#7714 = COLOUR_RGB ( '',1.000000000000000000, 1.000000000000000000, 1.000000000000000000 ) ;
#7715 = SURFACE_STYLE_USAGE ( .BOTH. , #6033 ) ;
#7716 = DIRECTION ( 'NONE',  ( 1.602884491802569361E-15, -1.000000000000000000, 1.644517855226017859E-15 ) ) ;
#7717 = CARTESIAN_POINT ( 'NONE',  ( 0.06929133858267698398, 0.1269685039370082036, -0.1253937007874016407 ) ) ;
#7718 = DIRECTION ( 'NONE',  ( -1.602884491802569361E-15, 1.000000000000000000, -1.644517855226017859E-15 ) ) ;
#7719 = VERTEX_POINT ( 'NONE', #9547 ) ;
#7720 = MECHANICAL_DESIGN_GEOMETRIC_PRESENTATION_REPRESENTATION (  '', ( #9228 ), #4755 ) ;
#7721 = VECTOR ( 'NONE', #6162, 39.37007874015748143 ) ;
#7722 = SURFACE_SIDE_STYLE ('',( #622 ) ) ;
#7723 = UNCERTAINTY_MEASURE_WITH_UNIT (LENGTH_MEASURE( 1.000000000000000082E-05 ), #10707, 'distance_accuracy_value', 'NONE');
#7724 = LENGTH_MEASURE_WITH_UNIT ( LENGTH_MEASURE( 0.02539999999999999897 ), #8784 );
#7725 = ADVANCED_FACE ( 'NONE', ( #1577 ), #2410, .F. ) ;
#7726 = LINE ( 'NONE', #11324, #7721 ) ;
#7727 = CARTESIAN_POINT ( 'NONE',  ( 0.01934165959543282173, 0.1564960629921264557, -0.3663385826771655140 ) ) ;
#7728 = PRESENTATION_LAYER_ASSIGNMENT (  '', '', ( #7154 ) ) ;
#7729 = LINE ( 'NONE', #7673, #397 ) ;
#7730 = ORIENTED_EDGE ( 'NONE', *, *, #2114, .T. ) ;
#7731 = CARTESIAN_POINT ( 'NONE',  ( 0.06018589945968472882, 0.2037401574803153481, 0.1245559781998423626 ) ) ;
#7732 = ORIENTED_EDGE ( 'NONE', *, *, #10015, .T. ) ;
#7733 = FILL_AREA_STYLE_COLOUR ( '', #8046 ) ;
#7734 = AXIS2_PLACEMENT_3D ( 'NONE', #493, #4937, #440 ) ;
#7735 = ORIENTED_EDGE ( 'NONE', *, *, #6183, .T. ) ;
#7736 = ADVANCED_FACE ( 'NONE', ( #3233 ), #2514, .T. ) ;
#7737 = ADVANCED_FACE ( 'NONE', ( #4355 ), #3467, .T. ) ;
#7738 = CARTESIAN_POINT ( 'NONE',  ( -0.1464566929133861994, 0.2273622047244094890, -0.2458661417322836329 ) ) ;
#7739 = SURFACE_STYLE_USAGE ( .BOTH. , #6806 ) ;
#7740 = SURFACE_STYLE_USAGE ( .BOTH. , #3199 ) ;
#7741 = FACE_OUTER_BOUND ( 'NONE', #6122, .T. ) ;
#7742 = ORIENTED_EDGE ( 'NONE', *, *, #8975, .F. ) ;
#7743 = DIRECTION ( 'NONE',  ( -1.000000000000000000, -1.602884491802569361E-15, 2.711709361697231584E-31 ) ) ;
#7744 =( NAMED_UNIT ( * ) SI_UNIT ( $, .STERADIAN. ) SOLID_ANGLE_UNIT ( ) );
#7745 = CARTESIAN_POINT ( 'NONE',  ( -0.1535433070866138727, -0.1722440944881889757, -0.4037401574803144988 ) ) ;
#7746 = DIMENSIONAL_EXPONENTS ( 1.000000000000000000, 0.0000000000000000000, 0.0000000000000000000, 0.0000000000000000000, 0.0000000000000000000, 0.0000000000000000000, 0.0000000000000000000 ) ;
#7747 = VERTEX_POINT ( 'NONE', #8073 ) ;
#7748 = AXIS2_PLACEMENT_3D ( 'NONE', #6768, #8311, #6439 ) ;
#7749 = AXIS2_PLACEMENT_3D ( 'NONE', #10060, #8263, #3842 ) ;
#7750 = EDGE_CURVE ( 'NONE', #2550, #4283, #2830, .T. ) ;
#7751 = ORIENTED_EDGE ( 'NONE', *, *, #1091, .F. ) ;
#7752 = FACE_OUTER_BOUND ( 'NONE', #6892, .T. ) ;
#7753 = CARTESIAN_POINT ( 'NONE',  ( 0.06018589945968484678, 0.1269685039370082313, 0.1336614173228346247 ) ) ;
#7754 = DIRECTION ( 'NONE',  ( 2.348093788196917952E-30, -1.644517855226018450E-15, -1.000000000000000000 ) ) ;
#7755 = DIRECTION ( 'NONE',  ( 1.602884491802569361E-15, -1.000000000000000000, 1.644517855226018450E-15 ) ) ;
#7756 = SURFACE_STYLE_USAGE ( .BOTH. , #9522 ) ;
#7757 = DIRECTION ( 'NONE',  ( -1.602884491802569361E-15, 1.000000000000000000, -1.644517855226017859E-15 ) ) ;
#7758 = CARTESIAN_POINT ( 'NONE',  ( 0.01934165959544861813, 0.1269685039370081203, -0.1253937007874016407 ) ) ;
#7759 = CIRCLE ( 'NONE', #5910, 0.009105439123007878083 ) ;
#7760 =( GEOMETRIC_REPRESENTATION_CONTEXT ( 3 ) GLOBAL_UNCERTAINTY_ASSIGNED_CONTEXT ( ( #8261 ) ) GLOBAL_UNIT_ASSIGNED_CONTEXT ( ( #10499, #9478, #9537 ) ) REPRESENTATION_CONTEXT ( 'NONE', 'WORKASPACE' ) );
#7761 = DIMENSIONAL_EXPONENTS ( 1.000000000000000000, 0.0000000000000000000, 0.0000000000000000000, 0.0000000000000000000, 0.0000000000000000000, 0.0000000000000000000, 0.0000000000000000000 ) ;
#7762 = ORIENTED_EDGE ( 'NONE', *, *, #3702, .F. ) ;
#7763 = CARTESIAN_POINT ( 'NONE',  ( 0.01934165959543282173, 0.1564960629921263724, -0.1663385826771654197 ) ) ;
#7764 = ORIENTED_EDGE ( 'NONE', *, *, #10298, .F. ) ;
#7765 = ORIENTED_EDGE ( 'NONE', *, *, #3906, .F. ) ;
#7766 = AXIS2_PLACEMENT_3D ( 'NONE', #4621, #1013, #961 ) ;
#7767 = FACE_OUTER_BOUND ( 'NONE', #10877, .T. ) ;
#7768 = DIMENSIONAL_EXPONENTS ( 1.000000000000000000, 0.0000000000000000000, 0.0000000000000000000, 0.0000000000000000000, 0.0000000000000000000, 0.0000000000000000000, 0.0000000000000000000 ) ;
#7769 = FACE_OUTER_BOUND ( 'NONE', #8649, .T. ) ;
#7770 = PRESENTATION_STYLE_ASSIGNMENT (( #3524 ) ) ;
#7771 = SURFACE_STYLE_FILL_AREA ( #5217 ) ;
#7772 = DIRECTION ( 'NONE',  ( 1.000000000000000000, 1.602884491802569361E-15, -2.711709361697224578E-31 ) ) ;
#7773 = ORIENTED_EDGE ( 'NONE', *, *, #8891, .T. ) ;
#7774 = AXIS2_PLACEMENT_3D ( 'NONE', #6793, #570, #2125 ) ;
#7775 = AXIS2_PLACEMENT_3D ( 'NONE', #8790, #6106, #6743 ) ;
#7776 = LENGTH_MEASURE_WITH_UNIT ( LENGTH_MEASURE( 0.02539999999999999897 ), #5290 );
#7777 = PLANE ( 'NONE',  #9040 ) ;
#7778 = VECTOR ( 'NONE', #9585, 39.37007874015748143 ) ;
#7779 = CARTESIAN_POINT ( 'NONE',  ( -0.007480314960630252488, 0.2037401574803152648, -0.09586614173228362457 ) ) ;
#7780 = AXIS2_PLACEMENT_3D ( 'NONE', #855, #2758, #11555 ) ;
#7781 = UNCERTAINTY_MEASURE_WITH_UNIT (LENGTH_MEASURE( 1.000000000000000082E-05 ), #541, 'distance_accuracy_value', 'NONE');
#7782 = DIRECTION ( 'NONE',  ( 0.0000000000000000000, 0.0000000000000000000, 1.000000000000000000 ) ) ;
#7783 = VERTEX_POINT ( 'NONE', #6154 ) ;
#7784 = VECTOR ( 'NONE', #11373, 39.37007874015748143 ) ;
#7785 = EDGE_CURVE ( 'NONE', #6584, #10277, #879, .T. ) ;
#7786 = PRESENTATION_STYLE_ASSIGNMENT (( #6109 ) ) ;
#7787 = SURFACE_STYLE_USAGE ( .BOTH. , #4249 ) ;
#7788 = COLOUR_RGB ( '',0.7607843137254901578, 0.7607843137254901578, 0.0000000000000000000 ) ;
#7789 = EDGE_LOOP ( 'NONE', ( #9188, #9815, #4578, #959 ) ) ;
#7790 = UNCERTAINTY_MEASURE_WITH_UNIT (LENGTH_MEASURE( 1.000000000000000082E-05 ), #7272, 'distance_accuracy_value', 'NONE');
#7791 = DIRECTION ( 'NONE',  ( -1.296102601205000191E-12, -1.644517855228095916E-15, -1.000000000000000000 ) ) ;
#7792 = DIRECTION ( 'NONE',  ( 1.594929680954371539E-16, -0.09950371902099727772, 0.9950371902099893751 ) ) ;
#7793 = AXIS2_PLACEMENT_3D ( 'NONE', #10454, #3409, #11256 ) ;
#7794 = STYLED_ITEM ( 'NONE', ( #5284 ), #4237 ) ;
#7795 = LINE ( 'NONE', #10472, #1407 ) ;
#7796 = VERTEX_POINT ( 'NONE', #1878 ) ;
#7797 = LINE ( 'NONE', #5252, #9300 ) ;
#7798 = DIRECTION ( 'NONE',  ( -2.348093788196917952E-30, 1.644517855226018450E-15, 1.000000000000000000 ) ) ;
#7799 = EDGE_CURVE ( 'NONE', #10937, #975, #3655, .T. ) ;
#7800 = DIRECTION ( 'NONE',  ( 0.0000000000000000000, 0.0000000000000000000, -1.000000000000000000 ) ) ;
#7801 = PRESENTATION_LAYER_ASSIGNMENT (  '', '', ( #1266 ) ) ;
#7802 = PRESENTATION_LAYER_ASSIGNMENT (  '', '', ( #6880 ) ) ;
#7803 = EDGE_CURVE ( 'NONE', #5431, #3367, #4648, .T. ) ;
#7804 = EDGE_LOOP ( 'NONE', ( #10950, #10233, #5659, #8384 ) ) ;
#7805 =( NAMED_UNIT ( * ) PLANE_ANGLE_UNIT ( ) SI_UNIT ( $, .RADIAN. ) );
#7806 = ORIENTED_EDGE ( 'NONE', *, *, #11371, .F. ) ;
#7807 = LINE ( 'NONE', #9693, #1978 ) ;
#7808 = CARTESIAN_POINT ( 'NONE',  ( 0.06743043410952725969, 0.1998031496062996348, -0.08095997496618126399 ) ) ;
#7809 = UNCERTAINTY_MEASURE_WITH_UNIT (LENGTH_MEASURE( 1.000000000000000082E-05 ), #8685, 'distance_accuracy_value', 'NONE');
#7810 = LINE ( 'NONE', #11410, #10799 ) ;
#7811 = FILL_AREA_STYLE_COLOUR ( '', #11260 ) ;
#7812 = CIRCLE ( 'NONE', #3922, 0.009105439123007881552 ) ;
#7813 = LINE ( 'NONE', #11238, #7943 ) ;
#7814 = CARTESIAN_POINT ( 'NONE',  ( 0.01522951533058629174, 0.2037401574803152371, -0.01315729518093717090 ) ) ;
#7815 = DIRECTION ( 'NONE',  ( -1.594929680954395007E-15, 0.9950371902099891530, 0.09950371902099724997 ) ) ;
#7816 = VECTOR ( 'NONE', #11333, 39.37007874015748143 ) ;
#7817 = CARTESIAN_POINT ( 'NONE',  ( 0.1535433070866143168, -0.02263779527559011892, 0.1151574803149608972 ) ) ;
#7818 = EDGE_CURVE ( 'NONE', #3908, #5723, #4409, .T. ) ;
#7819 = ADVANCED_FACE ( 'NONE', ( #6378 ), #7194, .F. ) ;
#7820 = DIRECTION ( 'NONE',  ( -0.6057866173738133408, 3.374170927560872739E-16, 0.7956271577886172564 ) ) ;
#7821 =( LENGTH_UNIT ( ) NAMED_UNIT ( * ) SI_UNIT ( $, .METRE. ) );
#7822 = ORIENTED_EDGE ( 'NONE', *, *, #722, .F. ) ;
#7823 = AXIS2_PLACEMENT_3D ( 'NONE', #254, #6554, #6320 ) ;
#7824 =( LENGTH_UNIT ( ) NAMED_UNIT ( * ) SI_UNIT ( $, .METRE. ) );
#7825 = ORIENTED_EDGE ( 'NONE', *, *, #11496, .T. ) ;
#7826 = ORIENTED_EDGE ( 'NONE', *, *, #8377, .T. ) ;
#7827 = STYLED_ITEM ( 'NONE', ( #8135 ), #5712 ) ;
#7828 = FILL_AREA_STYLE ('',( #9536 ) ) ;
#7829 = DIRECTION ( 'NONE',  ( 0.0000000000000000000, 0.0000000000000000000, 1.000000000000000000 ) ) ;
#7830 = FILL_AREA_STYLE ('',( #6205 ) ) ;
#7831 = CIRCLE ( 'NONE', #2818, 0.02854330708661415028 ) ;
#7832 = CARTESIAN_POINT ( 'NONE',  ( -0.06929133858267749746, 0.1958661417322836162, -0.02539370078740171843 ) ) ;
#7833 = PRESENTATION_STYLE_ASSIGNMENT (( #4535 ) ) ;
#7834 = CARTESIAN_POINT ( 'NONE',  ( 0.06929133858267698398, 0.1269685039370082313, 0.1245559781998425014 ) ) ;
#7835 = EDGE_CURVE ( 'NONE', #487, #5781, #1208, .T. ) ;
#7836 = CARTESIAN_POINT ( 'NONE',  ( 0.1535433070866144833, -0.1407480314960625756, -0.1068897637795270944 ) ) ;
#7837 = AXIS2_PLACEMENT_3D ( 'NONE', #7362, #10883, #6481 ) ;
#7838 =( NAMED_UNIT ( * ) PLANE_ANGLE_UNIT ( ) SI_UNIT ( $, .RADIAN. ) );
#7839 = UNCERTAINTY_MEASURE_WITH_UNIT (LENGTH_MEASURE( 1.000000000000000082E-05 ), #6510, 'distance_accuracy_value', 'NONE');
#7840 = STYLED_ITEM ( 'NONE', ( #3266 ), #9895 ) ;
#7841 = LENGTH_MEASURE_WITH_UNIT ( LENGTH_MEASURE( 0.02539999999999999897 ), #10983 );
#7842 =( NAMED_UNIT ( * ) SI_UNIT ( $, .STERADIAN. ) SOLID_ANGLE_UNIT ( ) );
#7843 = FACE_OUTER_BOUND ( 'NONE', #1689, .T. ) ;
#7844 = FACE_OUTER_BOUND ( 'NONE', #363, .T. ) ;
#7845 = DIRECTION ( 'NONE',  ( 0.0000000000000000000, 0.0000000000000000000, 1.000000000000000000 ) ) ;
#7846 = CARTESIAN_POINT ( 'NONE',  ( 0.1535433070866145389, -0.1722440944881885594, 0.01200787401574855001 ) ) ;
#7847 = EDGE_LOOP ( 'NONE', ( #9872, #3801, #11212, #5320 ) ) ;
#7848 =( GEOMETRIC_REPRESENTATION_CONTEXT ( 3 ) GLOBAL_UNCERTAINTY_ASSIGNED_CONTEXT ( ( #803 ) ) GLOBAL_UNIT_ASSIGNED_CONTEXT ( ( #3369, #816, #3313 ) ) REPRESENTATION_CONTEXT ( 'NONE', 'WORKASPACE' ) );
#7849 = LENGTH_MEASURE_WITH_UNIT ( LENGTH_MEASURE( 0.02539999999999999897 ), #10576 );
#7850 = CARTESIAN_POINT ( 'NONE',  ( 0.08700787401574773539, 0.1998031496062996903, -0.1958661417322836440 ) ) ;
#7851 =( GEOMETRIC_REPRESENTATION_CONTEXT ( 3 ) GLOBAL_UNCERTAINTY_ASSIGNED_CONTEXT ( ( #2553 ) ) GLOBAL_UNIT_ASSIGNED_CONTEXT ( ( #9844, #3558, #122 ) ) REPRESENTATION_CONTEXT ( 'NONE', 'WORKASPACE' ) );
#7852 = ORIENTED_EDGE ( 'NONE', *, *, #4414, .T. ) ;
#7853 = VECTOR ( 'NONE', #5826, 39.37007874015748143 ) ;
#7854 = DIRECTION ( 'NONE',  ( -1.594929680954395007E-15, 0.9950371902099891530, 0.09950371902099724997 ) ) ;
#7855 = DIRECTION ( 'NONE',  ( -1.296102601205000191E-12, -1.644517855228095916E-15, -1.000000000000000000 ) ) ;
#7856 = CARTESIAN_POINT ( 'NONE',  ( 0.06018589945968472882, 0.1998031496062996348, -0.3162882616643938882 ) ) ;
#7857 = ORIENTED_EDGE ( 'NONE', *, *, #9466, .F. ) ;
#7858 = DIRECTION ( 'NONE',  ( 0.0000000000000000000, -1.875148439272799614E-15, -1.000000000000000000 ) ) ;
#7859 = DIRECTION ( 'NONE',  ( -2.364801230464485631E-30, 1.644517855226018450E-15, 1.000000000000000000 ) ) ;
#7860 = STYLED_ITEM ( 'NONE', ( #7432 ), #10652 ) ;
#7861 = ORIENTED_EDGE ( 'NONE', *, *, #3830, .T. ) ;
#7862 = EDGE_LOOP ( 'NONE', ( #11011, #2565, #9765, #11182, #1891, #3079, #1742, #8560 ) ) ;
#7863 = EDGE_CURVE ( 'NONE', #8273, #5431, #4751, .T. ) ;
#7864 = SURFACE_SIDE_STYLE ('',( #2326 ) ) ;
#7865 = CARTESIAN_POINT ( 'NONE',  ( 0.01934165959543282173, 0.1564960629921263724, -0.1663385826771654197 ) ) ;
#7866 = SURFACE_SIDE_STYLE ('',( #8641 ) ) ;
#7867 = CARTESIAN_POINT ( 'NONE',  ( -0.06929133858267740032, 0.1269685039370080926, 0.03366141732283462612 ) ) ;
#7868 = LENGTH_MEASURE_WITH_UNIT ( LENGTH_MEASURE( 0.02539999999999999897 ), #721 );
#7869 = EDGE_CURVE ( 'NONE', #8255, #2359, #10032, .T. ) ;
#7870 = LINE ( 'NONE', #7126, #7467 ) ;
#7871 = EDGE_LOOP ( 'NONE', ( #5466, #2362, #7576, #6201, #6181, #11532, #4162, #6167 ) ) ;
#7872 = COLOUR_RGB ( '',1.000000000000000000, 1.000000000000000000, 1.000000000000000000 ) ;
#7873 = VERTEX_POINT ( 'NONE', #7307 ) ;
#7874 = DIRECTION ( 'NONE',  ( 1.602884491802569361E-15, -1.000000000000000000, 1.644517855226017859E-15 ) ) ;
#7875 = EDGE_LOOP ( 'NONE', ( #7399, #10722, #5008, #2696 ) ) ;
#7876 = ORIENTED_EDGE ( 'NONE', *, *, #4264, .T. ) ;
#7877 = EDGE_CURVE ( 'NONE', #4781, #10937, #8185, .T. ) ;
#7878 = CARTESIAN_POINT ( 'NONE',  ( 0.06018589945980290512, 0.1564960629921264001, -0.4253937007874017406 ) ) ;
#7879 = EDGE_CURVE ( 'NONE', #8946, #11463, #370, .T. ) ;
#7880 = DIRECTION ( 'NONE',  ( -1.602884491802569361E-15, 1.000000000000000000, -1.644517855226017859E-15 ) ) ;
#7881 = FILL_AREA_STYLE_COLOUR ( '', #9291 ) ;
#7882 = SURFACE_SIDE_STYLE ('',( #8713 ) ) ;
#7883 = VECTOR ( 'NONE', #8664, 39.37007874015748143 ) ;
#7884 = LENGTH_MEASURE_WITH_UNIT ( LENGTH_MEASURE( 0.02539999999999999897 ), #2705 );
#7885 = EDGE_CURVE ( 'NONE', #2197, #5452, #2882, .T. ) ;
#7886 = CARTESIAN_POINT ( 'NONE',  ( 0.1535433070866145389, -0.1722440944881884206, -0.3879921259842515346 ) ) ;
#7887 =( GEOMETRIC_REPRESENTATION_CONTEXT ( 3 ) GLOBAL_UNCERTAINTY_ASSIGNED_CONTEXT ( ( #11391 ) ) GLOBAL_UNIT_ASSIGNED_CONTEXT ( ( #5715, #9321, #4892 ) ) REPRESENTATION_CONTEXT ( 'NONE', 'WORKASPACE' ) );
#7888 =( GEOMETRIC_REPRESENTATION_CONTEXT ( 3 ) GLOBAL_UNCERTAINTY_ASSIGNED_CONTEXT ( ( #10398 ) ) GLOBAL_UNIT_ASSIGNED_CONTEXT ( ( #10881, #10938, #10081 ) ) REPRESENTATION_CONTEXT ( 'NONE', 'WORKASPACE' ) );
#7889 = EDGE_LOOP ( 'NONE', ( #4843, #11244, #1159, #3984 ) ) ;
#7890 = FILL_AREA_STYLE_COLOUR ( '', #7872 ) ;
#7891 = EDGE_CURVE ( 'NONE', #9750, #4506, #127, .T. ) ;
#7892 =( NAMED_UNIT ( * ) PLANE_ANGLE_UNIT ( ) SI_UNIT ( $, .RADIAN. ) );
#7893 = DIRECTION ( 'NONE',  ( 0.0000000000000000000, 0.0000000000000000000, 1.000000000000000000 ) ) ;
#7894 =( LENGTH_UNIT ( ) NAMED_UNIT ( * ) SI_UNIT ( $, .METRE. ) );
#7895 = UNCERTAINTY_MEASURE_WITH_UNIT (LENGTH_MEASURE( 1.000000000000000082E-05 ), #9106, 'distance_accuracy_value', 'NONE');
#7896 =( CONVERSION_BASED_UNIT ( 'INCH', #7265 ) LENGTH_UNIT ( ) NAMED_UNIT ( #2007 ) );
#7897 = LINE ( 'NONE', #4419, #9951 ) ;
#7898 = DIRECTION ( 'NONE',  ( 1.602884491802569361E-15, -1.000000000000000000, 1.644517855226017859E-15 ) ) ;
#7899 = CIRCLE ( 'NONE', #602, 0.005168431248992117963 ) ;
#7900 = AXIS2_PLACEMENT_3D ( 'NONE', #9200, #8970, #11568 ) ;
#7901 = ORIENTED_EDGE ( 'NONE', *, *, #6044, .F. ) ;
#7902 = DIMENSIONAL_EXPONENTS ( 1.000000000000000000, 0.0000000000000000000, 0.0000000000000000000, 0.0000000000000000000, 0.0000000000000000000, 0.0000000000000000000, 0.0000000000000000000 ) ;
#7903 =( NAMED_UNIT ( * ) SI_UNIT ( $, .STERADIAN. ) SOLID_ANGLE_UNIT ( ) );
#7904 =( CONVERSION_BASED_UNIT ( 'INCH', #4368 ) LENGTH_UNIT ( ) NAMED_UNIT ( #8509 ) );
#7905 = VECTOR ( 'NONE', #1704, 39.37007874015748143 ) ;
#7906 = SURFACE_STYLE_USAGE ( .BOTH. , #7159 ) ;
#7907 = LINE ( 'NONE', #11454, #8228 ) ;
#7908 = LINE ( 'NONE', #6, #8835 ) ;
#7909 = FILL_AREA_STYLE ('',( #752 ) ) ;
#7910 = DIRECTION ( 'NONE',  ( -0.7956271577885686286, -1.875148439272791725E-15, -0.6057866173738771787 ) ) ;
#7911 = ORIENTED_EDGE ( 'NONE', *, *, #6265, .T. ) ;
#7912 = ORIENTED_EDGE ( 'NONE', *, *, #3253, .F. ) ;
#7913 = EDGE_LOOP ( 'NONE', ( #9787, #7982, #2843, #9546 ) ) ;
#7914 = LINE ( 'NONE', #9996, #8542 ) ;
#7915 = DIRECTION ( 'NONE',  ( 9.631373050316002764E-14, -1.644517855225863834E-15, -1.000000000000000000 ) ) ;
#7916 = AXIS2_PLACEMENT_3D ( 'NONE', #11132, #557, #2118 ) ;
#7917 = ORIENTED_EDGE ( 'NONE', *, *, #5345, .F. ) ;
#7918 =( LENGTH_UNIT ( ) NAMED_UNIT ( * ) SI_UNIT ( $, .METRE. ) );
#7919 = ORIENTED_EDGE ( 'NONE', *, *, #5345, .T. ) ;
#7920 = ORIENTED_EDGE ( 'NONE', *, *, #8620, .T. ) ;
#7921 = CIRCLE ( 'NONE', #2907, 0.003937007874015740171 ) ;
#7922 = CARTESIAN_POINT ( 'NONE',  ( -0.1535433070866141225, -0.02263779527559051791, -0.1848425196850391194 ) ) ;
#7923 = UNCERTAINTY_MEASURE_WITH_UNIT (LENGTH_MEASURE( 1.000000000000000082E-05 ), #8505, 'distance_accuracy_value', 'NONE');
#7924 = DIRECTION ( 'NONE',  ( -1.000000000000000000, -1.602884491802569361E-15, 2.711709361697224578E-31 ) ) ;
#7925 = FACE_OUTER_BOUND ( 'NONE', #7182, .T. ) ;
#7926 = FACE_OUTER_BOUND ( 'NONE', #7564, .T. ) ;
#7927 = DIRECTION ( 'NONE',  ( 1.594929680954395007E-15, -0.9950371902099891530, -0.09950371902099724997 ) ) ;
#7928 = CARTESIAN_POINT ( 'NONE',  ( 0.1535433070866143168, -0.02263779527558999055, -0.4068897637795272915 ) ) ;
#7929 = CARTESIAN_POINT ( 'NONE',  ( 0.01934165959543282173, 0.1564960629921263724, -0.1663385826771654197 ) ) ;
#7930 = LENGTH_MEASURE_WITH_UNIT ( LENGTH_MEASURE( 0.02539999999999999897 ), #5332 );
#7931 = EDGE_LOOP ( 'NONE', ( #91, #6895, #3373, #6641, #7183, #6834, #9631, #10426 ) ) ;
#7932 = EDGE_CURVE ( 'NONE', #8042, #10078, #1094, .T. ) ;
#7933 = VECTOR ( 'NONE', #2655, 39.37007874015748143 ) ;
#7934 =( GEOMETRIC_REPRESENTATION_CONTEXT ( 3 ) GLOBAL_UNCERTAINTY_ASSIGNED_CONTEXT ( ( #1469 ) ) GLOBAL_UNIT_ASSIGNED_CONTEXT ( ( #10359, #11456, #7027 ) ) REPRESENTATION_CONTEXT ( 'NONE', 'WORKASPACE' ) );
#7935 = ORIENTED_EDGE ( 'NONE', *, *, #9514, .F. ) ;
#7936 = SURFACE_STYLE_USAGE ( .BOTH. , #6310 ) ;
#7937 = EDGE_LOOP ( 'NONE', ( #4752, #8819, #5823, #3232, #5750 ) ) ;
#7938 = VERTEX_POINT ( 'NONE', #6556 ) ;
#7939 = CARTESIAN_POINT ( 'NONE',  ( 0.06018589945968472882, 0.1998031496062997736, -0.3663385826771656251 ) ) ;
#7940 = FILL_AREA_STYLE_COLOUR ( '', #2614 ) ;
#7941 = LENGTH_MEASURE_WITH_UNIT ( LENGTH_MEASURE( 0.02539999999999999897 ), #8830 );
#7942 = CARTESIAN_POINT ( 'NONE',  ( 0.06018589945968472882, 0.2037401574803153759, -0.2162882616643938549 ) ) ;
#7943 = VECTOR ( 'NONE', #601, 39.37007874015748143 ) ;
#7944 = STYLED_ITEM ( 'NONE', ( #8068 ), #2902 ) ;
#7945 = FACE_OUTER_BOUND ( 'NONE', #10671, .T. ) ;
#7946 = DIRECTION ( 'NONE',  ( 1.594929680954418377E-16, -0.09950371902100052512, -0.9950371902099890420 ) ) ;
#7947 = DIRECTION ( 'NONE',  ( 2.348093788196917952E-30, -1.644517855226018450E-15, -1.000000000000000000 ) ) ;
#7948 = EDGE_CURVE ( 'NONE', #4512, #517, #1991, .T. ) ;
#7949 = VECTOR ( 'NONE', #11046, 39.37007874015748143 ) ;
#7950 =( GEOMETRIC_REPRESENTATION_CONTEXT ( 3 ) GLOBAL_UNCERTAINTY_ASSIGNED_CONTEXT ( ( #2298 ) ) GLOBAL_UNIT_ASSIGNED_CONTEXT ( ( #9012, #2823, #4404 ) ) REPRESENTATION_CONTEXT ( 'NONE', 'WORKASPACE' ) );
#7951 = UNCERTAINTY_MEASURE_WITH_UNIT (LENGTH_MEASURE( 1.000000000000000082E-05 ), #8851, 'distance_accuracy_value', 'NONE');
#7952 = ORIENTED_EDGE ( 'NONE', *, *, #8318, .F. ) ;
#7953 = ADVANCED_FACE ( 'NONE', ( #9129 ), #2933, .T. ) ;
#7954 = FILL_AREA_STYLE_COLOUR ( '', #9960 ) ;
#7955 = CARTESIAN_POINT ( 'NONE',  ( 0.06929133858267698398, 0.1269685039370083146, -0.4253937007874016851 ) ) ;
#7956 = LINE ( 'NONE', #9783, #2346 ) ;
#7957 = DIRECTION ( 'NONE',  ( 0.7956271577885690727, 2.775557561562890562E-15, 0.6057866173738766236 ) ) ;
#7958 =( CONVERSION_BASED_UNIT ( 'INCH', #8026 ) LENGTH_UNIT ( ) NAMED_UNIT ( #9576 ) );
#7959 = SURFACE_SIDE_STYLE ('',( #1889 ) ) ;
#7960 = VECTOR ( 'NONE', #3127, 39.37007874015748143 ) ;
#7961 = ORIENTED_EDGE ( 'NONE', *, *, #1056, .F. ) ;
#7962 = EDGE_CURVE ( 'NONE', #7984, #9476, #11242, .T. ) ;
#7963 = ADVANCED_FACE ( 'NONE', ( #1385 ), #6888, .F. ) ;
#7964 = SURFACE_SIDE_STYLE ('',( #6224 ) ) ;
#7965 = STYLED_ITEM ( 'NONE', ( #4519 ), #4441 ) ;
#7966 = VECTOR ( 'NONE', #6427, 39.37007874015748143 ) ;
#7967 = SURFACE_STYLE_USAGE ( .BOTH. , #6227 ) ;
#7968 =( LENGTH_UNIT ( ) NAMED_UNIT ( * ) SI_UNIT ( $, .METRE. ) );
#7969 = CARTESIAN_POINT ( 'NONE',  ( -0.06889763779527563470, 0.008858267716535609890, 0.1702755905511812995 ) ) ;
#7970 = SURFACE_STYLE_FILL_AREA ( #6288 ) ;
#7971 =( GEOMETRIC_REPRESENTATION_CONTEXT ( 3 ) GLOBAL_UNCERTAINTY_ASSIGNED_CONTEXT ( ( #1610 ) ) GLOBAL_UNIT_ASSIGNED_CONTEXT ( ( #10348, #5938, #11326 ) ) REPRESENTATION_CONTEXT ( 'NONE', 'WORKASPACE' ) );
#7972 =( LENGTH_UNIT ( ) NAMED_UNIT ( * ) SI_UNIT ( $, .METRE. ) );
#7973 = ORIENTED_EDGE ( 'NONE', *, *, #3327, .F. ) ;
#7974 = ORIENTED_EDGE ( 'NONE', *, *, #8915, .T. ) ;
#7975 = SURFACE_STYLE_USAGE ( .BOTH. , #1947 ) ;
#7976 = AXIS2_PLACEMENT_3D ( 'NONE', #1291, #7443, #4883 ) ;
#7977 = PRESENTATION_LAYER_ASSIGNMENT (  '', '', ( #7241 ) ) ;
#7978 = EDGE_LOOP ( 'NONE', ( #5798, #1780, #3426, #1786, #1841, #1708 ) ) ;
#7979 = DIRECTION ( 'NONE',  ( 0.7956271577885688506, 2.775557561562890168E-15, 0.6057866173738768456 ) ) ;
#7980 = MECHANICAL_DESIGN_GEOMETRIC_PRESENTATION_REPRESENTATION (  '', ( #6494 ), #9489 ) ;
#7981 = AXIS2_PLACEMENT_3D ( 'NONE', #8605, #4121, #563 ) ;
#7982 = ORIENTED_EDGE ( 'NONE', *, *, #2243, .T. ) ;
#7983 = DIRECTION ( 'NONE',  ( -2.348093788196917952E-30, 1.644517855226018450E-15, 1.000000000000000000 ) ) ;
#7984 = VERTEX_POINT ( 'NONE', #4923 ) ;
#7985 = MECHANICAL_DESIGN_GEOMETRIC_PRESENTATION_REPRESENTATION (  '', ( #2788 ), #2216 ) ;
#7986 = PLANE ( 'NONE',  #1366 ) ;
#7987 = PRESENTATION_LAYER_ASSIGNMENT (  '', '', ( #10039 ) ) ;
#7988 = FILL_AREA_STYLE ('',( #10709 ) ) ;
#7989 = LINE ( 'NONE', #6358, #7555 ) ;
#7990 =( LENGTH_UNIT ( ) NAMED_UNIT ( * ) SI_UNIT ( $, .METRE. ) );
#7991 = COLOUR_RGB ( '',1.000000000000000000, 1.000000000000000000, 1.000000000000000000 ) ;
#7992 = LENGTH_MEASURE_WITH_UNIT ( LENGTH_MEASURE( 0.02539999999999999897 ), #85 );
#7993 = DIRECTION ( 'NONE',  ( 1.602884491802569361E-15, -1.000000000000000000, 1.644517855226017859E-15 ) ) ;
#7994 = MECHANICAL_DESIGN_GEOMETRIC_PRESENTATION_REPRESENTATION (  '', ( #6508 ), #10773 ) ;
#7995 = DIRECTION ( 'NONE',  ( -1.594929680954394613E-15, 0.9950371902099890420, -0.09950371902100052512 ) ) ;
#7996 = ORIENTED_EDGE ( 'NONE', *, *, #4054, .F. ) ;
#7997 = PRESENTATION_LAYER_ASSIGNMENT (  '', '', ( #6328 ) ) ;
#7998 = EDGE_LOOP ( 'NONE', ( #4436, #8618, #1744, #5867 ) ) ;
#7999 = ORIENTED_EDGE ( 'NONE', *, *, #880, .F. ) ;
#8000 = FACE_OUTER_BOUND ( 'NONE', #10612, .T. ) ;
#8001 = ORIENTED_EDGE ( 'NONE', *, *, #11438, .F. ) ;
#8002 = AXIS2_PLACEMENT_3D ( 'NONE', #1681, #7993, #1617 ) ;
#8003 = VERTEX_POINT ( 'NONE', #4044 ) ;
#8004 = AXIS2_PLACEMENT_3D ( 'NONE', #1558, #11353, #2558 ) ;
#8005 =( CONVERSION_BASED_UNIT ( 'INCH', #8174 ) LENGTH_UNIT ( ) NAMED_UNIT ( #8061 ) );
#8006 = FACE_BOUND ( 'NONE', #765, .T. ) ;
#8007 = CARTESIAN_POINT ( 'NONE',  ( -0.1499999999999997446, -0.1564960629921259561, -0.3053149606299208063 ) ) ;
#8008 =( GEOMETRIC_REPRESENTATION_CONTEXT ( 3 ) GLOBAL_UNCERTAINTY_ASSIGNED_CONTEXT ( ( #6277 ) ) GLOBAL_UNIT_ASSIGNED_CONTEXT ( ( #9336, #10240, #9166 ) ) REPRESENTATION_CONTEXT ( 'NONE', 'WORKASPACE' ) );
#8009 = DIRECTION ( 'NONE',  ( -2.348093788196917952E-30, 1.644517855226018450E-15, 1.000000000000000000 ) ) ;
#8010 = CARTESIAN_POINT ( 'NONE',  ( 0.1948818897637796532, -0.05413385826771593967, -0.4738188976377951112 ) ) ;
#8011 = EDGE_CURVE ( 'NONE', #11343, #1444, #5912, .T. ) ;
#8012 = PRESENTATION_STYLE_ASSIGNMENT (( #10623 ) ) ;
#8013 = DIRECTION ( 'NONE',  ( -1.602884491802569361E-15, 1.000000000000000000, -1.644517855226017859E-15 ) ) ;
#8014 = CARTESIAN_POINT ( 'NONE',  ( 0.1535433070866144833, -0.1407480314960624923, -0.3068897637795270916 ) ) ;
#8015 = AXIS2_PLACEMENT_3D ( 'NONE', #2856, #6404, #4559 ) ;
#8016 = VECTOR ( 'NONE', #9653, 39.37007874015748143 ) ;
#8017 = MANIFOLD_SOLID_BREP ( 'Body-Move/Copy2[1]', #8820 ) ;
#8018 = CARTESIAN_POINT ( 'NONE',  ( 0.06889763779527559306, 0.008858267716535831934, 0.1702755905511812995 ) ) ;
#8019 = EDGE_LOOP ( 'NONE', ( #7243, #6457, #7649, #9893 ) ) ;
#8020 = CARTESIAN_POINT ( 'NONE',  ( 0.01934165959544850363, 0.1998031496062995793, 0.02972440944881874630 ) ) ;
#8021 = VECTOR ( 'NONE', #1383, 39.37007874015748143 ) ;
#8022 = DIRECTION ( 'NONE',  ( 1.499671914429180214E-11, -1.000000000000000000, 1.644517855226017859E-15 ) ) ;
#8023 = UNCERTAINTY_MEASURE_WITH_UNIT (LENGTH_MEASURE( 1.000000000000000082E-05 ), #2062, 'distance_accuracy_value', 'NONE');
#8024 = DIRECTION ( 'NONE',  ( -0.7956271577886178115, -2.392722035830080845E-15, -0.6057866173738124527 ) ) ;
#8025 = DIRECTION ( 'NONE',  ( -1.602884491802569361E-15, 1.000000000000000000, -1.644517855226017859E-15 ) ) ;
#8026 = LENGTH_MEASURE_WITH_UNIT ( LENGTH_MEASURE( 0.02539999999999999897 ), #876 );
#8027 = LINE ( 'NONE', #5532, #5378 ) ;
#8028 = VERTEX_POINT ( 'NONE', #5860 ) ;
#8029 = ADVANCED_FACE ( 'NONE', ( #6823 ), #311, .T. ) ;
#8030 = CARTESIAN_POINT ( 'NONE',  ( 0.1464566929133862272, -0.1722440944881884761, -0.1879921259842514403 ) ) ;
#8031 = PLANE ( 'NONE',  #2105 ) ;
#8032 = VECTOR ( 'NONE', #662, 39.37007874015748143 ) ;
#8033 = PRESENTATION_LAYER_ASSIGNMENT (  '', '', ( #7479 ) ) ;
#8034 = LENGTH_MEASURE_WITH_UNIT ( LENGTH_MEASURE( 0.02539999999999999897 ), #4848 );
#8035 = MANIFOLD_SOLID_BREP ( 'LPattern1[4]', #2476 ) ;
#8036 = ADVANCED_FACE ( 'NONE', ( #9465 ), #539, .T. ) ;
#8037 = EDGE_CURVE ( 'NONE', #11529, #2563, #11295, .T. ) ;
#8038 = UNCERTAINTY_MEASURE_WITH_UNIT (LENGTH_MEASURE( 1.000000000000000082E-05 ), #2604, 'distance_accuracy_value', 'NONE');
#8039 = SURFACE_STYLE_USAGE ( .BOTH. , #5485 ) ;
#8040 = LINE ( 'NONE', #3489, #9026 ) ;
#8041 = CARTESIAN_POINT ( 'NONE',  ( 0.1464566929133862272, -0.1722440944881884761, -0.1879921259842514403 ) ) ;
#8042 = VERTEX_POINT ( 'NONE', #6939 ) ;
#8043 = STYLED_ITEM ( 'NONE', ( #509 ), #6665 ) ;
#8044 = ORIENTED_EDGE ( 'NONE', *, *, #8733, .T. ) ;
#8045 = DIRECTION ( 'NONE',  ( 1.000000000000000000, 1.602884491802569361E-15, -2.711709361697226329E-31 ) ) ;
#8046 = COLOUR_RGB ( '',1.000000000000000000, 1.000000000000000000, 1.000000000000000000 ) ;
#8047 = EDGE_LOOP ( 'NONE', ( #1981, #3561, #5318, #5273 ) ) ;
#8048 = DIRECTION ( 'NONE',  ( -1.000000000000000000, -1.602884491802569361E-15, 2.878783784372901366E-31 ) ) ;
#8049 = ORIENTED_EDGE ( 'NONE', *, *, #492, .T. ) ;
#8050 = DIRECTION ( 'NONE',  ( 0.7956271577883997637, 0.0000000000000000000, -0.6057866173740987792 ) ) ;
#8051 = CARTESIAN_POINT ( 'NONE',  ( 0.06929133858267692847, 0.1564960629921264001, -0.06633858267716544188 ) ) ;
#8052 = ADVANCED_FACE ( 'NONE', ( #1737 ), #4274, .T. ) ;
#8053 = UNCERTAINTY_MEASURE_WITH_UNIT (LENGTH_MEASURE( 1.000000000000000082E-05 ), #6081, 'distance_accuracy_value', 'NONE');
#8054 = PLANE ( 'NONE',  #934 ) ;
#8055 = LINE ( 'NONE', #3577, #433 ) ;
#8056 = CARTESIAN_POINT ( 'NONE',  ( -0.1535433070866141225, -0.02263779527559051791, -0.3068897637795273137 ) ) ;
#8057 =( GEOMETRIC_REPRESENTATION_CONTEXT ( 3 ) GLOBAL_UNCERTAINTY_ASSIGNED_CONTEXT ( ( #3535 ) ) GLOBAL_UNIT_ASSIGNED_CONTEXT ( ( #4945, #6734, #4773 ) ) REPRESENTATION_CONTEXT ( 'NONE', 'WORKASPACE' ) );
#8058 = SURFACE_SIDE_STYLE ('',( #2741 ) ) ;
#8059 = DIRECTION ( 'NONE',  ( -1.000000000000000000, -1.602884491802569361E-15, 2.711709361697226329E-31 ) ) ;
#8060 = LINE ( 'NONE', #2503, #167 ) ;
#8062 = ORIENTED_EDGE ( 'NONE', *, *, #1667, .F. ) ;
#8061 = DIMENSIONAL_EXPONENTS ( 1.000000000000000000, 0.0000000000000000000, 0.0000000000000000000, 0.0000000000000000000, 0.0000000000000000000, 0.0000000000000000000, 0.0000000000000000000 ) ;
#8063 = EDGE_LOOP ( 'NONE', ( #4818, #435, #4228, #2289 ) ) ;
#8064 = VERTEX_POINT ( 'NONE', #2500 ) ;
#8065 = AXIS2_PLACEMENT_3D ( 'NONE', #5044, #2451, #609 ) ;
#8066 = ORIENTED_EDGE ( 'NONE', *, *, #2968, .F. ) ;
#8067 = VERTEX_POINT ( 'NONE', #7814 ) ;
#8068 = PRESENTATION_STYLE_ASSIGNMENT (( #96 ) ) ;
#8069 = FACE_OUTER_BOUND ( 'NONE', #8387, .T. ) ;
#8070 = CARTESIAN_POINT ( 'NONE',  ( -0.06929133858267744195, 0.1564960629921260671, -0.02539370078740165945 ) ) ;
#8071 = CARTESIAN_POINT ( 'NONE',  ( 0.1464566929133861717, -0.1407480314960624923, -0.1848425196850389252 ) ) ;
#8072 = DIRECTION ( 'NONE',  ( -1.000000000000000000, -1.602884491802569361E-15, 2.711709361697226329E-31 ) ) ;
#8073 = CARTESIAN_POINT ( 'NONE',  ( 0.1535433070866145389, -0.1722440944881885871, -0.003740157480314449702 ) ) ;
#8074 = AXIS2_PLACEMENT_3D ( 'NONE', #10252, #7694, #1376 ) ;
#8075 = DIRECTION ( 'NONE',  ( 0.6057866173740993343, 2.279429041416232339E-15, 0.7956271577883993196 ) ) ;
#8076 = ORIENTED_EDGE ( 'NONE', *, *, #1056, .T. ) ;
#8077 = CYLINDRICAL_SURFACE ( 'NONE', #3237, 0.009105439123007878083 ) ;
#8078 =( GEOMETRIC_REPRESENTATION_CONTEXT ( 3 ) GLOBAL_UNCERTAINTY_ASSIGNED_CONTEXT ( ( #1480 ) ) GLOBAL_UNIT_ASSIGNED_CONTEXT ( ( #7904, #7384, #2896 ) ) REPRESENTATION_CONTEXT ( 'NONE', 'WORKASPACE' ) );
#8079 = CARTESIAN_POINT ( 'NONE',  ( 0.08700787401574779090, 0.1643700787401578267, 0.1041338582677164837 ) ) ;
#8080 = COLOUR_RGB ( '',0.7607843137254901578, 0.7607843137254901578, 0.0000000000000000000 ) ;
#8081 = DIRECTION ( 'NONE',  ( -1.594929680954394613E-15, 0.9950371902099890420, -0.09950371902100052512 ) ) ;
#8082 = DIRECTION ( 'NONE',  ( -2.348093788196917952E-30, 1.644517855226018450E-15, 1.000000000000000000 ) ) ;
#8083 = SURFACE_STYLE_USAGE ( .BOTH. , #3477 ) ;
#8084 = FILL_AREA_STYLE ('',( #1043 ) ) ;
#8085 = ORIENTED_EDGE ( 'NONE', *, *, #9044, .T. ) ;
#8086 = LINE ( 'NONE', #8979, #2414 ) ;
#8087 = DIRECTION ( 'NONE',  ( -1.000000000000000000, -1.602884491802569361E-15, 2.711709361697226329E-31 ) ) ;
#8088 = VECTOR ( 'NONE', #9947, 39.37007874015748143 ) ;
#8089 = CARTESIAN_POINT ( 'NONE',  ( -0.1535433070866139282, -0.1407480314960629919, -0.4068897637795271804 ) ) ;
#8090 = EDGE_CURVE ( 'NONE', #6391, #3520, #4844, .T. ) ;
#8091 = DIRECTION ( 'NONE',  ( -1.000000000000000000, -1.602884491802569361E-15, 2.711709361697226329E-31 ) ) ;
#8092 = MANIFOLD_SOLID_BREP ( 'LPattern1[15]', #8440 ) ;
#8093 = CARTESIAN_POINT ( 'NONE',  ( -0.1535433070866138727, -0.1722440944881889757, -0.2879921259842515013 ) ) ;
#8094 = AXIS2_PLACEMENT_3D ( 'NONE', #923, #10829, #7298 ) ;
#8095 =( CONVERSION_BASED_UNIT ( 'INCH', #3670 ) LENGTH_UNIT ( ) NAMED_UNIT ( #10127 ) );
#8096 = CARTESIAN_POINT ( 'NONE',  ( 0.06018589945968472882, 0.2037401574803153759, 0.02972440944881872896 ) ) ;
#8097 = ORIENTED_EDGE ( 'NONE', *, *, #3527, .T. ) ;
#8098 = SURFACE_STYLE_USAGE ( .BOTH. , #1005 ) ;
#8099 = ORIENTED_EDGE ( 'NONE', *, *, #7295, .F. ) ;
#8100 = SURFACE_STYLE_FILL_AREA ( #8995 ) ;
#8101 = EDGE_CURVE ( 'NONE', #3086, #3676, #1644, .T. ) ;
#8102 = EDGE_CURVE ( 'NONE', #1659, #10078, #6135, .T. ) ;
#8103 = AXIS2_PLACEMENT_3D ( 'NONE', #9781, #1640, #2588 ) ;
#8104 = VERTEX_POINT ( 'NONE', #7233 ) ;
#8105 = FILL_AREA_STYLE ('',( #2549 ) ) ;
#8106 = VERTEX_POINT ( 'NONE', #6248 ) ;
#8107 = CARTESIAN_POINT ( 'NONE',  ( 0.1500000000000003553, -0.1564960629921255952, -0.005314960629920771444 ) ) ;
#8108 = LINE ( 'NONE', #10768, #8310 ) ;
#8109 = LINE ( 'NONE', #7174, #10165 ) ;
#8110 = FILL_AREA_STYLE ('',( #1854 ) ) ;
#8111 = AXIS2_PLACEMENT_3D ( 'NONE', #7482, #2213, #11003 ) ;
#8112 = SURFACE_SIDE_STYLE ('',( #4339 ) ) ;
#8113 = CARTESIAN_POINT ( 'NONE',  ( 0.01934165959543282173, 0.1564960629921264001, -0.2663385826771654807 ) ) ;
#8114 = FILL_AREA_STYLE ('',( #4573 ) ) ;
#8115 = DIRECTION ( 'NONE',  ( 1.000000000000000000, 1.875148439272792120E-15, 0.0000000000000000000 ) ) ;
#8116 = ORIENTED_EDGE ( 'NONE', *, *, #11284, .T. ) ;
#8117 = EDGE_CURVE ( 'NONE', #9743, #6234, #5785, .T. ) ;
#8118 = EDGE_CURVE ( 'NONE', #10760, #9334, #9862, .T. ) ;
#8119 = ORIENTED_EDGE ( 'NONE', *, *, #8037, .T. ) ;
#8120 = CIRCLE ( 'NONE', #6985, 0.009105439123007878083 ) ;
#8121 = CARTESIAN_POINT ( 'NONE',  ( 0.01830074866882645118, 0.1998031496062994405, 0.07854330708661402816 ) ) ;
#8122 = ORIENTED_EDGE ( 'NONE', *, *, #7383, .F. ) ;
#8123 = SURFACE_STYLE_USAGE ( .BOTH. , #3649 ) ;
#8124 = LINE ( 'NONE', #202, #4122 ) ;
#8125 = CARTESIAN_POINT ( 'NONE',  ( -0.1464566929133857831, -0.02263779527559046933, -0.4068897637795272915 ) ) ;
#8126 = SURFACE_SIDE_STYLE ('',( #2704 ) ) ;
#8127 = PLANE ( 'NONE',  #9214 ) ;
#8128 =( NAMED_UNIT ( * ) SI_UNIT ( $, .STERADIAN. ) SOLID_ANGLE_UNIT ( ) );
#8129 = FILL_AREA_STYLE ('',( #2829 ) ) ;
#8130 = FILL_AREA_STYLE ('',( #11493 ) ) ;
#8131 = FACE_OUTER_BOUND ( 'NONE', #6541, .T. ) ;
#8132 =( LENGTH_UNIT ( ) NAMED_UNIT ( * ) SI_UNIT ( $, .METRE. ) );
#8133 = ORIENTED_EDGE ( 'NONE', *, *, #8989, .F. ) ;
#8134 = CARTESIAN_POINT ( 'NONE',  ( 0.06929133858267698398, 0.1269685039370083979, -0.3754440218001576235 ) ) ;
#8135 = PRESENTATION_STYLE_ASSIGNMENT (( #8306 ) ) ;
#8136 = CARTESIAN_POINT ( 'NONE',  ( 0.01209712494559416970, 0.1998031496062995793, -0.08095997496618126399 ) ) ;
#8137 = LINE ( 'NONE', #10743, #5070 ) ;
#8138 = CARTESIAN_POINT ( 'NONE',  ( 0.06889763779527560694, 0.001377952755905891046, 0.1624015748031497897 ) ) ;
#8139 = FACE_OUTER_BOUND ( 'NONE', #10637, .T. ) ;
#8140 = VERTEX_POINT ( 'NONE', #4518 ) ;
#8141 = DIRECTION ( 'NONE',  ( 5.046588147372974893E-13, 1.000000000000000000, -4.605343884023600448E-14 ) ) ;
#8142 = COLOUR_RGB ( '',1.000000000000000000, 1.000000000000000000, 1.000000000000000000 ) ;
#8143 = LENGTH_MEASURE_WITH_UNIT ( LENGTH_MEASURE( 0.02539999999999999897 ), #3668 );
#8144 = FACE_OUTER_BOUND ( 'NONE', #3461, .T. ) ;
#8145 =( GEOMETRIC_REPRESENTATION_CONTEXT ( 3 ) GLOBAL_UNCERTAINTY_ASSIGNED_CONTEXT ( ( #9436 ) ) GLOBAL_UNIT_ASSIGNED_CONTEXT ( ( #201, #4920, #2925 ) ) REPRESENTATION_CONTEXT ( 'NONE', 'WORKASPACE' ) );
#8146 = UNCERTAINTY_MEASURE_WITH_UNIT (LENGTH_MEASURE( 1.000000000000000082E-05 ), #3756, 'distance_accuracy_value', 'NONE');
#8147 = PRESENTATION_STYLE_ASSIGNMENT (( #7220 ) ) ;
#8148 = CARTESIAN_POINT ( 'NONE',  ( 0.1535433070866143168, -0.02263779527559009463, -0.1068897637795273164 ) ) ;
#8149 = ADVANCED_FACE ( 'NONE', ( #2686 ), #5556, .T. ) ;
#8150 =( CONVERSION_BASED_UNIT ( 'INCH', #7166 ) LENGTH_UNIT ( ) NAMED_UNIT ( #7588 ) );
#8151 = ORIENTED_EDGE ( 'NONE', *, *, #5982, .F. ) ;
#8152 = CARTESIAN_POINT ( 'NONE',  ( 0.06929133858267698398, 0.1269685039370083424, -0.1754440218001575014 ) ) ;
#8153 = ORIENTED_EDGE ( 'NONE', *, *, #8452, .T. ) ;
#8154 =( NAMED_UNIT ( * ) PLANE_ANGLE_UNIT ( ) SI_UNIT ( $, .RADIAN. ) );
#8155 = VERTEX_POINT ( 'NONE', #2810 ) ;
#8156 = SURFACE_STYLE_FILL_AREA ( #9221 ) ;
#8157 = ORIENTED_EDGE ( 'NONE', *, *, #7391, .T. ) ;
#8158 = MECHANICAL_DESIGN_GEOMETRIC_PRESENTATION_REPRESENTATION (  '', ( #1049 ), #8350 ) ;
#8159 = DIRECTION ( 'NONE',  ( -0.7956271577886172564, -2.392722035830079268E-15, -0.6057866173738132298 ) ) ;
#8160 = UNCERTAINTY_MEASURE_WITH_UNIT (LENGTH_MEASURE( 1.000000000000000082E-05 ), #4130, 'distance_accuracy_value', 'NONE');
#8161 =( NAMED_UNIT ( * ) PLANE_ANGLE_UNIT ( ) SI_UNIT ( $, .RADIAN. ) );
#8162 = DIRECTION ( 'NONE',  ( -2.348093788196916901E-30, 1.644517855226017859E-15, 1.000000000000000000 ) ) ;
#8163 = AXIS2_PLACEMENT_3D ( 'NONE', #2234, #5825, #8486 ) ;
#8164 = EDGE_CURVE ( 'NONE', #9160, #3068, #6415, .T. ) ;
#8165 =( GEOMETRIC_REPRESENTATION_CONTEXT ( 3 ) GLOBAL_UNCERTAINTY_ASSIGNED_CONTEXT ( ( #10911 ) ) GLOBAL_UNIT_ASSIGNED_CONTEXT ( ( #1219, #5875, #3173 ) ) REPRESENTATION_CONTEXT ( 'NONE', 'WORKASPACE' ) );
#8166 =( NAMED_UNIT ( * ) SI_UNIT ( $, .STERADIAN. ) SOLID_ANGLE_UNIT ( ) );
#8167 = FILL_AREA_STYLE_COLOUR ( '', #3732 ) ;
#8168 = DIRECTION ( 'NONE',  ( 1.602884491802569361E-15, -1.000000000000000000, 1.644517855226017859E-15 ) ) ;
#8169 = EDGE_CURVE ( 'NONE', #6327, #3164, #7122, .T. ) ;
#8170 = DIMENSIONAL_EXPONENTS ( 1.000000000000000000, 0.0000000000000000000, 0.0000000000000000000, 0.0000000000000000000, 0.0000000000000000000, 0.0000000000000000000, 0.0000000000000000000 ) ;
#8171 = MECHANICAL_DESIGN_GEOMETRIC_PRESENTATION_REPRESENTATION (  '', ( #9490 ), #3896 ) ;
#8172 = VECTOR ( 'NONE', #1420, 39.37007874015748143 ) ;
#8173 = ORIENTED_EDGE ( 'NONE', *, *, #4835, .F. ) ;
#8174 = LENGTH_MEASURE_WITH_UNIT ( LENGTH_MEASURE( 0.02539999999999999897 ), #1746 );
#8175 = DIRECTION ( 'NONE',  ( -2.348093788196917952E-30, 1.644517855226018450E-15, 1.000000000000000000 ) ) ;
#8176 = LINE ( 'NONE', #2044, #6631 ) ;
#8177 = VECTOR ( 'NONE', #3994, 39.37007874015748143 ) ;
#8178 = CARTESIAN_POINT ( 'NONE',  ( 0.06743043410952737071, 0.1269685039370081758, 0.08922769150163382956 ) ) ;
#8179 = EDGE_CURVE ( 'NONE', #6176, #1760, #8373, .T. ) ;
#8180 = CARTESIAN_POINT ( 'NONE',  ( 0.01934165959544861813, 0.1269685039370081758, -0.2162882616643937439 ) ) ;
#8181 = EDGE_CURVE ( 'NONE', #1214, #10078, #7176, .T. ) ;
#8182 = CARTESIAN_POINT ( 'NONE',  ( -0.1535433070866138727, -0.1722440944881889202, -0.3879921259842515346 ) ) ;
#8183 = PRESENTATION_LAYER_ASSIGNMENT (  '', '', ( #6687 ) ) ;
#8184 = DIRECTION ( 'NONE',  ( 0.0000000000000000000, 0.0000000000000000000, 1.000000000000000000 ) ) ;
#8185 = LINE ( 'NONE', #8411, #5955 ) ;
#8186 = STYLED_ITEM ( 'NONE', ( #4696 ), #4352 ) ;
#8187 = AXIS2_PLACEMENT_3D ( 'NONE', #11297, #11476, #3513 ) ;
#8188 = COLOUR_RGB ( '',0.7607843137254901578, 0.7607843137254901578, 0.0000000000000000000 ) ;
#8189 = EDGE_LOOP ( 'NONE', ( #173, #4703, #1327, #5976 ) ) ;
#8190 = VECTOR ( 'NONE', #5037, 39.37007874015748854 ) ;
#8191 = CARTESIAN_POINT ( 'NONE',  ( -0.1535433070866139282, -0.1407480314960629919, -0.2848425196850389307 ) ) ;
#8192 = PRESENTATION_STYLE_ASSIGNMENT (( #10954 ) ) ;
#8193 = LENGTH_MEASURE_WITH_UNIT ( LENGTH_MEASURE( 0.02539999999999999897 ), #9139 );
#8194 = EDGE_CURVE ( 'NONE', #5566, #7647, #9971, .T. ) ;
#8195 = DIRECTION ( 'NONE',  ( 1.602884491802569361E-15, -1.000000000000000000, 1.644517855226017859E-15 ) ) ;
#8196 = AXIS2_PLACEMENT_3D ( 'NONE', #9441, #5002, #8437 ) ;
#8197 = DIRECTION ( 'NONE',  ( -2.348093788196917952E-30, 1.644517855226018450E-15, 1.000000000000000000 ) ) ;
#8198 = LINE ( 'NONE', #9995, #10185 ) ;
#8199 = DIRECTION ( 'NONE',  ( 1.000000000000000000, 1.602884491802569361E-15, -2.711709361697226329E-31 ) ) ;
#8200 = ORIENTED_EDGE ( 'NONE', *, *, #7605, .F. ) ;
#8201 = CIRCLE ( 'NONE', #4296, 0.009105439123007843388 ) ;
#8202 = LINE ( 'NONE', #318, #4298 ) ;
#8203 = FILL_AREA_STYLE_COLOUR ( '', #10809 ) ;
#8204 = VECTOR ( 'NONE', #3463, 39.37007874015748854 ) ;
#8205 = CARTESIAN_POINT ( 'NONE',  ( -0.1535433070866141225, -0.02263779527559047974, -0.2848425196850391528 ) ) ;
#8206 = DIRECTION ( 'NONE',  ( 2.348093788196917952E-30, -1.644517855226018450E-15, -1.000000000000000000 ) ) ;
#8207 =( CONVERSION_BASED_UNIT ( 'INCH', #4663 ) LENGTH_UNIT ( ) NAMED_UNIT ( #11097 ) );
#8208 = DIMENSIONAL_EXPONENTS ( 1.000000000000000000, 0.0000000000000000000, 0.0000000000000000000, 0.0000000000000000000, 0.0000000000000000000, 0.0000000000000000000, 0.0000000000000000000 ) ;
#8209 = ORIENTED_EDGE ( 'NONE', *, *, #642, .T. ) ;
#8210 = PRESENTATION_LAYER_ASSIGNMENT (  '', '', ( #8391 ) ) ;
#8211 = LENGTH_MEASURE_WITH_UNIT ( LENGTH_MEASURE( 0.02539999999999999897 ), #5604 );
#8212 = EDGE_LOOP ( 'NONE', ( #6127, #9997, #5130, #1620 ) ) ;
#8213 = VECTOR ( 'NONE', #6314, 39.37007874015748143 ) ;
#8214 = ORIENTED_EDGE ( 'NONE', *, *, #1532, .T. ) ;
#8215 = CARTESIAN_POINT ( 'NONE',  ( 0.1948818897637793202, 0.1564960629921266222, 0.1820866141732282728 ) ) ;
#8216 = ORIENTED_EDGE ( 'NONE', *, *, #4753, .T. ) ;
#8217 = COLOUR_RGB ( '',0.7607843137254901578, 0.7607843137254901578, 0.0000000000000000000 ) ;
#8218 = LENGTH_MEASURE_WITH_UNIT ( LENGTH_MEASURE( 0.02539999999999999897 ), #3681 );
#8219 = FILL_AREA_STYLE ('',( #8935 ) ) ;
#8220 =( GEOMETRIC_REPRESENTATION_CONTEXT ( 3 ) GLOBAL_UNCERTAINTY_ASSIGNED_CONTEXT ( ( #7895 ) ) GLOBAL_UNIT_ASSIGNED_CONTEXT ( ( #9106, #8161, #2684 ) ) REPRESENTATION_CONTEXT ( 'NONE', 'WORKASPACE' ) );
#8221 = DIRECTION ( 'NONE',  ( 0.0000000000000000000, 0.0000000000000000000, -1.000000000000000000 ) ) ;
#8222 = SURFACE_SIDE_STYLE ('',( #7291 ) ) ;
#8223 = DIRECTION ( 'NONE',  ( -1.000000000000000000, -1.602884491802569361E-15, 2.711709361697226329E-31 ) ) ;
#8224 = DIRECTION ( 'NONE',  ( -1.000000000000000000, -1.602884491802569361E-15, 2.711709361697226329E-31 ) ) ;
#8225 = MANIFOLD_SOLID_BREP ( 'LPattern1[13]', #1913 ) ;
#8226 =( GEOMETRIC_REPRESENTATION_CONTEXT ( 3 ) GLOBAL_UNCERTAINTY_ASSIGNED_CONTEXT ( ( #11318 ) ) GLOBAL_UNIT_ASSIGNED_CONTEXT ( ( #3779, #65, #7214 ) ) REPRESENTATION_CONTEXT ( 'NONE', 'WORKASPACE' ) );
#8227 = ORIENTED_EDGE ( 'NONE', *, *, #3339, .F. ) ;
#8228 = VECTOR ( 'NONE', #2128, 39.37007874015748143 ) ;
#8229 = EDGE_CURVE ( 'NONE', #72, #2563, #4571, .T. ) ;
#8230 = DIRECTION ( 'NONE',  ( -1.000000000000000000, -1.602884491802569361E-15, 2.711709361697226329E-31 ) ) ;
#8231 = ORIENTED_EDGE ( 'NONE', *, *, #5177, .F. ) ;
#8232 = CARTESIAN_POINT ( 'NONE',  ( -0.1535433070866139282, -0.1407480314960629364, -0.3848425196850389085 ) ) ;
#8233 = SURFACE_STYLE_USAGE ( .BOTH. , #9121 ) ;
#8234 = EDGE_CURVE ( 'NONE', #3647, #6582, #7412, .T. ) ;
#8235 = LINE ( 'NONE', #10884, #9432 ) ;
#8236 = DIRECTION ( 'NONE',  ( 1.602884491802569361E-15, -1.000000000000000000, 1.644517855226017859E-15 ) ) ;
#8237 = SURFACE_SIDE_STYLE ('',( #2877 ) ) ;
#8238 = CARTESIAN_POINT ( 'NONE',  ( 0.06929133858267698398, 0.1269685039370082591, 0.03366141732283462612 ) ) ;
#8239 = SURFACE_STYLE_USAGE ( .BOTH. , #10092 ) ;
#8240 = AXIS2_PLACEMENT_3D ( 'NONE', #6380, #8075, #5348 ) ;
#8241 = EDGE_LOOP ( 'NONE', ( #8591, #4366, #5580, #9102 ) ) ;
#8242 = MANIFOLD_SOLID_BREP ( 'LPattern1[6]', #9387 ) ;
#8243 = ADVANCED_FACE ( 'NONE', ( #4910 ), #1321, .T. ) ;
#8244 =( LENGTH_UNIT ( ) NAMED_UNIT ( * ) SI_UNIT ( $, .METRE. ) );
#8245 = EDGE_CURVE ( 'NONE', #2616, #4655, #5420, .T. ) ;
#8246 = ORIENTED_EDGE ( 'NONE', *, *, #6112, .T. ) ;
#8247 =( NAMED_UNIT ( * ) PLANE_ANGLE_UNIT ( ) SI_UNIT ( $, .RADIAN. ) );
#8248 =( NAMED_UNIT ( * ) PLANE_ANGLE_UNIT ( ) SI_UNIT ( $, .RADIAN. ) );
#8249 = SURFACE_STYLE_FILL_AREA ( #9023 ) ;
#8250 =( CONVERSION_BASED_UNIT ( 'INCH', #9079 ) LENGTH_UNIT ( ) NAMED_UNIT ( #3220 ) );
#8251 = PRESENTATION_LAYER_ASSIGNMENT (  '', '', ( #1712 ) ) ;
#8252 = CARTESIAN_POINT ( 'NONE',  ( -0.1464566929133855888, -0.1407480314960629364, -0.4068897637795271804 ) ) ;
#8253 =( LENGTH_UNIT ( ) NAMED_UNIT ( * ) SI_UNIT ( $, .METRE. ) );
#8254 = PLANE ( 'NONE',  #3135 ) ;
#8255 = VERTEX_POINT ( 'NONE', #3419 ) ;
#8256 = FILL_AREA_STYLE ('',( #8203 ) ) ;
#8257 = DIMENSIONAL_EXPONENTS ( 1.000000000000000000, 0.0000000000000000000, 0.0000000000000000000, 0.0000000000000000000, 0.0000000000000000000, 0.0000000000000000000, 0.0000000000000000000 ) ;
#8258 = EDGE_CURVE ( 'NONE', #6097, #10063, #6336, .T. ) ;
#8259 = PRESENTATION_LAYER_ASSIGNMENT (  '', '', ( #3795 ) ) ;
#8260 = STYLED_ITEM ( 'NONE', ( #7016 ), #11206 ) ;
#8261 = UNCERTAINTY_MEASURE_WITH_UNIT (LENGTH_MEASURE( 1.000000000000000082E-05 ), #10499, 'distance_accuracy_value', 'NONE');
#8262 = PLANE ( 'NONE',  #10986 ) ;
#8263 = DIRECTION ( 'NONE',  ( 1.602884491802569361E-15, -1.000000000000000000, 1.644517855226017859E-15 ) ) ;
#8264 = PRESENTATION_LAYER_ASSIGNMENT (  '', '', ( #1729 ) ) ;
#8265 = AXIS2_PLACEMENT_3D ( 'NONE', #3875, #9370, #4819 ) ;
#8266 = VERTEX_POINT ( 'NONE', #9785 ) ;
#8267 = SURFACE_SIDE_STYLE ('',( #3622 ) ) ;
#8268 = ORIENTED_EDGE ( 'NONE', *, *, #9096, .F. ) ;
#8269 = ORIENTED_EDGE ( 'NONE', *, *, #2618, .F. ) ;
#8270 = STYLED_ITEM ( 'NONE', ( #2904 ), #1363 ) ;
#8271 = COLOUR_RGB ( '',0.7607843137254901578, 0.7607843137254901578, 0.0000000000000000000 ) ;
#8272 = CIRCLE ( 'NONE', #10502, 0.02460629921259841618 ) ;
#8273 = VERTEX_POINT ( 'NONE', #8974 ) ;
#8274 = LENGTH_MEASURE_WITH_UNIT ( LENGTH_MEASURE( 0.02539999999999999897 ), #10016 );
#8275 = DIMENSIONAL_EXPONENTS ( 1.000000000000000000, 0.0000000000000000000, 0.0000000000000000000, 0.0000000000000000000, 0.0000000000000000000, 0.0000000000000000000, 0.0000000000000000000 ) ;
#8276 = UNCERTAINTY_MEASURE_WITH_UNIT (LENGTH_MEASURE( 1.000000000000000082E-05 ), #5988, 'distance_accuracy_value', 'NONE');
#8277 = FILL_AREA_STYLE_COLOUR ( '', #9261 ) ;
#8278 = PLANE ( 'NONE',  #4244 ) ;
#8279 = CARTESIAN_POINT ( 'NONE',  ( 0.06929133858267698398, 0.1269685039370081758, -0.02539370078740161782 ) ) ;
#8280 = SURFACE_STYLE_FILL_AREA ( #4734 ) ;
#8281 = MANIFOLD_SOLID_BREP ( 'LPattern1[2]', #3982 ) ;
#8282 = MECHANICAL_DESIGN_GEOMETRIC_PRESENTATION_REPRESENTATION (  '', ( #10690 ), #9786 ) ;
#8283 = AXIS2_PLACEMENT_3D ( 'NONE', #992, #3827, #4651 ) ;
#8284 = DIRECTION ( 'NONE',  ( 2.364801230464485631E-30, -1.644517855226018450E-15, -1.000000000000000000 ) ) ;
#8285 = ORIENTED_EDGE ( 'NONE', *, *, #8607, .F. ) ;
#8286 = CARTESIAN_POINT ( 'NONE',  ( -0.06929133858267744195, 0.1564960629921261226, -0.2253937007874016463 ) ) ;
#8287 = VERTEX_POINT ( 'NONE', #7149 ) ;
#8288 = STYLED_ITEM ( 'NONE', ( #5354 ), #1718 ) ;
#8289 = CARTESIAN_POINT ( 'NONE',  ( -0.007480314960630246417, 0.1998031496062995793, -0.2958661417322836495 ) ) ;
#8290 = PRESENTATION_LAYER_ASSIGNMENT (  '', '', ( #11245 ) ) ;
#8291 = CARTESIAN_POINT ( 'NONE',  ( 0.1535433070866145389, -0.1722440944881886149, 0.09625984251968555672 ) ) ;
#8292 = CARTESIAN_POINT ( 'NONE',  ( 0.1535433070866144833, -0.1407480314960624923, -0.3068897637795270916 ) ) ;
#8293 = PLANE ( 'NONE',  #3085 ) ;
#8294 = DIRECTION ( 'NONE',  ( 1.324743555594197337E-12, 1.000000000000000000, -1.644517855226017859E-15 ) ) ;
#8295 = LINE ( 'NONE', #8238, #4842 ) ;
#8296 = EDGE_CURVE ( 'NONE', #5456, #548, #2782, .T. ) ;
#8297 = FILL_AREA_STYLE_COLOUR ( '', #2022 ) ;
#8298 = FILL_AREA_STYLE ('',( #8470 ) ) ;
#8299 = ORIENTED_EDGE ( 'NONE', *, *, #7178, .T. ) ;
#8300 =( GEOMETRIC_REPRESENTATION_CONTEXT ( 3 ) GLOBAL_UNCERTAINTY_ASSIGNED_CONTEXT ( ( #9091 ) ) GLOBAL_UNIT_ASSIGNED_CONTEXT ( ( #2097, #2988, #11112 ) ) REPRESENTATION_CONTEXT ( 'NONE', 'WORKASPACE' ) );
#8301 = FILL_AREA_STYLE ('',( #10892 ) ) ;
#8302 = ORIENTED_EDGE ( 'NONE', *, *, #8117, .F. ) ;
#8303 = ORIENTED_EDGE ( 'NONE', *, *, #6131, .F. ) ;
#8304 = SURFACE_STYLE_FILL_AREA ( #4761 ) ;
#8305 =( NAMED_UNIT ( * ) PLANE_ANGLE_UNIT ( ) SI_UNIT ( $, .RADIAN. ) );
#8306 = SURFACE_STYLE_USAGE ( .BOTH. , #4763 ) ;
#8307 =( NAMED_UNIT ( * ) SI_UNIT ( $, .STERADIAN. ) SOLID_ANGLE_UNIT ( ) );
#8308 = DIRECTION ( 'NONE',  ( 1.602884491802569361E-15, -1.000000000000000000, 1.644517855226017859E-15 ) ) ;
#8309 = DIRECTION ( 'NONE',  ( 0.6057866173738770676, -3.374170927559055893E-16, -0.7956271577885687396 ) ) ;
#8310 = VECTOR ( 'NONE', #135, 39.37007874015748143 ) ;
#8311 = DIRECTION ( 'NONE',  ( 1.000000000000000000, 1.602884491802569361E-15, -2.711709361697231584E-31 ) ) ;
#8312 = SURFACE_STYLE_USAGE ( .BOTH. , #1107 ) ;
#8313 = EDGE_CURVE ( 'NONE', #3164, #6636, #10689, .T. ) ;
#8314 = SURFACE_STYLE_FILL_AREA ( #6626 ) ;
#8315 =( NAMED_UNIT ( * ) SI_UNIT ( $, .STERADIAN. ) SOLID_ANGLE_UNIT ( ) );
#8316 = ORIENTED_EDGE ( 'NONE', *, *, #6461, .T. ) ;
#8317 = SURFACE_SIDE_STYLE ('',( #5711 ) ) ;
#8318 = EDGE_CURVE ( 'NONE', #6972, #11121, #6166, .T. ) ;
#8319 = AXIS2_PLACEMENT_3D ( 'NONE', #7393, #10974, #10915 ) ;
#8320 = PRESENTATION_STYLE_ASSIGNMENT (( #3573 ) ) ;
#8321 = LINE ( 'NONE', #5717, #3955 ) ;
#8322 = SURFACE_SIDE_STYLE ('',( #4780 ) ) ;
#8323 = VECTOR ( 'NONE', #11473, 39.37007874015748143 ) ;
#8324 = EDGE_CURVE ( 'NONE', #9741, #9422, #5473, .T. ) ;
#8325 = LINE ( 'NONE', #4022, #7599 ) ;
#8326 = VECTOR ( 'NONE', #3590, 39.37007874015748143 ) ;
#8327 = EDGE_CURVE ( 'NONE', #10053, #4204, #6156, .T. ) ;
#8328 = ORIENTED_EDGE ( 'NONE', *, *, #6171, .T. ) ;
#8329 = ORIENTED_EDGE ( 'NONE', *, *, #2468, .T. ) ;
#8330 = FACE_OUTER_BOUND ( 'NONE', #7058, .T. ) ;
#8331 = VERTEX_POINT ( 'NONE', #9730 ) ;
#8332 = STYLED_ITEM ( 'NONE', ( #2668 ), #7338 ) ;
#8333 = DIRECTION ( 'NONE',  ( -2.348093788196917952E-30, 1.644517855226018450E-15, 1.000000000000000000 ) ) ;
#8334 = VERTEX_POINT ( 'NONE', #6220 ) ;
#8335 = CARTESIAN_POINT ( 'NONE',  ( -0.06929133858267744195, 0.1564960629921260948, -0.1253937007874016685 ) ) ;
#8336 = CARTESIAN_POINT ( 'NONE',  ( -0.1464566929133855888, -0.1407480314960630197, -0.2068897637795271138 ) ) ;
#8337 = CARTESIAN_POINT ( 'NONE',  ( 0.01934165959548794084, 0.1564960629921262614, -0.2253937007874016463 ) ) ;
#8338 = SURFACE_STYLE_FILL_AREA ( #7629 ) ;
#8339 =( CONVERSION_BASED_UNIT ( 'INCH', #2088 ) LENGTH_UNIT ( ) NAMED_UNIT ( #629 ) );
#8340 = VECTOR ( 'NONE', #7557, 39.37007874015748143 ) ;
#8341 = STYLED_ITEM ( 'NONE', ( #691 ), #7475 ) ;
#8342 =( CONVERSION_BASED_UNIT ( 'INCH', #2091 ) LENGTH_UNIT ( ) NAMED_UNIT ( #5237 ) );
#8343 = VERTEX_POINT ( 'NONE', #4420 ) ;
#8344 = AXIS2_PLACEMENT_3D ( 'NONE', #589, #7743, #11226 ) ;
#8345 = VECTOR ( 'NONE', #4822, 39.37007874015748143 ) ;
#8346 = DIRECTION ( 'NONE',  ( 2.348093788196917952E-30, -1.644517855226018450E-15, -1.000000000000000000 ) ) ;
#8347 =( NAMED_UNIT ( * ) PLANE_ANGLE_UNIT ( ) SI_UNIT ( $, .RADIAN. ) );
#8348 = CARTESIAN_POINT ( 'NONE',  ( 0.06018589945968472882, 0.2037401574803154314, -0.4162882616643939215 ) ) ;
#8349 = CARTESIAN_POINT ( 'NONE',  ( -0.06929133858267740032, 0.1269685039370079538, -0.02539370078740161782 ) ) ;
#8350 =( GEOMETRIC_REPRESENTATION_CONTEXT ( 3 ) GLOBAL_UNCERTAINTY_ASSIGNED_CONTEXT ( ( #3854 ) ) GLOBAL_UNIT_ASSIGNED_CONTEXT ( ( #5651, #10051, #7322 ) ) REPRESENTATION_CONTEXT ( 'NONE', 'WORKASPACE' ) );
#8351 = DIRECTION ( 'NONE',  ( -6.234788562956082048E-10, -1.000000000000000000, -8.959562889578396700E-14 ) ) ;
#8352 = ORIENTED_EDGE ( 'NONE', *, *, #9956, .T. ) ;
#8353 = STYLED_ITEM ( 'NONE', ( #6235 ), #4903 ) ;
#8354 =( GEOMETRIC_REPRESENTATION_CONTEXT ( 3 ) GLOBAL_UNCERTAINTY_ASSIGNED_CONTEXT ( ( #2070 ) ) GLOBAL_UNIT_ASSIGNED_CONTEXT ( ( #9411, #8347, #312 ) ) REPRESENTATION_CONTEXT ( 'NONE', 'WORKASPACE' ) );
#8355 = VERTEX_POINT ( 'NONE', #8845 ) ;
#8356 = EDGE_LOOP ( 'NONE', ( #5917, #7822, #8116, #10115, #11186, #11196, #6854, #8097 ) ) ;
#8357 = VERTEX_POINT ( 'NONE', #689 ) ;
#8358 = DIRECTION ( 'NONE',  ( 1.594929680954394613E-15, -0.9950371902099890420, 0.09950371902100052512 ) ) ;
#8359 = ADVANCED_FACE ( 'NONE', ( #4306 ), #811, .F. ) ;
#8360 = FILL_AREA_STYLE ('',( #3002 ) ) ;
#8361 = FILL_AREA_STYLE ('',( #3172 ) ) ;
#8362 = DIRECTION ( 'NONE',  ( 2.348093788196917952E-30, -1.644517855226018450E-15, -1.000000000000000000 ) ) ;
#8363 =( GEOMETRIC_REPRESENTATION_CONTEXT ( 3 ) GLOBAL_UNCERTAINTY_ASSIGNED_CONTEXT ( ( #3366 ) ) GLOBAL_UNIT_ASSIGNED_CONTEXT ( ( #158, #4642, #9719 ) ) REPRESENTATION_CONTEXT ( 'NONE', 'WORKASPACE' ) );
#8364 = LINE ( 'NONE', #4880, #10511 ) ;
#8365 = VECTOR ( 'NONE', #2101, 39.37007874015748143 ) ;
#8366 = FACE_OUTER_BOUND ( 'NONE', #5813, .T. ) ;
#8367 = LENGTH_MEASURE_WITH_UNIT ( LENGTH_MEASURE( 0.02539999999999999897 ), #2120 );
#8368 = ORIENTED_EDGE ( 'NONE', *, *, #505, .T. ) ;
#8369 = CARTESIAN_POINT ( 'NONE',  ( -0.1535433070866141225, -0.02263779527559051791, -0.3068897637795273137 ) ) ;
#8370 =( GEOMETRIC_REPRESENTATION_CONTEXT ( 3 ) GLOBAL_UNCERTAINTY_ASSIGNED_CONTEXT ( ( #11505 ) ) GLOBAL_UNIT_ASSIGNED_CONTEXT ( ( #1682, #3514, #2691 ) ) REPRESENTATION_CONTEXT ( 'NONE', 'WORKASPACE' ) );
#8371 = EDGE_CURVE ( 'NONE', #4259, #10371, #11571, .T. ) ;
#8372 = CARTESIAN_POINT ( 'NONE',  ( 0.1464566929133862272, -0.1722440944881885594, 0.01515748031496113972 ) ) ;
#8373 = CIRCLE ( 'NONE', #690, 0.003937007874015747109 ) ;
#8374 = CARTESIAN_POINT ( 'NONE',  ( -0.1535433070866141225, -0.02263779527559051791, -0.1848425196850391194 ) ) ;
#8375 = SURFACE_STYLE_FILL_AREA ( #3242 ) ;
#8376 = CARTESIAN_POINT ( 'NONE',  ( 0.1464566929133862272, -0.1722440944881884484, -0.2879921259842515013 ) ) ;
#8377 = EDGE_CURVE ( 'NONE', #3037, #4330, #6279, .T. ) ;
#8378 = DIRECTION ( 'NONE',  ( -1.000000000000000000, -1.602884491802569361E-15, 2.878783784372901366E-31 ) ) ;
#8379 = EDGE_LOOP ( 'NONE', ( #9233, #2397, #6561, #481 ) ) ;
#8380 = SURFACE_STYLE_USAGE ( .BOTH. , #1241 ) ;
#8381 = ORIENTED_EDGE ( 'NONE', *, *, #8327, .T. ) ;
#8382 = CARTESIAN_POINT ( 'NONE',  ( -0.1499999999999997446, -0.1564960629921260116, -0.08641732283464519104 ) ) ;
#8383 = VECTOR ( 'NONE', #9203, 39.37007874015748143 ) ;
#8384 = ORIENTED_EDGE ( 'NONE', *, *, #7448, .F. ) ;
#8385 = EDGE_CURVE ( 'NONE', #9222, #11422, #10103, .T. ) ;
#8386 = EDGE_CURVE ( 'NONE', #10097, #2695, #6570, .T. ) ;
#8387 = EDGE_LOOP ( 'NONE', ( #3087, #1720, #4308, #10369 ) ) ;
#8388 =( LENGTH_UNIT ( ) NAMED_UNIT ( * ) SI_UNIT ( $, .METRE. ) );
#8389 = FILL_AREA_STYLE ('',( #581 ) ) ;
#8390 =( NAMED_UNIT ( * ) SI_UNIT ( $, .STERADIAN. ) SOLID_ANGLE_UNIT ( ) );
#8391 = STYLED_ITEM ( 'NONE', ( #1618 ), #9614 ) ;
#8392 = FACE_OUTER_BOUND ( 'NONE', #4817, .T. ) ;
#8393 = LENGTH_MEASURE_WITH_UNIT ( LENGTH_MEASURE( 0.02539999999999999897 ), #7990 );
#8394 = CARTESIAN_POINT ( 'NONE',  ( -0.1464566929133855611, -0.1722440944881890590, 0.1120078740157485764 ) ) ;
#8395 = PRESENTATION_STYLE_ASSIGNMENT (( #9051 ) ) ;
#8396 =( LENGTH_UNIT ( ) NAMED_UNIT ( * ) SI_UNIT ( $, .METRE. ) );
#8397 = DIRECTION ( 'NONE',  ( 1.602884491802569361E-15, -1.000000000000000000, 1.644517855226017859E-15 ) ) ;
#8398 = STYLED_ITEM ( 'NONE', ( #4327 ), #9952 ) ;
#8399 = DIRECTION ( 'NONE',  ( -1.000000000000000000, -1.602884491802569361E-15, 2.711709361697226329E-31 ) ) ;
#8400 = EDGE_CURVE ( 'NONE', #7444, #2462, #3882, .T. ) ;
#8401 = VERTEX_POINT ( 'NONE', #5705 ) ;
#8402 = MECHANICAL_DESIGN_GEOMETRIC_PRESENTATION_REPRESENTATION (  '', ( #4700 ), #10254 ) ;
#8403 = LINE ( 'NONE', #10133, #4986 ) ;
#8404 = DIRECTION ( 'NONE',  ( 1.602884491802569361E-15, -1.000000000000000000, 1.644517855226018450E-15 ) ) ;
#8405 = FACE_OUTER_BOUND ( 'NONE', #7998, .T. ) ;
#8406 = DIRECTION ( 'NONE',  ( 1.602884491802569361E-15, -1.000000000000000000, 1.644517855226018450E-15 ) ) ;
#8407 = SURFACE_STYLE_USAGE ( .BOTH. , #313 ) ;
#8408 = VECTOR ( 'NONE', #9842, 39.37007874015748143 ) ;
#8409 = CARTESIAN_POINT ( 'NONE',  ( -2.057162640966502078E-16, 0.1269685039370081758, -0.4458661417322835607 ) ) ;
#8410 = DIRECTION ( 'NONE',  ( 1.000000000000000000, 1.602884491802569361E-15, -2.711709361697226329E-31 ) ) ;
#8411 = CARTESIAN_POINT ( 'NONE',  ( -0.06929133858267744195, 0.1564960629921262336, -0.1663385826771654197 ) ) ;
#8412 = CARTESIAN_POINT ( 'NONE',  ( -0.1464566929133855888, -0.1407480314960629919, -0.3068897637795270916 ) ) ;
#8413 = VERTEX_POINT ( 'NONE', #111 ) ;
#8414 = DIMENSIONAL_EXPONENTS ( 1.000000000000000000, 0.0000000000000000000, 0.0000000000000000000, 0.0000000000000000000, 0.0000000000000000000, 0.0000000000000000000, 0.0000000000000000000 ) ;
#8415 = ORIENTED_EDGE ( 'NONE', *, *, #5256, .F. ) ;
#8416 =( NAMED_UNIT ( * ) PLANE_ANGLE_UNIT ( ) SI_UNIT ( $, .RADIAN. ) );
#8417 = VERTEX_POINT ( 'NONE', #10050 ) ;
#8418 = ORIENTED_EDGE ( 'NONE', *, *, #8179, .F. ) ;
#8419 = PRESENTATION_STYLE_ASSIGNMENT (( #5872 ) ) ;
#8420 = DIRECTION ( 'NONE',  ( 1.602884491802569361E-15, -1.000000000000000000, -1.644517855226017859E-15 ) ) ;
#8421 = CARTESIAN_POINT ( 'NONE',  ( -0.06929133858267749746, 0.1958661417322836440, -0.1253937007874017240 ) ) ;
#8422 = PRESENTATION_STYLE_ASSIGNMENT (( #10961 ) ) ;
#8423 = DIRECTION ( 'NONE',  ( -1.602884491802569361E-15, 1.000000000000000000, -1.644517855226017859E-15 ) ) ;
#8424 = ORIENTED_EDGE ( 'NONE', *, *, #7891, .T. ) ;
#8425 = VECTOR ( 'NONE', #7874, 39.37007874015748143 ) ;
#8426 = DIRECTION ( 'NONE',  ( 1.602884491802569361E-15, -1.000000000000000000, 1.644517855226017859E-15 ) ) ;
#8427 = LINE ( 'NONE', #8369, #7853 ) ;
#8428 = UNCERTAINTY_MEASURE_WITH_UNIT (LENGTH_MEASURE( 1.000000000000000082E-05 ), #5213, 'distance_accuracy_value', 'NONE');
#8429 = VECTOR ( 'NONE', #2748, 39.37007874015748143 ) ;
#8430 = PRESENTATION_STYLE_ASSIGNMENT (( #4891 ) ) ;
#8431 =( NAMED_UNIT ( * ) SI_UNIT ( $, .STERADIAN. ) SOLID_ANGLE_UNIT ( ) );
#8432 = LINE ( 'NONE', #4662, #7108 ) ;
#8433 = DIMENSIONAL_EXPONENTS ( 1.000000000000000000, 0.0000000000000000000, 0.0000000000000000000, 0.0000000000000000000, 0.0000000000000000000, 0.0000000000000000000, 0.0000000000000000000 ) ;
#8434 = CARTESIAN_POINT ( 'NONE',  ( 0.06929133858267692847, 0.1564960629921263446, -0.2253937007874016463 ) ) ;
#8435 = FILL_AREA_STYLE ('',( #9157 ) ) ;
#8436 = ORIENTED_EDGE ( 'NONE', *, *, #5563, .F. ) ;
#8437 = DIRECTION ( 'NONE',  ( -2.348093788196917952E-30, 1.644517855226018450E-15, 1.000000000000000000 ) ) ;
#8438 = EDGE_CURVE ( 'NONE', #9101, #5868, #9884, .T. ) ;
#8439 = DIRECTION ( 'NONE',  ( -0.7956271577885695168, 0.0000000000000000000, -0.6057866173738759574 ) ) ;
#8440 = CLOSED_SHELL ( 'NONE', ( #4123, #10978, #3816, #8748, #3625, #9587, #11421, #9131 ) ) ;
#8441 = FACE_OUTER_BOUND ( 'NONE', #7565, .T. ) ;
#8442 = COLOUR_RGB ( '',1.000000000000000000, 1.000000000000000000, 1.000000000000000000 ) ;
#8443 = DIMENSIONAL_EXPONENTS ( 1.000000000000000000, 0.0000000000000000000, 0.0000000000000000000, 0.0000000000000000000, 0.0000000000000000000, 0.0000000000000000000, 0.0000000000000000000 ) ;
#8444 = ORIENTED_EDGE ( 'NONE', *, *, #1313, .T. ) ;
#8445 = VERTEX_POINT ( 'NONE', #7380 ) ;
#8446 = LINE ( 'NONE', #5072, #5112 ) ;
#8447 = SURFACE_STYLE_USAGE ( .BOTH. , #3911 ) ;
#8448 = CIRCLE ( 'NONE', #215, 0.005168431248992127504 ) ;
#8449 = VECTOR ( 'NONE', #10537, 39.37007874015748143 ) ;
#8450 = CARTESIAN_POINT ( 'NONE',  ( 0.06889763779527535714, 0.1564960629921264001, 0.1820866141732282728 ) ) ;
#8451 =( NAMED_UNIT ( * ) SI_UNIT ( $, .STERADIAN. ) SOLID_ANGLE_UNIT ( ) );
#8452 = EDGE_CURVE ( 'NONE', #4259, #6303, #3007, .T. ) ;
#8453 = ADVANCED_FACE ( 'NONE', ( #10800 ), #1221, .T. ) ;
#8454 = CARTESIAN_POINT ( 'NONE',  ( -0.06929133858267740032, 0.1269685039370079260, 0.07460629921259839814 ) ) ;
#8455 = AXIS2_PLACEMENT_3D ( 'NONE', #9664, #10567, #6917 ) ;
#8456 =( GEOMETRIC_REPRESENTATION_CONTEXT ( 3 ) GLOBAL_UNCERTAINTY_ASSIGNED_CONTEXT ( ( #1404 ) ) GLOBAL_UNIT_ASSIGNED_CONTEXT ( ( #11319, #8247, #2713 ) ) REPRESENTATION_CONTEXT ( 'NONE', 'WORKASPACE' ) );
#8457 = PRESENTATION_STYLE_ASSIGNMENT (( #7936 ) ) ;
#8458 = EDGE_LOOP ( 'NONE', ( #3938, #8864, #7001, #8472 ) ) ;
#8459 = DIRECTION ( 'NONE',  ( -1.296102601205000191E-12, -1.644517855228095916E-15, -1.000000000000000000 ) ) ;
#8460 = CARTESIAN_POINT ( 'NONE',  ( 0.06018589945968484678, 0.1269685039370083146, -0.1754440218001575014 ) ) ;
#8461 = SURFACE_STYLE_FILL_AREA ( #2210 ) ;
#8462 = MECHANICAL_DESIGN_GEOMETRIC_PRESENTATION_REPRESENTATION (  '', ( #10857 ), #3439 ) ;
#8463 = SURFACE_STYLE_USAGE ( .BOTH. , #11115 ) ;
#8464 = AXIS2_PLACEMENT_3D ( 'NONE', #10515, #6966, #4362 ) ;
#8465 = FACE_OUTER_BOUND ( 'NONE', #11037, .T. ) ;
#8466 = PRESENTATION_STYLE_ASSIGNMENT (( #4922 ) ) ;
#8467 = EDGE_CURVE ( 'NONE', #3221, #1741, #6440, .T. ) ;
#8468 = DIRECTION ( 'NONE',  ( 6.254816746612918849E-10, -1.000000000000000000, 1.644517855226017859E-15 ) ) ;
#8469 = EDGE_CURVE ( 'NONE', #9812, #8942, #3775, .T. ) ;
#8470 = FILL_AREA_STYLE_COLOUR ( '', #6511 ) ;
#8471 =( NAMED_UNIT ( * ) SI_UNIT ( $, .STERADIAN. ) SOLID_ANGLE_UNIT ( ) );
#8472 = ORIENTED_EDGE ( 'NONE', *, *, #131, .F. ) ;
#8473 = SURFACE_STYLE_FILL_AREA ( #3872 ) ;
#8474 = VECTOR ( 'NONE', #5230, 39.37007874015748143 ) ;
#8475 = ORIENTED_EDGE ( 'NONE', *, *, #9600, .T. ) ;
#8476 = ORIENTED_EDGE ( 'NONE', *, *, #7464, .F. ) ;
#8477 = FACE_OUTER_BOUND ( 'NONE', #1410, .T. ) ;
#8478 = CARTESIAN_POINT ( 'NONE',  ( 0.06018589945980290512, 0.1564960629921264001, -0.4253937007874017406 ) ) ;
#8479 = DIRECTION ( 'NONE',  ( -0.7956271577883994306, 0.0000000000000000000, 0.6057866173740991123 ) ) ;
#8480 = DIRECTION ( 'NONE',  ( 1.602884491802569361E-15, -1.000000000000000000, 1.644517855226017859E-15 ) ) ;
#8481 = SURFACE_STYLE_FILL_AREA ( #2175 ) ;
#8482 = PLANE ( 'NONE',  #8574 ) ;
#8483 = ORIENTED_EDGE ( 'NONE', *, *, #7644, .F. ) ;
#8484 = DIRECTION ( 'NONE',  ( 1.602884491802569361E-15, -1.000000000000000000, 1.644517855226017859E-15 ) ) ;
#8485 = AXIS2_PLACEMENT_3D ( 'NONE', #11250, #6667, #5702 ) ;
#8486 = DIRECTION ( 'NONE',  ( -0.7956271577887876756, 0.0000000000000000000, 0.6057866173735895199 ) ) ;
#8487 = FILL_AREA_STYLE_COLOUR ( '', #7156 ) ;
#8488 = SURFACE_STYLE_FILL_AREA ( #5767 ) ;
#8489 = FILL_AREA_STYLE ('',( #6681 ) ) ;
#8490 =( LENGTH_UNIT ( ) NAMED_UNIT ( * ) SI_UNIT ( $, .METRE. ) );
#8491 = UNCERTAINTY_MEASURE_WITH_UNIT (LENGTH_MEASURE( 1.000000000000000082E-05 ), #6023, 'distance_accuracy_value', 'NONE');
#8492 = DIRECTION ( 'NONE',  ( -2.348093788196917952E-30, 1.644517855226018450E-15, 1.000000000000000000 ) ) ;
#8493 = DIRECTION ( 'NONE',  ( -1.000000000000000000, -1.602884491802569361E-15, 2.711709361697226329E-31 ) ) ;
#8494 = DIRECTION ( 'NONE',  ( 1.000000000000000000, 1.602884491802569361E-15, -2.711709361697224578E-31 ) ) ;
#8495 = ORIENTED_EDGE ( 'NONE', *, *, #7030, .T. ) ;
#8496 = CYLINDRICAL_SURFACE ( 'NONE', #3996, 0.003937007874015749712 ) ;
#8497 = EDGE_LOOP ( 'NONE', ( #3056, #11033, #6030, #8791 ) ) ;
#8498 = ORIENTED_EDGE ( 'NONE', *, *, #4836, .T. ) ;
#8499 = EDGE_CURVE ( 'NONE', #8750, #2063, #3721, .T. ) ;
#8501 = CARTESIAN_POINT ( 'NONE',  ( 0.1535433070866145389, -0.1722440944881886149, 0.09625984251968555672 ) ) ;
#8500 = COLOUR_RGB ( '',0.7607843137254901578, 0.7607843137254901578, 0.0000000000000000000 ) ;
#8502 = STYLED_ITEM ( 'NONE', ( #281 ), #2755 ) ;
#8503 = SURFACE_SIDE_STYLE ('',( #4852 ) ) ;
#8504 = DIRECTION ( 'NONE',  ( 0.0000000000000000000, 0.0000000000000000000, 1.000000000000000000 ) ) ;
#8505 =( CONVERSION_BASED_UNIT ( 'INCH', #3913 ) LENGTH_UNIT ( ) NAMED_UNIT ( #11249 ) );
#8506 = CARTESIAN_POINT ( 'NONE',  ( 0.06429804372452725680, 0.1998031496062995793, 0.1214250117163778037 ) ) ;
#8507 = DIRECTION ( 'NONE',  ( 2.348093788196917952E-30, -1.644517855226018450E-15, -1.000000000000000000 ) ) ;
#8508 = PLANE ( 'NONE',  #4878 ) ;
#8509 = DIMENSIONAL_EXPONENTS ( 1.000000000000000000, 0.0000000000000000000, 0.0000000000000000000, 0.0000000000000000000, 0.0000000000000000000, 0.0000000000000000000, 0.0000000000000000000 ) ;
#8510 = PRESENTATION_LAYER_ASSIGNMENT (  '', '', ( #3677 ) ) ;
#8511 = FACE_OUTER_BOUND ( 'NONE', #864, .T. ) ;
#8512 = EDGE_LOOP ( 'NONE', ( #9705, #3346, #2700, #1127 ) ) ;
#8513 = ADVANCED_FACE ( 'NONE', ( #8366 ), #220, .F. ) ;
#8514 =( NAMED_UNIT ( * ) PLANE_ANGLE_UNIT ( ) SI_UNIT ( $, .RADIAN. ) );
#8515 = CARTESIAN_POINT ( 'NONE',  ( 0.1952755905511816270, -0.02263779527558996280, -0.3068897637795273137 ) ) ;
#8516 = LENGTH_MEASURE_WITH_UNIT ( LENGTH_MEASURE( 0.02539999999999999897 ), #7532 );
#8517 = PLANE ( 'NONE',  #5772 ) ;
#8518 = LENGTH_MEASURE_WITH_UNIT ( LENGTH_MEASURE( 0.02539999999999999897 ), #5682 );
#8519 = COLOUR_RGB ( '',1.000000000000000000, 1.000000000000000000, 1.000000000000000000 ) ;
#8520 = FILL_AREA_STYLE ('',( #7440 ) ) ;
#8521 = FILL_AREA_STYLE_COLOUR ( '', #6871 ) ;
#8522 = FILL_AREA_STYLE ('',( #2047 ) ) ;
#8523 = EDGE_CURVE ( 'NONE', #5566, #5452, #7812, .T. ) ;
#8524 = LINE ( 'NONE', #477, #4118 ) ;
#8525 = DIRECTION ( 'NONE',  ( 1.602884491802569361E-15, -1.000000000000000000, 1.644517855226017859E-15 ) ) ;
#8526 = FACE_OUTER_BOUND ( 'NONE', #8047, .T. ) ;
#8527 = ORIENTED_EDGE ( 'NONE', *, *, #723, .T. ) ;
#8528 = ORIENTED_EDGE ( 'NONE', *, *, #5175, .T. ) ;
#8529 = MECHANICAL_DESIGN_GEOMETRIC_PRESENTATION_REPRESENTATION (  '', ( #3884 ), #11304 ) ;
#8530 = LINE ( 'NONE', #7650, #4900 ) ;
#8531 = VERTEX_POINT ( 'NONE', #6504 ) ;
#8532 = ORIENTED_EDGE ( 'NONE', *, *, #1901, .T. ) ;
#8533 = CARTESIAN_POINT ( 'NONE',  ( -0.1464566929133855888, -0.1407480314960631307, 0.09311023622047291670 ) ) ;
#8534 = ADVANCED_FACE ( 'NONE', ( #1289 ), #8482, .T. ) ;
#8535 = PLANE ( 'NONE',  #9493 ) ;
#8536 = EDGE_CURVE ( 'NONE', #7041, #10866, #4295, .T. ) ;
#8537 = LENGTH_MEASURE_WITH_UNIT ( LENGTH_MEASURE( 0.02539999999999999897 ), #7655 );
#8538 = CARTESIAN_POINT ( 'NONE',  ( 0.06929133858267692847, 0.1564960629921263446, -0.2253937007874016463 ) ) ;
#8539 = PRESENTATION_LAYER_ASSIGNMENT (  '', '', ( #5941 ) ) ;
#8540 = SURFACE_STYLE_FILL_AREA ( #11192 ) ;
#8541 = DIRECTION ( 'NONE',  ( 0.7715274047096022381, 2.282905139954358816E-15, 0.6361960890968018090 ) ) ;
#8542 = VECTOR ( 'NONE', #824, 39.37007874015748143 ) ;
#8543 = CARTESIAN_POINT ( 'NONE',  ( -0.1464566929133857831, -0.02263779527559057342, 0.01515748031496088298 ) ) ;
#8544 = VERTEX_POINT ( 'NONE', #10395 ) ;
#8545 = FILL_AREA_STYLE_COLOUR ( '', #10577 ) ;
#8546 = SURFACE_STYLE_USAGE ( .BOTH. , #8662 ) ;
#8547 = DIRECTION ( 'NONE',  ( -0.7213327287321930070, -1.723857616129877395E-17, 0.6925886906813946142 ) ) ;
#8548 = VECTOR ( 'NONE', #2646, 39.37007874015748143 ) ;
#8549 =( GEOMETRIC_REPRESENTATION_CONTEXT ( 3 ) GLOBAL_UNCERTAINTY_ASSIGNED_CONTEXT ( ( #9901 ) ) GLOBAL_UNIT_ASSIGNED_CONTEXT ( ( #771, #6881, #2498 ) ) REPRESENTATION_CONTEXT ( 'NONE', 'WORKASPACE' ) );
#8550 = ADVANCED_FACE ( 'NONE', ( #3292 ), #11254, .T. ) ;
#8551 = CARTESIAN_POINT ( 'NONE',  ( 0.06018589945968472882, 0.1998031496062996071, 0.02455597819984235014 ) ) ;
#8552 = SURFACE_STYLE_FILL_AREA ( #1528 ) ;
#8553 = CARTESIAN_POINT ( 'NONE',  ( -0.1535433070866139282, -0.1407480314960631029, -0.1068897637795270944 ) ) ;
#8554 = AXIS2_PLACEMENT_3D ( 'NONE', #11240, #3990, #3274 ) ;
#8555 = SURFACE_STYLE_FILL_AREA ( #10289 ) ;
#8556 = VERTEX_POINT ( 'NONE', #3118 ) ;
#8557 = COLOUR_RGB ( '',0.7607843137254901578, 0.7607843137254901578, 0.0000000000000000000 ) ;
#8558 = FILL_AREA_STYLE_COLOUR ( '', #3360 ) ;
#8559 = STYLED_ITEM ( 'NONE', ( #2056 ), #4123 ) ;
#8560 = ORIENTED_EDGE ( 'NONE', *, *, #5119, .F. ) ;
#8561 =( NAMED_UNIT ( * ) SI_UNIT ( $, .STERADIAN. ) SOLID_ANGLE_UNIT ( ) );
#8562 = PRESENTATION_LAYER_ASSIGNMENT (  '', '', ( #6145 ) ) ;
#8563 = ORIENTED_EDGE ( 'NONE', *, *, #10575, .T. ) ;
#8564 = EDGE_LOOP ( 'NONE', ( #6354, #5960, #10779, #2487, #1062, #2019 ) ) ;
#8565 = CARTESIAN_POINT ( 'NONE',  ( -0.06929133858267744195, 0.1564960629921262059, -0.06633858267716544188 ) ) ;
#8566 = VECTOR ( 'NONE', #10505, 39.37007874015748143 ) ;
#8567 = FILL_AREA_STYLE_COLOUR ( '', #2483 ) ;
#8568 = DIRECTION ( 'NONE',  ( 0.1140686577440006011, 1.816622754153544183E-15, 0.9934728689403058421 ) ) ;
#8569 = CARTESIAN_POINT ( 'NONE',  ( 0.01209712494559034984, 0.1269685039370082313, -0.4107723084983662121 ) ) ;
#8570 = ORIENTED_EDGE ( 'NONE', *, *, #8385, .F. ) ;
#8571 = COLOUR_RGB ( '',0.7607843137254901578, 0.7607843137254901578, 0.0000000000000000000 ) ;
#8572 = DIRECTION ( 'NONE',  ( -6.762023144706918568E-10, 1.000000000000000000, 8.919191143228396171E-14 ) ) ;
#8573 = DIRECTION ( 'NONE',  ( -1.602884491802569361E-15, 1.000000000000000000, -1.644517855226017859E-15 ) ) ;
#8574 = AXIS2_PLACEMENT_3D ( 'NONE', #618, #4235, #11314 ) ;
#8575 = DIRECTION ( 'NONE',  ( 1.000000000000000000, 1.602884491802569361E-15, -2.711709361697224578E-31 ) ) ;
#8576 = DIMENSIONAL_EXPONENTS ( 1.000000000000000000, 0.0000000000000000000, 0.0000000000000000000, 0.0000000000000000000, 0.0000000000000000000, 0.0000000000000000000, 0.0000000000000000000 ) ;
#8577 =( GEOMETRIC_REPRESENTATION_CONTEXT ( 3 ) GLOBAL_UNCERTAINTY_ASSIGNED_CONTEXT ( ( #6053 ) ) GLOBAL_UNIT_ASSIGNED_CONTEXT ( ( #10392, #2510, #5280 ) ) REPRESENTATION_CONTEXT ( 'NONE', 'WORKASPACE' ) );
#8578 = FILL_AREA_STYLE ('',( #4267 ) ) ;
#8579 = ORIENTED_EDGE ( 'NONE', *, *, #4628, .T. ) ;
#8580 = STYLED_ITEM ( 'NONE', ( #9217 ), #9248 ) ;
#8581 = CARTESIAN_POINT ( 'NONE',  ( 0.01934165962471621689, 0.1998031496062996071, -0.4253937007874017961 ) ) ;
#8582 = CARTESIAN_POINT ( 'NONE',  ( 0.01934165959544850363, 0.1998031496062995793, -0.3253937007874017628 ) ) ;
#8583 = PRESENTATION_LAYER_ASSIGNMENT (  '', '', ( #5243 ) ) ;
#8584 = LENGTH_MEASURE_WITH_UNIT ( LENGTH_MEASURE( 0.02539999999999999897 ), #5909 );
#8585 = DIRECTION ( 'NONE',  ( -1.000000000000000000, -1.602884491802569361E-15, 2.711709361697226329E-31 ) ) ;
#8586 = FACE_OUTER_BOUND ( 'NONE', #532, .T. ) ;
#8587 = COLOUR_RGB ( '',1.000000000000000000, 1.000000000000000000, 1.000000000000000000 ) ;
#8588 = EDGE_LOOP ( 'NONE', ( #4211, #1636, #11210, #9573 ) ) ;
#8589 = EDGE_CURVE ( 'NONE', #9681, #11440, #3231, .T. ) ;
#8590 = AXIS2_PLACEMENT_3D ( 'NONE', #7119, #9753, #834 ) ;
#8591 = ORIENTED_EDGE ( 'NONE', *, *, #3184, .T. ) ;
#8592 = DIMENSIONAL_EXPONENTS ( 1.000000000000000000, 0.0000000000000000000, 0.0000000000000000000, 0.0000000000000000000, 0.0000000000000000000, 0.0000000000000000000, 0.0000000000000000000 ) ;
#8593 = EDGE_LOOP ( 'NONE', ( #10550, #3222, #10443, #1685, #4611, #9580 ) ) ;
#8594 = ORIENTED_EDGE ( 'NONE', *, *, #11438, .T. ) ;
#8595 = ADVANCED_FACE ( 'NONE', ( #6786 ), #2232, .T. ) ;
#8596 =( NAMED_UNIT ( * ) SI_UNIT ( $, .STERADIAN. ) SOLID_ANGLE_UNIT ( ) );
#8597 = FACE_OUTER_BOUND ( 'NONE', #901, .T. ) ;
#8598 = DIMENSIONAL_EXPONENTS ( 1.000000000000000000, 0.0000000000000000000, 0.0000000000000000000, 0.0000000000000000000, 0.0000000000000000000, 0.0000000000000000000, 0.0000000000000000000 ) ;
#8599 = CARTESIAN_POINT ( 'NONE',  ( 0.1464566929133862272, -0.1722440944881884206, -0.3879921259842515346 ) ) ;
#8600 =( GEOMETRIC_REPRESENTATION_CONTEXT ( 3 ) GLOBAL_UNCERTAINTY_ASSIGNED_CONTEXT ( ( #4476 ) ) GLOBAL_UNIT_ASSIGNED_CONTEXT ( ( #3567, #11401, #2676 ) ) REPRESENTATION_CONTEXT ( 'NONE', 'WORKASPACE' ) );
#8601 = CARTESIAN_POINT ( 'NONE',  ( 0.1535433070866144833, -0.1407480314960626311, 0.09311023622047291670 ) ) ;
#8602 = DIRECTION ( 'NONE',  ( 2.348093788196917952E-30, -1.644517855226018450E-15, -1.000000000000000000 ) ) ;
#8603 = CARTESIAN_POINT ( 'NONE',  ( 0.1500000000000003553, -0.1564960629921256230, 0.09468503937007924365 ) ) ;
#8604 = ORIENTED_EDGE ( 'NONE', *, *, #9257, .F. ) ;
#8605 = CARTESIAN_POINT ( 'NONE',  ( 0.1535433070866139005, 0.2273622047244098776, -0.04586614173228362179 ) ) ;
#8606 =( LENGTH_UNIT ( ) NAMED_UNIT ( * ) SI_UNIT ( $, .METRE. ) );
#8607 = EDGE_CURVE ( 'NONE', #2053, #9681, #1456, .T. ) ;
#8608 = ADVANCED_FACE ( 'NONE', ( #5822 ), #6534, .T. ) ;
#8609 =( CONVERSION_BASED_UNIT ( 'INCH', #2351 ) LENGTH_UNIT ( ) NAMED_UNIT ( #8433 ) );
#8610 = COLOUR_RGB ( '',0.7607843137254901578, 0.7607843137254901578, 0.0000000000000000000 ) ;
#8611 = ADVANCED_FACE ( 'NONE', ( #1515 ), #11158, .T. ) ;
#8612 = CARTESIAN_POINT ( 'NONE',  ( 0.01934165959544850363, 0.1998031496062994405, 0.08371173833560614785 ) ) ;
#8613 = LENGTH_MEASURE_WITH_UNIT ( LENGTH_MEASURE( 0.02539999999999999897 ), #8490 );
#8614 = UNCERTAINTY_MEASURE_WITH_UNIT (LENGTH_MEASURE( 1.000000000000000082E-05 ), #5415, 'distance_accuracy_value', 'NONE');
#8615 =( CONVERSION_BASED_UNIT ( 'INCH', #5065 ) LENGTH_UNIT ( ) NAMED_UNIT ( #4791 ) );
#8616 = CARTESIAN_POINT ( 'NONE',  ( -0.1464566929133855611, -0.1722440944881890590, -0.003740157480314449702 ) ) ;
#8617 =( LENGTH_UNIT ( ) NAMED_UNIT ( * ) SI_UNIT ( $, .METRE. ) );
#8618 = ORIENTED_EDGE ( 'NONE', *, *, #6752, .F. ) ;
#8619 = FACE_OUTER_BOUND ( 'NONE', #7039, .T. ) ;
#8620 = EDGE_CURVE ( 'NONE', #8003, #11511, #3596, .T. ) ;
#8621 = PRESENTATION_STYLE_ASSIGNMENT (( #7787 ) ) ;
#8622 =( GEOMETRIC_REPRESENTATION_CONTEXT ( 3 ) GLOBAL_UNCERTAINTY_ASSIGNED_CONTEXT ( ( #11559 ) ) GLOBAL_UNIT_ASSIGNED_CONTEXT ( ( #1338, #8416, #2935 ) ) REPRESENTATION_CONTEXT ( 'NONE', 'WORKASPACE' ) );
#8623 = ORIENTED_EDGE ( 'NONE', *, *, #9416, .F. ) ;
#8624 = DIRECTION ( 'NONE',  ( 2.255666698845082219E-10, 1.000000000000000000, -2.962197096095551764E-10 ) ) ;
#8625 = DIRECTION ( 'NONE',  ( 0.0000000000000000000, 0.0000000000000000000, -1.000000000000000000 ) ) ;
#8626 = UNCERTAINTY_MEASURE_WITH_UNIT (LENGTH_MEASURE( 1.000000000000000082E-05 ), #8609, 'distance_accuracy_value', 'NONE');
#8627 = DIRECTION ( 'NONE',  ( -6.762023144706918568E-10, 1.000000000000000000, 8.919191143228396171E-14 ) ) ;
#8628 = FILL_AREA_STYLE_COLOUR ( '', #1592 ) ;
#8629 = CARTESIAN_POINT ( 'NONE',  ( 0.1535433070866143168, -0.02263779527559011892, 0.1151574803149608972 ) ) ;
#8630 = CIRCLE ( 'NONE', #9754, 0.009105439123007876348 ) ;
#8631 = ORIENTED_EDGE ( 'NONE', *, *, #10436, .F. ) ;
#8632 = LINE ( 'NONE', #4260, #2951 ) ;
#8633 = FACE_OUTER_BOUND ( 'NONE', #9908, .T. ) ;
#8634 = DIRECTION ( 'NONE',  ( -1.602884491802569361E-15, 1.000000000000000000, -1.644517855226017859E-15 ) ) ;
#8635 = VERTEX_POINT ( 'NONE', #8777 ) ;
#8636 = CLOSED_SHELL ( 'NONE', ( #10602, #7963, #7407, #6945, #638, #5471, #2755, #6665 ) ) ;
#8637 = STYLED_ITEM ( 'NONE', ( #1910 ), #11059 ) ;
#8638 = VERTEX_POINT ( 'NONE', #2575 ) ;
#8639 =( NAMED_UNIT ( * ) SI_UNIT ( $, .STERADIAN. ) SOLID_ANGLE_UNIT ( ) );
#8640 = LINE ( 'NONE', #6877, #171 ) ;
#8641 = SURFACE_STYLE_FILL_AREA ( #11237 ) ;
#8642 = DIRECTION ( 'NONE',  ( 0.0000000000000000000, 0.0000000000000000000, -1.000000000000000000 ) ) ;
#8643 = DIRECTION ( 'NONE',  ( -1.000000000000000000, -1.602884491802569361E-15, 2.711709361697226329E-31 ) ) ;
#8644 = SURFACE_STYLE_USAGE ( .BOTH. , #11179 ) ;
#8645 = PRESENTATION_LAYER_ASSIGNMENT (  '', '', ( #4738 ) ) ;
#8646 =( NAMED_UNIT ( * ) PLANE_ANGLE_UNIT ( ) SI_UNIT ( $, .RADIAN. ) );
#8648 = CARTESIAN_POINT ( 'NONE',  ( 0.1464566929133862272, -0.1722440944881885594, -0.1037401574803144821 ) ) ;
#8647 = MECHANICAL_DESIGN_GEOMETRIC_PRESENTATION_REPRESENTATION (  '', ( #399 ), #1933 ) ;
#8649 = EDGE_LOOP ( 'NONE', ( #692, #3674, #10329, #6293 ) ) ;
#8650 = DIMENSIONAL_EXPONENTS ( 1.000000000000000000, 0.0000000000000000000, 0.0000000000000000000, 0.0000000000000000000, 0.0000000000000000000, 0.0000000000000000000, 0.0000000000000000000 ) ;
#8651 = ORIENTED_EDGE ( 'NONE', *, *, #5768, .F. ) ;
#8652 = VERTEX_POINT ( 'NONE', #6095 ) ;
#8653 = AXIS2_PLACEMENT_3D ( 'NONE', #10164, #8493, #571 ) ;
#8654 = DIRECTION ( 'NONE',  ( 2.364801230464485631E-30, -1.644517855226018450E-15, -1.000000000000000000 ) ) ;
#8655 = PRESENTATION_LAYER_ASSIGNMENT (  '', '', ( #5684 ) ) ;
#8656 = DIRECTION ( 'NONE',  ( 1.000000000000000000, 1.875148439272792120E-15, 1.587125639000491242E-11 ) ) ;
#8657 = DIRECTION ( 'NONE',  ( 1.602884491802569361E-15, -1.000000000000000000, 1.644517855226017859E-15 ) ) ;
#8658 = EDGE_CURVE ( 'NONE', #2885, #7382, #11433, .T. ) ;
#8659 = FILL_AREA_STYLE_COLOUR ( '', #2985 ) ;
#8660 = ORIENTED_EDGE ( 'NONE', *, *, #8915, .F. ) ;
#8661 =( NAMED_UNIT ( * ) PLANE_ANGLE_UNIT ( ) SI_UNIT ( $, .RADIAN. ) );
#8662 = SURFACE_SIDE_STYLE ('',( #679 ) ) ;
#8663 = PRESENTATION_LAYER_ASSIGNMENT (  '', '', ( #5871 ) ) ;
#8664 = DIRECTION ( 'NONE',  ( 1.602884491802569361E-15, -1.000000000000000000, 1.644517855226017859E-15 ) ) ;
#8665 = STYLED_ITEM ( 'NONE', ( #5530 ), #845 ) ;
#8666 = SURFACE_STYLE_USAGE ( .BOTH. , #5111 ) ;
#8667 = DIMENSIONAL_EXPONENTS ( 1.000000000000000000, 0.0000000000000000000, 0.0000000000000000000, 0.0000000000000000000, 0.0000000000000000000, 0.0000000000000000000, 0.0000000000000000000 ) ;
#8668 = CARTESIAN_POINT ( 'NONE',  ( -0.1535433070866141225, -0.02263779527559054566, -0.2068897637795273081 ) ) ;
#8669 =( LENGTH_UNIT ( ) NAMED_UNIT ( * ) SI_UNIT ( $, .METRE. ) );
#8670 = EDGE_CURVE ( 'NONE', #2972, #130, #2808, .T. ) ;
#8671 = FACE_OUTER_BOUND ( 'NONE', #4527, .T. ) ;
#8672 = CARTESIAN_POINT ( 'NONE',  ( 0.06929133858267698398, 0.1269685039370083146, -0.4253937007874016851 ) ) ;
#8673 = PRESENTATION_STYLE_ASSIGNMENT (( #11209 ) ) ;
#8674 = DIMENSIONAL_EXPONENTS ( 1.000000000000000000, 0.0000000000000000000, 0.0000000000000000000, 0.0000000000000000000, 0.0000000000000000000, 0.0000000000000000000, 0.0000000000000000000 ) ;
#8675 = ORIENTED_EDGE ( 'NONE', *, *, #5778, .T. ) ;
#8676 = EDGE_CURVE ( 'NONE', #4528, #436, #8957, .T. ) ;
#8677 = VERTEX_POINT ( 'NONE', #1754 ) ;
#8678 = CARTESIAN_POINT ( 'NONE',  ( 0.1952755905511816270, -0.02263779527559002525, -0.1068897637795273164 ) ) ;
#8679 = COLOUR_RGB ( '',0.7607843137254901578, 0.7607843137254901578, 0.0000000000000000000 ) ;
#8680 = ORIENTED_EDGE ( 'NONE', *, *, #2017, .F. ) ;
#8681 = CARTESIAN_POINT ( 'NONE',  ( 0.1948818897637796532, -0.05413385826771635601, -0.07381889763779500568 ) ) ;
#8682 =( CONVERSION_BASED_UNIT ( 'INCH', #8034 ) LENGTH_UNIT ( ) NAMED_UNIT ( #9495 ) );
#8683 = EDGE_CURVE ( 'NONE', #4512, #804, #335, .T. ) ;
#8684 = EDGE_CURVE ( 'NONE', #6312, #1904, #8896, .T. ) ;
#8685 =( CONVERSION_BASED_UNIT ( 'INCH', #6065 ) LENGTH_UNIT ( ) NAMED_UNIT ( #5689 ) );
#8686 = CARTESIAN_POINT ( 'NONE',  ( 0.06018589945980290512, 0.1564960629921263724, -0.3253937007874017628 ) ) ;
#8687 = LINE ( 'NONE', #5180, #2930 ) ;
#8688 = VECTOR ( 'NONE', #3447, 39.37007874015748854 ) ;
#8689 = VERTEX_POINT ( 'NONE', #10681 ) ;
#8690 = EDGE_LOOP ( 'NONE', ( #7434, #4966, #7129, #3584 ) ) ;
#8691 = STYLED_ITEM ( 'NONE', ( #8921 ), #2605 ) ;
#8692 =( NAMED_UNIT ( * ) SI_UNIT ( $, .STERADIAN. ) SOLID_ANGLE_UNIT ( ) );
#8693 = VERTEX_POINT ( 'NONE', #5404 ) ;
#8694 = SURFACE_SIDE_STYLE ('',( #1607 ) ) ;
#8695 = ADVANCED_FACE ( 'NONE', ( #47 ), #3654, .T. ) ;
#8696 = LINE ( 'NONE', #5196, #4313 ) ;
#8697 = SURFACE_STYLE_USAGE ( .BOTH. , #7866 ) ;
#8698 =( NAMED_UNIT ( * ) PLANE_ANGLE_UNIT ( ) SI_UNIT ( $, .RADIAN. ) );
#8699 = CARTESIAN_POINT ( 'NONE',  ( 0.06018589945980290512, 0.1564960629921262336, 0.07460629921259835651 ) ) ;
#8700 = FILL_AREA_STYLE ('',( #9757 ) ) ;
#8701 = AXIS2_PLACEMENT_3D ( 'NONE', #2809, #83, #136 ) ;
#8702 = AXIS2_PLACEMENT_3D ( 'NONE', #8710, #8654, #6949 ) ;
#8703 = DIRECTION ( 'NONE',  ( 1.000000000000000000, 1.875148439272792120E-15, 1.586938124156564227E-11 ) ) ;
#8704 = ORIENTED_EDGE ( 'NONE', *, *, #6113, .T. ) ;
#8705 = CARTESIAN_POINT ( 'NONE',  ( -0.1535433070866141225, -0.02263779527559054566, -0.08484251968503912777 ) ) ;
#8706 = ORIENTED_EDGE ( 'NONE', *, *, #8469, .T. ) ;
#8707 = ORIENTED_EDGE ( 'NONE', *, *, #3064, .T. ) ;
#8708 = COLOUR_RGB ( '',1.000000000000000000, 1.000000000000000000, 1.000000000000000000 ) ;
#8709 = MECHANICAL_DESIGN_GEOMETRIC_PRESENTATION_REPRESENTATION (  '', ( #4802 ), #7950 ) ;
#8710 = CARTESIAN_POINT ( 'NONE',  ( 0.06929133858267687296, 0.1958661417322838938, 0.03366141732283450816 ) ) ;
#8711 = DIRECTION ( 'NONE',  ( -1.602884491802569361E-15, 1.000000000000000000, -1.644517855226017859E-15 ) ) ;
#8712 = SURFACE_STYLE_USAGE ( .BOTH. , #7006 ) ;
#8713 = SURFACE_STYLE_FILL_AREA ( #2405 ) ;
#8714 = SURFACE_SIDE_STYLE ('',( #3356 ) ) ;
#8715 = LINE ( 'NONE', #10733, #8739 ) ;
#8716 = MECHANICAL_DESIGN_GEOMETRIC_PRESENTATION_REPRESENTATION (  '', ( #658 ), #4633 ) ;
#8717 = EDGE_CURVE ( 'NONE', #3434, #1845, #4811, .T. ) ;
#8718 =( GEOMETRIC_REPRESENTATION_CONTEXT ( 3 ) GLOBAL_UNCERTAINTY_ASSIGNED_CONTEXT ( ( #1131 ) ) GLOBAL_UNIT_ASSIGNED_CONTEXT ( ( #7090, #10801, #2658 ) ) REPRESENTATION_CONTEXT ( 'NONE', 'WORKASPACE' ) );
#8719 =( CONVERSION_BASED_UNIT ( 'INCH', #7724 ) LENGTH_UNIT ( ) NAMED_UNIT ( #7237 ) );
#8720 =( NAMED_UNIT ( * ) SI_UNIT ( $, .STERADIAN. ) SOLID_ANGLE_UNIT ( ) );
#8721 = VECTOR ( 'NONE', #7815, 39.37007874015748854 ) ;
#8722 = PLANE ( 'NONE',  #7022 ) ;
#8723 = FILL_AREA_STYLE_COLOUR ( '', #7714 ) ;
#8724 = VECTOR ( 'NONE', #927, 39.37007874015748143 ) ;
#8725 = UNCERTAINTY_MEASURE_WITH_UNIT (LENGTH_MEASURE( 1.000000000000000082E-05 ), #3807, 'distance_accuracy_value', 'NONE');
#8726 = CARTESIAN_POINT ( 'NONE',  ( 8.456990371011439557E-17, -0.05413385826771646009, 0.05413385826771680703 ) ) ;
#8727 =( NAMED_UNIT ( * ) PLANE_ANGLE_UNIT ( ) SI_UNIT ( $, .RADIAN. ) );
#8728 = CARTESIAN_POINT ( 'NONE',  ( 0.06018589945968472882, 0.2037401574803154314, -0.1754440218001576401 ) ) ;
#8729 = ORIENTED_EDGE ( 'NONE', *, *, #4836, .F. ) ;
#8730 = CYLINDRICAL_SURFACE ( 'NONE', #5799, 0.009105439123007878083 ) ;
#8731 = PRESENTATION_LAYER_ASSIGNMENT (  '', '', ( #9490 ) ) ;
#8732 = VECTOR ( 'NONE', #2611, 39.37007874015748143 ) ;
#8733 = EDGE_CURVE ( 'NONE', #5549, #8266, #3936, .T. ) ;
#8734 = EDGE_CURVE ( 'NONE', #10093, #1038, #10091, .T. ) ;
#8735 = DIRECTION ( 'NONE',  ( 1.602884491802569361E-15, -1.000000000000000000, 1.548860246407864322E-15 ) ) ;
#8736 = CARTESIAN_POINT ( 'NONE',  ( 0.06018589945968479821, 0.1564960629921264001, -0.06633858267716544188 ) ) ;
#8737 = DIRECTION ( 'NONE',  ( 1.602884491802569361E-15, -1.000000000000000000, 1.644517855226017859E-15 ) ) ;
#8738 = CARTESIAN_POINT ( 'NONE',  ( 0.06018589945968478433, 0.1643700787401578545, 0.1336614173228345692 ) ) ;
#8739 = VECTOR ( 'NONE', #2765, 39.37007874015748143 ) ;
#8740 =( GEOMETRIC_REPRESENTATION_CONTEXT ( 3 ) GLOBAL_UNCERTAINTY_ASSIGNED_CONTEXT ( ( #5484 ) ) GLOBAL_UNIT_ASSIGNED_CONTEXT ( ( #3058, #11071, #6497 ) ) REPRESENTATION_CONTEXT ( 'NONE', 'WORKASPACE' ) );
#8741 = PRESENTATION_STYLE_ASSIGNMENT (( #6925 ) ) ;
#8742 = ORIENTED_EDGE ( 'NONE', *, *, #6801, .F. ) ;
#8743 = CARTESIAN_POINT ( 'NONE',  ( 0.06929133858267692847, 0.1564960629921263724, 0.03366141732283457061 ) ) ;
#8744 =( LENGTH_UNIT ( ) NAMED_UNIT ( * ) SI_UNIT ( $, .METRE. ) );
#8745 = CARTESIAN_POINT ( 'NONE',  ( 0.1535433070866143168, -0.02263779527558998361, -0.2848425196850391528 ) ) ;
#8746 =( GEOMETRIC_REPRESENTATION_CONTEXT ( 3 ) GLOBAL_UNCERTAINTY_ASSIGNED_CONTEXT ( ( #5501 ) ) GLOBAL_UNIT_ASSIGNED_CONTEXT ( ( #137, #4680, #10770 ) ) REPRESENTATION_CONTEXT ( 'NONE', 'WORKASPACE' ) );
#8747 = EDGE_CURVE ( 'NONE', #5899, #10937, #10946, .T. ) ;
#8748 = ADVANCED_FACE ( 'NONE', ( #2881 ), #1033, .T. ) ;
#8749 = VECTOR ( 'NONE', #5143, 39.37007874015748143 ) ;
#8750 = VERTEX_POINT ( 'NONE', #7643 ) ;
#8751 = ORIENTED_EDGE ( 'NONE', *, *, #6342, .T. ) ;
#8752 = FILL_AREA_STYLE_COLOUR ( '', #10167 ) ;
#8753 = UNCERTAINTY_MEASURE_WITH_UNIT (LENGTH_MEASURE( 1.000000000000000082E-05 ), #11474, 'distance_accuracy_value', 'NONE');
#8754 = COLOUR_RGB ( '',0.7607843137254901578, 0.7607843137254901578, 0.0000000000000000000 ) ;
#8755 = PLANE ( 'NONE',  #9975 ) ;
#8756 = STYLED_ITEM ( 'NONE', ( #4175 ), #8550 ) ;
#8757 = FILL_AREA_STYLE ('',( #4394 ) ) ;
#8758 = DIRECTION ( 'NONE',  ( 2.348093788196917952E-30, -1.644517855226018450E-15, -1.000000000000000000 ) ) ;
#8759 = SURFACE_SIDE_STYLE ('',( #8877 ) ) ;
#8760 = FACE_OUTER_BOUND ( 'NONE', #6908, .T. ) ;
#8761 = CARTESIAN_POINT ( 'NONE',  ( 0.08700787401574784641, 0.1269685039370083701, -0.3958661417322835163 ) ) ;
#8762 = EDGE_CURVE ( 'NONE', #3666, #4613, #9468, .T. ) ;
#8763 = VECTOR ( 'NONE', #4926, 39.37007874015748143 ) ;
#8764 = ORIENTED_EDGE ( 'NONE', *, *, #7676, .F. ) ;
#8765 =( GEOMETRIC_REPRESENTATION_CONTEXT ( 3 ) GLOBAL_UNCERTAINTY_ASSIGNED_CONTEXT ( ( #2084 ) ) GLOBAL_UNIT_ASSIGNED_CONTEXT ( ( #316, #3930, #6487 ) ) REPRESENTATION_CONTEXT ( 'NONE', 'WORKASPACE' ) );
#8766 = DIRECTION ( 'NONE',  ( 4.788507553440025214E-13, -1.000000000000000000, 2.236891227802259687E-13 ) ) ;
#8767 = ORIENTED_EDGE ( 'NONE', *, *, #3456, .F. ) ;
#8768 = VERTEX_POINT ( 'NONE', #369 ) ;
#8769 = VECTOR ( 'NONE', #11073, 39.37007874015748143 ) ;
#8770 =( NAMED_UNIT ( * ) SI_UNIT ( $, .STERADIAN. ) SOLID_ANGLE_UNIT ( ) );
#8771 = DIRECTION ( 'NONE',  ( 1.594929680954394613E-15, -0.9950371902099890420, 0.09950371902100052512 ) ) ;
#8772 = FILL_AREA_STYLE ('',( #7657 ) ) ;
#8773 =( NAMED_UNIT ( * ) SI_UNIT ( $, .STERADIAN. ) SOLID_ANGLE_UNIT ( ) );
#8774 = LENGTH_MEASURE_WITH_UNIT ( LENGTH_MEASURE( 0.02539999999999999897 ), #3355 );
#8775 = STYLED_ITEM ( 'NONE', ( #480 ), #9532 ) ;
#8776 = FACE_OUTER_BOUND ( 'NONE', #2425, .T. ) ;
#8777 = CARTESIAN_POINT ( 'NONE',  ( 0.06889763779527553755, 0.04350393700787442280, 0.1702755905511812440 ) ) ;
#8778 = CARTESIAN_POINT ( 'NONE',  ( 0.1500000000000003553, -0.1564960629921255675, -0.1053149606299207813 ) ) ;
#8779 = LENGTH_MEASURE_WITH_UNIT ( LENGTH_MEASURE( 0.02539999999999999897 ), #11374 );
#8780 = STYLED_ITEM ( 'NONE', ( #4446 ), #6233 ) ;
#8781 = DIRECTION ( 'NONE',  ( 0.0000000000000000000, 1.387778780781445478E-15, 1.000000000000000000 ) ) ;
#8782 = VECTOR ( 'NONE', #8397, 39.37007874015748143 ) ;
#8783 = ORIENTED_EDGE ( 'NONE', *, *, #346, .T. ) ;
#8784 =( LENGTH_UNIT ( ) NAMED_UNIT ( * ) SI_UNIT ( $, .METRE. ) );
#8785 = FILL_AREA_STYLE ('',( #7954 ) ) ;
#8786 = LENGTH_MEASURE_WITH_UNIT ( LENGTH_MEASURE( 0.02539999999999999897 ), #685 );
#8787 = CARTESIAN_POINT ( 'NONE',  ( 0.06929133858267692847, 0.1564960629921263446, 0.1336614173228345692 ) ) ;
#8788 = CYLINDRICAL_SURFACE ( 'NONE', #3254, 0.02460629921259843006 ) ;
#8789 =( NAMED_UNIT ( * ) PLANE_ANGLE_UNIT ( ) SI_UNIT ( $, .RADIAN. ) );
#8790 = CARTESIAN_POINT ( 'NONE',  ( -0.06929133858267749746, 0.1958661417322837273, 0.03366141732283450816 ) ) ;
#8791 = ORIENTED_EDGE ( 'NONE', *, *, #8438, .F. ) ;
#8792 = MECHANICAL_DESIGN_GEOMETRIC_PRESENTATION_REPRESENTATION (  '', ( #7111 ), #2833 ) ;
#8793 = CARTESIAN_POINT ( 'NONE',  ( 0.1464566929133859496, -0.02263779527559007035, -0.08484251968503912777 ) ) ;
#8794 = PRESENTATION_LAYER_ASSIGNMENT (  '', '', ( #8043 ) ) ;
#8795 = AXIS2_PLACEMENT_3D ( 'NONE', #2353, #681, #8781 ) ;
#8796 = CARTESIAN_POINT ( 'NONE',  ( 0.1535433070866145389, -0.1722440944881885594, 0.01200787401574855001 ) ) ;
#8797 = CARTESIAN_POINT ( 'NONE',  ( 0.01934165959544861813, 0.1269685039370081203, -0.1162882616643937522 ) ) ;
#8798 =( NAMED_UNIT ( * ) SI_UNIT ( $, .STERADIAN. ) SOLID_ANGLE_UNIT ( ) );
#8799 = ADVANCED_FACE ( 'NONE', ( #11060 ), #3047, .T. ) ;
#8800 = ORIENTED_EDGE ( 'NONE', *, *, #211, .T. ) ;
#8801 = EDGE_LOOP ( 'NONE', ( #6074, #7209, #4902, #3898 ) ) ;
#8802 = CARTESIAN_POINT ( 'NONE',  ( -0.06929133858267744195, 0.1564960629921262336, -0.1663385826771654197 ) ) ;
#8803 = CARTESIAN_POINT ( 'NONE',  ( 0.06429804372452725680, 0.1998031496062996903, -0.1785749882836221991 ) ) ;
#8804 = ORIENTED_EDGE ( 'NONE', *, *, #5330, .T. ) ;
#8805 = LENGTH_MEASURE_WITH_UNIT ( LENGTH_MEASURE( 0.02539999999999999897 ), #7918 );
#8806 =( GEOMETRIC_REPRESENTATION_CONTEXT ( 3 ) GLOBAL_UNCERTAINTY_ASSIGNED_CONTEXT ( ( #10512 ) ) GLOBAL_UNIT_ASSIGNED_CONTEXT ( ( #1505, #2338, #2396 ) ) REPRESENTATION_CONTEXT ( 'NONE', 'WORKASPACE' ) );
#8807 = DIMENSIONAL_EXPONENTS ( 1.000000000000000000, 0.0000000000000000000, 0.0000000000000000000, 0.0000000000000000000, 0.0000000000000000000, 0.0000000000000000000, 0.0000000000000000000 ) ;
#8808 = ORIENTED_EDGE ( 'NONE', *, *, #4915, .F. ) ;
#8809 =( NAMED_UNIT ( * ) SI_UNIT ( $, .STERADIAN. ) SOLID_ANGLE_UNIT ( ) );
#8810 = VERTEX_POINT ( 'NONE', #10193 ) ;
#8811 = LINE ( 'NONE', #8581, #1216 ) ;
#8812 = DIRECTION ( 'NONE',  ( 0.7956271577886194768, 0.0000000000000000000, 0.6057866173738100102 ) ) ;
#8813 = FILL_AREA_STYLE ('',( #7811 ) ) ;
#8814 = DIRECTION ( 'NONE',  ( -1.602884491802569361E-15, 1.000000000000000000, -1.644517855226017859E-15 ) ) ;
#8815 = EDGE_CURVE ( 'NONE', #4037, #8810, #10140, .T. ) ;
#8816 = DIRECTION ( 'NONE',  ( 2.255666698845082219E-10, 1.000000000000000000, -2.962197096095551764E-10 ) ) ;
#8817 = SURFACE_SIDE_STYLE ('',( #9808 ) ) ;
#8818 = EDGE_CURVE ( 'NONE', #1312, #2302, #3161, .T. ) ;
#8819 = ORIENTED_EDGE ( 'NONE', *, *, #8324, .F. ) ;
#8820 = CLOSED_SHELL ( 'NONE', ( #2532, #1021, #10728, #5341, #952, #6753, #10521, #6233 ) ) ;
#8821 = AXIS2_PLACEMENT_3D ( 'NONE', #9163, #1966, #8333 ) ;
#8822 = APPLICATION_CONTEXT ( 'automotive_design' ) ;
#8823 = ORIENTED_EDGE ( 'NONE', *, *, #7962, .T. ) ;
#8824 = FACE_OUTER_BOUND ( 'NONE', #9659, .T. ) ;
#8825 = ORIENTED_EDGE ( 'NONE', *, *, #5601, .F. ) ;
#8826 = ORIENTED_EDGE ( 'NONE', *, *, #4929, .F. ) ;
#8827 = FILL_AREA_STYLE ('',( #613 ) ) ;
#8828 = DIRECTION ( 'NONE',  ( 1.602884491802569361E-15, -1.000000000000000000, 1.644517855226017859E-15 ) ) ;
#8829 = LINE ( 'NONE', #7004, #3926 ) ;
#8830 =( LENGTH_UNIT ( ) NAMED_UNIT ( * ) SI_UNIT ( $, .METRE. ) );
#8831 = DIRECTION ( 'NONE',  ( 1.602884491802569361E-15, -1.000000000000000000, 1.644517855226018450E-15 ) ) ;
#8832 = EDGE_CURVE ( 'NONE', #8287, #6303, #10321, .T. ) ;
#8833 = EDGE_CURVE ( 'NONE', #10534, #5495, #8524, .T. ) ;
#8834 = DIRECTION ( 'NONE',  ( 1.602884491802569361E-15, -1.000000000000000000, 1.644517855226017859E-15 ) ) ;
#8835 = VECTOR ( 'NONE', #1773, 39.37007874015748143 ) ;
#8836 =( LENGTH_UNIT ( ) NAMED_UNIT ( * ) SI_UNIT ( $, .METRE. ) );
#8837 = CIRCLE ( 'NONE', #9776, 0.005168431248992119698 ) ;
#8838 = ORIENTED_EDGE ( 'NONE', *, *, #10657, .F. ) ;
#8839 = CARTESIAN_POINT ( 'NONE',  ( -0.1464566929133857831, -0.02263779527559043464, -0.3848425196850391861 ) ) ;
#8840 = CARTESIAN_POINT ( 'NONE',  ( -0.1464566929133855888, -0.1407480314960629364, -0.2848425196850389307 ) ) ;
#8841 = DIRECTION ( 'NONE',  ( -0.7956271577887850110, 0.0000000000000000000, 0.6057866173735928506 ) ) ;
#8842 = UNCERTAINTY_MEASURE_WITH_UNIT (LENGTH_MEASURE( 1.000000000000000082E-05 ), #3686, 'distance_accuracy_value', 'NONE');
#8843 = LINE ( 'NONE', #2780, #255 ) ;
#8844 = FILL_AREA_STYLE ('',( #9612 ) ) ;
#8845 = CARTESIAN_POINT ( 'NONE',  ( -0.1464566929133855888, -0.1407480314960631029, 0.1151574803149610915 ) ) ;
#8846 = DIRECTION ( 'NONE',  ( 0.0000000000000000000, 1.387778780781445478E-15, 1.000000000000000000 ) ) ;
#8847 = CIRCLE ( 'NONE', #10319, 0.009105439123007878083 ) ;
#8848 = ORIENTED_EDGE ( 'NONE', *, *, #4565, .T. ) ;
#8849 = LINE ( 'NONE', #10465, #9517 ) ;
#8850 = DIRECTION ( 'NONE',  ( 0.0000000000000000000, 0.0000000000000000000, 1.000000000000000000 ) ) ;
#8851 =( CONVERSION_BASED_UNIT ( 'INCH', #1648 ) LENGTH_UNIT ( ) NAMED_UNIT ( #1709 ) );
#8852 = AXIS2_PLACEMENT_3D ( 'NONE', #3956, #1300, #10342 ) ;
#8853 = AXIS2_PLACEMENT_3D ( 'NONE', #9014, #1873, #979 ) ;
#8854 = PLANE ( 'NONE',  #9948 ) ;
#8855 = UNCERTAINTY_MEASURE_WITH_UNIT (LENGTH_MEASURE( 1.000000000000000082E-05 ), #8250, 'distance_accuracy_value', 'NONE');
#8856 = FACE_OUTER_BOUND ( 'NONE', #260, .T. ) ;
#8857 = DIRECTION ( 'NONE',  ( -1.594929680954394613E-15, 0.9950371902099890420, -0.09950371902100052512 ) ) ;
#8858 = CARTESIAN_POINT ( 'NONE',  ( 0.1535433070866143168, -0.02263779527559016402, 0.09311023622047270853 ) ) ;
#8859 = LINE ( 'NONE', #1902, #5009 ) ;
#8860 = VERTEX_POINT ( 'NONE', #3275 ) ;
#8861 = FILL_AREA_STYLE ('',( #5312 ) ) ;
#8862 =( CONVERSION_BASED_UNIT ( 'INCH', #9629 ) LENGTH_UNIT ( ) NAMED_UNIT ( #8667 ) );
#8863 = VECTOR ( 'NONE', #39, 39.37007874015748143 ) ;
#8864 = ORIENTED_EDGE ( 'NONE', *, *, #3626, .T. ) ;
#8865 = FACE_OUTER_BOUND ( 'NONE', #9299, .T. ) ;
#8866 = ADVANCED_FACE ( 'NONE', ( #7538 ), #7584, .T. ) ;
#8867 = ORIENTED_EDGE ( 'NONE', *, *, #10077, .T. ) ;
#8868 = ORIENTED_EDGE ( 'NONE', *, *, #7021, .F. ) ;
#8869 =( NAMED_UNIT ( * ) PLANE_ANGLE_UNIT ( ) SI_UNIT ( $, .RADIAN. ) );
#8870 = CIRCLE ( 'NONE', #3847, 0.003937007874015741038 ) ;
#8871 = DIRECTION ( 'NONE',  ( -1.602884491802569361E-15, 1.000000000000000000, -1.644517855226017859E-15 ) ) ;
#8872 = UNCERTAINTY_MEASURE_WITH_UNIT (LENGTH_MEASURE( 1.000000000000000082E-05 ), #9526, 'distance_accuracy_value', 'NONE');
#8873 = CARTESIAN_POINT ( 'NONE',  ( 0.1464566929133861717, -0.1407480314960624368, -0.3848425196850389085 ) ) ;
#8874 = DIRECTION ( 'NONE',  ( -2.364801230464485631E-30, 1.644517855226018450E-15, 1.000000000000000000 ) ) ;
#8875 = FILL_AREA_STYLE_COLOUR ( '', #2576 ) ;
#8876 = LINE ( 'NONE', #7867, #3113 ) ;
#8877 = SURFACE_STYLE_FILL_AREA ( #3336 ) ;
#8878 = FACE_OUTER_BOUND ( 'NONE', #4580, .T. ) ;
#8879 =( NAMED_UNIT ( * ) SI_UNIT ( $, .STERADIAN. ) SOLID_ANGLE_UNIT ( ) );
#8880 = LINE ( 'NONE', #5388, #9687 ) ;
#8881 = CARTESIAN_POINT ( 'NONE',  ( -0.1464566929133855611, -0.1722440944881890035, -0.08799212598425146248 ) ) ;
#8882 = EDGE_LOOP ( 'NONE', ( #4895, #8623, #10997, #7593, #917, #9913 ) ) ;
#8883 =( GEOMETRIC_REPRESENTATION_CONTEXT ( 3 ) GLOBAL_UNCERTAINTY_ASSIGNED_CONTEXT ( ( #5612 ) ) GLOBAL_UNIT_ASSIGNED_CONTEXT ( ( #7896, #5417, #6164 ) ) REPRESENTATION_CONTEXT ( 'NONE', 'WORKASPACE' ) );
#8884 =( GEOMETRIC_REPRESENTATION_CONTEXT ( 3 ) GLOBAL_UNCERTAINTY_ASSIGNED_CONTEXT ( ( #6740 ) ) GLOBAL_UNIT_ASSIGNED_CONTEXT ( ( #8207, #7333, #2956 ) ) REPRESENTATION_CONTEXT ( 'NONE', 'WORKASPACE' ) );
#8885 = ORIENTED_EDGE ( 'NONE', *, *, #6882, .F. ) ;
#8886 = EDGE_CURVE ( 'NONE', #4398, #62, #2560, .T. ) ;
#8887 = DIRECTION ( 'NONE',  ( 1.602884491802569361E-15, -1.000000000000000000, 1.644517855226017859E-15 ) ) ;
#8888 = ORIENTED_EDGE ( 'NONE', *, *, #3719, .T. ) ;
#8889 = ORIENTED_EDGE ( 'NONE', *, *, #9885, .T. ) ;
#8890 = LINE ( 'NONE', #4634, #10358 ) ;
#8891 = EDGE_CURVE ( 'NONE', #1007, #9477, #6195, .T. ) ;
#8892 = CARTESIAN_POINT ( 'NONE',  ( 0.06929133858267692847, 0.1564960629921263724, 0.03366141732283457061 ) ) ;
#8893 = AXIS2_PLACEMENT_3D ( 'NONE', #5384, #3797, #4622 ) ;
#8894 = AXIS2_PLACEMENT_3D ( 'NONE', #9926, #2636, #8175 ) ;
#8895 = DIRECTION ( 'NONE',  ( 1.000000000000000000, 1.602884491802569361E-15, -2.711709361697224578E-31 ) ) ;
#8896 = LINE ( 'NONE', #4470, #1863 ) ;
#8897 = CARTESIAN_POINT ( 'NONE',  ( -0.1535433070866141225, -0.02263779527559061505, 0.1151574803149608972 ) ) ;
#8898 = CARTESIAN_POINT ( 'NONE',  ( 0.06018589945968472882, 0.2037401574803155146, -0.3702755905511813106 ) ) ;
#8899 = ADVANCED_FACE ( 'NONE', ( #8760 ), #6870, .T. ) ;
#8900 = CIRCLE ( 'NONE', #10552, 0.009105439123007871144 ) ;
#8901 = FILL_AREA_STYLE ('',( #2832 ) ) ;
#8902 = ADVANCED_FACE ( 'NONE', ( #5202 ), #6996, .T. ) ;
#8903 = UNCERTAINTY_MEASURE_WITH_UNIT (LENGTH_MEASURE( 1.000000000000000082E-05 ), #3299, 'distance_accuracy_value', 'NONE');
#8904 = VERTEX_POINT ( 'NONE', #9702 ) ;
#8905 = DIRECTION ( 'NONE',  ( 1.602884491802569361E-15, -1.000000000000000000, 1.644517855226017859E-15 ) ) ;
#8906 = CARTESIAN_POINT ( 'NONE',  ( 0.06929133858267692847, 0.1564960629921263169, -0.1253937007874016685 ) ) ;
#8907 = LINE ( 'NONE', #8839, #7905 ) ;
#8908 = CARTESIAN_POINT ( 'NONE',  ( 0.1535433070866144833, -0.1407480314960624923, -0.1848425196850389252 ) ) ;
#8909 = DIRECTION ( 'NONE',  ( -1.594929680954394613E-15, 0.9950371902099890420, -0.09950371902100052512 ) ) ;
#8910 = LENGTH_MEASURE_WITH_UNIT ( LENGTH_MEASURE( 0.02539999999999999897 ), #1767 );
#8911 = DIRECTION ( 'NONE',  ( 1.594929680954395007E-15, -0.9950371902099891530, -0.09950371902099724997 ) ) ;
#8912 = SURFACE_STYLE_FILL_AREA ( #11447 ) ;
#8913 = ORIENTED_EDGE ( 'NONE', *, *, #2293, .F. ) ;
#8914 = CARTESIAN_POINT ( 'NONE',  ( -0.1464566929133855888, -0.1407480314960631307, 0.09311023622047291670 ) ) ;
#8915 = EDGE_CURVE ( 'NONE', #2718, #10534, #775, .T. ) ;
#8916 = VECTOR ( 'NONE', #1546, 39.37007874015748143 ) ;
#8917 = STYLED_ITEM ( 'NONE', ( #10210 ), #3625 ) ;
#8918 =( LENGTH_UNIT ( ) NAMED_UNIT ( * ) SI_UNIT ( $, .METRE. ) );
#8919 = DIRECTION ( 'NONE',  ( -0.1140686577440003652, -1.816622754153543789E-15, -0.9934728689403059532 ) ) ;
#8920 = LENGTH_MEASURE_WITH_UNIT ( LENGTH_MEASURE( 0.02539999999999999897 ), #7101 );
#8921 = PRESENTATION_STYLE_ASSIGNMENT (( #6347 ) ) ;
#8922 = MECHANICAL_DESIGN_GEOMETRIC_PRESENTATION_REPRESENTATION (  '', ( #5941 ), #7971 ) ;
#8923 = DIRECTION ( 'NONE',  ( -1.594929680954394613E-15, 0.9950371902099890420, -0.09950371902100052512 ) ) ;
#8924 = ORIENTED_EDGE ( 'NONE', *, *, #9600, .F. ) ;
#8925 = MECHANICAL_DESIGN_GEOMETRIC_PRESENTATION_REPRESENTATION (  '', ( #8353 ), #6306 ) ;
#8926 = VERTEX_POINT ( 'NONE', #2687 ) ;
#8927 = CARTESIAN_POINT ( 'NONE',  ( -0.007480314960630246417, 0.1998031496062994683, 0.004133858267716384455 ) ) ;
#8928 = VECTOR ( 'NONE', #5056, 39.37007874015748143 ) ;
#8929 = VERTEX_POINT ( 'NONE', #4452 ) ;
#8930 = LINE ( 'NONE', #2802, #6955 ) ;
#8931 = ORIENTED_EDGE ( 'NONE', *, *, #7488, .T. ) ;
#8932 = SURFACE_SIDE_STYLE ('',( #1787 ) ) ;
#8933 = AXIS2_PLACEMENT_3D ( 'NONE', #10953, #379, #438 ) ;
#8934 =( CONVERSION_BASED_UNIT ( 'INCH', #2737 ) LENGTH_UNIT ( ) NAMED_UNIT ( #421 ) );
#8935 = FILL_AREA_STYLE_COLOUR ( '', #10155 ) ;
#8936 = VECTOR ( 'NONE', #413, 39.37007874015748143 ) ;
#8937 = CARTESIAN_POINT ( 'NONE',  ( 0.06743043410952737071, 0.1269685039370081758, 0.08922769150163775698 ) ) ;
#8938 = FACE_OUTER_BOUND ( 'NONE', #8458, .T. ) ;
#8939 = PRESENTATION_LAYER_ASSIGNMENT (  '', '', ( #3151 ) ) ;
#8940 = DIRECTION ( 'NONE',  ( -1.000000000000000000, -1.602884491802569361E-15, 2.878783784372901366E-31 ) ) ;
#8941 = LINE ( 'NONE', #724, #9529 ) ;
#8942 = VERTEX_POINT ( 'NONE', #9586 ) ;
#8943 = VECTOR ( 'NONE', #4223, 39.37007874015748143 ) ;
#8944 = MECHANICAL_DESIGN_GEOMETRIC_PRESENTATION_REPRESENTATION (  '', ( #7965 ), #4480 ) ;
#8945 = ORIENTED_EDGE ( 'NONE', *, *, #6621, .F. ) ;
#8946 = VERTEX_POINT ( 'NONE', #11541 ) ;
#8947 = VERTEX_POINT ( 'NONE', #3580 ) ;
#8948 = COLOUR_RGB ( '',0.7607843137254901578, 0.7607843137254901578, 0.0000000000000000000 ) ;
#8949 = ORIENTED_EDGE ( 'NONE', *, *, #10002, .F. ) ;
#8950 = COLOUR_RGB ( '',0.0000000000000000000, 0.0000000000000000000, 1.000000000000000000 ) ;
#8951 = DIRECTION ( 'NONE',  ( 0.0000000000000000000, 0.0000000000000000000, 1.000000000000000000 ) ) ;
#8952 = LINE ( 'NONE', #2756, #8213 ) ;
#8953 = VECTOR ( 'NONE', #11564, 39.37007874015748143 ) ;
#8954 = DIRECTION ( 'NONE',  ( -1.000000000000000000, -1.602884491801855442E-15, 4.339543524116999257E-13 ) ) ;
#8955 = PLANE ( 'NONE',  #10112 ) ;
#8956 = DIRECTION ( 'NONE',  ( 1.000000000000000000, 1.602884491802569361E-15, 0.0000000000000000000 ) ) ;
#8957 = LINE ( 'NONE', #1700, #9518 ) ;
#8958 = EDGE_CURVE ( 'NONE', #10702, #4781, #1793, .T. ) ;
#8959 = CIRCLE ( 'NONE', #3921, 0.02460629921259843353 ) ;
#8960 = VECTOR ( 'NONE', #8197, 39.37007874015748143 ) ;
#8961 = PRODUCT_DEFINITION ( 'UNKNOWN', '', #11428, #682 ) ;
#8962 = VECTOR ( 'NONE', #7880, 39.37007874015748143 ) ;
#8963 = DIRECTION ( 'NONE',  ( -1.000000000000000000, -1.602884491802569361E-15, 2.878783784372901366E-31 ) ) ;
#8964 = ORIENTED_EDGE ( 'NONE', *, *, #9463, .F. ) ;
#8965 =( NAMED_UNIT ( * ) PLANE_ANGLE_UNIT ( ) SI_UNIT ( $, .RADIAN. ) );
#8966 = LINE ( 'NONE', #9197, #9513 ) ;
#8967 = MECHANICAL_DESIGN_GEOMETRIC_PRESENTATION_REPRESENTATION (  '', ( #8775 ), #4687 ) ;
#8968 = VECTOR ( 'NONE', #6207, 39.37007874015748143 ) ;
#8969 = CARTESIAN_POINT ( 'NONE',  ( 0.1464566929133855611, 0.2273622047244098776, -0.04586614173228362179 ) ) ;
#8970 = DIRECTION ( 'NONE',  ( 1.602884491802569361E-15, -1.000000000000000000, 1.644517855226018450E-15 ) ) ;
#8971 = PRESENTATION_STYLE_ASSIGNMENT (( #6333 ) ) ;
#8972 = SURFACE_SIDE_STYLE ('',( #1826 ) ) ;
#8973 = VECTOR ( 'NONE', #4216, 39.37007874015748143 ) ;
#8974 = CARTESIAN_POINT ( 'NONE',  ( 0.06018589945968472882, 0.1998031496062997181, -0.1663385826771654752 ) ) ;
#8975 = EDGE_CURVE ( 'NONE', #5671, #1703, #3156, .T. ) ;
#8976 = PLANE ( 'NONE',  #6115 ) ;
#8977 = ADVANCED_FACE ( 'NONE', ( #8938 ), #2030, .T. ) ;
#8978 = ORIENTED_EDGE ( 'NONE', *, *, #3683, .T. ) ;
#8979 = CARTESIAN_POINT ( 'NONE',  ( -0.1948818897637795144, -0.05413385826771657111, 0.1820866141732286614 ) ) ;
#8980 = CYLINDRICAL_SURFACE ( 'NONE', #10667, 0.009105439123007843388 ) ;
#8981 = CARTESIAN_POINT ( 'NONE',  ( 0.1535433070866143168, -0.02263779527559008770, 0.01515748031496088298 ) ) ;
#8982 = VECTOR ( 'NONE', #1781, 39.37007874015748143 ) ;
#8983 = ADVANCED_FACE ( 'NONE', ( #10608 ), #2032, .F. ) ;
#8984 = VECTOR ( 'NONE', #8627, 39.37007874015748143 ) ;
#8985 = DIRECTION ( 'NONE',  ( 1.602884491802569361E-15, -1.000000000000000000, 1.644517855226017859E-15 ) ) ;
#8986 = UNCERTAINTY_MEASURE_WITH_UNIT (LENGTH_MEASURE( 1.000000000000000082E-05 ), #1943, 'distance_accuracy_value', 'NONE');
#8987 = DIRECTION ( 'NONE',  ( 2.348093788196917952E-30, -1.644517855226018450E-15, -1.000000000000000000 ) ) ;
#8988 = FACE_OUTER_BOUND ( 'NONE', #9363, .T. ) ;
#8989 = EDGE_CURVE ( 'NONE', #8635, #7151, #4520, .T. ) ;
#8990 = EDGE_CURVE ( 'NONE', #6097, #5781, #3799, .T. ) ;
#8991 = ORIENTED_EDGE ( 'NONE', *, *, #10002, .T. ) ;
#8992 = VECTOR ( 'NONE', #7558, 39.37007874015748143 ) ;
#8993 =( NAMED_UNIT ( * ) SI_UNIT ( $, .STERADIAN. ) SOLID_ANGLE_UNIT ( ) );
#8994 = ORIENTED_EDGE ( 'NONE', *, *, #2082, .F. ) ;
#8995 = FILL_AREA_STYLE ('',( #2020 ) ) ;
#8996 = VECTOR ( 'NONE', #2849, 39.37007874015748143 ) ;
#8997 = VERTEX_POINT ( 'NONE', #7234 ) ;
#8998 = ORIENTED_EDGE ( 'NONE', *, *, #3045, .F. ) ;
#8999 = SURFACE_STYLE_FILL_AREA ( #7988 ) ;
#9000 = UNCERTAINTY_MEASURE_WITH_UNIT (LENGTH_MEASURE( 1.000000000000000082E-05 ), #736, 'distance_accuracy_value', 'NONE');
#9001 = LINE ( 'NONE', #81, #5625 ) ;
#9002 =( LENGTH_UNIT ( ) NAMED_UNIT ( * ) SI_UNIT ( $, .METRE. ) );
#9003 =( NAMED_UNIT ( * ) PLANE_ANGLE_UNIT ( ) SI_UNIT ( $, .RADIAN. ) );
#9004 =( LENGTH_UNIT ( ) NAMED_UNIT ( * ) SI_UNIT ( $, .METRE. ) );
#9005 = CARTESIAN_POINT ( 'NONE',  ( 0.01934165962471621689, 0.1998031496062995516, -0.2253937007874017573 ) ) ;
#9006 = ORIENTED_EDGE ( 'NONE', *, *, #587, .T. ) ;
#9007 = ORIENTED_EDGE ( 'NONE', *, *, #7245, .T. ) ;
#9008 = ORIENTED_EDGE ( 'NONE', *, *, #4104, .T. ) ;
#9009 = COLOUR_RGB ( '',0.7607843137254901578, 0.7607843137254901578, 0.0000000000000000000 ) ;
#9010 = ORIENTED_EDGE ( 'NONE', *, *, #7676, .T. ) ;
#9011 = DIRECTION ( 'NONE',  ( -1.602884491802569361E-15, 1.000000000000000000, -1.644517855226017859E-15 ) ) ;
#9012 =( CONVERSION_BASED_UNIT ( 'INCH', #789 ) LENGTH_UNIT ( ) NAMED_UNIT ( #3986 ) );
#9013 = DIRECTION ( 'NONE',  ( 1.602884491802569361E-15, -1.000000000000000000, 1.644517855226017859E-15 ) ) ;
#9014 = CARTESIAN_POINT ( 'NONE',  ( -0.1464566929133855611, -0.1722440944881890590, 0.1151574803149611470 ) ) ;
#9015 = SURFACE_SIDE_STYLE ('',( #7366 ) ) ;
#9016 = DIRECTION ( 'NONE',  ( 1.602884491802569361E-15, -1.000000000000000000, 1.644517855226017859E-15 ) ) ;
#9017 = DIRECTION ( 'NONE',  ( 2.348093788196916901E-30, -1.644517855226017859E-15, -1.000000000000000000 ) ) ;
#9018 = DIRECTION ( 'NONE',  ( -2.348093788196917952E-30, 1.644517855226018450E-15, 1.000000000000000000 ) ) ;
#9019 = ORIENTED_EDGE ( 'NONE', *, *, #10909, .T. ) ;
#9020 = CARTESIAN_POINT ( 'NONE',  ( 0.06929133858267687296, 0.1958661417322839216, -0.4253937007874017961 ) ) ;
#9021 = EDGE_CURVE ( 'NONE', #7747, #2607, #4683, .T. ) ;
#9022 = MECHANICAL_DESIGN_GEOMETRIC_PRESENTATION_REPRESENTATION (  '', ( #7146 ), #4557 ) ;
#9023 = FILL_AREA_STYLE ('',( #1997 ) ) ;
#9024 = VERTEX_POINT ( 'NONE', #194 ) ;
#9025 = CARTESIAN_POINT ( 'NONE',  ( 0.1535433070866143168, -0.02263779527559005300, -0.08484251968503912777 ) ) ;
#9026 = VECTOR ( 'NONE', #6924, 39.37007874015748143 ) ;
#9027 = DIRECTION ( 'NONE',  ( 1.602884491802569361E-15, -1.000000000000000000, 1.644517855226017859E-15 ) ) ;
#9028 = DIRECTION ( 'NONE',  ( 2.348093788196917952E-30, -1.644517855226018450E-15, -1.000000000000000000 ) ) ;
#9029 = PRESENTATION_LAYER_ASSIGNMENT (  '', '', ( #1164 ) ) ;
#9030 = EDGE_CURVE ( 'NONE', #3785, #2053, #7352, .T. ) ;
#9031 = MECHANICAL_DESIGN_GEOMETRIC_PRESENTATION_REPRESENTATION (  '', ( #5684 ), #6056 ) ;
#9032 = DIRECTION ( 'NONE',  ( -0.7956271577885695168, 0.0000000000000000000, -0.6057866173738759574 ) ) ;
#9033 = ADVANCED_FACE ( 'NONE', ( #3034 ), #6323, .T. ) ;
#9034 = DIRECTION ( 'NONE',  ( 0.7956271577883986534, 0.0000000000000000000, -0.6057866173741002225 ) ) ;
#9035 = FILL_AREA_STYLE_COLOUR ( '', #11512 ) ;
#9036 = EDGE_LOOP ( 'NONE', ( #7281, #11016, #8436, #11184 ) ) ;
#9037 = LINE ( 'NONE', #8152, #11538 ) ;
#9038 = ORIENTED_EDGE ( 'NONE', *, *, #6951, .F. ) ;
#9039 = DIRECTION ( 'NONE',  ( -1.602884491802569361E-15, 1.000000000000000000, -1.644517855226017859E-15 ) ) ;
#9040 = AXIS2_PLACEMENT_3D ( 'NONE', #4540, #3662, #8081 ) ;
#9041 = EDGE_LOOP ( 'NONE', ( #7996, #6518, #6565, #2697, #2168, #3873, #956, #8604 ) ) ;
#9042 = ADVANCED_FACE ( 'NONE', ( #11168 ), #10363, .T. ) ;
#9043 = LENGTH_MEASURE_WITH_UNIT ( LENGTH_MEASURE( 0.02539999999999999897 ), #1670 );
#9044 = EDGE_CURVE ( 'NONE', #938, #10417, #1196, .T. ) ;
#9045 = EDGE_LOOP ( 'NONE', ( #4845, #8476, #6703, #6465 ) ) ;
#9046 = DIRECTION ( 'NONE',  ( 1.602884491802569361E-15, -1.000000000000000000, 1.644517855226017859E-15 ) ) ;
#9047 = CARTESIAN_POINT ( 'NONE',  ( 0.01934165959548794084, 0.1564960629921263169, -0.3253937007874017628 ) ) ;
#9048 =( NAMED_UNIT ( * ) PLANE_ANGLE_UNIT ( ) SI_UNIT ( $, .RADIAN. ) );
#9049 = VECTOR ( 'NONE', #7547, 39.37007874015748143 ) ;
#9050 =( LENGTH_UNIT ( ) NAMED_UNIT ( * ) SI_UNIT ( $, .METRE. ) );
#9051 = SURFACE_STYLE_USAGE ( .BOTH. , #4854 ) ;
#9052 = LENGTH_MEASURE_WITH_UNIT ( LENGTH_MEASURE( 0.02539999999999999897 ), #2976 );
#9053 = DIRECTION ( 'NONE',  ( 1.000000000000000000, 1.602884491802569361E-15, -2.878783784372901366E-31 ) ) ;
#9054 = LINE ( 'NONE', #2036, #10797 ) ;
#9055 = ORIENTED_EDGE ( 'NONE', *, *, #11273, .T. ) ;
#9056 = AXIS2_PLACEMENT_3D ( 'NONE', #6767, #2155, #10316 ) ;
#9057 = DIRECTION ( 'NONE',  ( 2.348093788196916901E-30, -1.644517855226017859E-15, -1.000000000000000000 ) ) ;
#9058 = EDGE_CURVE ( 'NONE', #458, #2607, #10182, .T. ) ;
#9059 = ORIENTED_EDGE ( 'NONE', *, *, #2385, .T. ) ;
#9060 = CARTESIAN_POINT ( 'NONE',  ( 0.08700787401574784641, 0.1269685039370082313, 0.004133858267716503283 ) ) ;
#9061 = PRESENTATION_STYLE_ASSIGNMENT (( #8233 ) ) ;
#9062 = PRESENTATION_STYLE_ASSIGNMENT (( #1983 ) ) ;
#9063 = LINE ( 'NONE', #9928, #5383 ) ;
#9064 = CARTESIAN_POINT ( 'NONE',  ( 0.01934165962243668963, 0.1998031496062997181, -0.3663385826771656251 ) ) ;
#9065 = DIRECTION ( 'NONE',  ( 1.594929680954395007E-15, -0.9950371902099891530, -0.09950371902099724997 ) ) ;
#9066 = LINE ( 'NONE', #10788, #4088 ) ;
#9067 = DIRECTION ( 'NONE',  ( -1.602884491802569361E-15, 1.000000000000000000, -1.644517855226017859E-15 ) ) ;
#9068 =( CONVERSION_BASED_UNIT ( 'INCH', #48 ) LENGTH_UNIT ( ) NAMED_UNIT ( #11063 ) );
#9069 = STYLED_ITEM ( 'NONE', ( #2726 ), #2690 ) ;
#9070 = LINE ( 'NONE', #799, #10209 ) ;
#9071 = SURFACE_STYLE_USAGE ( .BOTH. , #3659 ) ;
#9072 = EDGE_LOOP ( 'NONE', ( #5209, #9855, #11459, #4051 ) ) ;
#9073 = DIMENSIONAL_EXPONENTS ( 1.000000000000000000, 0.0000000000000000000, 0.0000000000000000000, 0.0000000000000000000, 0.0000000000000000000, 0.0000000000000000000, 0.0000000000000000000 ) ;
#9074 = CARTESIAN_POINT ( 'NONE',  ( -0.1464566929133861994, 0.2273622047244094058, -0.04586614173228362179 ) ) ;
#9075 = VECTOR ( 'NONE', #5924, 39.37007874015748143 ) ;
#9076 =( NAMED_UNIT ( * ) SI_UNIT ( $, .STERADIAN. ) SOLID_ANGLE_UNIT ( ) );
#9077 = FACE_OUTER_BOUND ( 'NONE', #1315, .T. ) ;
#9078 =( NAMED_UNIT ( * ) SI_UNIT ( $, .STERADIAN. ) SOLID_ANGLE_UNIT ( ) );
#9079 = LENGTH_MEASURE_WITH_UNIT ( LENGTH_MEASURE( 0.02539999999999999897 ), #2889 );
#9080 = SURFACE_STYLE_FILL_AREA ( #538 ) ;
#9081 = CARTESIAN_POINT ( 'NONE',  ( 0.1535433070866139005, 0.2273622047244099886, -0.3458661417322837495 ) ) ;
#9082 = DIRECTION ( 'NONE',  ( 1.594929680954418377E-16, -0.09950371902100052512, -0.9950371902099890420 ) ) ;
#9083 = CARTESIAN_POINT ( 'NONE',  ( 0.01934165959544861813, 0.1269685039370082036, -0.3162882616643937772 ) ) ;
#9084 = ORIENTED_EDGE ( 'NONE', *, *, #5911, .F. ) ;
#9085 = LINE ( 'NONE', #9025, #10966 ) ;
#9086 =( GEOMETRIC_REPRESENTATION_CONTEXT ( 3 ) GLOBAL_UNCERTAINTY_ASSIGNED_CONTEXT ( ( #8053 ) ) GLOBAL_UNIT_ASSIGNED_CONTEXT ( ( #6081, #2499, #2557 ) ) REPRESENTATION_CONTEXT ( 'NONE', 'WORKASPACE' ) );
#9087 = SURFACE_STYLE_USAGE ( .BOTH. , #5536 ) ;
#9088 = CARTESIAN_POINT ( 'NONE',  ( -0.06929133858267744195, 0.1564960629921261781, -0.3253937007874017628 ) ) ;
#9089 = AXIS2_PLACEMENT_3D ( 'NONE', #7856, #7687, #644 ) ;
#9090 = CIRCLE ( 'NONE', #9999, 0.02854330708661416763 ) ;
#9091 = UNCERTAINTY_MEASURE_WITH_UNIT (LENGTH_MEASURE( 1.000000000000000082E-05 ), #2097, 'distance_accuracy_value', 'NONE');
#9092 = PRESENTATION_STYLE_ASSIGNMENT (( #3488 ) ) ;
#9093 = LENGTH_MEASURE_WITH_UNIT ( LENGTH_MEASURE( 0.02539999999999999897 ), #7452 );
#9094 = ORIENTED_EDGE ( 'NONE', *, *, #2980, .T. ) ;
#9095 = PRESENTATION_STYLE_ASSIGNMENT (( #8098 ) ) ;
#9096 = EDGE_CURVE ( 'NONE', #1442, #3521, #1322, .T. ) ;
#9097 = ORIENTED_EDGE ( 'NONE', *, *, #4193, .T. ) ;
#9098 = PRESENTATION_STYLE_ASSIGNMENT (( #3849 ) ) ;
#9099 = AXIS2_PLACEMENT_3D ( 'NONE', #4241, #11323, #1583 ) ;
#9100 = EDGE_CURVE ( 'NONE', #8331, #7719, #6523, .T. ) ;
#9101 = VERTEX_POINT ( 'NONE', #11462 ) ;
#9102 = ORIENTED_EDGE ( 'NONE', *, *, #7869, .F. ) ;
#9103 = CARTESIAN_POINT ( 'NONE',  ( -0.1464566929133855888, -0.1407480314960629364, -0.4068897637795271804 ) ) ;
#9104 = PRESENTATION_LAYER_ASSIGNMENT (  '', '', ( #8341 ) ) ;
#9105 = UNCERTAINTY_MEASURE_WITH_UNIT (LENGTH_MEASURE( 1.000000000000000082E-05 ), #9357, 'distance_accuracy_value', 'NONE');
#9106 =( CONVERSION_BASED_UNIT ( 'INCH', #5323 ) LENGTH_UNIT ( ) NAMED_UNIT ( #6489 ) );
#9107 = CARTESIAN_POINT ( 'NONE',  ( 0.06018589945968484678, 0.1269685039370083701, -0.3754440218001576235 ) ) ;
#9108 = MECHANICAL_DESIGN_GEOMETRIC_PRESENTATION_REPRESENTATION (  '', ( #11110 ), #6121 ) ;
#9109 = DIRECTION ( 'NONE',  ( 2.348093788196917952E-30, -1.644517855226018450E-15, -1.000000000000000000 ) ) ;
#9110 = DIRECTION ( 'NONE',  ( 0.6057866173738770676, -3.374170927559055893E-16, -0.7956271577885687396 ) ) ;
#9111 =( NAMED_UNIT ( * ) PLANE_ANGLE_UNIT ( ) SI_UNIT ( $, .RADIAN. ) );
#9112 = EDGE_CURVE ( 'NONE', #517, #249, #11340, .T. ) ;
#9113 = ADVANCED_FACE ( 'NONE', ( #8633 ), #11528, .F. ) ;
#9114 = LINE ( 'NONE', #9173, #5810 ) ;
#9116 = ORIENTED_EDGE ( 'NONE', *, *, #6792, .T. ) ;
#9115 = DIMENSIONAL_EXPONENTS ( 1.000000000000000000, 0.0000000000000000000, 0.0000000000000000000, 0.0000000000000000000, 0.0000000000000000000, 0.0000000000000000000, 0.0000000000000000000 ) ;
#9117 = AXIS2_PLACEMENT_3D ( 'NONE', #11434, #5057, #6843 ) ;
#9118 = VECTOR ( 'NONE', #2045, 39.37007874015748143 ) ;
#9119 = VERTEX_POINT ( 'NONE', #5953 ) ;
#9120 = FACE_OUTER_BOUND ( 'NONE', #8497, .T. ) ;
#9121 = SURFACE_SIDE_STYLE ('',( #5517 ) ) ;
#9122 = SURFACE_STYLE_FILL_AREA ( #4636 ) ;
#9123 = PRESENTATION_LAYER_ASSIGNMENT (  '', '', ( #1829 ) ) ;
#9124 = CARTESIAN_POINT ( 'NONE',  ( 0.1535433070866144833, -0.1407480314960624646, -0.4068897637795271804 ) ) ;
#9125 = DIRECTION ( 'NONE',  ( 0.0000000000000000000, 1.875148439272792120E-15, 1.000000000000000000 ) ) ;
#9126 = CARTESIAN_POINT ( 'NONE',  ( -0.1535433070866138727, -0.1722440944881889202, -0.3879921259842515346 ) ) ;
#9127 = MECHANICAL_DESIGN_GEOMETRIC_PRESENTATION_REPRESENTATION (  '', ( #4289 ), #315 ) ;
#9128 = SURFACE_STYLE_FILL_AREA ( #8129 ) ;
#9129 = FACE_OUTER_BOUND ( 'NONE', #4525, .T. ) ;
#9130 = AXIS2_PLACEMENT_3D ( 'NONE', #10557, #2574, #8895 ) ;
#9131 = ADVANCED_FACE ( 'NONE', ( #4207 ), #1663, .F. ) ;
#9132 = SURFACE_STYLE_FILL_AREA ( #4870 ) ;
#9133 = AXIS2_PLACEMENT_3D ( 'NONE', #3453, #6024, #6136 ) ;
#9134 = ORIENTED_EDGE ( 'NONE', *, *, #3107, .F. ) ;
#9135 = VECTOR ( 'NONE', #10180, 39.37007874015748143 ) ;
#9136 = ORIENTED_EDGE ( 'NONE', *, *, #3414, .F. ) ;
#9137 = COLOUR_RGB ( '',0.7607843137254901578, 0.7607843137254901578, 0.0000000000000000000 ) ;
#9138 = DIRECTION ( 'NONE',  ( 9.631373050316002764E-14, -1.644517855225863834E-15, -1.000000000000000000 ) ) ;
#9139 =( LENGTH_UNIT ( ) NAMED_UNIT ( * ) SI_UNIT ( $, .METRE. ) );
#9140 = DIRECTION ( 'NONE',  ( 1.000000000000000000, 1.602884491802569361E-15, -2.711709361697224578E-31 ) ) ;
#9141 = PRESENTATION_LAYER_ASSIGNMENT (  '', '', ( #9317 ) ) ;
#9142 = VECTOR ( 'NONE', #2119, 39.37007874015748143 ) ;
#9143 = LINE ( 'NONE', #1290, #1619 ) ;
#9144 = CARTESIAN_POINT ( 'NONE',  ( 0.06018589945980290512, 0.1564960629921263724, -0.3253937007874017628 ) ) ;
#9145 = ORIENTED_EDGE ( 'NONE', *, *, #3036, .T. ) ;
#9146 = PRESENTATION_LAYER_ASSIGNMENT (  '', '', ( #2602 ) ) ;
#9147 = SURFACE_STYLE_USAGE ( .BOTH. , #4772 ) ;
#9148 = CARTESIAN_POINT ( 'NONE',  ( 0.1464566929133859496, -0.02263779527559014321, 0.1151574803149608972 ) ) ;
#9149 = MECHANICAL_DESIGN_GEOMETRIC_PRESENTATION_REPRESENTATION (  '', ( #2610 ), #5227 ) ;
#9150 = COLOUR_RGB ( '',1.000000000000000000, 1.000000000000000000, 1.000000000000000000 ) ;
#9151 = AXIS2_PLACEMENT_3D ( 'NONE', #615, #1510, #10501 ) ;
#9152 = FACE_OUTER_BOUND ( 'NONE', #10493, .T. ) ;
#9153 = DIRECTION ( 'NONE',  ( -1.000000000000000000, -1.602884491802642922E-15, -4.458096893095998546E-14 ) ) ;
#9154 = LINE ( 'NONE', #11088, #6004 ) ;
#9155 = DIRECTION ( 'NONE',  ( 1.602884491802569361E-15, -1.000000000000000000, 1.644517855226017859E-15 ) ) ;
#9156 = CARTESIAN_POINT ( 'NONE',  ( 0.01934165959544850363, 0.1998031496062996071, -0.4162882616643939215 ) ) ;
#9157 = FILL_AREA_STYLE_COLOUR ( '', #5940 ) ;
#9158 = EDGE_LOOP ( 'NONE', ( #9369, #5858, #4194, #1247 ) ) ;
#9159 = AXIS2_PLACEMENT_3D ( 'NONE', #4035, #7571, #11105 ) ;
#9160 = VERTEX_POINT ( 'NONE', #759 ) ;
#9161 = PRESENTATION_LAYER_ASSIGNMENT (  '', '', ( #6537 ) ) ;
#9162 = EDGE_LOOP ( 'NONE', ( #7730, #2209, #9620, #757 ) ) ;
#9163 = CARTESIAN_POINT ( 'NONE',  ( -2.057162640966502078E-16, 0.1269685039370080926, -0.1458661417322834886 ) ) ;
#9164 = EDGE_LOOP ( 'NONE', ( #17, #5311, #6493, #6581 ) ) ;
#9165 = PRESENTATION_LAYER_ASSIGNMENT (  '', '', ( #725 ) ) ;
#9166 =( NAMED_UNIT ( * ) SI_UNIT ( $, .STERADIAN. ) SOLID_ANGLE_UNIT ( ) );
#9167 = DIMENSIONAL_EXPONENTS ( 1.000000000000000000, 0.0000000000000000000, 0.0000000000000000000, 0.0000000000000000000, 0.0000000000000000000, 0.0000000000000000000, 0.0000000000000000000 ) ;
#9168 = EDGE_CURVE ( 'NONE', #7603, #5868, #9037, .T. ) ;
#9169 =( LENGTH_UNIT ( ) NAMED_UNIT ( * ) SI_UNIT ( $, .METRE. ) );
#9170 = CARTESIAN_POINT ( 'NONE',  ( 0.01522951533057842477, 0.1998031496062995516, 0.02142501171637779464 ) ) ;
#9171 = FACE_OUTER_BOUND ( 'NONE', #8356, .T. ) ;
#9172 = DIRECTION ( 'NONE',  ( 0.7213327287317047309, 1.723857615967974480E-17, -0.6925886906819032074 ) ) ;
#9173 = CARTESIAN_POINT ( 'NONE',  ( 0.01934165962471621689, 0.1998031496062994405, 0.07460629921259827324 ) ) ;
#9174 = ORIENTED_EDGE ( 'NONE', *, *, #642, .F. ) ;
#9175 = FILL_AREA_STYLE ('',( #10079 ) ) ;
#9176 = EDGE_LOOP ( 'NONE', ( #5257, #6507, #5188, #4435, #761, #5262 ) ) ;
#9177 = EDGE_CURVE ( 'NONE', #1994, #8106, #1060, .T. ) ;
#9178 = DIRECTION ( 'NONE',  ( 1.602884491802569361E-15, -1.000000000000000000, 1.644517855226017859E-15 ) ) ;
#9179 =( NAMED_UNIT ( * ) PLANE_ANGLE_UNIT ( ) SI_UNIT ( $, .RADIAN. ) );
#9180 = PRESENTATION_LAYER_ASSIGNMENT (  '', '', ( #9737 ) ) ;
#9181 = CARTESIAN_POINT ( 'NONE',  ( 0.01934165959544861813, 0.1269685039370080926, 0.08371173833560627275 ) ) ;
#9182 = FACE_OUTER_BOUND ( 'NONE', #960, .T. ) ;
#9183 = DIRECTION ( 'NONE',  ( 0.0000000000000000000, -1.875148439272792120E-15, -1.000000000000000000 ) ) ;
#9184 = EDGE_CURVE ( 'NONE', #4110, #30, #10780, .T. ) ;
#9185 = DIRECTION ( 'NONE',  ( 0.0000000000000000000, 1.387778780781444492E-15, 1.000000000000000000 ) ) ;
#9186 = DIMENSIONAL_EXPONENTS ( 1.000000000000000000, 0.0000000000000000000, 0.0000000000000000000, 0.0000000000000000000, 0.0000000000000000000, 0.0000000000000000000, 0.0000000000000000000 ) ;
#9187 = PRESENTATION_STYLE_ASSIGNMENT (( #4813 ) ) ;
#9188 = ORIENTED_EDGE ( 'NONE', *, *, #11351, .T. ) ;
#9189 = VECTOR ( 'NONE', #9191, 39.37007874015748143 ) ;
#9190 = EDGE_LOOP ( 'NONE', ( #7294, #10464, #7492, #4050, #5377, #10756 ) ) ;
#9191 = DIRECTION ( 'NONE',  ( 1.000000000000000000, 1.602884491801618981E-15, -5.779657525473999146E-13 ) ) ;
#9192 = ORIENTED_EDGE ( 'NONE', *, *, #880, .T. ) ;
#9193 = CARTESIAN_POINT ( 'NONE',  ( -0.06929133858267744195, 0.1564960629921262614, -0.2663385826771654807 ) ) ;
#9194 = ADVANCED_FACE ( 'NONE', ( #11 ), #5372, .T. ) ;
#9195 = LINE ( 'NONE', #5263, #5406 ) ;
#9196 = ADVANCED_FACE ( 'NONE', ( #9957 ), #10758, .T. ) ;
#9197 = CARTESIAN_POINT ( 'NONE',  ( 0.1535433070866145389, -0.1722440944881884761, -0.1879921259842514403 ) ) ;
#9198 =( CONVERSION_BASED_UNIT ( 'INCH', #2058 ) LENGTH_UNIT ( ) NAMED_UNIT ( #3793 ) );
#9199 = CARTESIAN_POINT ( 'NONE',  ( 0.06018589945980290512, 0.1564960629921263724, -0.3253937007874017628 ) ) ;
#9200 = CARTESIAN_POINT ( 'NONE',  ( 0.1948818897637792369, 0.2037401574803159587, -0.2513187379060237703 ) ) ;
#9201 =( CONVERSION_BASED_UNIT ( 'INCH', #2328 ) LENGTH_UNIT ( ) NAMED_UNIT ( #3818 ) );
#9202 = COLOUR_RGB ( '',1.000000000000000000, 1.000000000000000000, 1.000000000000000000 ) ;
#9203 = DIRECTION ( 'NONE',  ( -1.602884491802569361E-15, 1.000000000000000000, -1.644517855226017859E-15 ) ) ;
#9204 = DIRECTION ( 'NONE',  ( -1.000000000000000000, -1.602884491802569361E-15, 2.711709361697226329E-31 ) ) ;
#9205 = FILL_AREA_STYLE_COLOUR ( '', #1634 ) ;
#9206 = ORIENTED_EDGE ( 'NONE', *, *, #9675, .F. ) ;
#9207 = CARTESIAN_POINT ( 'NONE',  ( 0.06018589945968478433, 0.1643700787401579932, -0.3754440218001577345 ) ) ;
#9208 =( GEOMETRIC_REPRESENTATION_CONTEXT ( 3 ) GLOBAL_UNCERTAINTY_ASSIGNED_CONTEXT ( ( #3142 ) ) GLOBAL_UNIT_ASSIGNED_CONTEXT ( ( #1, #1771, #1593 ) ) REPRESENTATION_CONTEXT ( 'NONE', 'WORKASPACE' ) );
#9209 = AXIS2_PLACEMENT_3D ( 'NONE', #5319, #3629, #77 ) ;
#9210 =( LENGTH_UNIT ( ) NAMED_UNIT ( * ) SI_UNIT ( $, .METRE. ) );
#9211 = DIRECTION ( 'NONE',  ( -1.602884491802569361E-15, 1.000000000000000000, -1.644517855226018450E-15 ) ) ;
#9212 = FACE_OUTER_BOUND ( 'NONE', #5039, .T. ) ;
#9213 = DIRECTION ( 'NONE',  ( -2.348093788196916901E-30, 1.644517855226017859E-15, 1.000000000000000000 ) ) ;
#9214 = AXIS2_PLACEMENT_3D ( 'NONE', #7138, #99, #9822 ) ;
#9215 =( GEOMETRIC_REPRESENTATION_CONTEXT ( 3 ) GLOBAL_UNCERTAINTY_ASSIGNED_CONTEXT ( ( #7014 ) ) GLOBAL_UNIT_ASSIGNED_CONTEXT ( ( #7595, #6897, #5278 ) ) REPRESENTATION_CONTEXT ( 'NONE', 'WORKASPACE' ) );
#9216 = ORIENTED_EDGE ( 'NONE', *, *, #9393, .F. ) ;
#9217 = PRESENTATION_STYLE_ASSIGNMENT (( #4952 ) ) ;
#9218 = ORIENTED_EDGE ( 'NONE', *, *, #9463, .T. ) ;
#9219 = ORIENTED_EDGE ( 'NONE', *, *, #5043, .T. ) ;
#9220 = VECTOR ( 'NONE', #4132, 39.37007874015748143 ) ;
#9221 = FILL_AREA_STYLE ('',( #4619 ) ) ;
#9222 = VERTEX_POINT ( 'NONE', #1905 ) ;
#9223 = DIRECTION ( 'NONE',  ( -2.348093788196917952E-30, 1.644517855226018450E-15, 1.000000000000000000 ) ) ;
#9224 = UNCERTAINTY_MEASURE_WITH_UNIT (LENGTH_MEASURE( 1.000000000000000082E-05 ), #5448, 'distance_accuracy_value', 'NONE');
#9225 =( CONVERSION_BASED_UNIT ( 'INCH', #3855 ) LENGTH_UNIT ( ) NAMED_UNIT ( #188 ) );
#9226 = CARTESIAN_POINT ( 'NONE',  ( 0.01934165959543282173, 0.1564960629921263446, -0.06633858267716544188 ) ) ;
#9227 = DIRECTION ( 'NONE',  ( -1.602884491802569361E-15, 1.000000000000000000, -1.644517855226017859E-15 ) ) ;
#9228 = STYLED_ITEM ( 'NONE', ( #875 ), #1520 ) ;
#9229 =( GEOMETRIC_REPRESENTATION_CONTEXT ( 3 ) GLOBAL_UNCERTAINTY_ASSIGNED_CONTEXT ( ( #3971 ) ) GLOBAL_UNIT_ASSIGNED_CONTEXT ( ( #4990, #3948, #3117 ) ) REPRESENTATION_CONTEXT ( 'NONE', 'WORKASPACE' ) );
#9230 = VERTEX_POINT ( 'NONE', #1185 ) ;
#9231 = ADVANCED_FACE ( 'NONE', ( #285 ), #5891, .T. ) ;
#9232 = PRESENTATION_STYLE_ASSIGNMENT (( #9288 ) ) ;
#9233 = ORIENTED_EDGE ( 'NONE', *, *, #8011, .T. ) ;
#9234 = VECTOR ( 'NONE', #10272, 39.37007874015748143 ) ;
#9235 = DIRECTION ( 'NONE',  ( 1.602884491802569361E-15, -1.000000000000000000, 1.644517855226017859E-15 ) ) ;
#9236 =( LENGTH_UNIT ( ) NAMED_UNIT ( * ) SI_UNIT ( $, .METRE. ) );
#9237 = CARTESIAN_POINT ( 'NONE',  ( 0.01934165959544849669, 0.2037401574803153759, -0.4162882616643939215 ) ) ;
#9238 = DIRECTION ( 'NONE',  ( 1.602884491802569361E-15, -1.000000000000000000, 1.644517855226017859E-15 ) ) ;
#9239 = CARTESIAN_POINT ( 'NONE',  ( -0.06889763779527567633, 0.04350393700787420076, 0.1702755905511812440 ) ) ;
#9240 = CARTESIAN_POINT ( 'NONE',  ( 0.01934165959544855914, 0.1643700787401576879, 0.08371173833560621724 ) ) ;
#9241 =( NAMED_UNIT ( * ) PLANE_ANGLE_UNIT ( ) SI_UNIT ( $, .RADIAN. ) );
#9242 = ORIENTED_EDGE ( 'NONE', *, *, #7383, .T. ) ;
#9243 = ADVANCED_FACE ( 'NONE', ( #9330 ), #10291, .F. ) ;
#9244 = ORIENTED_EDGE ( 'NONE', *, *, #7803, .T. ) ;
#9245 = LINE ( 'NONE', #2054, #9189 ) ;
#9246 = VERTEX_POINT ( 'NONE', #10169 ) ;
#9247 = EDGE_LOOP ( 'NONE', ( #10531, #3472, #2075, #2140 ) ) ;
#9248 = ADVANCED_FACE ( 'NONE', ( #401 ), #10234, .F. ) ;
#9249 =( NAMED_UNIT ( * ) PLANE_ANGLE_UNIT ( ) SI_UNIT ( $, .RADIAN. ) );
#9250 =( LENGTH_UNIT ( ) NAMED_UNIT ( * ) SI_UNIT ( $, .METRE. ) );
#9251 = SURFACE_STYLE_USAGE ( .BOTH. , #439 ) ;
#9252 = LINE ( 'NONE', #2229, #7359 ) ;
#9253 =( GEOMETRIC_REPRESENTATION_CONTEXT ( 3 ) GLOBAL_UNCERTAINTY_ASSIGNED_CONTEXT ( ( #3130 ) ) GLOBAL_UNIT_ASSIGNED_CONTEXT ( ( #5324, #717, #1790 ) ) REPRESENTATION_CONTEXT ( 'NONE', 'WORKASPACE' ) );
#9254 = DIRECTION ( 'NONE',  ( 1.594929680954394613E-15, -0.9950371902099890420, 0.09950371902100052512 ) ) ;
#9255 = CARTESIAN_POINT ( 'NONE',  ( 0.01209712494559416970, 0.1998031496062996903, -0.3809599749661813917 ) ) ;
#9256 = ORIENTED_EDGE ( 'NONE', *, *, #6675, .F. ) ;
#9257 = EDGE_CURVE ( 'NONE', #7287, #8064, #2231, .T. ) ;
#9258 = ADVANCED_FACE ( 'NONE', ( #8619 ), #11266, .T. ) ;
#9259 = FILL_AREA_STYLE_COLOUR ( '', #9902 ) ;
#9260 = VECTOR ( 'NONE', #267, 39.37007874015748143 ) ;
#9261 = COLOUR_RGB ( '',0.7607843137254901578, 0.7607843137254901578, 0.0000000000000000000 ) ;
#9262 = DIRECTION ( 'NONE',  ( 1.000000000000000000, 1.602884491802569361E-15, -2.711709361697224578E-31 ) ) ;
#9263 = SURFACE_STYLE_USAGE ( .BOTH. , #11204 ) ;
#9264 = CARTESIAN_POINT ( 'NONE',  ( 0.06743043410952725969, 0.1998031496062997181, -0.2809599749661813028 ) ) ;
#9265 = LINE ( 'NONE', #8376, #3388 ) ;
#9266 = DIMENSIONAL_EXPONENTS ( 1.000000000000000000, 0.0000000000000000000, 0.0000000000000000000, 0.0000000000000000000, 0.0000000000000000000, 0.0000000000000000000, 0.0000000000000000000 ) ;
#9267 =( NAMED_UNIT ( * ) SI_UNIT ( $, .STERADIAN. ) SOLID_ANGLE_UNIT ( ) );
#9268 = CARTESIAN_POINT ( 'NONE',  ( 0.01522951533058629174, 0.2037401574803153481, -0.3131572951809372118 ) ) ;
#9269 = AXIS2_PLACEMENT_3D ( 'NONE', #4218, #720, #7927 ) ;
#9270 = MECHANICAL_DESIGN_GEOMETRIC_PRESENTATION_REPRESENTATION (  '', ( #7944 ), #1785 ) ;
#9271 = ORIENTED_EDGE ( 'NONE', *, *, #4172, .F. ) ;
#9273 = ORIENTED_EDGE ( 'NONE', *, *, #427, .T. ) ;
#9272 = SURFACE_STYLE_FILL_AREA ( #1309 ) ;
#9274 = EDGE_CURVE ( 'NONE', #8445, #9230, #8849, .T. ) ;
#9275 = VERTEX_POINT ( 'NONE', #4367 ) ;
#9276 = EDGE_LOOP ( 'NONE', ( #2108, #5643, #3631, #1124, #2348, #10336, #2041, #10934 ) ) ;
#9277 =( GEOMETRIC_REPRESENTATION_CONTEXT ( 3 ) GLOBAL_UNCERTAINTY_ASSIGNED_CONTEXT ( ( #6078 ) ) GLOBAL_UNIT_ASSIGNED_CONTEXT ( ( #3321, #10416, #2486 ) ) REPRESENTATION_CONTEXT ( 'NONE', 'WORKASPACE' ) );
#9278 = CARTESIAN_POINT ( 'NONE',  ( 0.06018589943271623194, 0.1998031496062996348, -0.3253937007874017628 ) ) ;
#9279 = ORIENTED_EDGE ( 'NONE', *, *, #2456, .F. ) ;
#9280 = FACE_OUTER_BOUND ( 'NONE', #3694, .T. ) ;
#9281 = FACE_OUTER_BOUND ( 'NONE', #14, .T. ) ;
#9282 = DIRECTION ( 'NONE',  ( -1.000000000000000000, -1.602884491802569361E-15, 2.711709361697226329E-31 ) ) ;
#9283 = FACE_OUTER_BOUND ( 'NONE', #7937, .T. ) ;
#9284 = CARTESIAN_POINT ( 'NONE',  ( 0.01209712494559416970, 0.1998031496062996348, -0.2809599749661813028 ) ) ;
#9285 = MECHANICAL_DESIGN_GEOMETRIC_PRESENTATION_REPRESENTATION (  '', ( #10183 ), #6662 ) ;
#9286 = CARTESIAN_POINT ( 'NONE',  ( 0.06018589945968478433, 0.1643700787401580210, -0.3663385826771656251 ) ) ;
#9287 = STYLED_ITEM ( 'NONE', ( #812 ), #7549 ) ;
#9288 = SURFACE_STYLE_USAGE ( .BOTH. , #5679 ) ;
#9289 = ORIENTED_EDGE ( 'NONE', *, *, #9452, .T. ) ;
#9290 = COLOUR_RGB ( '',0.0000000000000000000, 0.0000000000000000000, 1.000000000000000000 ) ;
#9291 = COLOUR_RGB ( '',1.000000000000000000, 1.000000000000000000, 1.000000000000000000 ) ;
#9292 = DIRECTION ( 'NONE',  ( 1.000000000000000000, 1.602884491802569361E-15, 2.711709361697226329E-31 ) ) ;
#9293 = DIRECTION ( 'NONE',  ( -2.348093788196917952E-30, 1.644517855226018450E-15, 1.000000000000000000 ) ) ;
#9294 = SURFACE_SIDE_STYLE ('',( #10257 ) ) ;
#9295 = LINE ( 'NONE', #1148, #8365 ) ;
#9296 = SURFACE_SIDE_STYLE ('',( #6825 ) ) ;
#9297 = PRESENTATION_LAYER_ASSIGNMENT (  '', '', ( #294 ) ) ;
#9298 =( NAMED_UNIT ( * ) SI_UNIT ( $, .STERADIAN. ) SOLID_ANGLE_UNIT ( ) );
#9299 = EDGE_LOOP ( 'NONE', ( #6258, #10825, #893, #11315 ) ) ;
#9300 = VECTOR ( 'NONE', #4324, 39.37007874015748143 ) ;
#9301 = ORIENTED_EDGE ( 'NONE', *, *, #505, .F. ) ;
#9302 = DIRECTION ( 'NONE',  ( 1.602884491802569361E-15, -1.000000000000000000, 1.548860246407864322E-15 ) ) ;
#9303 = EDGE_LOOP ( 'NONE', ( #3455, #10149, #1847, #9591, #5562, #5698 ) ) ;
#9304 = ORIENTED_EDGE ( 'NONE', *, *, #2661, .F. ) ;
#9305 = VECTOR ( 'NONE', #3048, 39.37007874015748143 ) ;
#9306 = DIRECTION ( 'NONE',  ( 1.602884491802569361E-15, -1.000000000000000000, 1.644517855226017859E-15 ) ) ;
#9307 = DIRECTION ( 'NONE',  ( -1.000000000000000000, -1.602884491801855442E-15, 4.339543524116999257E-13 ) ) ;
#9308 = SURFACE_SIDE_STYLE ('',( #8540 ) ) ;
#9309 = ADVANCED_FACE ( 'NONE', ( #1647 ), #8730, .T. ) ;
#9310 = FILL_AREA_STYLE ('',( #8659 ) ) ;
#9311 = SURFACE_SIDE_STYLE ('',( #1223 ) ) ;
#9312 =( NAMED_UNIT ( * ) SI_UNIT ( $, .STERADIAN. ) SOLID_ANGLE_UNIT ( ) );
#9313 = ORIENTED_EDGE ( 'NONE', *, *, #1305, .T. ) ;
#9314 = VECTOR ( 'NONE', #4221, 39.37007874015748143 ) ;
#9315 = LINE ( 'NONE', #1294, #7883 ) ;
#9316 = DIMENSIONAL_EXPONENTS ( 1.000000000000000000, 0.0000000000000000000, 0.0000000000000000000, 0.0000000000000000000, 0.0000000000000000000, 0.0000000000000000000, 0.0000000000000000000 ) ;
#9317 = STYLED_ITEM ( 'NONE', ( #5313 ), #9113 ) ;
#9318 =( NAMED_UNIT ( * ) PLANE_ANGLE_UNIT ( ) SI_UNIT ( $, .RADIAN. ) );
#9319 = AXIS2_PLACEMENT_3D ( 'NONE', #4653, #11020, #7497 ) ;
#9320 = FACE_OUTER_BOUND ( 'NONE', #7487, .T. ) ;
#9321 =( NAMED_UNIT ( * ) PLANE_ANGLE_UNIT ( ) SI_UNIT ( $, .RADIAN. ) );
#9322 = EDGE_CURVE ( 'NONE', #3154, #6236, #9733, .T. ) ;
#9323 = EDGE_CURVE ( 'NONE', #7041, #4110, #5424, .T. ) ;
#9324 = UNCERTAINTY_MEASURE_WITH_UNIT (LENGTH_MEASURE( 1.000000000000000082E-05 ), #5469, 'distance_accuracy_value', 'NONE');
#9325 = CARTESIAN_POINT ( 'NONE',  ( 0.1464566929133861717, -0.1407480314960625756, -0.1068897637795270944 ) ) ;
#9326 = VECTOR ( 'NONE', #6215, 39.37007874015748143 ) ;
#9327 = CARTESIAN_POINT ( 'NONE',  ( 0.06018589946023603088, 0.1269685039370082591, -0.3253937007874017073 ) ) ;
#9328 = EDGE_LOOP ( 'NONE', ( #11345, #5841, #6001, #5411, #7690, #755 ) ) ;
#9329 = EDGE_CURVE ( 'NONE', #9742, #2613, #9085, .T. ) ;
#9330 = FACE_OUTER_BOUND ( 'NONE', #8212, .T. ) ;
#9331 = ORIENTED_EDGE ( 'NONE', *, *, #4705, .T. ) ;
#9332 =( NAMED_UNIT ( * ) SI_UNIT ( $, .STERADIAN. ) SOLID_ANGLE_UNIT ( ) );
#9333 = AXIS2_PLACEMENT_3D ( 'NONE', #9717, #1810, #6039 ) ;
#9334 = VERTEX_POINT ( 'NONE', #7092 ) ;
#9335 = VERTEX_POINT ( 'NONE', #2784 ) ;
#9336 =( CONVERSION_BASED_UNIT ( 'INCH', #8274 ) LENGTH_UNIT ( ) NAMED_UNIT ( #6452 ) );
#9337 = EDGE_CURVE ( 'NONE', #5916, #4002, #8202, .T. ) ;
#9338 = EDGE_CURVE ( 'NONE', #4002, #3165, #8086, .T. ) ;
#9339 = UNCERTAINTY_MEASURE_WITH_UNIT (LENGTH_MEASURE( 1.000000000000000082E-05 ), #6055, 'distance_accuracy_value', 'NONE');
#9340 = SURFACE_STYLE_FILL_AREA ( #6468 ) ;
#9341 = CIRCLE ( 'NONE', #3185, 0.009105439123007878083 ) ;
#9342 = FACE_OUTER_BOUND ( 'NONE', #3054, .T. ) ;
#9343 =( LENGTH_UNIT ( ) NAMED_UNIT ( * ) SI_UNIT ( $, .METRE. ) );
#9344 =( NAMED_UNIT ( * ) SI_UNIT ( $, .STERADIAN. ) SOLID_ANGLE_UNIT ( ) );
#9345 = DIRECTION ( 'NONE',  ( -1.000000000000000000, -1.602884491802569361E-15, 2.711709361697226329E-31 ) ) ;
#9346 =( NAMED_UNIT ( * ) PLANE_ANGLE_UNIT ( ) SI_UNIT ( $, .RADIAN. ) );
#9347 = DIRECTION ( 'NONE',  ( 1.594929680954394613E-15, -0.9950371902099890420, 0.09950371902100052512 ) ) ;
#9348 = DIMENSIONAL_EXPONENTS ( 1.000000000000000000, 0.0000000000000000000, 0.0000000000000000000, 0.0000000000000000000, 0.0000000000000000000, 0.0000000000000000000, 0.0000000000000000000 ) ;
#9349 = CIRCLE ( 'NONE', #7656, 0.02460629921259844047 ) ;
#9350 = PLANE ( 'NONE',  #5850 ) ;
#9351 = ORIENTED_EDGE ( 'NONE', *, *, #6608, .T. ) ;
#9352 = VECTOR ( 'NONE', #2427, 39.37007874015748854 ) ;
#9354 = DIRECTION ( 'NONE',  ( -1.000000000000000000, -1.602884491802569361E-15, 2.711709361697226329E-31 ) ) ;
#9353 = DIMENSIONAL_EXPONENTS ( 1.000000000000000000, 0.0000000000000000000, 0.0000000000000000000, 0.0000000000000000000, 0.0000000000000000000, 0.0000000000000000000, 0.0000000000000000000 ) ;
#9355 = DIRECTION ( 'NONE',  ( -1.000000000000000000, -1.602884491802569361E-15, 2.711709361697226329E-31 ) ) ;
#9356 = CARTESIAN_POINT ( 'NONE',  ( -0.1499999999999997446, -0.1564960629921259005, -0.3864173228346452493 ) ) ;
#9357 =( CONVERSION_BASED_UNIT ( 'INCH', #5807 ) LENGTH_UNIT ( ) NAMED_UNIT ( #7768 ) );
#9358 =( GEOMETRIC_REPRESENTATION_CONTEXT ( 3 ) GLOBAL_UNCERTAINTY_ASSIGNED_CONTEXT ( ( #7951 ) ) GLOBAL_UNIT_ASSIGNED_CONTEXT ( ( #8851, #9618, #5241 ) ) REPRESENTATION_CONTEXT ( 'NONE', 'WORKASPACE' ) );
#9359 =( NAMED_UNIT ( * ) PLANE_ANGLE_UNIT ( ) SI_UNIT ( $, .RADIAN. ) );
#9360 = CARTESIAN_POINT ( 'NONE',  ( 0.1464566929133862272, -0.1722440944881885871, 0.1151574803149611470 ) ) ;
#9361 = SURFACE_SIDE_STYLE ('',( #9132 ) ) ;
#9362 = FILL_AREA_STYLE ('',( #5866 ) ) ;
#9363 = EDGE_LOOP ( 'NONE', ( #1623, #10175, #8751, #6835 ) ) ;
#9364 = VECTOR ( 'NONE', #687, 39.37007874015748143 ) ;
#9365 = ORIENTED_EDGE ( 'NONE', *, *, #3836, .F. ) ;
#9366 = CARTESIAN_POINT ( 'NONE',  ( 0.06929133858267698398, 0.1269685039370082591, 0.02455597819984248892 ) ) ;
#9367 = VECTOR ( 'NONE', #930, 39.37007874015748143 ) ;
#9368 = ORIENTED_EDGE ( 'NONE', *, *, #10712, .F. ) ;
#9369 = ORIENTED_EDGE ( 'NONE', *, *, #1890, .T. ) ;
#9370 = DIRECTION ( 'NONE',  ( -1.000000000000000000, -1.602884491802569361E-15, 2.711709361697226329E-31 ) ) ;
#9371 =( NAMED_UNIT ( * ) SI_UNIT ( $, .STERADIAN. ) SOLID_ANGLE_UNIT ( ) );
#9372 = PRESENTATION_STYLE_ASSIGNMENT (( #6725 ) ) ;
#9373 = DIRECTION ( 'NONE',  ( -0.7956271577886172564, -2.392722035830079268E-15, -0.6057866173738132298 ) ) ;
#9374 = SURFACE_STYLE_USAGE ( .BOTH. , #9308 ) ;
#9375 = ORIENTED_EDGE ( 'NONE', *, *, #5175, .F. ) ;
#9376 = CARTESIAN_POINT ( 'NONE',  ( -0.007480314960630246417, 0.1998031496062995238, -0.09586614173228362457 ) ) ;
#9377 = SURFACE_STYLE_USAGE ( .BOTH. , #4886 ) ;
#9378 = ADVANCED_FACE ( 'NONE', ( #6612 ), #7210, .T. ) ;
#9379 = UNCERTAINTY_MEASURE_WITH_UNIT (LENGTH_MEASURE( 1.000000000000000082E-05 ), #10266, 'distance_accuracy_value', 'NONE');
#9380 = CARTESIAN_POINT ( 'NONE',  ( -2.057162640966502078E-16, 0.1269685039370080093, 0.05413385826771650866 ) ) ;
#9381 = SURFACE_STYLE_FILL_AREA ( #5830 ) ;
#9382 = DIRECTION ( 'NONE',  ( 1.000000000000000000, 1.602884491802569361E-15, -2.711709361697224578E-31 ) ) ;
#9383 = SURFACE_STYLE_FILL_AREA ( #11207 ) ;
#9384 = LINE ( 'NONE', #8434, #9220 ) ;
#9385 = VERTEX_POINT ( 'NONE', #1950 ) ;
#9386 = LINE ( 'NONE', #6857, #1721 ) ;
#9387 = CLOSED_SHELL ( 'NONE', ( #5191, #9196, #3162, #10556, #5538, #1718, #8149, #7535 ) ) ;
#9388 = SURFACE_SIDE_STYLE ('',( #1412 ) ) ;
#9389 = VECTOR ( 'NONE', #4511, 39.37007874015748143 ) ;
#9390 = EDGE_CURVE ( 'NONE', #4930, #10866, #10748, .T. ) ;
#9391 = EDGE_LOOP ( 'NONE', ( #6663, #995, #8268, #2803, #183, #1569 ) ) ;
#9392 = EDGE_LOOP ( 'NONE', ( #10012, #9505, #212, #8800 ) ) ;
#9393 = EDGE_CURVE ( 'NONE', #5491, #2908, #63, .T. ) ;
#9394 = CARTESIAN_POINT ( 'NONE',  ( 0.06018589945968472882, 0.2037401574803152926, -0.01628826166439385770 ) ) ;
#9395 =( NAMED_UNIT ( * ) PLANE_ANGLE_UNIT ( ) SI_UNIT ( $, .RADIAN. ) );
#9396 = PRESENTATION_LAYER_ASSIGNMENT (  '', '', ( #1922 ) ) ;
#9397 = VECTOR ( 'NONE', #1819, 39.37007874015748143 ) ;
#9398 = DIRECTION ( 'NONE',  ( 2.348093788196917952E-30, -1.644517855226018450E-15, -1.000000000000000000 ) ) ;
#9399 =( NAMED_UNIT ( * ) PLANE_ANGLE_UNIT ( ) SI_UNIT ( $, .RADIAN. ) );
#9400 = CARTESIAN_POINT ( 'NONE',  ( 0.06018589945968479821, 0.1564960629921265112, -0.3663385826771655140 ) ) ;
#9401 = LENGTH_MEASURE_WITH_UNIT ( LENGTH_MEASURE( 0.02539999999999999897 ), #10990 );
#9402 = FACE_OUTER_BOUND ( 'NONE', #9391, .T. ) ;
#9403 = EDGE_CURVE ( 'NONE', #1011, #5124, #10958, .T. ) ;
#9404 = TOROIDAL_SURFACE ( 'NONE', #10851, 0.02854330708661417110, 0.003937007874015747977 ) ;
#9405 = EDGE_CURVE ( 'NONE', #2544, #7938, #1770, .T. ) ;
#9406 =( GEOMETRIC_REPRESENTATION_CONTEXT ( 3 ) GLOBAL_UNCERTAINTY_ASSIGNED_CONTEXT ( ( #5245 ) ) GLOBAL_UNIT_ASSIGNED_CONTEXT ( ( #7330, #228, #7389 ) ) REPRESENTATION_CONTEXT ( 'NONE', 'WORKASPACE' ) );
#9407 = CIRCLE ( 'NONE', #4014, 0.005168431248992122300 ) ;
#9408 = ORIENTED_EDGE ( 'NONE', *, *, #10024, .F. ) ;
#9409 = PLANE ( 'NONE',  #648 ) ;
#9410 = SURFACE_SIDE_STYLE ('',( #10256 ) ) ;
#9411 =( CONVERSION_BASED_UNIT ( 'INCH', #7533 ) LENGTH_UNIT ( ) NAMED_UNIT ( #9557 ) );
#9412 = COLOUR_RGB ( '',1.000000000000000000, 1.000000000000000000, 1.000000000000000000 ) ;
#9413 = DIRECTION ( 'NONE',  ( -1.000000000000000000, -1.602884491802569361E-15, 2.711709361697226329E-31 ) ) ;
#9414 = SURFACE_STYLE_FILL_AREA ( #5038 ) ;
#9415 = ORIENTED_EDGE ( 'NONE', *, *, #373, .T. ) ;
#9416 = EDGE_CURVE ( 'NONE', #1186, #1860, #4600, .T. ) ;
#9417 = ORIENTED_EDGE ( 'NONE', *, *, #5239, .T. ) ;
#9418 = TOROIDAL_SURFACE ( 'NONE', #1565, 0.005168431248992125769, 0.003937007874015747977 ) ;
#9419 = DIRECTION ( 'NONE',  ( 1.000000000000000000, 1.602884491802569361E-15, -2.711709361697226329E-31 ) ) ;
#9420 = VECTOR ( 'NONE', #1381, 39.37007874015748143 ) ;
#9421 = DIMENSIONAL_EXPONENTS ( 1.000000000000000000, 0.0000000000000000000, 0.0000000000000000000, 0.0000000000000000000, 0.0000000000000000000, 0.0000000000000000000, 0.0000000000000000000 ) ;
#9422 = VERTEX_POINT ( 'NONE', #115 ) ;
#9423 = VERTEX_POINT ( 'NONE', #8030 ) ;
#9424 = FILL_AREA_STYLE_COLOUR ( '', #6048 ) ;
#9425 = LENGTH_MEASURE_WITH_UNIT ( LENGTH_MEASURE( 0.02539999999999999897 ), #2113 );
#9426 = LINE ( 'NONE', #1395, #2715 ) ;
#9427 = CARTESIAN_POINT ( 'NONE',  ( 0.01934165959544861813, 0.1269685039370082313, -0.4162882616643938105 ) ) ;
#9428 = LENGTH_MEASURE_WITH_UNIT ( LENGTH_MEASURE( 0.02539999999999999897 ), #2347 );
#9429 = ORIENTED_EDGE ( 'NONE', *, *, #5090, .T. ) ;
#9430 = PRODUCT_DEFINITION_SHAPE ( 'NONE', 'NONE',  #8961 ) ;
#9431 = FILL_AREA_STYLE ('',( #8545 ) ) ;
#9432 = VECTOR ( 'NONE', #2927, 39.37007874015748143 ) ;
#9433 = PLANE ( 'NONE',  #9117 ) ;
#9434 = AXIS2_PLACEMENT_3D ( 'NONE', #10605, #6192, #9637 ) ;
#9435 = CARTESIAN_POINT ( 'NONE',  ( 0.01209712494559416970, 0.1998031496062996071, -0.1809599749661812418 ) ) ;
#9436 = UNCERTAINTY_MEASURE_WITH_UNIT (LENGTH_MEASURE( 1.000000000000000082E-05 ), #201, 'distance_accuracy_value', 'NONE');
#9437 = LINE ( 'NONE', #451, #9364 ) ;
#9438 = LINE ( 'NONE', #2299, #1359 ) ;
#9439 = CARTESIAN_POINT ( 'NONE',  ( -0.1464566929133855611, -0.1722440944881890035, -0.2068897637795270861 ) ) ;
#9440 = ORIENTED_EDGE ( 'NONE', *, *, #346, .F. ) ;
#9441 = CARTESIAN_POINT ( 'NONE',  ( 0.1464566929133855611, 0.2273622047244099609, -0.2458661417322836329 ) ) ;
#9442 = CIRCLE ( 'NONE', #4416, 0.003937007874015748844 ) ;
#9443 = ORIENTED_EDGE ( 'NONE', *, *, #11453, .T. ) ;
#9444 = FILL_AREA_STYLE ('',( #5839 ) ) ;
#9445 = ORIENTED_EDGE ( 'NONE', *, *, #7448, .T. ) ;
#9446 = VERTEX_POINT ( 'NONE', #11575 ) ;
#9447 = LINE ( 'NONE', #8565, #10413 ) ;
#9448 = DIRECTION ( 'NONE',  ( 1.602884491802569361E-15, -1.000000000000000000, 1.644517855226017859E-15 ) ) ;
#9449 = PRESENTATION_LAYER_ASSIGNMENT (  '', '', ( #4238 ) ) ;
#9450 = PLANE ( 'NONE',  #4140 ) ;
#9451 = LINE ( 'NONE', #8686, #6646 ) ;
#9452 = EDGE_CURVE ( 'NONE', #4930, #6584, #8959, .T. ) ;
#9453 = EDGE_LOOP ( 'NONE', ( #3860, #4142, #1307, #7920 ) ) ;
#9454 = DIRECTION ( 'NONE',  ( 1.594929680954394613E-15, -0.9950371902099890420, 0.09950371902100052512 ) ) ;
#9455 = CARTESIAN_POINT ( 'NONE',  ( 0.01934165959544861813, 0.1269685039370081758, -0.2253937007874016185 ) ) ;
#9456 = EDGE_CURVE ( 'NONE', #6875, #7499, #11157, .T. ) ;
#9457 = STYLED_ITEM ( 'NONE', ( #2974 ), #7168 ) ;
#9458 = FILL_AREA_STYLE_COLOUR ( '', #9572 ) ;
#9459 = EDGE_LOOP ( 'NONE', ( #3644, #730, #2078, #1211 ) ) ;
#9460 = DIRECTION ( 'NONE',  ( 0.0000000000000000000, 1.387778780781446464E-15, 1.000000000000000000 ) ) ;
#9461 = CARTESIAN_POINT ( 'NONE',  ( 0.06018589945968472882, 0.1998031496062997181, -0.2702755905511812773 ) ) ;
#9462 = DIRECTION ( 'NONE',  ( 1.000000000000000000, 1.602884491802569361E-15, -2.711709361697226329E-31 ) ) ;
#9463 = EDGE_CURVE ( 'NONE', #1564, #9868, #3051, .T. ) ;
#9464 = PLANE ( 'NONE',  #7748 ) ;
#9465 = FACE_OUTER_BOUND ( 'NONE', #10765, .T. ) ;
#9466 = EDGE_CURVE ( 'NONE', #10080, #6305, #5809, .T. ) ;
#9467 = PLANE ( 'NONE',  #664 ) ;
#9468 = LINE ( 'NONE', #4043, #3745 ) ;
#9469 = FILL_AREA_STYLE ('',( #7585 ) ) ;
#9470 = CARTESIAN_POINT ( 'NONE',  ( 0.06018589945968479821, 0.1564960629921263446, 0.1336614173228345692 ) ) ;
#9471 = CARTESIAN_POINT ( 'NONE',  ( 0.06929133858267698398, 0.1269685039370083424, -0.1663385826771653642 ) ) ;
#9472 = ORIENTED_EDGE ( 'NONE', *, *, #10232, .F. ) ;
#9473 = ORIENTED_EDGE ( 'NONE', *, *, #4737, .F. ) ;
#9474 = CARTESIAN_POINT ( 'NONE',  ( 0.1464566929133859496, -0.02263779527558996973, -0.3848425196850391861 ) ) ;
#9475 = DIMENSIONAL_EXPONENTS ( 1.000000000000000000, 0.0000000000000000000, 0.0000000000000000000, 0.0000000000000000000, 0.0000000000000000000, 0.0000000000000000000, 0.0000000000000000000 ) ;
#9476 = VERTEX_POINT ( 'NONE', #545 ) ;
#9477 = VERTEX_POINT ( 'NONE', #5915 ) ;
#9478 =( NAMED_UNIT ( * ) PLANE_ANGLE_UNIT ( ) SI_UNIT ( $, .RADIAN. ) );
#9479 = FACE_OUTER_BOUND ( 'NONE', #781, .T. ) ;
#9480 = CARTESIAN_POINT ( 'NONE',  ( 0.06018589945968484678, 0.1269685039370081758, -0.01628826166439373974 ) ) ;
#9481 =( CONVERSION_BASED_UNIT ( 'INCH', #3288 ) LENGTH_UNIT ( ) NAMED_UNIT ( #6851 ) );
#9482 = FACE_OUTER_BOUND ( 'NONE', #588, .T. ) ;
#9483 = ADVANCED_FACE ( 'NONE', ( #2219 ), #3278, .T. ) ;
#9484 = LENGTH_MEASURE_WITH_UNIT ( LENGTH_MEASURE( 0.02539999999999999897 ), #3175 );
#9485 = MECHANICAL_DESIGN_GEOMETRIC_PRESENTATION_REPRESENTATION (  '', ( #4643 ), #10757 ) ;
#9486 =( CONVERSION_BASED_UNIT ( 'INCH', #5928 ) LENGTH_UNIT ( ) NAMED_UNIT ( #5098 ) );
#9487 = VERTEX_POINT ( 'NONE', #9471 ) ;
#9488 = VECTOR ( 'NONE', #4745, 39.37007874015748143 ) ;
#9489 =( GEOMETRIC_REPRESENTATION_CONTEXT ( 3 ) GLOBAL_UNCERTAINTY_ASSIGNED_CONTEXT ( ( #4332 ) ) GLOBAL_UNIT_ASSIGNED_CONTEXT ( ( #8150, #1057, #6578 ) ) REPRESENTATION_CONTEXT ( 'NONE', 'WORKASPACE' ) );
#9490 = STYLED_ITEM ( 'NONE', ( #5106 ), #7736 ) ;
#9491 = UNCERTAINTY_MEASURE_WITH_UNIT (LENGTH_MEASURE( 1.000000000000000082E-05 ), #2360, 'distance_accuracy_value', 'NONE');
#9492 = DIRECTION ( 'NONE',  ( -0.7715274047096021270, -2.282905139954359211E-15, -0.6361960890968018090 ) ) ;
#9493 = AXIS2_PLACEMENT_3D ( 'NONE', #326, #10898, #2938 ) ;
#9494 = SURFACE_STYLE_USAGE ( .BOTH. , #9610 ) ;
#9495 = DIMENSIONAL_EXPONENTS ( 1.000000000000000000, 0.0000000000000000000, 0.0000000000000000000, 0.0000000000000000000, 0.0000000000000000000, 0.0000000000000000000, 0.0000000000000000000 ) ;
#9496 =( GEOMETRIC_REPRESENTATION_CONTEXT ( 3 ) GLOBAL_UNCERTAINTY_ASSIGNED_CONTEXT ( ( #5730 ) ) GLOBAL_UNIT_ASSIGNED_CONTEXT ( ( #6083, #9642, #8879 ) ) REPRESENTATION_CONTEXT ( 'NONE', 'WORKASPACE' ) );
#9497 = CARTESIAN_POINT ( 'NONE',  ( 0.1464566929133862272, -0.1722440944881884484, -0.4037401574803144988 ) ) ;
#9498 =( GEOMETRIC_REPRESENTATION_CONTEXT ( 3 ) GLOBAL_UNCERTAINTY_ASSIGNED_CONTEXT ( ( #768 ) ) GLOBAL_UNIT_ASSIGNED_CONTEXT ( ( #11298, #4222, #6657 ) ) REPRESENTATION_CONTEXT ( 'NONE', 'WORKASPACE' ) );
#9499 = DIMENSIONAL_EXPONENTS ( 1.000000000000000000, 0.0000000000000000000, 0.0000000000000000000, 0.0000000000000000000, 0.0000000000000000000, 0.0000000000000000000, 0.0000000000000000000 ) ;
#9500 = VERTEX_POINT ( 'NONE', #5092 ) ;
#9501 = MECHANICAL_DESIGN_GEOMETRIC_PRESENTATION_REPRESENTATION (  '', ( #6328 ), #8370 ) ;
#9502 = ORIENTED_EDGE ( 'NONE', *, *, #8467, .F. ) ;
#9503 = DIRECTION ( 'NONE',  ( -1.000000000000000000, -1.602884491802569361E-15, 2.878783784372901366E-31 ) ) ;
#9504 = VECTOR ( 'NONE', #1917, 39.37007874015748143 ) ;
#9505 = ORIENTED_EDGE ( 'NONE', *, *, #10282, .F. ) ;
#9506 = LINE ( 'NONE', #8681, #2800 ) ;
#9507 = DIRECTION ( 'NONE',  ( 1.000000000000000000, 1.602884491802569361E-15, 0.0000000000000000000 ) ) ;
#9508 = LENGTH_MEASURE_WITH_UNIT ( LENGTH_MEASURE( 0.02539999999999999897 ), #11164 );
#9509 = ORIENTED_EDGE ( 'NONE', *, *, #7877, .T. ) ;
#9510 = STYLED_ITEM ( 'NONE', ( #894 ), #9196 ) ;
#9511 = CARTESIAN_POINT ( 'NONE',  ( -0.1464566929133855888, -0.1407480314960630197, -0.2068897637795271138 ) ) ;
#9512 = LINE ( 'NONE', #4914, #4125 ) ;
#9513 = VECTOR ( 'NONE', #6498, 39.37007874015748854 ) ;
#9514 = EDGE_CURVE ( 'NONE', #1186, #9222, #4979, .T. ) ;
#9515 = ORIENTED_EDGE ( 'NONE', *, *, #5129, .F. ) ;
#9516 = ORIENTED_EDGE ( 'NONE', *, *, #5901, .T. ) ;
#9517 = VECTOR ( 'NONE', #3421, 39.37007874015748143 ) ;
#9518 = VECTOR ( 'NONE', #8072, 39.37007874015748143 ) ;
#9519 = FILL_AREA_STYLE_COLOUR ( '', #3122 ) ;
#9520 = DIRECTION ( 'NONE',  ( -1.000000000000000000, -1.602884491802569361E-15, 2.711709361697226329E-31 ) ) ;
#9521 = MECHANICAL_DESIGN_GEOMETRIC_PRESENTATION_REPRESENTATION (  '', ( #5243 ), #5058 ) ;
#9522 = SURFACE_SIDE_STYLE ('',( #11177 ) ) ;
#9523 = DIRECTION ( 'NONE',  ( -1.602884491802569361E-15, 1.000000000000000000, -1.644517855226017859E-15 ) ) ;
#9524 =( CONVERSION_BASED_UNIT ( 'INCH', #5200 ) LENGTH_UNIT ( ) NAMED_UNIT ( #4210 ) );
#9525 =( NAMED_UNIT ( * ) SI_UNIT ( $, .STERADIAN. ) SOLID_ANGLE_UNIT ( ) );
#9526 =( CONVERSION_BASED_UNIT ( 'INCH', #5969 ) LENGTH_UNIT ( ) NAMED_UNIT ( #5827 ) );
#9527 = FILL_AREA_STYLE ('',( #2502 ) ) ;
#9528 = PLANE ( 'NONE',  #3572 ) ;
#9529 = VECTOR ( 'NONE', #9704, 39.37007874015748143 ) ;
#9530 = STYLED_ITEM ( 'NONE', ( #3429 ), #6399 ) ;
#9531 = ORIENTED_EDGE ( 'NONE', *, *, #1372, .F. ) ;
#9532 = ADVANCED_FACE ( 'NONE', ( #8526 ), #9528, .T. ) ;
#9533 = FILL_AREA_STYLE_COLOUR ( '', #11380 ) ;
#9534 = EDGE_LOOP ( 'NONE', ( #11573, #4577, #850, #9038 ) ) ;
#9535 = EDGE_LOOP ( 'NONE', ( #6944, #6947, #4728, #350 ) ) ;
#9536 = FILL_AREA_STYLE_COLOUR ( '', #11418 ) ;
#9537 =( NAMED_UNIT ( * ) SI_UNIT ( $, .STERADIAN. ) SOLID_ANGLE_UNIT ( ) );
#9538 = CARTESIAN_POINT ( 'NONE',  ( -0.06889763779527563470, 0.008858267716535609890, 0.1702755905511812995 ) ) ;
#9539 = COLOUR_RGB ( '',1.000000000000000000, 1.000000000000000000, 1.000000000000000000 ) ;
#9540 = EDGE_CURVE ( 'NONE', #8638, #10053, #8941, .T. ) ;
#9541 =( NAMED_UNIT ( * ) PLANE_ANGLE_UNIT ( ) SI_UNIT ( $, .RADIAN. ) );
#9542 =( NAMED_UNIT ( * ) PLANE_ANGLE_UNIT ( ) SI_UNIT ( $, .RADIAN. ) );
#9543 = CARTESIAN_POINT ( 'NONE',  ( 0.1952755905511816270, -0.02263779527559005994, -0.006889763779527295282 ) ) ;
#9544 = MECHANICAL_DESIGN_GEOMETRIC_PRESENTATION_REPRESENTATION (  '', ( #7296 ), #7851 ) ;
#9545 = DIRECTION ( 'NONE',  ( 1.602884491802569361E-15, -1.000000000000000000, 1.644517855226017859E-15 ) ) ;
#9546 = ORIENTED_EDGE ( 'NONE', *, *, #2736, .F. ) ;
#9547 = CARTESIAN_POINT ( 'NONE',  ( 0.06429804372452725680, 0.2037401574803154314, -0.1785749882836221991 ) ) ;
#9548 = SURFACE_STYLE_USAGE ( .BOTH. , #6042 ) ;
#9549 = PLANE ( 'NONE',  #1162 ) ;
#9550 = MECHANICAL_DESIGN_GEOMETRIC_PRESENTATION_REPRESENTATION (  '', ( #3015 ), #9358 ) ;
#9551 = EDGE_CURVE ( 'NONE', #6972, #1690, #7870, .T. ) ;
#9552 = EDGE_CURVE ( 'NONE', #7873, #6295, #1672, .T. ) ;
#9553 = CARTESIAN_POINT ( 'NONE',  ( -0.007480314960630246417, 0.1998031496062994683, 0.004133858267716384455 ) ) ;
#9554 = DIRECTION ( 'NONE',  ( 1.000000000000000000, 1.602884491802569361E-15, 0.0000000000000000000 ) ) ;
#9555 = DIRECTION ( 'NONE',  ( 1.602884491802569361E-15, -1.000000000000000000, 1.644517855226017859E-15 ) ) ;
#9556 =( NAMED_UNIT ( * ) PLANE_ANGLE_UNIT ( ) SI_UNIT ( $, .RADIAN. ) );
#9557 = DIMENSIONAL_EXPONENTS ( 1.000000000000000000, 0.0000000000000000000, 0.0000000000000000000, 0.0000000000000000000, 0.0000000000000000000, 0.0000000000000000000, 0.0000000000000000000 ) ;
#9558 = AXIS2_PLACEMENT_3D ( 'NONE', #9980, #2046, #9125 ) ;
#9559 = DIRECTION ( 'NONE',  ( 1.000000000000000000, 1.602884491802569361E-15, -2.711709361697226329E-31 ) ) ;
#9560 = CARTESIAN_POINT ( 'NONE',  ( 0.1535433070866143168, -0.02263779527559001831, -0.1848425196850391194 ) ) ;
#9561 = VERTEX_POINT ( 'NONE', #5389 ) ;
#9562 = CARTESIAN_POINT ( 'NONE',  ( 0.06018589945968478433, 0.1643700787401578822, 0.03366141732283455673 ) ) ;
#9563 = DIRECTION ( 'NONE',  ( -1.000000000000000000, -1.602884491802569361E-15, 2.711709361697226329E-31 ) ) ;
#9564 = SURFACE_STYLE_USAGE ( .BOTH. , #11387 ) ;
#9565 = EDGE_CURVE ( 'NONE', #6088, #8413, #6085, .T. ) ;
#9566 = MECHANICAL_DESIGN_GEOMETRIC_PRESENTATION_REPRESENTATION (  '', ( #7860 ), #8622 ) ;
#9567 = ORIENTED_EDGE ( 'NONE', *, *, #7525, .T. ) ;
#9568 =( NAMED_UNIT ( * ) SI_UNIT ( $, .STERADIAN. ) SOLID_ANGLE_UNIT ( ) );
#9569 = CARTESIAN_POINT ( 'NONE',  ( 0.1952755905511816270, -0.02263779527559002525, -0.1068897637795273164 ) ) ;
#9570 = PLANE ( 'NONE',  #4517 ) ;
#9571 = CARTESIAN_POINT ( 'NONE',  ( 0.01934165959544861813, 0.1269685039370082591, -0.2754440218001575347 ) ) ;
#9572 = COLOUR_RGB ( '',1.000000000000000000, 1.000000000000000000, 1.000000000000000000 ) ;
#9573 = ORIENTED_EDGE ( 'NONE', *, *, #7506, .F. ) ;
#9574 = DIMENSIONAL_EXPONENTS ( 1.000000000000000000, 0.0000000000000000000, 0.0000000000000000000, 0.0000000000000000000, 0.0000000000000000000, 0.0000000000000000000, 0.0000000000000000000 ) ;
#9575 = FILL_AREA_STYLE ('',( #11530 ) ) ;
#9576 = DIMENSIONAL_EXPONENTS ( 1.000000000000000000, 0.0000000000000000000, 0.0000000000000000000, 0.0000000000000000000, 0.0000000000000000000, 0.0000000000000000000, 0.0000000000000000000 ) ;
#9577 = ORIENTED_EDGE ( 'NONE', *, *, #1816, .T. ) ;
#9578 = VECTOR ( 'NONE', #997, 39.37007874015748143 ) ;
#9579 = PRESENTATION_LAYER_ASSIGNMENT (  '', '', ( #7146 ) ) ;
#9580 = ORIENTED_EDGE ( 'NONE', *, *, #4824, .F. ) ;
#9581 = CARTESIAN_POINT ( 'NONE',  ( -0.06929133858267749746, 0.1958661417322837550, -0.06633858267716551127 ) ) ;
#9582 = LINE ( 'NONE', #10431, #8973 ) ;
#9583 =( LENGTH_UNIT ( ) NAMED_UNIT ( * ) SI_UNIT ( $, .METRE. ) );
#9584 = DIRECTION ( 'NONE',  ( 2.348093788196917952E-30, -1.644517855226018450E-15, -1.000000000000000000 ) ) ;
#9585 = DIRECTION ( 'NONE',  ( -1.000000000000000000, -1.602884491801855442E-15, 4.339543524116999257E-13 ) ) ;
#9586 = CARTESIAN_POINT ( 'NONE',  ( -0.06929133858267740032, 0.1269685039370080371, 0.1336614173228346247 ) ) ;
#9587 = ADVANCED_FACE ( 'NONE', ( #11357 ), #3398, .T. ) ;
#9588 =( GEOMETRIC_REPRESENTATION_CONTEXT ( 3 ) GLOBAL_UNCERTAINTY_ASSIGNED_CONTEXT ( ( #2311 ) ) GLOBAL_UNIT_ASSIGNED_CONTEXT ( ( #3296, #10280, #1227 ) ) REPRESENTATION_CONTEXT ( 'NONE', 'WORKASPACE' ) );
#9590 = DIRECTION ( 'NONE',  ( -1.602884491802569361E-15, 1.000000000000000000, -1.644517855226017859E-15 ) ) ;
#9589 = VECTOR ( 'NONE', #9138, 39.37007874015748143 ) ;
#9591 = ORIENTED_EDGE ( 'NONE', *, *, #1667, .T. ) ;
#9592 = CARTESIAN_POINT ( 'NONE',  ( -0.1464566929133857831, -0.02263779527559050750, -0.3068897637795273137 ) ) ;
#9593 = ORIENTED_EDGE ( 'NONE', *, *, #2170, .T. ) ;
#9594 = ORIENTED_EDGE ( 'NONE', *, *, #7674, .F. ) ;
#9595 = AXIS2_PLACEMENT_3D ( 'NONE', #810, #6918, #4304 ) ;
#9596 = VECTOR ( 'NONE', #9153, 39.37007874015748143 ) ;
#9597 = FACE_OUTER_BOUND ( 'NONE', #516, .T. ) ;
#9598 = DIRECTION ( 'NONE',  ( -6.762023144706918568E-10, 1.000000000000000000, 8.919191143228396171E-14 ) ) ;
#9599 = ORIENTED_EDGE ( 'NONE', *, *, #3963, .T. ) ;
#9600 = EDGE_CURVE ( 'NONE', #7455, #6586, #5333, .T. ) ;
#9601 = CARTESIAN_POINT ( 'NONE',  ( 0.01934165959544855914, 0.1643700787401577990, 0.02455597819984241953 ) ) ;
#9602 = PRESENTATION_STYLE_ASSIGNMENT (( #9548 ) ) ;
#9603 = VECTOR ( 'NONE', #8362, 39.37007874015748143 ) ;
#9604 = EDGE_CURVE ( 'NONE', #6579, #9024, #8060, .T. ) ;
#9605 =( NAMED_UNIT ( * ) PLANE_ANGLE_UNIT ( ) SI_UNIT ( $, .RADIAN. ) );
#9606 = FACE_OUTER_BOUND ( 'NONE', #5211, .T. ) ;
#9607 = CARTESIAN_POINT ( 'NONE',  ( -0.1499999999999997446, -0.1564960629921260116, -0.2053149606299208008 ) ) ;
#9608 = SURFACE_STYLE_USAGE ( .BOTH. , #2652 ) ;
#9609 = AXIS2_PLACEMENT_3D ( 'NONE', #9480, #3287, #11191 ) ;
#9610 = SURFACE_SIDE_STYLE ('',( #8552 ) ) ;
#9611 = COLOUR_RGB ( '',0.7607843137254901578, 0.7607843137254901578, 0.0000000000000000000 ) ;
#9612 = FILL_AREA_STYLE_COLOUR ( '', #10498 ) ;
#9613 = EDGE_CURVE ( 'NONE', #6749, #8255, #3581, .T. ) ;
#9614 = ADVANCED_FACE ( 'NONE', ( #10663 ), #10976, .T. ) ;
#9615 = ORIENTED_EDGE ( 'NONE', *, *, #3541, .F. ) ;
#9616 = CARTESIAN_POINT ( 'NONE',  ( 0.06929133858267687296, 0.1958661417322839493, -0.1663385826771654752 ) ) ;
#9617 = CARTESIAN_POINT ( 'NONE',  ( -0.1464566929133855611, -0.1722440944881890312, -0.1037401574803144821 ) ) ;
#9618 =( NAMED_UNIT ( * ) PLANE_ANGLE_UNIT ( ) SI_UNIT ( $, .RADIAN. ) );
#9619 = STYLED_ITEM ( 'NONE', ( #7770 ), #1967 ) ;
#9620 = ORIENTED_EDGE ( 'NONE', *, *, #2962, .T. ) ;
#9621 = LENGTH_MEASURE_WITH_UNIT ( LENGTH_MEASURE( 0.02539999999999999897 ), #8918 );
#9622 = LINE ( 'NONE', #583, #527 ) ;
#9623 = SURFACE_STYLE_USAGE ( .BOTH. , #5429 ) ;
#9624 = FILL_AREA_STYLE_COLOUR ( '', #8708 ) ;
#9625 =( GEOMETRIC_REPRESENTATION_CONTEXT ( 3 ) GLOBAL_UNCERTAINTY_ASSIGNED_CONTEXT ( ( #393 ) ) GLOBAL_UNIT_ASSIGNED_CONTEXT ( ( #4271, #2624, #3272 ) ) REPRESENTATION_CONTEXT ( 'NONE', 'WORKASPACE' ) );
#9626 = EDGE_CURVE ( 'NONE', #4387, #8768, #5622, .T. ) ;
#9627 = ORIENTED_EDGE ( 'NONE', *, *, #4760, .F. ) ;
#9628 = DIRECTION ( 'NONE',  ( -2.364801230464485631E-30, 1.644517855226018450E-15, 1.000000000000000000 ) ) ;
#9629 = LENGTH_MEASURE_WITH_UNIT ( LENGTH_MEASURE( 0.02539999999999999897 ), #2431 );
#9630 = CARTESIAN_POINT ( 'NONE',  ( 0.01209712494559023188, 0.1998031496062995238, -0.1107723084983663203 ) ) ;
#9631 = ORIENTED_EDGE ( 'NONE', *, *, #4386, .T. ) ;
#9632 =( CONVERSION_BASED_UNIT ( 'INCH', #5025 ) LENGTH_UNIT ( ) NAMED_UNIT ( #6124 ) );
#9633 = ORIENTED_EDGE ( 'NONE', *, *, #4124, .F. ) ;
#9634 = PRESENTATION_STYLE_ASSIGNMENT (( #10372 ) ) ;
#9635 =( LENGTH_UNIT ( ) NAMED_UNIT ( * ) SI_UNIT ( $, .METRE. ) );
#9636 = CARTESIAN_POINT ( 'NONE',  ( 0.06889763779527559306, 0.008858267716535823261, 0.1624015748031497619 ) ) ;
#9637 = DIRECTION ( 'NONE',  ( -2.348093788196917952E-30, 1.644517855226018450E-15, 1.000000000000000000 ) ) ;
#9638 = LINE ( 'NONE', #5138, #6859 ) ;
#9639 = SURFACE_STYLE_USAGE ( .BOTH. , #2627 ) ;
#9640 = DIRECTION ( 'NONE',  ( 1.000000000000000000, 1.875148439272792120E-15, 0.0000000000000000000 ) ) ;
#9641 = PLANE ( 'NONE',  #4996 ) ;
#9642 =( NAMED_UNIT ( * ) PLANE_ANGLE_UNIT ( ) SI_UNIT ( $, .RADIAN. ) );
#9643 = TOROIDAL_SURFACE ( 'NONE', #1597, 0.005168431248992125769, 0.003937007874015747977 ) ;
#9644 = SURFACE_STYLE_USAGE ( .BOTH. , #5205 ) ;
#9645 = ORIENTED_EDGE ( 'NONE', *, *, #6265, .F. ) ;
#9646 = LENGTH_MEASURE_WITH_UNIT ( LENGTH_MEASURE( 0.02539999999999999897 ), #6946 );
#9647 = ORIENTED_EDGE ( 'NONE', *, *, #3612, .T. ) ;
#9648 = ORIENTED_EDGE ( 'NONE', *, *, #9885, .F. ) ;
#9649 = DIRECTION ( 'NONE',  ( 1.594929680954395007E-15, -0.9950371902099891530, -0.09950371902099724997 ) ) ;
#9650 = VECTOR ( 'NONE', #2144, 39.37007874015748143 ) ;
#9651 = COLOUR_RGB ( '',0.7607843137254901578, 0.7607843137254901578, 0.0000000000000000000 ) ;
#9652 = DIRECTION ( 'NONE',  ( 0.7213327287317043979, 1.723857615967890355E-17, -0.6925886906819034294 ) ) ;
#9653 = DIRECTION ( 'NONE',  ( -1.000000000000000000, -1.602884491802569361E-15, 2.711709361697226329E-31 ) ) ;
#9654 = SURFACE_SIDE_STYLE ('',( #2511 ) ) ;
#9655 = SURFACE_STYLE_FILL_AREA ( #6153 ) ;
#9656 =( NAMED_UNIT ( * ) SI_UNIT ( $, .STERADIAN. ) SOLID_ANGLE_UNIT ( ) );
#9657 = COLOUR_RGB ( '',0.7607843137254901578, 0.7607843137254901578, 0.0000000000000000000 ) ;
#9658 = FILL_AREA_STYLE_COLOUR ( '', #951 ) ;
#9659 = EDGE_LOOP ( 'NONE', ( #10172, #813, #2983, #11420 ) ) ;
#9660 = CYLINDRICAL_SURFACE ( 'NONE', #10668, 0.009105439123007878083 ) ;
#9661 = EDGE_CURVE ( 'NONE', #5491, #2995, #10993, .T. ) ;
#9662 = DIRECTION ( 'NONE',  ( 0.7213327287317047309, 1.723857615967974480E-17, -0.6925886906819032074 ) ) ;
#9663 = VECTOR ( 'NONE', #3495, 39.37007874015748143 ) ;
#9664 = CARTESIAN_POINT ( 'NONE',  ( 0.06018589945968472882, 0.1998031496062996348, -0.07027559055118126619 ) ) ;
#9665 = UNCERTAINTY_MEASURE_WITH_UNIT (LENGTH_MEASURE( 1.000000000000000082E-05 ), #358, 'distance_accuracy_value', 'NONE');
#9666 = CARTESIAN_POINT ( 'NONE',  ( -0.06929133858267740032, 0.1269685039370081203, -0.1663385826771653642 ) ) ;
#9667 = SURFACE_STYLE_FILL_AREA ( #8844 ) ;
#9668 = CARTESIAN_POINT ( 'NONE',  ( 0.1535433070866143168, -0.02263779527559016402, 0.09311023622047270853 ) ) ;
#9669 = DIRECTION ( 'NONE',  ( 0.7956271577883997637, 0.0000000000000000000, -0.6057866173740987792 ) ) ;
#9670 = EDGE_LOOP ( 'NONE', ( #35, #9473, #10474, #29 ) ) ;
#9671 = AXIS2_PLACEMENT_3D ( 'NONE', #10812, #1776, #5488 ) ;
#9672 = DIRECTION ( 'NONE',  ( 2.364801230464485631E-30, -1.644517855226018450E-15, -1.000000000000000000 ) ) ;
#9673 = MECHANICAL_DESIGN_GEOMETRIC_PRESENTATION_REPRESENTATION (  '', ( #4079 ), #5582 ) ;
#9674 = AXIS2_PLACEMENT_3D ( 'NONE', #5325, #2626, #3509 ) ;
#9675 = EDGE_CURVE ( 'NONE', #2855, #6596, #7831, .T. ) ;
#9676 = EDGE_CURVE ( 'NONE', #3442, #5725, #4799, .T. ) ;
#9677 = FACE_OUTER_BOUND ( 'NONE', #726, .T. ) ;
#9678 = DIRECTION ( 'NONE',  ( -1.602884491802569361E-15, 1.000000000000000000, -1.644517855226017859E-15 ) ) ;
#9679 = DIRECTION ( 'NONE',  ( 1.602884491802569361E-15, -1.000000000000000000, 1.548860246407864322E-15 ) ) ;
#9680 = COLOUR_RGB ( '',0.7607843137254901578, 0.7607843137254901578, 0.0000000000000000000 ) ;
#9681 = VERTEX_POINT ( 'NONE', #247 ) ;
#9682 = VERTEX_POINT ( 'NONE', #2920 ) ;
#9683 = CARTESIAN_POINT ( 'NONE',  ( 0.1535433070866145389, -0.1722440944881885316, -0.08799212598425146248 ) ) ;
#9684 = SURFACE_STYLE_FILL_AREA ( #6928 ) ;
#9685 = ORIENTED_EDGE ( 'NONE', *, *, #8467, .T. ) ;
#9686 = CARTESIAN_POINT ( 'NONE',  ( 0.06429804372452725680, 0.2037401574803153759, 0.02142501171637779464 ) ) ;
#9687 = VECTOR ( 'NONE', #2561, 39.37007874015748143 ) ;
#9688 = ORIENTED_EDGE ( 'NONE', *, *, #10492, .F. ) ;
#9689 = EDGE_CURVE ( 'NONE', #7603, #9794, #9341, .T. ) ;
#9690 =( LENGTH_UNIT ( ) NAMED_UNIT ( * ) SI_UNIT ( $, .METRE. ) );
#9691 = EDGE_CURVE ( 'NONE', #7430, #9385, #522, .T. ) ;
#9692 = ORIENTED_EDGE ( 'NONE', *, *, #1805, .T. ) ;
#9693 = CARTESIAN_POINT ( 'NONE',  ( 0.1464566929133862272, -0.1722440944881885316, -0.08799212598425146248 ) ) ;
#9694 =( LENGTH_UNIT ( ) NAMED_UNIT ( * ) SI_UNIT ( $, .METRE. ) );
#9695 = UNCERTAINTY_MEASURE_WITH_UNIT (LENGTH_MEASURE( 1.000000000000000082E-05 ), #1898, 'distance_accuracy_value', 'NONE');
#9696 = CARTESIAN_POINT ( 'NONE',  ( 0.01209712494559023188, 0.1998031496062995793, -0.3107723084983662898 ) ) ;
#9697 = STYLED_ITEM ( 'NONE', ( #4896 ), #9243 ) ;
#9698 = CARTESIAN_POINT ( 'NONE',  ( 0.01934165962243668963, 0.1998031496062995516, 0.1336614173228345137 ) ) ;
#9699 = AXIS2_PLACEMENT_3D ( 'NONE', #10276, #498, #4119 ) ;
#9700 = DIRECTION ( 'NONE',  ( 1.000000000000000000, 1.602884491802764604E-15, 1.187510765328999591E-13 ) ) ;
#9701 = FILL_AREA_STYLE ('',( #4335 ) ) ;
#9702 = CARTESIAN_POINT ( 'NONE',  ( -0.1535433070866141225, -0.02263779527559047974, -0.4068897637795272915 ) ) ;
#9703 = DIRECTION ( 'NONE',  ( 1.000000000000000000, 1.602884491802569361E-15, -2.711709361697226329E-31 ) ) ;
#9704 = DIRECTION ( 'NONE',  ( 2.047204322355081778E-10, 1.000000000000000000, 2.688782288034447080E-10 ) ) ;
#9705 = ORIENTED_EDGE ( 'NONE', *, *, #1753, .T. ) ;
#9706 = ORIENTED_EDGE ( 'NONE', *, *, #5287, .F. ) ;
#9707 = AXIS2_PLACEMENT_3D ( 'NONE', #5089, #5808, #1332 ) ;
#9708 = LINE ( 'NONE', #1688, #11202 ) ;
#9709 = ORIENTED_EDGE ( 'NONE', *, *, #10298, .T. ) ;
#9710 = ORIENTED_EDGE ( 'NONE', *, *, #8676, .T. ) ;
#9711 = CYLINDRICAL_SURFACE ( 'NONE', #11468, 0.02460629921259841271 ) ;
#9712 = LENGTH_MEASURE_WITH_UNIT ( LENGTH_MEASURE( 0.02539999999999999897 ), #6149 );
#9713 = DIMENSIONAL_EXPONENTS ( 1.000000000000000000, 0.0000000000000000000, 0.0000000000000000000, 0.0000000000000000000, 0.0000000000000000000, 0.0000000000000000000, 0.0000000000000000000 ) ;
#9714 = CARTESIAN_POINT ( 'NONE',  ( -0.1535433070866139282, -0.1407480314960630197, -0.1848425196850389252 ) ) ;
#9715 = AXIS2_PLACEMENT_3D ( 'NONE', #4629, #8168, #7293 ) ;
#9716 = LENGTH_MEASURE_WITH_UNIT ( LENGTH_MEASURE( 0.02539999999999999897 ), #9772 );
#9717 = CARTESIAN_POINT ( 'NONE',  ( 0.06018589945968472882, 0.1998031496062997459, -0.3702755905511813106 ) ) ;
#9718 = LENGTH_MEASURE_WITH_UNIT ( LENGTH_MEASURE( 0.02539999999999999897 ), #6269 );
#9719 =( NAMED_UNIT ( * ) SI_UNIT ( $, .STERADIAN. ) SOLID_ANGLE_UNIT ( ) );
#9720 = AXIS2_PLACEMENT_3D ( 'NONE', #2926, #4531, #2703 ) ;
#9721 = FILL_AREA_STYLE ('',( #3471 ) ) ;
#9722 = UNCERTAINTY_MEASURE_WITH_UNIT (LENGTH_MEASURE( 1.000000000000000082E-05 ), #981, 'distance_accuracy_value', 'NONE');
#9723 = ORIENTED_EDGE ( 'NONE', *, *, #11335, .F. ) ;
#9724 = DIRECTION ( 'NONE',  ( 1.499671914429180214E-11, -1.000000000000000000, 1.644517855226017859E-15 ) ) ;
#9725 = AXIS2_PLACEMENT_3D ( 'NONE', #1789, #134, #7230 ) ;
#9726 =( LENGTH_UNIT ( ) NAMED_UNIT ( * ) SI_UNIT ( $, .METRE. ) );
#9727 = DIRECTION ( 'NONE',  ( -0.7956271577887850110, 0.0000000000000000000, 0.6057866173735928506 ) ) ;
#9728 = FACE_OUTER_BOUND ( 'NONE', #11498, .T. ) ;
#9729 = FACE_OUTER_BOUND ( 'NONE', #2595, .T. ) ;
#9730 = CARTESIAN_POINT ( 'NONE',  ( 0.06743043410952725969, 0.1998031496062996903, -0.1809599749661812418 ) ) ;
#9731 =( NAMED_UNIT ( * ) SI_UNIT ( $, .STERADIAN. ) SOLID_ANGLE_UNIT ( ) );
#9732 = ORIENTED_EDGE ( 'NONE', *, *, #3184, .F. ) ;
#9733 = LINE ( 'NONE', #1710, #329 ) ;
#9734 = EDGE_CURVE ( 'NONE', #3608, #11343, #302, .T. ) ;
#9735 = DIRECTION ( 'NONE',  ( -1.602884491802569361E-15, 1.000000000000000000, -1.644517855226017859E-15 ) ) ;
#9736 = CARTESIAN_POINT ( 'NONE',  ( 0.06018589943043277379, 0.1998031496062996903, -0.06633858267716551127 ) ) ;
#9737 = STYLED_ITEM ( 'NONE', ( #9830 ), #10556 ) ;
#9738 = FILL_AREA_STYLE_COLOUR ( '', #226 ) ;
#9739 = FACE_OUTER_BOUND ( 'NONE', #239, .T. ) ;
#9740 = SURFACE_SIDE_STYLE ('',( #1003 ) ) ;
#9741 = VERTEX_POINT ( 'NONE', #10021 ) ;
#9742 = VERTEX_POINT ( 'NONE', #2814 ) ;
#9743 = VERTEX_POINT ( 'NONE', #3917 ) ;
#9744 = PLANE ( 'NONE',  #7976 ) ;
#9745 = SURFACE_SIDE_STYLE ('',( #6071 ) ) ;
#9746 = EDGE_CURVE ( 'NONE', #10080, #5920, #9054, .T. ) ;
#9747 = ORIENTED_EDGE ( 'NONE', *, *, #4264, .F. ) ;
#9748 = PRESENTATION_LAYER_ASSIGNMENT (  '', '', ( #6574 ) ) ;
#9749 = EDGE_CURVE ( 'NONE', #8331, #8273, #5992, .T. ) ;
#9750 = VERTEX_POINT ( 'NONE', #90 ) ;
#9751 = VERTEX_POINT ( 'NONE', #5620 ) ;
#9752 = CARTESIAN_POINT ( 'NONE',  ( 0.06929133858267698398, 0.1269685039370083701, -0.2663385826771654252 ) ) ;
#9753 = DIRECTION ( 'NONE',  ( 1.602884491802569361E-15, -1.000000000000000000, 1.644517855226017859E-15 ) ) ;
#9754 = AXIS2_PLACEMENT_3D ( 'NONE', #6256, #4526, #9813 ) ;
#9755 = SURFACE_STYLE_FILL_AREA ( #836 ) ;
#9756 = SURFACE_SIDE_STYLE ('',( #1615 ) ) ;
#9757 = FILL_AREA_STYLE_COLOUR ( '', #7445 ) ;
#9758 = EDGE_CURVE ( 'NONE', #4106, #1664, #1857, .T. ) ;
#9759 = EDGE_CURVE ( 'NONE', #4953, #4387, #9114, .T. ) ;
#9760 = PLANE ( 'NONE',  #4664 ) ;
#9761 =( NAMED_UNIT ( * ) SI_UNIT ( $, .STERADIAN. ) SOLID_ANGLE_UNIT ( ) );
#9762 = VERTEX_POINT ( 'NONE', #4684 ) ;
#9763 = MECHANICAL_DESIGN_GEOMETRIC_PRESENTATION_REPRESENTATION (  '', ( #3795 ), #5101 ) ;
#9764 = MECHANICAL_DESIGN_GEOMETRIC_PRESENTATION_REPRESENTATION (  '', ( #1536 ), #3425 ) ;
#9765 = ORIENTED_EDGE ( 'NONE', *, *, #6739, .F. ) ;
#9766 = ORIENTED_EDGE ( 'NONE', *, *, #9337, .T. ) ;
#9767 = ORIENTED_EDGE ( 'NONE', *, *, #10914, .T. ) ;
#9768 = CARTESIAN_POINT ( 'NONE',  ( -2.057162640966502078E-16, 0.1269685039370081203, -0.2458661417322835219 ) ) ;
#9769 = CARTESIAN_POINT ( 'NONE',  ( 0.1464566929133859496, -0.02263779527559000096, -0.4068897637795272915 ) ) ;
#9770 =( LENGTH_UNIT ( ) NAMED_UNIT ( * ) SI_UNIT ( $, .METRE. ) );
#9771 = AXIS2_PLACEMENT_3D ( 'NONE', #6751, #2365, #11162 ) ;
#9772 =( LENGTH_UNIT ( ) NAMED_UNIT ( * ) SI_UNIT ( $, .METRE. ) );
#9773 = CARTESIAN_POINT ( 'NONE',  ( 0.08700787401574773539, 0.1998031496062996903, -0.1958661417322836440 ) ) ;
#9774 = ADVANCED_FACE ( 'NONE', ( #195 ), #5508, .T. ) ;
#9775 = SURFACE_STYLE_USAGE ( .BOTH. , #10790 ) ;
#9776 = AXIS2_PLACEMENT_3D ( 'NONE', #3013, #6576, #4834 ) ;
#9777 = ORIENTED_EDGE ( 'NONE', *, *, #7, .T. ) ;
#9778 = DIRECTION ( 'NONE',  ( -1.000000000000000000, -1.602884491802569361E-15, 2.878783784372901366E-31 ) ) ;
#9779 = CYLINDRICAL_SURFACE ( 'NONE', #6707, 0.02460629921259843006 ) ;
#9780 = DIRECTION ( 'NONE',  ( -0.6057866173735902970, -2.279429041416054056E-15, -0.7956271577887871205 ) ) ;
#9781 = CARTESIAN_POINT ( 'NONE',  ( 0.01934165959544850363, 0.1998031496062995516, -0.2162882616643938549 ) ) ;
#9782 = UNCERTAINTY_MEASURE_WITH_UNIT (LENGTH_MEASURE( 1.000000000000000082E-05 ), #4570, 'distance_accuracy_value', 'NONE');
#9783 = CARTESIAN_POINT ( 'NONE',  ( 0.1535433070866145389, -0.1722440944881884206, -0.3879921259842515346 ) ) ;
#9784 = DIRECTION ( 'NONE',  ( -1.000000000000000000, -1.602884491802569361E-15, 2.711709361697226329E-31 ) ) ;
#9785 = CARTESIAN_POINT ( 'NONE',  ( 0.06743043410952725969, 0.1998031496062996071, -0.1107723084983623790 ) ) ;
#9786 =( GEOMETRIC_REPRESENTATION_CONTEXT ( 3 ) GLOBAL_UNCERTAINTY_ASSIGNED_CONTEXT ( ( #407 ) ) GLOBAL_UNIT_ASSIGNED_CONTEXT ( ( #18, #5713, #4718 ) ) REPRESENTATION_CONTEXT ( 'NONE', 'WORKASPACE' ) );
#9787 = ORIENTED_EDGE ( 'NONE', *, *, #3414, .T. ) ;
#9788 = DIRECTION ( 'NONE',  ( 0.0000000000000000000, 0.0000000000000000000, 1.000000000000000000 ) ) ;
#9789 = STYLED_ITEM ( 'NONE', ( #626 ), #1752 ) ;
#9790 = MECHANICAL_DESIGN_GEOMETRIC_PRESENTATION_REPRESENTATION (  '', ( #2318 ), #1757 ) ;
#9791 = DIRECTION ( 'NONE',  ( -2.348093788196917952E-30, 1.644517855226018450E-15, 1.000000000000000000 ) ) ;
#9792 = UNCERTAINTY_MEASURE_WITH_UNIT (LENGTH_MEASURE( 1.000000000000000082E-05 ), #4096, 'distance_accuracy_value', 'NONE');
#9793 = CARTESIAN_POINT ( 'NONE',  ( -0.1464566929133857831, -0.02263779527559060811, -0.006889763779527295282 ) ) ;
#9794 = VERTEX_POINT ( 'NONE', #1019 ) ;
#9795 = DIRECTION ( 'NONE',  ( 9.631373050316002764E-14, -1.644517855225863834E-15, -1.000000000000000000 ) ) ;
#9796 =( GEOMETRIC_REPRESENTATION_CONTEXT ( 3 ) GLOBAL_UNCERTAINTY_ASSIGNED_CONTEXT ( ( #1834 ) ) GLOBAL_UNIT_ASSIGNED_CONTEXT ( ( #1806, #977, #1146 ) ) REPRESENTATION_CONTEXT ( 'NONE', 'WORKASPACE' ) );
#9797 = ORIENTED_EDGE ( 'NONE', *, *, #5435, .T. ) ;
#9798 = CARTESIAN_POINT ( 'NONE',  ( 0.01522951533058629695, 0.1998031496062994405, 0.08684270481906283812 ) ) ;
#9799 = EDGE_LOOP ( 'NONE', ( #3885, #8498, #1778, #5094, #11255, #2649 ) ) ;
#9800 = EDGE_LOOP ( 'NONE', ( #6787, #1399, #669, #10747 ) ) ;
#9801 = EDGE_CURVE ( 'NONE', #5493, #4506, #4735, .T. ) ;
#9802 = FACE_OUTER_BOUND ( 'NONE', #9158, .T. ) ;
#9803 = VECTOR ( 'NONE', #2555, 39.37007874015748143 ) ;
#9804 = UNCERTAINTY_MEASURE_WITH_UNIT (LENGTH_MEASURE( 1.000000000000000082E-05 ), #6058, 'distance_accuracy_value', 'NONE');
#9805 = LINE ( 'NONE', #5554, #817 ) ;
#9806 = LENGTH_MEASURE_WITH_UNIT ( LENGTH_MEASURE( 0.02539999999999999897 ), #9002 );
#9807 = FILL_AREA_STYLE ('',( #6249 ) ) ;
#9808 = SURFACE_STYLE_FILL_AREA ( #6250 ) ;
#9809 = ORIENTED_EDGE ( 'NONE', *, *, #5500, .T. ) ;
#9810 = MECHANICAL_DESIGN_GEOMETRIC_PRESENTATION_REPRESENTATION (  '', ( #3290 ), #10530 ) ;
#9811 = ORIENTED_EDGE ( 'NONE', *, *, #3995, .T. ) ;
#9812 = VERTEX_POINT ( 'NONE', #8454 ) ;
#9813 = DIRECTION ( 'NONE',  ( -0.7956271577887870095, 0.0000000000000000000, 0.6057866173735900750 ) ) ;
#9814 = ORIENTED_EDGE ( 'NONE', *, *, #6436, .F. ) ;
#9815 = ORIENTED_EDGE ( 'NONE', *, *, #10731, .T. ) ;
#9816 = PRESENTATION_STYLE_ASSIGNMENT (( #7064 ) ) ;
#9817 = EDGE_CURVE ( 'NONE', #9812, #9751, #10250, .T. ) ;
#9818 = FILL_AREA_STYLE_COLOUR ( '', #9824 ) ;
#9819 = EDGE_CURVE ( 'NONE', #10355, #5899, #1489, .T. ) ;
#9820 = CARTESIAN_POINT ( 'NONE',  ( 0.1948818897637796532, -0.05413385826771593967, 0.1820866141732286614 ) ) ;
#9821 = DIRECTION ( 'NONE',  ( -1.602884491802569361E-15, 1.000000000000000000, -1.644517855226017859E-15 ) ) ;
#9822 = DIRECTION ( 'NONE',  ( -2.348093788196917952E-30, 1.644517855226018450E-15, 1.000000000000000000 ) ) ;
#9823 = CIRCLE ( 'NONE', #8701, 0.003937007874015724558 ) ;
#9824 = COLOUR_RGB ( '',1.000000000000000000, 1.000000000000000000, 1.000000000000000000 ) ;
#9825 = EDGE_CURVE ( 'NONE', #455, #1741, #9512, .T. ) ;
#9826 = DIRECTION ( 'NONE',  ( 1.602884491802569361E-15, -1.000000000000000000, 1.644517855226017859E-15 ) ) ;
#9827 =( LENGTH_UNIT ( ) NAMED_UNIT ( * ) SI_UNIT ( $, .METRE. ) );
#9828 = DIRECTION ( 'NONE',  ( -1.594929680954394613E-15, 0.9950371902099890420, -0.09950371902100052512 ) ) ;
#9829 = VECTOR ( 'NONE', #8459, 39.37007874015748143 ) ;
#9830 = PRESENTATION_STYLE_ASSIGNMENT (( #9071 ) ) ;
#9831 = UNCERTAINTY_MEASURE_WITH_UNIT (LENGTH_MEASURE( 1.000000000000000082E-05 ), #472, 'distance_accuracy_value', 'NONE');
#9832 = ORIENTED_EDGE ( 'NONE', *, *, #9758, .F. ) ;
#9833 =( CONVERSION_BASED_UNIT ( 'INCH', #2836 ) LENGTH_UNIT ( ) NAMED_UNIT ( #4647 ) );
#9834 = EDGE_CURVE ( 'NONE', #4874, #8343, #5737, .T. ) ;
#9835 = LENGTH_MEASURE_WITH_UNIT ( LENGTH_MEASURE( 0.02539999999999999897 ), #3826 );
#9836 = CARTESIAN_POINT ( 'NONE',  ( -0.06929133858267744195, 0.1564960629921261781, -0.3253937007874017628 ) ) ;
#9837 = SURFACE_STYLE_USAGE ( .BOTH. , #2324 ) ;
#9838 = PRESENTATION_STYLE_ASSIGNMENT (( #2842 ) ) ;
#9839 = EDGE_LOOP ( 'NONE', ( #8848, #5373, #5838, #3197 ) ) ;
#9840 = DIRECTION ( 'NONE',  ( 2.348093788196917952E-30, -1.644517855226018450E-15, -1.000000000000000000 ) ) ;
#9841 = LINE ( 'NONE', #9617, #3228 ) ;
#9842 = DIRECTION ( 'NONE',  ( -6.234788562956082048E-10, -1.000000000000000000, -8.959562889578396700E-14 ) ) ;
#9843 =( NAMED_UNIT ( * ) PLANE_ANGLE_UNIT ( ) SI_UNIT ( $, .RADIAN. ) );
#9844 =( CONVERSION_BASED_UNIT ( 'INCH', #7161 ) LENGTH_UNIT ( ) NAMED_UNIT ( #1095 ) );
#9845 = DIRECTION ( 'NONE',  ( 0.0000000000000000000, 1.875148439272792120E-15, 1.000000000000000000 ) ) ;
#9846 = LINE ( 'NONE', #10754, #2518 ) ;
#9847 = COLOUR_RGB ( '',1.000000000000000000, 1.000000000000000000, 1.000000000000000000 ) ;
#9848 = DIRECTION ( 'NONE',  ( -1.000000000000000000, -1.602884491802569361E-15, 2.711709361697226329E-31 ) ) ;
#9849 = MECHANICAL_DESIGN_GEOMETRIC_PRESENTATION_REPRESENTATION (  '', ( #2379 ), #5193 ) ;
#9850 = LENGTH_MEASURE_WITH_UNIT ( LENGTH_MEASURE( 0.02539999999999999897 ), #5433 );
#9851 = VECTOR ( 'NONE', #6708, 39.37007874015748143 ) ;
#9852 = ORIENTED_EDGE ( 'NONE', *, *, #4265, .F. ) ;
#9853 =( CONVERSION_BASED_UNIT ( 'INCH', #6406 ) LENGTH_UNIT ( ) NAMED_UNIT ( #3382 ) );
#9854 = STYLED_ITEM ( 'NONE', ( #3817 ), #7953 ) ;
#9855 = ORIENTED_EDGE ( 'NONE', *, *, #8469, .F. ) ;
#9856 = FILL_AREA_STYLE ('',( #900 ) ) ;
#9857 = ORIENTED_EDGE ( 'NONE', *, *, #5161, .F. ) ;
#9858 = AXIS2_PLACEMENT_3D ( 'NONE', #9239, #3814, #1205 ) ;
#9859 =( NAMED_UNIT ( * ) SI_UNIT ( $, .STERADIAN. ) SOLID_ANGLE_UNIT ( ) );
#9860 =( NAMED_UNIT ( * ) SI_UNIT ( $, .STERADIAN. ) SOLID_ANGLE_UNIT ( ) );
#9861 = DIRECTION ( 'NONE',  ( 1.602884491802569361E-15, -1.000000000000000000, 1.644517855226017859E-15 ) ) ;
#9862 = LINE ( 'NONE', #2918, #11139 ) ;
#9863 =( NAMED_UNIT ( * ) SI_UNIT ( $, .STERADIAN. ) SOLID_ANGLE_UNIT ( ) );
#9864 = DIRECTION ( 'NONE',  ( 2.348093788196917952E-30, -1.644517855226018450E-15, -1.000000000000000000 ) ) ;
#9865 = ORIENTED_EDGE ( 'NONE', *, *, #2677, .F. ) ;
#9866 = EDGE_CURVE ( 'NONE', #10371, #8904, #1424, .T. ) ;
#9867 = EDGE_LOOP ( 'NONE', ( #9007, #6598, #7036, #1262 ) ) ;
#9868 = VERTEX_POINT ( 'NONE', #10184 ) ;
#9869 = CARTESIAN_POINT ( 'NONE',  ( 0.1535433070866144833, -0.1407480314960624923, -0.1848425196850389252 ) ) ;
#9870 = ORIENTED_EDGE ( 'NONE', *, *, #8258, .F. ) ;
#9871 = VECTOR ( 'NONE', #4326, 39.37007874015748143 ) ;
#9872 = ORIENTED_EDGE ( 'NONE', *, *, #3341, .T. ) ;
#9873 = COLOUR_RGB ( '',0.0000000000000000000, 0.0000000000000000000, 1.000000000000000000 ) ;
#9874 = CARTESIAN_POINT ( 'NONE',  ( 0.01934165959544849669, 0.2037401574803153481, -0.3162882616643938882 ) ) ;
#9875 = DIRECTION ( 'NONE',  ( -2.348093788196917952E-30, 1.644517855226018450E-15, 1.000000000000000000 ) ) ;
#9876 = FACE_OUTER_BOUND ( 'NONE', #9535, .T. ) ;
#9877 = LENGTH_MEASURE_WITH_UNIT ( LENGTH_MEASURE( 0.02539999999999999897 ), #3758 );
#9878 = VECTOR ( 'NONE', #9598, 39.37007874015748143 ) ;
#9879 = DIRECTION ( 'NONE',  ( 1.000000000000000000, 1.602884491802569361E-15, -2.711709361697226329E-31 ) ) ;
#9880 = SURFACE_STYLE_USAGE ( .BOTH. , #6319 ) ;
#9881 = SURFACE_SIDE_STYLE ('',( #9128 ) ) ;
#9882 =( NAMED_UNIT ( * ) SI_UNIT ( $, .STERADIAN. ) SOLID_ANGLE_UNIT ( ) );
#9883 = AXIS2_PLACEMENT_3D ( 'NONE', #10693, #2719, #11010 ) ;
#9884 = CIRCLE ( 'NONE', #9319, 0.009105439123007876348 ) ;
#9885 = EDGE_CURVE ( 'NONE', #1337, #1664, #10622, .T. ) ;
#9886 = ORIENTED_EDGE ( 'NONE', *, *, #11070, .F. ) ;
#9887 = ADVANCED_FACE ( 'NONE', ( #9402 ), #7692, .T. ) ;
#9888 = DIRECTION ( 'NONE',  ( 0.7956271577887867874, 0.0000000000000000000, -0.6057866173735906301 ) ) ;
#9889 =( NAMED_UNIT ( * ) PLANE_ANGLE_UNIT ( ) SI_UNIT ( $, .RADIAN. ) );
#9890 = PRESENTATION_STYLE_ASSIGNMENT (( #1039 ) ) ;
#9891 = SURFACE_SIDE_STYLE ('',( #1040 ) ) ;
#9892 = DIRECTION ( 'NONE',  ( -1.602884491802569361E-15, 1.000000000000000000, -1.644517855226017859E-15 ) ) ;
#9893 = ORIENTED_EDGE ( 'NONE', *, *, #5903, .F. ) ;
#9894 = CARTESIAN_POINT ( 'NONE',  ( 0.01209712494559034984, 0.1269685039370082313, -0.4107723084983662121 ) ) ;
#9895 = ADVANCED_FACE ( 'NONE', ( #3150 ), #8508, .F. ) ;
#9896 = EDGE_CURVE ( 'NONE', #3134, #4754, #2373, .T. ) ;
#9897 = FILL_AREA_STYLE ('',( #3725 ) ) ;
#9898 = VECTOR ( 'NONE', #7110, 39.37007874015748143 ) ;
#9899 = VECTOR ( 'NONE', #7854, 39.37007874015748854 ) ;
#9900 = CARTESIAN_POINT ( 'NONE',  ( 0.06929133858267698398, 0.1269685039370082036, -0.1253937007874016407 ) ) ;
#9901 = UNCERTAINTY_MEASURE_WITH_UNIT (LENGTH_MEASURE( 1.000000000000000082E-05 ), #771, 'distance_accuracy_value', 'NONE');
#9902 = COLOUR_RGB ( '',0.7607843137254901578, 0.7607843137254901578, 0.0000000000000000000 ) ;
#9903 = CARTESIAN_POINT ( 'NONE',  ( 0.01209712494558641202, 0.1269685039370081758, 0.01904002503381884912 ) ) ;
#9904 = CARTESIAN_POINT ( 'NONE',  ( 0.01934165959548794084, 0.1564960629921263446, -0.4253937007874017406 ) ) ;
#9905 = AXIS2_PLACEMENT_3D ( 'NONE', #10163, #10228, #5833 ) ;
#9906 = DIRECTION ( 'NONE',  ( -1.602884491802569361E-15, 1.000000000000000000, -1.644517855226017859E-15 ) ) ;
#9907 = EDGE_CURVE ( 'NONE', #8155, #6586, #3979, .T. ) ;
#9908 = EDGE_LOOP ( 'NONE', ( #11460, #11483, #8707, #2275 ) ) ;
#9909 = DIRECTION ( 'NONE',  ( 1.000000000000000000, 1.602884491802569361E-15, -2.711709361697226329E-31 ) ) ;
#9910 = VECTOR ( 'NONE', #8294, 39.37007874015748143 ) ;
#9911 = VERTEX_POINT ( 'NONE', #7745 ) ;
#9912 = PLANE ( 'NONE',  #11215 ) ;
#9913 = ORIENTED_EDGE ( 'NONE', *, *, #4471, .T. ) ;
#9914 = UNCERTAINTY_MEASURE_WITH_UNIT (LENGTH_MEASURE( 1.000000000000000082E-05 ), #4555, 'distance_accuracy_value', 'NONE');
#9915 = FILL_AREA_STYLE ('',( #6357 ) ) ;
#9916 = DIRECTION ( 'NONE',  ( -1.000000000000000000, -1.602884491802569361E-15, 2.711709361697226329E-31 ) ) ;
#9917 = DIRECTION ( 'NONE',  ( 1.594929680954395007E-15, -0.9950371902099891530, -0.09950371902099724997 ) ) ;
#9918 = CARTESIAN_POINT ( 'NONE',  ( 0.01934165962243668963, 0.1998031496062996071, -0.06633858267716551127 ) ) ;
#9919 = SURFACE_STYLE_USAGE ( .BOTH. , #246 ) ;
#9920 = CARTESIAN_POINT ( 'NONE',  ( 0.06429804372452725680, 0.1998031496062996903, -0.3131572951809450389 ) ) ;
#9921 = DIRECTION ( 'NONE',  ( -0.7956271577886178115, -2.392722035830080845E-15, -0.6057866173738124527 ) ) ;
#9922 = ORIENTED_EDGE ( 'NONE', *, *, #1590, .F. ) ;
#9923 = DIRECTION ( 'NONE',  ( 1.602884491802569361E-15, -1.000000000000000000, 1.644517855226017859E-15 ) ) ;
#9924 = CIRCLE ( 'NONE', #964, 0.009105439123007872879 ) ;
#9925 = ORIENTED_EDGE ( 'NONE', *, *, #9565, .F. ) ;
#9926 = CARTESIAN_POINT ( 'NONE',  ( -2.057162640966502078E-16, 0.1269685039370080093, 0.05413385826771650866 ) ) ;
#9927 = PLANE ( 'NONE',  #1765 ) ;
#9928 = CARTESIAN_POINT ( 'NONE',  ( 0.1464566929133859496, -0.02263779527559003565, -0.1848425196850391194 ) ) ;
#9929 = SURFACE_STYLE_USAGE ( .BOTH. , #9015 ) ;
#9930 = DIRECTION ( 'NONE',  ( 1.602884491802569361E-15, -1.000000000000000000, 1.644517855226017859E-15 ) ) ;
#9931 = CARTESIAN_POINT ( 'NONE',  ( 0.06018589945968472882, 0.1998031496062995793, -0.1162882616643938632 ) ) ;
#9932 = CIRCLE ( 'NONE', #5291, 0.02460629921259841965 ) ;
#9933 = SURFACE_STYLE_FILL_AREA ( #7076 ) ;
#9934 = ORIENTED_EDGE ( 'NONE', *, *, #3403, .F. ) ;
#9935 = CARTESIAN_POINT ( 'NONE',  ( 0.06929133858267698398, 0.1269685039370082036, -0.01628826166424806460 ) ) ;
#9936 = MECHANICAL_DESIGN_GEOMETRIC_PRESENTATION_REPRESENTATION (  '', ( #3059 ), #9588 ) ;
#9937 = TOROIDAL_SURFACE ( 'NONE', #9209, 0.02854330708661417110, 0.003937007874015747977 ) ;
#9938 =( NAMED_UNIT ( * ) SI_UNIT ( $, .STERADIAN. ) SOLID_ANGLE_UNIT ( ) );
#9939 = CARTESIAN_POINT ( 'NONE',  ( 0.06929133858267698398, 0.1269685039370083146, -0.3162882616642480604 ) ) ;
#9940 = FACE_OUTER_BOUND ( 'NONE', #7862, .T. ) ;
#9941 = ADVANCED_FACE ( 'NONE', ( #4151 ), #3206, .T. ) ;
#9942 =( NAMED_UNIT ( * ) PLANE_ANGLE_UNIT ( ) SI_UNIT ( $, .RADIAN. ) );
#9943 = DIRECTION ( 'NONE',  ( -2.348093788196917952E-30, 1.644517855226018450E-15, 1.000000000000000000 ) ) ;
#9944 = ORIENTED_EDGE ( 'NONE', *, *, #4915, .T. ) ;
#9945 = ADVANCED_FACE ( 'NONE', ( #8865 ), #11464, .T. ) ;
#9946 = LENGTH_MEASURE_WITH_UNIT ( LENGTH_MEASURE( 0.02539999999999999897 ), #1047 );
#9947 = DIRECTION ( 'NONE',  ( 2.255666698845082219E-10, 1.000000000000000000, -2.962197096095551764E-10 ) ) ;
#9948 = AXIS2_PLACEMENT_3D ( 'NONE', #9569, #8735, #3486 ) ;
#9949 = VECTOR ( 'NONE', #5756, 39.37007874015748143 ) ;
#9950 = EDGE_CURVE ( 'NONE', #6176, #7127, #530, .T. ) ;
#9951 = VECTOR ( 'NONE', #8025, 39.37007874015748143 ) ;
#9952 = ADVANCED_FACE ( 'NONE', ( #3498 ), #10650, .T. ) ;
#9953 = SURFACE_STYLE_FILL_AREA ( #4720 ) ;
#9954 = DIMENSIONAL_EXPONENTS ( 1.000000000000000000, 0.0000000000000000000, 0.0000000000000000000, 0.0000000000000000000, 0.0000000000000000000, 0.0000000000000000000, 0.0000000000000000000 ) ;
#9955 = ORIENTED_EDGE ( 'NONE', *, *, #6044, .T. ) ;
#9956 = EDGE_CURVE ( 'NONE', #10629, #4655, #827, .T. ) ;
#9957 = FACE_OUTER_BOUND ( 'NONE', #553, .T. ) ;
#9958 = ORIENTED_EDGE ( 'NONE', *, *, #8958, .T. ) ;
#9959 = CYLINDRICAL_SURFACE ( 'NONE', #1684, 0.003937007874015724558 ) ;
#9960 = COLOUR_RGB ( '',0.7607843137254901578, 0.7607843137254901578, 0.0000000000000000000 ) ;
#9961 =( GEOMETRIC_REPRESENTATION_CONTEXT ( 3 ) GLOBAL_UNCERTAINTY_ASSIGNED_CONTEXT ( ( #520 ) ) GLOBAL_UNIT_ASSIGNED_CONTEXT ( ( #6151, #9542, #559 ) ) REPRESENTATION_CONTEXT ( 'NONE', 'WORKASPACE' ) );
#9962 = ORIENTED_EDGE ( 'NONE', *, *, #5601, .T. ) ;
#9963 = CARTESIAN_POINT ( 'NONE',  ( -0.1464566929133855611, -0.1722440944881890035, -0.08484251968503886410 ) ) ;
#9964 = ORIENTED_EDGE ( 'NONE', *, *, #295, .F. ) ;
#9965 = ADVANCED_BREP_SHAPE_REPRESENTATION ( 'CUI_DEVICES_DS01-254-S-06BE', ( #349, #8017, #4441, #4229, #600, #4384, #8092, #4509, #4421, #8281, #8225, #8242, #8035, #5685 ), #227 ) ;
#9966 = EDGE_CURVE ( 'NONE', #10349, #8946, #4507, .T. ) ;
#9967 =( NAMED_UNIT ( * ) SI_UNIT ( $, .STERADIAN. ) SOLID_ANGLE_UNIT ( ) );
#9968 = LINE ( 'NONE', #2086, #1390 ) ;
#9969 = FACE_OUTER_BOUND ( 'NONE', #7238, .T. ) ;
#9970 = PRESENTATION_LAYER_ASSIGNMENT (  '', '', ( #9619 ) ) ;
#9971 = LINE ( 'NONE', #2865, #1076 ) ;
#9972 = FILL_AREA_STYLE ('',( #4624 ) ) ;
#9973 = CARTESIAN_POINT ( 'NONE',  ( 0.1500000000000003553, -0.1564960629921254565, -0.2864173228346452160 ) ) ;
#9974 = EDGE_LOOP ( 'NONE', ( #11448, #9986, #1188, #1568 ) ) ;
#9975 = AXIS2_PLACEMENT_3D ( 'NONE', #6413, #8874, #2027 ) ;
#9976 = CARTESIAN_POINT ( 'NONE',  ( 0.06929133858267692847, 0.1564960629921263724, -0.3253937007874017628 ) ) ;
#9977 = ORIENTED_EDGE ( 'NONE', *, *, #5500, .F. ) ;
#9978 = DIRECTION ( 'NONE',  ( -1.594929680954394613E-15, 0.9950371902099890420, -0.09950371902100052512 ) ) ;
#9979 = CARTESIAN_POINT ( 'NONE',  ( 0.06018589945968484678, 0.1269685039370083146, -0.06633858267716538637 ) ) ;
#9980 = CARTESIAN_POINT ( 'NONE',  ( 0.06018589945968484678, 0.1269685039370082036, 0.1245559781998425014 ) ) ;
#9981 =( LENGTH_UNIT ( ) NAMED_UNIT ( * ) SI_UNIT ( $, .METRE. ) );
#9982 = CARTESIAN_POINT ( 'NONE',  ( 0.1464566929133859496, -0.02263779527558996973, -0.3848425196850391861 ) ) ;
#9983 = COLOUR_RGB ( '',1.000000000000000000, 1.000000000000000000, 1.000000000000000000 ) ;
#9984 = ORIENTED_EDGE ( 'NONE', *, *, #11285, .T. ) ;
#9985 =( NAMED_UNIT ( * ) PLANE_ANGLE_UNIT ( ) SI_UNIT ( $, .RADIAN. ) );
#9986 = ORIENTED_EDGE ( 'NONE', *, *, #8676, .F. ) ;
#9987 = FILL_AREA_STYLE ('',( #1761 ) ) ;
#9988 = AXIS2_PLACEMENT_3D ( 'NONE', #9581, #3332, #1553 ) ;
#9989 =( CONVERSION_BASED_UNIT ( 'INCH', #6330 ) LENGTH_UNIT ( ) NAMED_UNIT ( #10826 ) );
#9990 = FACE_OUTER_BOUND ( 'NONE', #7789, .T. ) ;
#9991 = SURFACE_SIDE_STYLE ('',( #8249 ) ) ;
#9992 =( NAMED_UNIT ( * ) PLANE_ANGLE_UNIT ( ) SI_UNIT ( $, .RADIAN. ) );
#9993 =( NAMED_UNIT ( * ) SI_UNIT ( $, .STERADIAN. ) SOLID_ANGLE_UNIT ( ) );
#9994 = DIRECTION ( 'NONE',  ( 2.348093788196917952E-30, -1.644517855226018450E-15, -1.000000000000000000 ) ) ;
#9995 = CARTESIAN_POINT ( 'NONE',  ( 0.01934165959544861813, 0.1269685039370082313, -0.4253937007874016851 ) ) ;
#9996 = CARTESIAN_POINT ( 'NONE',  ( 0.1535433070866144833, -0.1407480314960624646, -0.4068897637795271804 ) ) ;
#9997 = ORIENTED_EDGE ( 'NONE', *, *, #3770, .T. ) ;
#9998 = COLOUR_RGB ( '',0.7607843137254901578, 0.7607843137254901578, 0.0000000000000000000 ) ;
#9999 = AXIS2_PLACEMENT_3D ( 'NONE', #5264, #7045, #8159 ) ;
#10000 = CARTESIAN_POINT ( 'NONE',  ( 0.08700787401574773539, 0.1998031496062997459, -0.3958661417322836829 ) ) ;
#10001 = DIRECTION ( 'NONE',  ( 0.1140686577440007121, 1.816622754153544183E-15, 0.9934728689403058421 ) ) ;
#10002 = EDGE_CURVE ( 'NONE', #10093, #1605, #6182, .T. ) ;
#10003 = DIRECTION ( 'NONE',  ( -1.602884491802569361E-15, 1.000000000000000000, -1.644517855226017859E-15 ) ) ;
#10004 = STYLED_ITEM ( 'NONE', ( #4128 ), #3359 ) ;
#10005 = UNCERTAINTY_MEASURE_WITH_UNIT (LENGTH_MEASURE( 1.000000000000000082E-05 ), #4908, 'distance_accuracy_value', 'NONE');
#10006 = FACE_OUTER_BOUND ( 'NONE', #2905, .T. ) ;
#10007 = DIRECTION ( 'NONE',  ( 6.254816746612918849E-10, -1.000000000000000000, 1.644517855226017859E-15 ) ) ;
#10008 = CARTESIAN_POINT ( 'NONE',  ( -0.1535433070866139282, -0.1407480314960631307, -0.006889763779527091452 ) ) ;
#10009 = ORIENTED_EDGE ( 'NONE', *, *, #1940, .F. ) ;
#10010 = ORIENTED_EDGE ( 'NONE', *, *, #1817, .T. ) ;
#10011 = EDGE_CURVE ( 'NONE', #5661, #7187, #1727, .T. ) ;
#10012 = ORIENTED_EDGE ( 'NONE', *, *, #4353, .T. ) ;
#10013 =( NAMED_UNIT ( * ) SI_UNIT ( $, .STERADIAN. ) SOLID_ANGLE_UNIT ( ) );
#10014 = ORIENTED_EDGE ( 'NONE', *, *, #8318, .T. ) ;
#10015 = EDGE_CURVE ( 'NONE', #6107, #7444, #2490, .T. ) ;
#10016 =( LENGTH_UNIT ( ) NAMED_UNIT ( * ) SI_UNIT ( $, .METRE. ) );
#10017 = UNCERTAINTY_MEASURE_WITH_UNIT (LENGTH_MEASURE( 1.000000000000000082E-05 ), #10216, 'distance_accuracy_value', 'NONE');
#10018 = CARTESIAN_POINT ( 'NONE',  ( 0.01934165959544861813, 0.1269685039370081203, -0.02539370078740161782 ) ) ;
#10019 = LINE ( 'NONE', #2866, #5932 ) ;
#10020 = FILL_AREA_STYLE ('',( #2812 ) ) ;
#10021 = CARTESIAN_POINT ( 'NONE',  ( 0.01934165959544861813, 0.1269685039370082036, -0.3253937007874017073 ) ) ;
#10022 = ORIENTED_EDGE ( 'NONE', *, *, #694, .F. ) ;
#10023 =( GEOMETRIC_REPRESENTATION_CONTEXT ( 3 ) GLOBAL_UNCERTAINTY_ASSIGNED_CONTEXT ( ( #7229 ) ) GLOBAL_UNIT_ASSIGNED_CONTEXT ( ( #9068, #1034, #4699 ) ) REPRESENTATION_CONTEXT ( 'NONE', 'WORKASPACE' ) );
#10024 = EDGE_CURVE ( 'NONE', #5661, #8652, #6073, .T. ) ;
#10025 = EDGE_CURVE ( 'NONE', #10866, #30, #2249, .T. ) ;
#10026 = PRESENTATION_LAYER_ASSIGNMENT (  '', '', ( #482 ) ) ;
#10027 = ORIENTED_EDGE ( 'NONE', *, *, #1372, .T. ) ;
#10028 = DIRECTION ( 'NONE',  ( 1.602884491802569361E-15, -1.000000000000000000, 1.644517855226018450E-15 ) ) ;
#10029 = CARTESIAN_POINT ( 'NONE',  ( 0.06018589945968484678, 0.1269685039370082313, 0.1336614173228346247 ) ) ;
#10030 = AXIS2_PLACEMENT_3D ( 'NONE', #9773, #9826, #858 ) ;
#10031 = DIRECTION ( 'NONE',  ( -0.7956271577887872315, 0.0000000000000000000, 0.6057866173735899640 ) ) ;
#10032 = CIRCLE ( 'NONE', #680, 0.02460629921259841965 ) ;
#10033 = CARTESIAN_POINT ( 'NONE',  ( 0.01209712494559034984, 0.1269685039370081203, -0.01077230849836617599 ) ) ;
#10034 = SURFACE_STYLE_USAGE ( .BOTH. , #6484 ) ;
#10035 = DIRECTION ( 'NONE',  ( -2.348093788196917952E-30, 1.644517855226018450E-15, 1.000000000000000000 ) ) ;
#10036 = DIRECTION ( 'NONE',  ( 1.594929680954395007E-15, -0.9950371902099891530, -0.09950371902099724997 ) ) ;
#10037 = STYLED_ITEM ( 'NONE', ( #5748 ), #5117 ) ;
#10038 = DIMENSIONAL_EXPONENTS ( 1.000000000000000000, 0.0000000000000000000, 0.0000000000000000000, 0.0000000000000000000, 0.0000000000000000000, 0.0000000000000000000, 0.0000000000000000000 ) ;
#10039 = STYLED_ITEM ( 'NONE', ( #8012 ), #4229 ) ;
#10040 = EDGE_LOOP ( 'NONE', ( #5396, #831, #10549, #1801 ) ) ;
#10041 = COLOUR_RGB ( '',0.7607843137254901578, 0.7607843137254901578, 0.0000000000000000000 ) ;
#10042 = PRESENTATION_STYLE_ASSIGNMENT (( #262 ) ) ;
#10043 = SURFACE_SIDE_STYLE ('',( #9755 ) ) ;
#10044 = SURFACE_SIDE_STYLE ('',( #1941 ) ) ;
#10045 = FILL_AREA_STYLE ('',( #7376 ) ) ;
#10046 = DIRECTION ( 'NONE',  ( -2.348093788196916901E-30, 1.644517855226017859E-15, 1.000000000000000000 ) ) ;
#10047 = CARTESIAN_POINT ( 'NONE',  ( -0.06929133858267749746, 0.1958661417322837273, -0.3253937007874017628 ) ) ;
#10048 = AXIS2_PLACEMENT_3D ( 'NONE', #6594, #11103, #2372 ) ;
#10050 = CARTESIAN_POINT ( 'NONE',  ( 0.1535433070866143168, -0.02263779527559002525, -0.3068897637795273137 ) ) ;
#10049 = VECTOR ( 'NONE', #9545, 39.37007874015748143 ) ;
#10051 =( NAMED_UNIT ( * ) PLANE_ANGLE_UNIT ( ) SI_UNIT ( $, .RADIAN. ) );
#10052 = LENGTH_MEASURE_WITH_UNIT ( LENGTH_MEASURE( 0.02539999999999999897 ), #4063 );
#10053 = VERTEX_POINT ( 'NONE', #9630 ) ;
#10054 = VECTOR ( 'NONE', #9306, 39.37007874015748143 ) ;
#10055 = PLANE ( 'NONE',  #3050 ) ;
#10056 = DIMENSIONAL_EXPONENTS ( 1.000000000000000000, 0.0000000000000000000, 0.0000000000000000000, 0.0000000000000000000, 0.0000000000000000000, 0.0000000000000000000, 0.0000000000000000000 ) ;
#10057 = MECHANICAL_DESIGN_GEOMETRIC_PRESENTATION_REPRESENTATION (  '', ( #160 ), #6906 ) ;
#10058 = CARTESIAN_POINT ( 'NONE',  ( -0.06929133858267740032, 0.1269685039370081203, -0.06633858267716538637 ) ) ;
#10059 = PLANE ( 'NONE',  #6045 ) ;
#10060 = CARTESIAN_POINT ( 'NONE',  ( 0.01934165959544850363, 0.1998031496062995793, -0.3162882616643938882 ) ) ;
#10061 = EDGE_CURVE ( 'NONE', #185, #2378, #10421, .T. ) ;
#10062 =( CONVERSION_BASED_UNIT ( 'INCH', #1306 ) LENGTH_UNIT ( ) NAMED_UNIT ( #7519 ) );
#10063 = VERTEX_POINT ( 'NONE', #7037 ) ;
#10064 = VECTOR ( 'NONE', #7414, 39.37007874015748143 ) ;
#10065 =( CONVERSION_BASED_UNIT ( 'INCH', #11034 ) LENGTH_UNIT ( ) NAMED_UNIT ( #5093 ) );
#10066 = EDGE_LOOP ( 'NONE', ( #3178, #4109, #7510, #7188 ) ) ;
#10067 = SURFACE_SIDE_STYLE ('',( #7284 ) ) ;
#10068 = VERTEX_POINT ( 'NONE', #9686 ) ;
#10069 = FACE_OUTER_BOUND ( 'NONE', #5145, .T. ) ;
#10070 = ORIENTED_EDGE ( 'NONE', *, *, #9338, .F. ) ;
#10071 = FACE_OUTER_BOUND ( 'NONE', #7142, .T. ) ;
#10072 = DIRECTION ( 'NONE',  ( 2.348093788196916901E-30, -1.644517855226017859E-15, -1.000000000000000000 ) ) ;
#10073 = AXIS2_PLACEMENT_3D ( 'NONE', #8726, #4303, #10461 ) ;
#10074 = EDGE_CURVE ( 'NONE', #10891, #5493, #9349, .T. ) ;
#10075 = CARTESIAN_POINT ( 'NONE',  ( 0.01934165959544861813, 0.1269685039370082591, -0.1663385826771653642 ) ) ;
#10076 = CARTESIAN_POINT ( 'NONE',  ( 0.01934165959543282173, 0.1564960629921263169, 0.03366141732283457061 ) ) ;
#10077 = EDGE_CURVE ( 'NONE', #8413, #2302, #7483, .T. ) ;
#10078 = VERTEX_POINT ( 'NONE', #1842 ) ;
#10079 = FILL_AREA_STYLE_COLOUR ( '', #7689 ) ;
#10080 = VERTEX_POINT ( 'NONE', #3788 ) ;
#10081 =( NAMED_UNIT ( * ) SI_UNIT ( $, .STERADIAN. ) SOLID_ANGLE_UNIT ( ) );
#10082 = CARTESIAN_POINT ( 'NONE',  ( 0.06018589946023603088, 0.1269685039370082313, -0.2253937007874016185 ) ) ;
#10083 = DIRECTION ( 'NONE',  ( 1.000000000000000000, 1.602884491802569361E-15, 0.0000000000000000000 ) ) ;
#10084 =( GEOMETRIC_REPRESENTATION_CONTEXT ( 3 ) GLOBAL_UNCERTAINTY_ASSIGNED_CONTEXT ( ( #5882 ) ) GLOBAL_UNIT_ASSIGNED_CONTEXT ( ( #802, #7667, #740 ) ) REPRESENTATION_CONTEXT ( 'NONE', 'WORKASPACE' ) );
#10085 = FILL_AREA_STYLE ('',( #6483 ) ) ;
#10086 = DIRECTION ( 'NONE',  ( 1.594929680954395007E-15, -0.9950371902099891530, -0.09950371902099724997 ) ) ;
#10087 = EDGE_CURVE ( 'NONE', #3520, #2359, #3624, .T. ) ;
#10088 = FILL_AREA_STYLE_COLOUR ( '', #551 ) ;
#10089 = ADVANCED_FACE ( 'NONE', ( #1907 ), #1125, .F. ) ;
#10090 = FILL_AREA_STYLE_COLOUR ( '', #11320 ) ;
#10091 = LINE ( 'NONE', #8349, #5616 ) ;
#10092 = SURFACE_SIDE_STYLE ('',( #3869 ) ) ;
#10093 = VERTEX_POINT ( 'NONE', #4561 ) ;
#10094 = MECHANICAL_DESIGN_GEOMETRIC_PRESENTATION_REPRESENTATION (  '', ( #1136 ), #6936 ) ;
#10095 = ORIENTED_EDGE ( 'NONE', *, *, #7948, .F. ) ;
#10096 = CARTESIAN_POINT ( 'NONE',  ( 0.1464566929133859496, -0.02263779527559010157, -0.1068897637795273164 ) ) ;
#10097 = VERTEX_POINT ( 'NONE', #3675 ) ;
#10098 = ORIENTED_EDGE ( 'NONE', *, *, #7227, .T. ) ;
#10099 = DIRECTION ( 'NONE',  ( 1.602884491802569361E-15, -1.000000000000000000, 1.644517855226017859E-15 ) ) ;
#10100 = FILL_AREA_STYLE_COLOUR ( '', #11426 ) ;
#10101 = ADVANCED_FACE ( 'NONE', ( #7223 ), #9959, .T. ) ;
#10102 = VECTOR ( 'NONE', #10996, 39.37007874015748143 ) ;
#10103 = LINE ( 'NONE', #7321, #8383 ) ;
#10104 = CARTESIAN_POINT ( 'NONE',  ( 0.1500000000000003553, -0.1564960629921254842, -0.1864173228346452105 ) ) ;
#10105 = VERTEX_POINT ( 'NONE', #3082 ) ;
#10106 = DIRECTION ( 'NONE',  ( 1.594929680954418377E-16, -0.09950371902100052512, -0.9950371902099890420 ) ) ;
#10107 = MECHANICAL_DESIGN_GEOMETRIC_PRESENTATION_REPRESENTATION (  '', ( #8637 ), #2286 ) ;
#10108 = DIRECTION ( 'NONE',  ( -1.594929680954394613E-15, 0.9950371902099890420, -0.09950371902100052512 ) ) ;
#10109 = DIRECTION ( 'NONE',  ( -2.364801230464485631E-30, 1.644517855226018450E-15, 1.000000000000000000 ) ) ;
#10110 = CARTESIAN_POINT ( 'NONE',  ( 0.1464566929133862272, -0.1722440944881885871, -0.003740157480314449702 ) ) ;
#10111 = LENGTH_MEASURE_WITH_UNIT ( LENGTH_MEASURE( 0.02539999999999999897 ), #341 );
#10112 = AXIS2_PLACEMENT_3D ( 'NONE', #9356, #7792, #10086 ) ;
#10113 = COLOUR_RGB ( '',0.0000000000000000000, 0.0000000000000000000, 1.000000000000000000 ) ;
#10114 = ORIENTED_EDGE ( 'NONE', *, *, #7244, .T. ) ;
#10115 = ORIENTED_EDGE ( 'NONE', *, *, #1888, .F. ) ;
#10116 = DIRECTION ( 'NONE',  ( 1.594929680954371539E-16, -0.09950371902099727772, 0.9950371902099893751 ) ) ;
#10117 = ORIENTED_EDGE ( 'NONE', *, *, #3341, .F. ) ;
#10118 = TOROIDAL_SURFACE ( 'NONE', #4372, 0.005168431248992125769, 0.003937007874015747977 ) ;
#10119 = ORIENTED_EDGE ( 'NONE', *, *, #5747, .F. ) ;
#10120 = UNCERTAINTY_MEASURE_WITH_UNIT (LENGTH_MEASURE( 1.000000000000000082E-05 ), #10437, 'distance_accuracy_value', 'NONE');
#10121 = LINE ( 'NONE', #1252, #5351 ) ;
#10122 = FILL_AREA_STYLE_COLOUR ( '', #2742 ) ;
#10123 = SURFACE_STYLE_USAGE ( .BOTH. , #5735 ) ;
#10124 = SURFACE_SIDE_STYLE ('',( #528 ) ) ;
#10125 = AXIS2_PLACEMENT_3D ( 'NONE', #8612, #5883, #507 ) ;
#10126 = CIRCLE ( 'NONE', #6419, 0.003937007874015740171 ) ;
#10127 = DIMENSIONAL_EXPONENTS ( 1.000000000000000000, 0.0000000000000000000, 0.0000000000000000000, 0.0000000000000000000, 0.0000000000000000000, 0.0000000000000000000, 0.0000000000000000000 ) ;
#10128 = ADVANCED_FACE ( 'NONE', ( #8330 ), #7457, .T. ) ;
#10129 = LINE ( 'NONE', #2151, #1914 ) ;
#10130 = ORIENTED_EDGE ( 'NONE', *, *, #2450, .T. ) ;
#10131 = COLOUR_RGB ( '',1.000000000000000000, 1.000000000000000000, 1.000000000000000000 ) ;
#10133 = CARTESIAN_POINT ( 'NONE',  ( -0.06929133858267744195, 0.1564960629921261781, 0.03366141732283457061 ) ) ;
#10132 = DIMENSIONAL_EXPONENTS ( 1.000000000000000000, 0.0000000000000000000, 0.0000000000000000000, 0.0000000000000000000, 0.0000000000000000000, 0.0000000000000000000, 0.0000000000000000000 ) ;
#10134 = SURFACE_SIDE_STYLE ('',( #3987 ) ) ;
#10135 = SURFACE_SIDE_STYLE ('',( #8461 ) ) ;
#10136 = CARTESIAN_POINT ( 'NONE',  ( -2.057162640966502078E-16, 0.1269685039370080926, -0.1458661417322834886 ) ) ;
#10137 = FACE_OUTER_BOUND ( 'NONE', #7312, .T. ) ;
#10138 =( NAMED_UNIT ( * ) PLANE_ANGLE_UNIT ( ) SI_UNIT ( $, .RADIAN. ) );
#10139 = DIRECTION ( 'NONE',  ( 1.602884491802569361E-15, -1.000000000000000000, 1.644517855226018450E-15 ) ) ;
#10140 = LINE ( 'NONE', #5036, #8021 ) ;
#10141 = DIRECTION ( 'NONE',  ( -2.348093788196917952E-30, 1.644517855226018450E-15, 1.000000000000000000 ) ) ;
#10142 = FILL_AREA_STYLE_COLOUR ( '', #2806 ) ;
#10143 = VERTEX_POINT ( 'NONE', #5724 ) ;
#10144 = EDGE_LOOP ( 'NONE', ( #7257, #4403, #11093, #2254 ) ) ;
#10145 = ADVANCED_FACE ( 'NONE', ( #8441 ), #3965, .F. ) ;
#10146 =( NAMED_UNIT ( * ) PLANE_ANGLE_UNIT ( ) SI_UNIT ( $, .RADIAN. ) );
#10147 = EDGE_CURVE ( 'NONE', #4547, #10615, #948, .T. ) ;
#10148 = ORIENTED_EDGE ( 'NONE', *, *, #2434, .F. ) ;
#10149 = ORIENTED_EDGE ( 'NONE', *, *, #10230, .F. ) ;
#10150 = DIRECTION ( 'NONE',  ( 2.348093788196917952E-30, -1.644517855226018450E-15, -1.000000000000000000 ) ) ;
#10151 =( NAMED_UNIT ( * ) SI_UNIT ( $, .STERADIAN. ) SOLID_ANGLE_UNIT ( ) );
#10152 = ADVANCED_FACE ( 'NONE', ( #10980 ), #11096, .F. ) ;
#10153 = DIRECTION ( 'NONE',  ( -1.602884491802569361E-15, 1.000000000000000000, -1.644517855226017859E-15 ) ) ;
#10154 = CARTESIAN_POINT ( 'NONE',  ( 0.06929133858267698398, 0.1269685039370082036, -0.01628826166424806460 ) ) ;
#10155 = COLOUR_RGB ( '',0.7607843137254901578, 0.7607843137254901578, 0.0000000000000000000 ) ;
#10156 = EDGE_LOOP ( 'NONE', ( #2911, #6931, #6545, #378, #11098 ) ) ;
#10157 = LENGTH_MEASURE_WITH_UNIT ( LENGTH_MEASURE( 0.02539999999999999897 ), #333 );
#10158 = EDGE_CURVE ( 'NONE', #7473, #9446, #1535, .T. ) ;
#10159 = COLOUR_RGB ( '',0.7607843137254901578, 0.7607843137254901578, 0.0000000000000000000 ) ;
#10160 = EDGE_CURVE ( 'NONE', #5095, #4512, #11451, .T. ) ;
#10161 = FACE_OUTER_BOUND ( 'NONE', #10396, .T. ) ;
#10162 = DIRECTION ( 'NONE',  ( -0.1140686577440003652, -1.816622754153543789E-15, -0.9934728689403059532 ) ) ;
#10163 = CARTESIAN_POINT ( 'NONE',  ( 0.1464566929133862272, -0.1722440944881885871, -0.006889763779527056757 ) ) ;
#10164 = CARTESIAN_POINT ( 'NONE',  ( 0.06018589945968472882, 0.1998031496062996903, -0.1702755905511812995 ) ) ;
#10165 = VECTOR ( 'NONE', #6247, 39.37007874015748143 ) ;
#10166 = CARTESIAN_POINT ( 'NONE',  ( 0.06929133858267687296, 0.1958661417322838105, -0.1253937007874017240 ) ) ;
#10167 = COLOUR_RGB ( '',1.000000000000000000, 1.000000000000000000, 1.000000000000000000 ) ;
#10168 = ORIENTED_EDGE ( 'NONE', *, *, #9390, .F. ) ;
#10169 = CARTESIAN_POINT ( 'NONE',  ( 0.1464566929133861717, -0.1407480314960625478, -0.08484251968503893349 ) ) ;
#10170 = ORIENTED_EDGE ( 'NONE', *, *, #11359, .F. ) ;
#10171 =( NAMED_UNIT ( * ) PLANE_ANGLE_UNIT ( ) SI_UNIT ( $, .RADIAN. ) );
#10172 = ORIENTED_EDGE ( 'NONE', *, *, #6632, .T. ) ;
#10173 = VECTOR ( 'NONE', #9848, 39.37007874015748143 ) ;
#10174 = MECHANICAL_DESIGN_GEOMETRIC_PRESENTATION_REPRESENTATION (  '', ( #5367 ), #5923 ) ;
#10175 = ORIENTED_EDGE ( 'NONE', *, *, #9112, .T. ) ;
#10176 = SURFACE_STYLE_USAGE ( .BOTH. , #3909 ) ;
#10177 = DIMENSIONAL_EXPONENTS ( 1.000000000000000000, 0.0000000000000000000, 0.0000000000000000000, 0.0000000000000000000, 0.0000000000000000000, 0.0000000000000000000, 0.0000000000000000000 ) ;
#10178 = CARTESIAN_POINT ( 'NONE',  ( -0.1535433070866141225, -0.02263779527559061505, -0.006889763779527295282 ) ) ;
#10179 = SURFACE_STYLE_USAGE ( .BOTH. , #3973 ) ;
#10180 = DIRECTION ( 'NONE',  ( -1.000000000000000000, -1.602884491802569361E-15, 2.711709361697226329E-31 ) ) ;
#10181 = DIRECTION ( 'NONE',  ( 2.348093788196917952E-30, -1.644517855226018450E-15, -1.000000000000000000 ) ) ;
#10182 = LINE ( 'NONE', #4798, #4669 ) ;
#10183 = STYLED_ITEM ( 'NONE', ( #6217 ), #3469 ) ;
#10184 = CARTESIAN_POINT ( 'NONE',  ( 0.1464566929133861717, -0.1407480314960625756, -0.1068897637795270944 ) ) ;
#10185 = VECTOR ( 'NONE', #9204, 39.37007874015748143 ) ;
#10186 = DIRECTION ( 'NONE',  ( 1.000000000000000000, 1.602884491802569361E-15, 0.0000000000000000000 ) ) ;
#10187 = ORIENTED_EDGE ( 'NONE', *, *, #11524, .F. ) ;
#10188 =( GEOMETRIC_REPRESENTATION_CONTEXT ( 3 ) GLOBAL_UNCERTAINTY_ASSIGNED_CONTEXT ( ( #2521 ) ) GLOBAL_UNIT_ASSIGNED_CONTEXT ( ( #8339, #10989, #7523 ) ) REPRESENTATION_CONTEXT ( 'NONE', 'WORKASPACE' ) );
#10189 = AXIS2_PLACEMENT_3D ( 'NONE', #1872, #9879, #3593 ) ;
#10190 = DIRECTION ( 'NONE',  ( -1.000000000000000000, -1.602884491802569361E-15, 2.711709361697226329E-31 ) ) ;
#10191 = FILL_AREA_STYLE ('',( #4097 ) ) ;
#10192 = CIRCLE ( 'NONE', #11116, 0.02854330708661418151 ) ;
#10193 = CARTESIAN_POINT ( 'NONE',  ( -0.1464566929133855611, -0.1722440944881890035, -0.2037401574803144599 ) ) ;
#10194 = VECTOR ( 'NONE', #7010, 39.37007874015748143 ) ;
#10195 = ADVANCED_FACE ( 'NONE', ( #3424 ), #3484, .T. ) ;
#10196 = FILL_AREA_STYLE ('',( #3276 ) ) ;
#10197 = SURFACE_STYLE_FILL_AREA ( #8298 ) ;
#10198 = ORIENTED_EDGE ( 'NONE', *, *, #373, .F. ) ;
#10199 = PRESENTATION_LAYER_ASSIGNMENT (  '', '', ( #2379 ) ) ;
#10200 = CIRCLE ( 'NONE', #5394, 0.02460629921259841618 ) ;
#10201 = ORIENTED_EDGE ( 'NONE', *, *, #7390, .F. ) ;
#10202 = CARTESIAN_POINT ( 'NONE',  ( 0.1464566929133861717, -0.1407480314960626311, 0.09311023622047291670 ) ) ;
#10203 = DIMENSIONAL_EXPONENTS ( 1.000000000000000000, 0.0000000000000000000, 0.0000000000000000000, 0.0000000000000000000, 0.0000000000000000000, 0.0000000000000000000, 0.0000000000000000000 ) ;
#10204 = ORIENTED_EDGE ( 'NONE', *, *, #8371, .F. ) ;
#10205 = EDGE_LOOP ( 'NONE', ( #2279, #3789, #649, #6919 ) ) ;
#10206 = VECTOR ( 'NONE', #11413, 39.37007874015748854 ) ;
#10207 = SURFACE_STYLE_FILL_AREA ( #8361 ) ;
#10208 = CARTESIAN_POINT ( 'NONE',  ( 0.06929133858267692847, 0.1564960629921262614, -0.02539370078740165945 ) ) ;
#10209 = VECTOR ( 'NONE', #7947, 39.37007874015748143 ) ;
#10210 = PRESENTATION_STYLE_ASSIGNMENT (( #9374 ) ) ;
#10211 = PRESENTATION_STYLE_ASSIGNMENT (( #6625 ) ) ;
#10212 = VECTOR ( 'NONE', #1092, 39.37007874015748143 ) ;
#10213 = DIRECTION ( 'NONE',  ( -1.000000000000000000, -1.602884491802569361E-15, 2.711709361697226329E-31 ) ) ;
#10214 = ORIENTED_EDGE ( 'NONE', *, *, #9691, .T. ) ;
#10215 = EDGE_CURVE ( 'NONE', #6312, #3024, #1477, .T. ) ;
#10216 =( CONVERSION_BASED_UNIT ( 'INCH', #8367 ) LENGTH_UNIT ( ) NAMED_UNIT ( #4928 ) );
#10217 = DIMENSIONAL_EXPONENTS ( 1.000000000000000000, 0.0000000000000000000, 0.0000000000000000000, 0.0000000000000000000, 0.0000000000000000000, 0.0000000000000000000, 0.0000000000000000000 ) ;
#10218 =( LENGTH_UNIT ( ) NAMED_UNIT ( * ) SI_UNIT ( $, .METRE. ) );
#10219 = SURFACE_STYLE_FILL_AREA ( #3069 ) ;
#10220 = LENGTH_MEASURE_WITH_UNIT ( LENGTH_MEASURE( 0.02539999999999999897 ), #1172 );
#10221 = EDGE_CURVE ( 'NONE', #1444, #975, #7024, .T. ) ;
#10222 = STYLED_ITEM ( 'NONE', ( #5560 ), #5407 ) ;
#10223 = MECHANICAL_DESIGN_GEOMETRIC_PRESENTATION_REPRESENTATION (  '', ( #9510 ), #506 ) ;
#10224 = DIRECTION ( 'NONE',  ( 1.602884491802569361E-15, -1.000000000000000000, 1.644517855226018450E-15 ) ) ;
#10225 = AXIS2_PLACEMENT_3D ( 'NONE', #6104, #7898, #2717 ) ;
#10226 =( CONVERSION_BASED_UNIT ( 'INCH', #1230 ) LENGTH_UNIT ( ) NAMED_UNIT ( #7551 ) );
#10227 = UNCERTAINTY_MEASURE_WITH_UNIT (LENGTH_MEASURE( 1.000000000000000082E-05 ), #9481, 'distance_accuracy_value', 'NONE');
#10228 = DIRECTION ( 'NONE',  ( -1.602884491802569361E-15, 1.000000000000000000, -1.644517855226018450E-15 ) ) ;
#10229 =( GEOMETRIC_REPRESENTATION_CONTEXT ( 3 ) GLOBAL_UNCERTAINTY_ASSIGNED_CONTEXT ( ( #10570 ) ) GLOBAL_UNIT_ASSIGNED_CONTEXT ( ( #5102, #497, #11195 ) ) REPRESENTATION_CONTEXT ( 'NONE', 'WORKASPACE' ) );
#10230 = EDGE_CURVE ( 'NONE', #4547, #10143, #6225, .T. ) ;
#10231 = DIRECTION ( 'NONE',  ( 2.348093788196917952E-30, -1.644517855226018450E-15, -1.000000000000000000 ) ) ;
#10232 = EDGE_CURVE ( 'NONE', #1866, #9681, #2897, .T. ) ;
#10233 = ORIENTED_EDGE ( 'NONE', *, *, #3, .T. ) ;
#10234 = PLANE ( 'NONE',  #1478 ) ;
#10235 = CARTESIAN_POINT ( 'NONE',  ( 0.01522951533057842477, 0.1998031496062996903, -0.3785749882836223490 ) ) ;
#10236 = MECHANICAL_DESIGN_GEOMETRIC_PRESENTATION_REPRESENTATION (  '', ( #4299 ), #3565 ) ;
#10237 = MECHANICAL_DESIGN_GEOMETRIC_PRESENTATION_REPRESENTATION (  '', ( #7827 ), #10423 ) ;
#10238 = EDGE_LOOP ( 'NONE', ( #4455, #3935, #8924, #5055 ) ) ;
#10239 = ORIENTED_EDGE ( 'NONE', *, *, #2082, .T. ) ;
#10240 =( NAMED_UNIT ( * ) PLANE_ANGLE_UNIT ( ) SI_UNIT ( $, .RADIAN. ) );
#10241 = CARTESIAN_POINT ( 'NONE',  ( 0.1464566929133859496, -0.02263779527559007035, -0.08484251968503912777 ) ) ;
#10242 = UNCERTAINTY_MEASURE_WITH_UNIT (LENGTH_MEASURE( 1.000000000000000082E-05 ), #3289, 'distance_accuracy_value', 'NONE');
#10243 = VECTOR ( 'NONE', #415, 39.37007874015748143 ) ;
#10244 = PLANE ( 'NONE',  #5155 ) ;
#10245 = CARTESIAN_POINT ( 'NONE',  ( 0.01934165959544855914, 0.1643700787401577434, 0.1245559781998424320 ) ) ;
#10246 =( NAMED_UNIT ( * ) PLANE_ANGLE_UNIT ( ) SI_UNIT ( $, .RADIAN. ) );
#10247 = EDGE_CURVE ( 'NONE', #6126, #5916, #2005, .T. ) ;
#10248 = CYLINDRICAL_SURFACE ( 'NONE', #5771, 0.003937007874015741038 ) ;
#10249 = COLOUR_RGB ( '',0.7607843137254901578, 0.7607843137254901578, 0.0000000000000000000 ) ;
#10250 = LINE ( 'NONE', #7524, #7282 ) ;
#10251 = VECTOR ( 'NONE', #6237, 39.37007874015748143 ) ;
#10252 = CARTESIAN_POINT ( 'NONE',  ( 0.06018589945968472882, 0.1998031496062995238, 0.08371173833560614785 ) ) ;
#10253 = ORIENTED_EDGE ( 'NONE', *, *, #7879, .F. ) ;
#10254 =( GEOMETRIC_REPRESENTATION_CONTEXT ( 3 ) GLOBAL_UNCERTAINTY_ASSIGNED_CONTEXT ( ( #3476 ) ) GLOBAL_UNIT_ASSIGNED_CONTEXT ( ( #9225, #7408, #6697 ) ) REPRESENTATION_CONTEXT ( 'NONE', 'WORKASPACE' ) );
#10255 = LENGTH_MEASURE_WITH_UNIT ( LENGTH_MEASURE( 0.02539999999999999897 ), #2986 );
#10256 = SURFACE_STYLE_FILL_AREA ( #2327 ) ;
#10257 = SURFACE_STYLE_FILL_AREA ( #1267 ) ;
#10258 = DIRECTION ( 'NONE',  ( -2.348093788196917952E-30, 1.644517855226018450E-15, 1.000000000000000000 ) ) ;
#10259 = SURFACE_STYLE_FILL_AREA ( #2929 ) ;
#10260 = AXIS2_PLACEMENT_3D ( 'NONE', #5595, #5423, #5364 ) ;
#10261 = CARTESIAN_POINT ( 'NONE',  ( 0.1535433070866145389, -0.1722440944881885316, -0.08799212598425146248 ) ) ;
#10262 = SURFACE_SIDE_STYLE ('',( #11119 ) ) ;
#10263 = DIRECTION ( 'NONE',  ( 6.749499564049081992E-10, 1.000000000000000000, -1.644517855226017859E-15 ) ) ;
#10264 = ORIENTED_EDGE ( 'NONE', *, *, #3907, .T. ) ;
#10265 = ORIENTED_EDGE ( 'NONE', *, *, #8102, .F. ) ;
#10266 =( CONVERSION_BASED_UNIT ( 'INCH', #1156 ) LENGTH_UNIT ( ) NAMED_UNIT ( #7902 ) );
#10267 = ORIENTED_EDGE ( 'NONE', *, *, #10936, .F. ) ;
#10268 = ORIENTED_EDGE ( 'NONE', *, *, #10158, .F. ) ;
#10269 = DIRECTION ( 'NONE',  ( -1.602884491802569361E-15, 1.000000000000000000, -1.644517855226017859E-15 ) ) ;
#10270 = CARTESIAN_POINT ( 'NONE',  ( 0.01934165959543282173, 0.1564960629921263169, 0.03366141732283457061 ) ) ;
#10271 = DIRECTION ( 'NONE',  ( 0.7956271577885689616, 2.392722035830078479E-15, 0.6057866173738765125 ) ) ;
#10272 = DIRECTION ( 'NONE',  ( -2.255731163044917930E-10, 1.000000000000000000, 2.962140801037447666E-10 ) ) ;
#10273 =( LENGTH_UNIT ( ) NAMED_UNIT ( * ) SI_UNIT ( $, .METRE. ) );
#10274 = SURFACE_STYLE_USAGE ( .BOTH. , #5760 ) ;
#10275 = LINE ( 'NONE', #1575, #9878 ) ;
#10276 = CARTESIAN_POINT ( 'NONE',  ( 0.01934165959544855914, 0.1643700787401577990, -0.2162882616643937717 ) ) ;
#10277 = VERTEX_POINT ( 'NONE', #7385 ) ;
#10278 = DIRECTION ( 'NONE',  ( -2.348093788196917952E-30, 1.644517855226018450E-15, 1.000000000000000000 ) ) ;
#10279 = AXIS2_PLACEMENT_3D ( 'NONE', #6211, #8963, #1937 ) ;
#10280 =( NAMED_UNIT ( * ) PLANE_ANGLE_UNIT ( ) SI_UNIT ( $, .RADIAN. ) );
#10281 = SURFACE_STYLE_USAGE ( .BOTH. , #8317 ) ;
#10282 = EDGE_CURVE ( 'NONE', #6303, #9911, #175, .T. ) ;
#10283 =( GEOMETRIC_REPRESENTATION_CONTEXT ( 3 ) GLOBAL_UNCERTAINTY_ASSIGNED_CONTEXT ( ( #9831 ) ) GLOBAL_UNIT_ASSIGNED_CONTEXT ( ( #472, #7805, #11344 ) ) REPRESENTATION_CONTEXT ( 'NONE', 'WORKASPACE' ) );
#10284 = CARTESIAN_POINT ( 'NONE',  ( 0.06929133858267692847, 0.1564960629921264557, -0.1663385826771654197 ) ) ;
#10285 = CARTESIAN_POINT ( 'NONE',  ( 0.1535433070866139005, 0.2273622047244098499, 0.05413385826771639764 ) ) ;
#10286 = DIMENSIONAL_EXPONENTS ( 1.000000000000000000, 0.0000000000000000000, 0.0000000000000000000, 0.0000000000000000000, 0.0000000000000000000, 0.0000000000000000000, 0.0000000000000000000 ) ;
#10287 = DIRECTION ( 'NONE',  ( 1.602884491802569361E-15, -1.000000000000000000, 1.644517855226017859E-15 ) ) ;
#10288 = ADVANCED_FACE ( 'NONE', ( #883 ), #3766, .T. ) ;
#10289 = FILL_AREA_STYLE ('',( #5118 ) ) ;
#10290 = ORIENTED_EDGE ( 'NONE', *, *, #5060, .F. ) ;
#10291 = CYLINDRICAL_SURFACE ( 'NONE', #2051, 0.02460629921259842659 ) ;
#10292 = SURFACE_SIDE_STYLE ('',( #3193 ) ) ;
#10293 = CLOSED_SHELL ( 'NONE', ( #5117, #10089, #2375, #9231, #4352, #7590, #4916, #1326 ) ) ;
#10294 = DIRECTION ( 'NONE',  ( -1.602884491802569361E-15, 1.000000000000000000, -1.644517855226017859E-15 ) ) ;
#10295 = TOROIDAL_SURFACE ( 'NONE', #7696, 0.02854330708661417110, 0.003937007874015747977 ) ;
#10296 = ORIENTED_EDGE ( 'NONE', *, *, #7785, .F. ) ;
#10297 = VERTEX_POINT ( 'NONE', #1952 ) ;
#10298 = EDGE_CURVE ( 'NONE', #11463, #458, #10695, .T. ) ;
#10299 = EDGE_CURVE ( 'NONE', #9794, #9101, #10455, .T. ) ;
#10300 = DIRECTION ( 'NONE',  ( 1.499671914429180214E-11, -1.000000000000000000, 1.644517855226017859E-15 ) ) ;
#10301 = LINE ( 'NONE', #6645, #44 ) ;
#10302 = DIRECTION ( 'NONE',  ( 1.000000000000000000, 1.602884491802569361E-15, -2.711709361697226329E-31 ) ) ;
#10303 = COLOUR_RGB ( '',0.7607843137254901578, 0.7607843137254901578, 0.0000000000000000000 ) ;
#10304 = DIRECTION ( 'NONE',  ( -2.348093788196917952E-30, 1.644517855226018450E-15, 1.000000000000000000 ) ) ;
#10305 = CARTESIAN_POINT ( 'NONE',  ( -0.1464566929133857831, -0.02263779527559053872, -0.08484251968503912777 ) ) ;
#10306 = VERTEX_POINT ( 'NONE', #4494 ) ;
#10307 = SURFACE_STYLE_USAGE ( .BOTH. , #6648 ) ;
#10308 = FILL_AREA_STYLE ('',( #2147 ) ) ;
#10309 = CARTESIAN_POINT ( 'NONE',  ( -0.06929133858267749746, 0.1958661417322836718, -0.2253937007874017295 ) ) ;
#10310 = MECHANICAL_DESIGN_GEOMETRIC_PRESENTATION_REPRESENTATION (  '', ( #8270 ), #11229 ) ;
#10311 = COLOUR_RGB ( '',1.000000000000000000, 1.000000000000000000, 1.000000000000000000 ) ;
#10312 = AXIS2_PLACEMENT_3D ( 'NONE', #10673, #5567, #4464 ) ;
#10313 = EDGE_CURVE ( 'NONE', #9477, #4655, #5537, .T. ) ;
#10314 = ORIENTED_EDGE ( 'NONE', *, *, #3907, .F. ) ;
#10315 = SURFACE_STYLE_FILL_AREA ( #6017 ) ;
#10316 = DIRECTION ( 'NONE',  ( -1.000000000000000000, -1.602884491802569361E-15, 2.711709361697224578E-31 ) ) ;
#10317 = DIRECTION ( 'NONE',  ( -0.7956271577883994306, 0.0000000000000000000, 0.6057866173740991123 ) ) ;
#10318 = PRESENTATION_STYLE_ASSIGNMENT (( #10847 ) ) ;
#10319 = AXIS2_PLACEMENT_3D ( 'NONE', #1353, #3240, #6633 ) ;
#10320 = COLOUR_RGB ( '',1.000000000000000000, 1.000000000000000000, 1.000000000000000000 ) ;
#10321 = LINE ( 'NONE', #4160, #6161 ) ;
#10322 = PRESENTATION_STYLE_ASSIGNMENT (( #8644 ) ) ;
#10323 = FACE_OUTER_BOUND ( 'NONE', #575, .T. ) ;
#10324 = DIRECTION ( 'NONE',  ( -2.348093788196917952E-30, 1.644517855226018450E-15, 1.000000000000000000 ) ) ;
#10325 = EDGE_LOOP ( 'NONE', ( #4251, #4227, #3457, #2192 ) ) ;
#10326 = VERTEX_POINT ( 'NONE', #9088 ) ;
#10327 = AXIS2_PLACEMENT_3D ( 'NONE', #9607, #3540, #2586 ) ;
#10328 = DIRECTION ( 'NONE',  ( 1.602884491802569361E-15, -1.000000000000000000, 1.644517855226017859E-15 ) ) ;
#10329 = ORIENTED_EDGE ( 'NONE', *, *, #2539, .F. ) ;
#10330 = ORIENTED_EDGE ( 'NONE', *, *, #9676, .F. ) ;
#10331 = FACE_OUTER_BOUND ( 'NONE', #6031, .T. ) ;
#10332 = LINE ( 'NONE', #5874, #9234 ) ;
#10333 = CARTESIAN_POINT ( 'NONE',  ( 0.1535433070866139005, 0.2273622047244100164, -0.4458661417322836718 ) ) ;
#10334 =( CONVERSION_BASED_UNIT ( 'INCH', #6670 ) LENGTH_UNIT ( ) NAMED_UNIT ( #9266 ) );
#10335 = FACE_OUTER_BOUND ( 'NONE', #8189, .T. ) ;
#10336 = ORIENTED_EDGE ( 'NONE', *, *, #10731, .F. ) ;
#10337 = SURFACE_SIDE_STYLE ('',( #6788 ) ) ;
#10338 = AXIS2_PLACEMENT_3D ( 'NONE', #5215, #10503, #8656 ) ;
#10339 = FACE_OUTER_BOUND ( 'NONE', #2074, .T. ) ;
#10340 = CARTESIAN_POINT ( 'NONE',  ( 0.1535433070866143168, -0.02263779527559011892, 0.1151574803149608972 ) ) ;
#10341 = VECTOR ( 'NONE', #9282, 39.37007874015748143 ) ;
#10342 = DIRECTION ( 'NONE',  ( 0.0000000000000000000, 0.0000000000000000000, 1.000000000000000000 ) ) ;
#10343 = LINE ( 'NONE', #11147, #7960 ) ;
#10344 = SURFACE_SIDE_STYLE ('',( #2241 ) ) ;
#10345 = UNCERTAINTY_MEASURE_WITH_UNIT (LENGTH_MEASURE( 1.000000000000000082E-05 ), #263, 'distance_accuracy_value', 'NONE');
#10346 = SURFACE_STYLE_USAGE ( .BOTH. , #1356 ) ;
#10347 = DIMENSIONAL_EXPONENTS ( 1.000000000000000000, 0.0000000000000000000, 0.0000000000000000000, 0.0000000000000000000, 0.0000000000000000000, 0.0000000000000000000, 0.0000000000000000000 ) ;
#10348 =( CONVERSION_BASED_UNIT ( 'INCH', #5169 ) LENGTH_UNIT ( ) NAMED_UNIT ( #10177 ) );
#10349 = VERTEX_POINT ( 'NONE', #8981 ) ;
#10350 =( NAMED_UNIT ( * ) PLANE_ANGLE_UNIT ( ) SI_UNIT ( $, .RADIAN. ) );
#10351 = EDGE_CURVE ( 'NONE', #11484, #7000, #6920, .T. ) ;
#10352 = AXIS2_PLACEMENT_3D ( 'NONE', #6114, #9679, #9507 ) ;
#10353 = PRESENTATION_STYLE_ASSIGNMENT (( #6640 ) ) ;
#10354 = ORIENTED_EDGE ( 'NONE', *, *, #565, .F. ) ;
#10355 = VERTEX_POINT ( 'NONE', #1895 ) ;
#10356 = CARTESIAN_POINT ( 'NONE',  ( 0.06018589945968472882, 0.2037401574803153759, 0.02455597819984235014 ) ) ;
#10357 = PRESENTATION_LAYER_ASSIGNMENT (  '', '', ( #7572 ) ) ;
#10358 = VECTOR ( 'NONE', #149, 39.37007874015748143 ) ;
#10359 =( CONVERSION_BASED_UNIT ( 'INCH', #1543 ) LENGTH_UNIT ( ) NAMED_UNIT ( #10217 ) );
#10360 = DIRECTION ( 'NONE',  ( -1.000000000000000000, -1.602884491802569361E-15, 2.711709361697226329E-31 ) ) ;
#10361 = ORIENTED_EDGE ( 'NONE', *, *, #1590, .T. ) ;
#10362 = FILL_AREA_STYLE ('',( #3205 ) ) ;
#10363 = CYLINDRICAL_SURFACE ( 'NONE', #10048, 0.009105439123007878083 ) ;
#10364 = EDGE_CURVE ( 'NONE', #2998, #6257, #2721, .T. ) ;
#10365 = VECTOR ( 'NONE', #702, 39.37007874015748143 ) ;
#10366 = STYLED_ITEM ( 'NONE', ( #3892 ), #3311 ) ;
#10367 = DIMENSIONAL_EXPONENTS ( 1.000000000000000000, 0.0000000000000000000, 0.0000000000000000000, 0.0000000000000000000, 0.0000000000000000000, 0.0000000000000000000, 0.0000000000000000000 ) ;
#10368 = EDGE_CURVE ( 'NONE', #5431, #10702, #6284, .T. ) ;
#10369 = ORIENTED_EDGE ( 'NONE', *, *, #7115, .F. ) ;
#10370 = SURFACE_STYLE_USAGE ( .BOTH. , #531 ) ;
#10371 = VERTEX_POINT ( 'NONE', #8089 ) ;
#10372 = SURFACE_STYLE_USAGE ( .BOTH. , #8694 ) ;
#10373 = SURFACE_SIDE_STYLE ('',( #11235 ) ) ;
#10374 = DIRECTION ( 'NONE',  ( 2.364801230464485631E-30, -1.644517855226018450E-15, -1.000000000000000000 ) ) ;
#10375 = DIRECTION ( 'NONE',  ( 0.1140686577440008093, 1.816622754153544578E-15, 0.9934728689403057311 ) ) ;
#10376 = SURFACE_STYLE_USAGE ( .BOTH. , #11292 ) ;
#10377 = VECTOR ( 'NONE', #217, 39.37007874015748143 ) ;
#10378 = CARTESIAN_POINT ( 'NONE',  ( 0.06018589945968484678, 0.1269685039370083146, -0.4162882616643938105 ) ) ;
#10379 = SURFACE_SIDE_STYLE ('',( #4041 ) ) ;
#10380 = ADVANCED_FACE ( 'NONE', ( #10749 ), #3726, .T. ) ;
#10381 =( LENGTH_UNIT ( ) NAMED_UNIT ( * ) SI_UNIT ( $, .METRE. ) );
#10382 = EDGE_CURVE ( 'NONE', #1393, #11265, #2124, .T. ) ;
#10383 = CARTESIAN_POINT ( 'NONE',  ( 0.06018589945968484678, 0.1269685039370083701, -0.2663385826771654252 ) ) ;
#10384 = DIRECTION ( 'NONE',  ( 1.602884491802569361E-15, -1.000000000000000000, 1.644517855226018450E-15 ) ) ;
#10385 = STYLED_ITEM ( 'NONE', ( #8395 ), #4509 ) ;
#10386 = ORIENTED_EDGE ( 'NONE', *, *, #5189, .T. ) ;
#10387 = VECTOR ( 'NONE', #8022, 39.37007874015748143 ) ;
#10388 = PRESENTATION_STYLE_ASSIGNMENT (( #4282 ) ) ;
#10389 = ORIENTED_EDGE ( 'NONE', *, *, #11072, .F. ) ;
#10390 = VERTEX_POINT ( 'NONE', #3183 ) ;
#10391 = FILL_AREA_STYLE ('',( #6032 ) ) ;
#10392 =( CONVERSION_BASED_UNIT ( 'INCH', #9712 ) LENGTH_UNIT ( ) NAMED_UNIT ( #4607 ) );
#10393 = SURFACE_STYLE_USAGE ( .BOTH. , #8714 ) ;
#10394 = CIRCLE ( 'NONE', #4832, 0.003937007874015749712 ) ;
#10395 = CARTESIAN_POINT ( 'NONE',  ( 0.1464566929133859496, -0.02263779527559000096, -0.2848425196850391528 ) ) ;
#10396 = EDGE_LOOP ( 'NONE', ( #372, #11015, #10010, #259, #196, #748 ) ) ;
#10397 = AXIS2_PLACEMENT_3D ( 'NONE', #985, #9017, #1755 ) ;
#10398 = UNCERTAINTY_MEASURE_WITH_UNIT (LENGTH_MEASURE( 1.000000000000000082E-05 ), #10881, 'distance_accuracy_value', 'NONE');
#10399 = COLOUR_RGB ( '',1.000000000000000000, 1.000000000000000000, 1.000000000000000000 ) ;
#10400 = VECTOR ( 'NONE', #11017, 39.37007874015748143 ) ;
#10401 = SURFACE_STYLE_USAGE ( .BOTH. , #2185 ) ;
#10402 = DIRECTION ( 'NONE',  ( 1.602884491802569361E-15, -1.000000000000000000, 1.548860246407864322E-15 ) ) ;
#10403 = CARTESIAN_POINT ( 'NONE',  ( 0.1464566929133862272, -0.1722440944881886149, 0.09311023622047295834 ) ) ;
#10404 = PRESENTATION_LAYER_ASSIGNMENT (  '', '', ( #5784 ) ) ;
#10405 =( NAMED_UNIT ( * ) PLANE_ANGLE_UNIT ( ) SI_UNIT ( $, .RADIAN. ) );
#10406 =( GEOMETRIC_REPRESENTATION_CONTEXT ( 3 ) GLOBAL_UNCERTAINTY_ASSIGNED_CONTEXT ( ( #8872 ) ) GLOBAL_UNIT_ASSIGNED_CONTEXT ( ( #9526, #2270, #5034 ) ) REPRESENTATION_CONTEXT ( 'NONE', 'WORKASPACE' ) );
#10407 = LINE ( 'NONE', #9560, #7427 ) ;
#10408 = EDGE_LOOP ( 'NONE', ( #828, #5957, #7614, #1243 ) ) ;
#10409 = SURFACE_STYLE_USAGE ( .BOTH. , #6855 ) ;
#10410 = LINE ( 'NONE', #2422, #383 ) ;
#10411 = EDGE_LOOP ( 'NONE', ( #6744, #6240, #4701, #1800, #8381 ) ) ;
#10412 = DIRECTION ( 'NONE',  ( -1.000000000000000000, -1.602884491802569361E-15, 2.878783784372901366E-31 ) ) ;
#10413 = VECTOR ( 'NONE', #2651, 39.37007874015748143 ) ;
#10414 = EDGE_CURVE ( 'NONE', #7133, #5920, #8427, .T. ) ;
#10415 = SURFACE_STYLE_USAGE ( .BOTH. , #1317 ) ;
#10416 =( NAMED_UNIT ( * ) PLANE_ANGLE_UNIT ( ) SI_UNIT ( $, .RADIAN. ) );
#10417 = VERTEX_POINT ( 'NONE', #1295 ) ;
#10418 = COLOUR_RGB ( '',1.000000000000000000, 1.000000000000000000, 1.000000000000000000 ) ;
#10419 =( NAMED_UNIT ( * ) SI_UNIT ( $, .STERADIAN. ) SOLID_ANGLE_UNIT ( ) );
#10420 = MECHANICAL_DESIGN_GEOMETRIC_PRESENTATION_REPRESENTATION (  '', ( #8756 ), #7458 ) ;
#10421 = LINE ( 'NONE', #8745, #6912 ) ;
#10422 = DIMENSIONAL_EXPONENTS ( 1.000000000000000000, 0.0000000000000000000, 0.0000000000000000000, 0.0000000000000000000, 0.0000000000000000000, 0.0000000000000000000, 0.0000000000000000000 ) ;
#10423 =( GEOMETRIC_REPRESENTATION_CONTEXT ( 3 ) GLOBAL_UNCERTAINTY_ASSIGNED_CONTEXT ( ( #6163 ) ) GLOBAL_UNIT_ASSIGNED_CONTEXT ( ( #9989, #9889, #10899 ) ) REPRESENTATION_CONTEXT ( 'NONE', 'WORKASPACE' ) );
#10424 = EDGE_LOOP ( 'NONE', ( #3571, #5371, #785, #10815 ) ) ;
#10425 = LENGTH_MEASURE_WITH_UNIT ( LENGTH_MEASURE( 0.02539999999999999897 ), #5959 );
#10426 = ORIENTED_EDGE ( 'NONE', *, *, #5967, .F. ) ;
#10427 = AXIS2_PLACEMENT_3D ( 'NONE', #676, #4292, #10558 ) ;
#10428 = ADVANCED_FACE ( 'NONE', ( #11024 ), #2236, .F. ) ;
#10429 = DIRECTION ( 'NONE',  ( 1.594929680954395007E-15, -0.9950371902099891530, -0.09950371902099724997 ) ) ;
#10430 = CARTESIAN_POINT ( 'NONE',  ( 0.1535433070866144833, -0.1407480314960624368, -0.3848425196850389085 ) ) ;
#10431 = CARTESIAN_POINT ( 'NONE',  ( 0.1535433070866145389, -0.1722440944881884761, -0.1879921259842514403 ) ) ;
#10432 = LINE ( 'NONE', #9698, #9803 ) ;
#10433 = AXIS2_PLACEMENT_3D ( 'NONE', #4863, #8404, #9293 ) ;
#10434 = DIRECTION ( 'NONE',  ( -1.000000000000000000, -1.602884491802569361E-15, 2.711709361697226329E-31 ) ) ;
#10435 = CARTESIAN_POINT ( 'NONE',  ( -0.1535433070866139282, -0.1407480314960631307, 0.1151574803149610915 ) ) ;
#10436 = EDGE_CURVE ( 'NONE', #10390, #634, #1874, .T. ) ;
#10437 =( CONVERSION_BASED_UNIT ( 'INCH', #2333 ) LENGTH_UNIT ( ) NAMED_UNIT ( #5995 ) );
#10438 = PRESENTATION_LAYER_ASSIGNMENT (  '', '', ( #8398 ) ) ;
#10439 = DIMENSIONAL_EXPONENTS ( 1.000000000000000000, 0.0000000000000000000, 0.0000000000000000000, 0.0000000000000000000, 0.0000000000000000000, 0.0000000000000000000, 0.0000000000000000000 ) ;
#10440 = ORIENTED_EDGE ( 'NONE', *, *, #3018, .F. ) ;
#10441 = LINE ( 'NONE', #7763, #5086 ) ;
#10442 = VERTEX_POINT ( 'NONE', #2932 ) ;
#10443 = ORIENTED_EDGE ( 'NONE', *, *, #7835, .T. ) ;
#10444 = EDGE_CURVE ( 'NONE', #5972, #7683, #3023, .T. ) ;
#10445 = DIRECTION ( 'NONE',  ( 1.602884491802569361E-15, -1.000000000000000000, 1.644517855226017859E-15 ) ) ;
#10446 = EDGE_CURVE ( 'NONE', #10355, #3348, #10462, .T. ) ;
#10447 = DIMENSIONAL_EXPONENTS ( 1.000000000000000000, 0.0000000000000000000, 0.0000000000000000000, 0.0000000000000000000, 0.0000000000000000000, 0.0000000000000000000, 0.0000000000000000000 ) ;
#10448 = DIRECTION ( 'NONE',  ( 1.000000000000000000, 1.602884491802569361E-15, -2.711709361697224578E-31 ) ) ;
#10449 = VECTOR ( 'NONE', #4602, 39.37007874015748143 ) ;
#10450 = DIRECTION ( 'NONE',  ( -2.348093788196917952E-30, 1.644517855226018450E-15, 1.000000000000000000 ) ) ;
#10451 = MECHANICAL_DESIGN_GEOMETRIC_PRESENTATION_REPRESENTATION (  '', ( #8043 ), #5645 ) ;
#10452 = ORIENTED_EDGE ( 'NONE', *, *, #10641, .T. ) ;
#10453 = LENGTH_MEASURE_WITH_UNIT ( LENGTH_MEASURE( 0.02539999999999999897 ), #4177 );
#10454 = CARTESIAN_POINT ( 'NONE',  ( 0.01934165959544855914, 0.1643700787401578267, -0.3253937007874017628 ) ) ;
#10455 = CIRCLE ( 'NONE', #10260, 0.02460629921259841618 ) ;
#10456 = PRESENTATION_STYLE_ASSIGNMENT (( #5160 ) ) ;
#10457 = EDGE_CURVE ( 'NONE', #4754, #9423, #4747, .T. ) ;
#10458 = PRESENTATION_STYLE_ASSIGNMENT (( #6275 ) ) ;
#10459 = FILL_AREA_STYLE ('',( #6099 ) ) ;
#10460 = UNCERTAINTY_MEASURE_WITH_UNIT (LENGTH_MEASURE( 1.000000000000000082E-05 ), #4178, 'distance_accuracy_value', 'NONE');
#10461 = DIRECTION ( 'NONE',  ( 2.348093788196917952E-30, -1.644517855226018450E-15, -1.000000000000000000 ) ) ;
#10462 = CIRCLE ( 'NONE', #3778, 0.009105439123007878083 ) ;
#10463 = PLANE ( 'NONE',  #2764 ) ;
#10464 = ORIENTED_EDGE ( 'NONE', *, *, #7325, .T. ) ;
#10465 = CARTESIAN_POINT ( 'NONE',  ( 0.01934165959544849669, 0.2037401574803152371, -0.02145669291338599474 ) ) ;
#10466 = DIRECTION ( 'NONE',  ( -2.348093788196917952E-30, 1.644517855226018450E-15, 1.000000000000000000 ) ) ;
#10467 = CIRCLE ( 'NONE', #8240, 0.003937007874015748844 ) ;
#10468 = CARTESIAN_POINT ( 'NONE',  ( -0.1535433070866139282, -0.1407480314960630752, -0.2068897637795271138 ) ) ;
#10469 = CARTESIAN_POINT ( 'NONE',  ( 0.06929133858267698398, 0.1269685039370082313, -0.1162882616642480771 ) ) ;
#10470 = CARTESIAN_POINT ( 'NONE',  ( 0.06929133858267698398, 0.1269685039370083424, -0.4162882616642480937 ) ) ;
#10471 = PLANE ( 'NONE',  #4233 ) ;
#10472 = CARTESIAN_POINT ( 'NONE',  ( -0.06929133858267740032, 0.1269685039370081203, -0.4253937007874016851 ) ) ;
#10473 = MECHANICAL_DESIGN_GEOMETRIC_PRESENTATION_REPRESENTATION (  '', ( #11388 ), #4911 ) ;
#10474 = ORIENTED_EDGE ( 'NONE', *, *, #3095, .T. ) ;
#10475 = PLANE ( 'NONE',  #4075 ) ;
#10476 = ORIENTED_EDGE ( 'NONE', *, *, #4042, .T. ) ;
#10477 =( NAMED_UNIT ( * ) PLANE_ANGLE_UNIT ( ) SI_UNIT ( $, .RADIAN. ) );
#10478 = AXIS2_PLACEMENT_3D ( 'NONE', #3851, #7404, #9492 ) ;
#10479 = EDGE_LOOP ( 'NONE', ( #7489, #8706, #10476, #10296, #3380, #10594 ) ) ;
#10480 =( NAMED_UNIT ( * ) PLANE_ANGLE_UNIT ( ) SI_UNIT ( $, .RADIAN. ) );
#10481 = UNCERTAINTY_MEASURE_WITH_UNIT (LENGTH_MEASURE( 1.000000000000000082E-05 ), #4133, 'distance_accuracy_value', 'NONE');
#10482 = PLANE ( 'NONE',  #718 ) ;
#10483 = PLANE ( 'NONE',  #248 ) ;
#10484 = DIRECTION ( 'NONE',  ( 1.602884491802569361E-15, -1.000000000000000000, 1.644517855226017859E-15 ) ) ;
#10485 =( LENGTH_UNIT ( ) NAMED_UNIT ( * ) SI_UNIT ( $, .METRE. ) );
#10486 = DIRECTION ( 'NONE',  ( 9.631373050316002764E-14, -1.644517855225863834E-15, -1.000000000000000000 ) ) ;
#10487 = COLOUR_RGB ( '',0.7607843137254901578, 0.7607843137254901578, 0.0000000000000000000 ) ;
#10488 =( LENGTH_UNIT ( ) NAMED_UNIT ( * ) SI_UNIT ( $, .METRE. ) );
#10489 = VECTOR ( 'NONE', #7516, 39.37007874015748143 ) ;
#10491 = FILL_AREA_STYLE_COLOUR ( '', #2057 ) ;
#10490 = STYLED_ITEM ( 'NONE', ( #10042 ), #11421 ) ;
#10492 = EDGE_CURVE ( 'NONE', #8401, #1690, #3867, .T. ) ;
#10493 = EDGE_LOOP ( 'NONE', ( #3401, #5335, #6242, #10253 ) ) ;
#10494 = FILL_AREA_STYLE ('',( #9533 ) ) ;
#10495 = ORIENTED_EDGE ( 'NONE', *, *, #3189, .T. ) ;
#10496 = VERTEX_POINT ( 'NONE', #10787 ) ;
#10497 = SURFACE_STYLE_FILL_AREA ( #8827 ) ;
#10498 = COLOUR_RGB ( '',1.000000000000000000, 1.000000000000000000, 1.000000000000000000 ) ;
#10499 =( CONVERSION_BASED_UNIT ( 'INCH', #1692 ) LENGTH_UNIT ( ) NAMED_UNIT ( #4062 ) );
#10500 = STYLED_ITEM ( 'NONE', ( #11519 ), #504 ) ;
#10501 = DIRECTION ( 'NONE',  ( 2.348093788196917952E-30, -1.644517855226018450E-15, -1.000000000000000000 ) ) ;
#10502 = AXIS2_PLACEMENT_3D ( 'NONE', #9060, #1926, #5513 ) ;
#10503 = DIRECTION ( 'NONE',  ( -1.602884491802569361E-15, 1.000000000000000000, -1.644517855226017859E-15 ) ) ;
#10504 = DIRECTION ( 'NONE',  ( -1.000000000000000000, -1.602884491802569361E-15, 2.878783784372901366E-31 ) ) ;
#10505 = DIRECTION ( 'NONE',  ( 6.254816746612918849E-10, -1.000000000000000000, 1.644517855226017859E-15 ) ) ;
#10506 = SURFACE_SIDE_STYLE ('',( #9655 ) ) ;
#10507 = DIRECTION ( 'NONE',  ( -0.7956271577886172564, -2.392722035830079268E-15, -0.6057866173738132298 ) ) ;
#10508 = ADVANCED_FACE ( 'NONE', ( #5572 ), #7250, .F. ) ;
#10509 = PRESENTATION_LAYER_ASSIGNMENT (  '', '', ( #1946 ) ) ;
#10510 = ADVANCED_FACE ( 'NONE', ( #6374 ), #4239, .F. ) ;
#10511 = VECTOR ( 'NONE', #10956, 39.37007874015748143 ) ;
#10512 = UNCERTAINTY_MEASURE_WITH_UNIT (LENGTH_MEASURE( 1.000000000000000082E-05 ), #1505, 'distance_accuracy_value', 'NONE');
#10513 = SURFACE_SIDE_STYLE ('',( #6913 ) ) ;
#10514 = CARTESIAN_POINT ( 'NONE',  ( 0.06018589945968472882, 0.1998031496062997459, -0.2663385826771654807 ) ) ;
#10515 = CARTESIAN_POINT ( 'NONE',  ( -0.06929133858267749746, 0.1958661417322837273, -0.3253937007874017628 ) ) ;
#10516 = COLOUR_RGB ( '',0.7607843137254901578, 0.7607843137254901578, 0.0000000000000000000 ) ;
#10517 =( NAMED_UNIT ( * ) PLANE_ANGLE_UNIT ( ) SI_UNIT ( $, .RADIAN. ) );
#10518 =( NAMED_UNIT ( * ) PLANE_ANGLE_UNIT ( ) SI_UNIT ( $, .RADIAN. ) );
#10519 = FILL_AREA_STYLE_COLOUR ( '', #5223 ) ;
#10520 = ORIENTED_EDGE ( 'NONE', *, *, #5060, .T. ) ;
#10521 = ADVANCED_FACE ( 'NONE', ( #10339 ), #6158, .T. ) ;
#10522 = ADVANCED_FACE ( 'NONE', ( #1522 ), #2579, .F. ) ;
#10523 = FACE_OUTER_BOUND ( 'NONE', #8882, .T. ) ;
#10524 = TOROIDAL_SURFACE ( 'NONE', #5531, 0.005168431248992125769, 0.003937007874015747977 ) ;
#10525 = ORIENTED_EDGE ( 'NONE', *, *, #4888, .T. ) ;
#10526 = FILL_AREA_STYLE_COLOUR ( '', #10303 ) ;
#10527 = DIRECTION ( 'NONE',  ( -6.762023144706918568E-10, 1.000000000000000000, 8.919191143228396171E-14 ) ) ;
#10528 = CARTESIAN_POINT ( 'NONE',  ( 0.06018589945968484678, 0.1269685039370083979, -0.3663385826771654585 ) ) ;
#10529 =( LENGTH_UNIT ( ) NAMED_UNIT ( * ) SI_UNIT ( $, .METRE. ) );
#10530 =( GEOMETRIC_REPRESENTATION_CONTEXT ( 3 ) GLOBAL_UNCERTAINTY_ASSIGNED_CONTEXT ( ( #10005 ) ) GLOBAL_UNIT_ASSIGNED_CONTEXT ( ( #4908, #6591, #3029 ) ) REPRESENTATION_CONTEXT ( 'NONE', 'WORKASPACE' ) );
#10531 = ORIENTED_EDGE ( 'NONE', *, *, #6811, .T. ) ;
#10532 = ORIENTED_EDGE ( 'NONE', *, *, #2194, .T. ) ;
#10533 = CARTESIAN_POINT ( 'NONE',  ( 0.06018589943043277379, 0.1998031496062996071, 0.1336614173228345137 ) ) ;
#10534 = VERTEX_POINT ( 'NONE', #2768 ) ;
#10535 = CARTESIAN_POINT ( 'NONE',  ( 0.1464566929133861717, -0.1407480314960626311, 0.09311023622047291670 ) ) ;
#10536 = ORIENTED_EDGE ( 'NONE', *, *, #2962, .F. ) ;
#10537 = DIRECTION ( 'NONE',  ( -1.602884491802569361E-15, 1.000000000000000000, -1.644517855226017859E-15 ) ) ;
#10538 = VERTEX_POINT ( 'NONE', #4590 ) ;
#10539 = FILL_AREA_STYLE ('',( #8752 ) ) ;
#10540 = DIRECTION ( 'NONE',  ( 0.7956271577886169233, 1.875148439272792514E-15, 0.6057866173738137849 ) ) ;
#10541 = CARTESIAN_POINT ( 'NONE',  ( 0.06018589945968472882, 0.2037401574803154869, -0.2702755905511812773 ) ) ;
#10542 =( NAMED_UNIT ( * ) SI_UNIT ( $, .STERADIAN. ) SOLID_ANGLE_UNIT ( ) );
#10543 = FILL_AREA_STYLE ('',( #3579 ) ) ;
#10544 = AXIS2_PLACEMENT_3D ( 'NONE', #7290, #3634, #2917 ) ;
#10545 = VECTOR ( 'NONE', #2622, 39.37007874015748143 ) ;
#10546 = SURFACE_SIDE_STYLE ('',( #4521 ) ) ;
#10547 = ORIENTED_EDGE ( 'NONE', *, *, #11453, .F. ) ;
#10548 = ORIENTED_EDGE ( 'NONE', *, *, #4199, .F. ) ;
#10549 = ORIENTED_EDGE ( 'NONE', *, *, #7962, .F. ) ;
#10550 = ORIENTED_EDGE ( 'NONE', *, *, #4550, .T. ) ;
#10551 = PRESENTATION_STYLE_ASSIGNMENT (( #11309 ) ) ;
#10552 = AXIS2_PLACEMENT_3D ( 'NONE', #903, #8871, #5499 ) ;
#10553 = SURFACE_SIDE_STYLE ('',( #670 ) ) ;
#10554 = FILL_AREA_STYLE ('',( #7940 ) ) ;
#10555 = CARTESIAN_POINT ( 'NONE',  ( 0.1464566929133859496, -0.02263779527559014321, -0.006889763779527295282 ) ) ;
#10556 = ADVANCED_FACE ( 'NONE', ( #51 ), #3710, .T. ) ;
#10557 = CARTESIAN_POINT ( 'NONE',  ( -0.06929133858267749746, 0.1958661417322835607, 0.07460629921259828712 ) ) ;
#10558 = DIRECTION ( 'NONE',  ( 0.1140686577440007121, 1.816622754153544183E-15, 0.9934728689403058421 ) ) ;
#10559 = SURFACE_SIDE_STYLE ('',( #6321 ) ) ;
#10560 = VECTOR ( 'NONE', #8816, 39.37007874015748143 ) ;
#10561 =( GEOMETRIC_REPRESENTATION_CONTEXT ( 3 ) GLOBAL_UNCERTAINTY_ASSIGNED_CONTEXT ( ( #3839 ) ) GLOBAL_UNIT_ASSIGNED_CONTEXT ( ( #3416, #5229, #6916 ) ) REPRESENTATION_CONTEXT ( 'NONE', 'WORKASPACE' ) );
#10562 =( NAMED_UNIT ( * ) SI_UNIT ( $, .STERADIAN. ) SOLID_ANGLE_UNIT ( ) );
#10563 = EDGE_LOOP ( 'NONE', ( #970, #6652, #11362, #1537, #2504, #9472 ) ) ;
#10564 = CIRCLE ( 'NONE', #4640, 0.005168431248992117963 ) ;
#10565 = CIRCLE ( 'NONE', #10929, 0.009105439123007843388 ) ;
#10566 = DIRECTION ( 'NONE',  ( 1.000000000000000000, 1.602884491802569361E-15, -2.711709361697226329E-31 ) ) ;
#10567 = DIRECTION ( 'NONE',  ( -1.000000000000000000, -1.602884491802569361E-15, 2.711709361697226329E-31 ) ) ;
#10568 = EDGE_CURVE ( 'NONE', #8334, #8635, #5525, .T. ) ;
#10569 = VECTOR ( 'NONE', #381, 39.37007874015748143 ) ;
#10570 = UNCERTAINTY_MEASURE_WITH_UNIT (LENGTH_MEASURE( 1.000000000000000082E-05 ), #5102, 'distance_accuracy_value', 'NONE');
#10571 =( LENGTH_UNIT ( ) NAMED_UNIT ( * ) SI_UNIT ( $, .METRE. ) );
#10572 = CARTESIAN_POINT ( 'NONE',  ( 0.1464566929133861717, -0.1407480314960625478, -0.2068897637795271138 ) ) ;
#10573 = ORIENTED_EDGE ( 'NONE', *, *, #8747, .F. ) ;
#10574 = DIMENSIONAL_EXPONENTS ( 1.000000000000000000, 0.0000000000000000000, 0.0000000000000000000, 0.0000000000000000000, 0.0000000000000000000, 0.0000000000000000000, 0.0000000000000000000 ) ;
#10575 = EDGE_CURVE ( 'NONE', #634, #6596, #10467, .T. ) ;
#10576 =( LENGTH_UNIT ( ) NAMED_UNIT ( * ) SI_UNIT ( $, .METRE. ) );
#10577 = COLOUR_RGB ( '',0.7607843137254901578, 0.7607843137254901578, 0.0000000000000000000 ) ;
#10578 = PRESENTATION_LAYER_ASSIGNMENT (  '', '', ( #683 ) ) ;
#10579 = AXIS2_PLACEMENT_3D ( 'NONE', #4158, #6994, #10540 ) ;
#10580 = VECTOR ( 'NONE', #10947, 39.37007874015748143 ) ;
#10581 =( CONVERSION_BASED_UNIT ( 'INCH', #9621 ) LENGTH_UNIT ( ) NAMED_UNIT ( #3980 ) );
#10582 = ADVANCED_FACE ( 'NONE', ( #10736 ), #986, .T. ) ;
#10583 = EDGE_CURVE ( 'NONE', #6564, #107, #7490, .T. ) ;
#10584 = UNCERTAINTY_MEASURE_WITH_UNIT (LENGTH_MEASURE( 1.000000000000000082E-05 ), #5897, 'distance_accuracy_value', 'NONE');
#10585 = DIRECTION ( 'NONE',  ( 0.0000000000000000000, -1.875148439272792120E-15, -1.000000000000000000 ) ) ;
#10586 = LINE ( 'NONE', #8041, #2163 ) ;
#10587 = CIRCLE ( 'NONE', #1646, 0.02460629921259841618 ) ;
#10588 = VECTOR ( 'NONE', #10036, 39.37007874015748854 ) ;
#10589 = LINE ( 'NONE', #2606, #10365 ) ;
#10590 = EDGE_LOOP ( 'NONE', ( #6695, #7765, #1361, #5787, #1224 ) ) ;
#10591 = ORIENTED_EDGE ( 'NONE', *, *, #8818, .F. ) ;
#10592 = FACE_OUTER_BOUND ( 'NONE', #10479, .T. ) ;
#10593 = FILL_AREA_STYLE_COLOUR ( '', #8754 ) ;
#10594 = ORIENTED_EDGE ( 'NONE', *, *, #2170, .F. ) ;
#10595 = DIRECTION ( 'NONE',  ( 1.602884491802569361E-15, -1.000000000000000000, 1.644517855226017859E-15 ) ) ;
#10596 =( GEOMETRIC_REPRESENTATION_CONTEXT ( 3 ) GLOBAL_UNCERTAINTY_ASSIGNED_CONTEXT ( ( #10687 ) ) GLOBAL_UNIT_ASSIGNED_CONTEXT ( ( #7406, #1130, #3969 ) ) REPRESENTATION_CONTEXT ( 'NONE', 'WORKASPACE' ) );
#10597 = ORIENTED_EDGE ( 'NONE', *, *, #9177, .T. ) ;
#10598 = CARTESIAN_POINT ( 'NONE',  ( 0.1535433070866145389, -0.1722440944881884484, -0.2879921259842515013 ) ) ;
#10599 = ORIENTED_EDGE ( 'NONE', *, *, #3890, .T. ) ;
#10600 =( CONVERSION_BASED_UNIT ( 'INCH', #2953 ) LENGTH_UNIT ( ) NAMED_UNIT ( #2969 ) );
#10601 = LINE ( 'NONE', #6130, #10545 ) ;
#10602 = ADVANCED_FACE ( 'NONE', ( #4048 ), #11066, .F. ) ;
#10603 = UNCERTAINTY_MEASURE_WITH_UNIT (LENGTH_MEASURE( 1.000000000000000082E-05 ), #7661, 'distance_accuracy_value', 'NONE');
#10604 = FACE_OUTER_BOUND ( 'NONE', #9839, .T. ) ;
#10605 = CARTESIAN_POINT ( 'NONE',  ( 0.06929133858267687296, 0.1958661417322837550, 0.07460629921259828712 ) ) ;
#10606 = PRESENTATION_LAYER_ASSIGNMENT (  '', '', ( #1277 ) ) ;
#10607 = STYLED_ITEM ( 'NONE', ( #9372 ), #5829 ) ;
#10608 = FACE_OUTER_BOUND ( 'NONE', #5579, .T. ) ;
#10609 = DIRECTION ( 'NONE',  ( 2.348093788196917952E-30, -1.644517855226018450E-15, -1.000000000000000000 ) ) ;
#10610 = ORIENTED_EDGE ( 'NONE', *, *, #409, .F. ) ;
#10611 =( GEOMETRIC_REPRESENTATION_CONTEXT ( 3 ) GLOBAL_UNCERTAINTY_ASSIGNED_CONTEXT ( ( #7466 ) ) GLOBAL_UNIT_ASSIGNED_CONTEXT ( ( #3249, #6002, #7903 ) ) REPRESENTATION_CONTEXT ( 'NONE', 'WORKASPACE' ) );
#10612 = EDGE_LOOP ( 'NONE', ( #6187, #9351, #1862, #6922 ) ) ;
#10613 = STYLED_ITEM ( 'NONE', ( #8466 ), #8866 ) ;
#10614 = FILL_AREA_STYLE ('',( #5455 ) ) ;
#10615 = VERTEX_POINT ( 'NONE', #9366 ) ;
#10616 = ORIENTED_EDGE ( 'NONE', *, *, #4501, .T. ) ;
#10617 = VECTOR ( 'NONE', #5029, 39.37007874015748143 ) ;
#10618 = LINE ( 'NONE', #6202, #53 ) ;
#10619 = PLANE ( 'NONE',  #8894 ) ;
#10620 = LINE ( 'NONE', #4405, #8204 ) ;
#10621 = DIRECTION ( 'NONE',  ( -1.000000000000000000, -1.602884491802569361E-15, 2.878783784372901366E-31 ) ) ;
#10622 = CIRCLE ( 'NONE', #9159, 0.009105439123007879818 ) ;
#10623 = SURFACE_STYLE_USAGE ( .BOTH. , #6152 ) ;
#10624 = SURFACE_SIDE_STYLE ('',( #7071 ) ) ;
#10625 = MECHANICAL_DESIGN_GEOMETRIC_PRESENTATION_REPRESENTATION (  '', ( #515 ), #11551 ) ;
#10626 = DIRECTION ( 'NONE',  ( -1.000000000000000000, -1.602884491802569361E-15, 2.878783784372901366E-31 ) ) ;
#10627 = UNCERTAINTY_MEASURE_WITH_UNIT (LENGTH_MEASURE( 1.000000000000000082E-05 ), #7619, 'distance_accuracy_value', 'NONE');
#10628 = MECHANICAL_DESIGN_GEOMETRIC_PRESENTATION_REPRESENTATION (  '', ( #7100 ), #4143 ) ;
#10629 = VERTEX_POINT ( 'NONE', #10202 ) ;
#10630 = FACE_OUTER_BOUND ( 'NONE', #10563, .T. ) ;
#10631 = FACE_OUTER_BOUND ( 'NONE', #499, .T. ) ;
#10632 = CARTESIAN_POINT ( 'NONE',  ( -0.06889763779527570409, 0.05610236220472458041, 0.1624015748031496786 ) ) ;
#10633 =( NAMED_UNIT ( * ) PLANE_ANGLE_UNIT ( ) SI_UNIT ( $, .RADIAN. ) );
#10634 = CARTESIAN_POINT ( 'NONE',  ( -0.1464566929133855888, -0.1407480314960630752, -0.1068897637795270944 ) ) ;
#10635 = LENGTH_MEASURE_WITH_UNIT ( LENGTH_MEASURE( 0.02539999999999999897 ), #10571 );
#10636 = CARTESIAN_POINT ( 'NONE',  ( -0.1464566929133855888, -0.1407480314960629364, -0.4068897637795271804 ) ) ;
#10637 = EDGE_LOOP ( 'NONE', ( #114, #2480, #6986, #9944 ) ) ;
#10638 = CARTESIAN_POINT ( 'NONE',  ( 0.06018589945980290512, 0.1564960629921263446, -0.2253937007874016463 ) ) ;
#10639 = EDGE_CURVE ( 'NONE', #7508, #458, #376, .T. ) ;
#10640 = STYLED_ITEM ( 'NONE', ( #1351 ), #10428 ) ;
#10641 = EDGE_CURVE ( 'NONE', #9119, #9487, #9245, .T. ) ;
#10642 = CARTESIAN_POINT ( 'NONE',  ( 0.1464566929133862272, -0.1722440944881885594, 0.01200787401574855001 ) ) ;
#10643 = DIRECTION ( 'NONE',  ( 6.254816746612918849E-10, -1.000000000000000000, 1.644517855226017859E-15 ) ) ;
#10644 =( CONVERSION_BASED_UNIT ( 'INCH', #11521 ) LENGTH_UNIT ( ) NAMED_UNIT ( #347 ) );
#10645 = FACE_OUTER_BOUND ( 'NONE', #9459, .T. ) ;
#10646 = EDGE_LOOP ( 'NONE', ( #9368, #1340, #3331, #10979, #1516, #1906 ) ) ;
#10647 = FACE_OUTER_BOUND ( 'NONE', #3641, .T. ) ;
#10648 = LENGTH_MEASURE_WITH_UNIT ( LENGTH_MEASURE( 0.02539999999999999897 ), #8744 );
#10649 = EDGE_LOOP ( 'NONE', ( #11128, #4358, #6186, #6842 ) ) ;
#10650 = CYLINDRICAL_SURFACE ( 'NONE', #3376, 0.003937007874015724558 ) ;
#10651 = PRESENTATION_LAYER_ASSIGNMENT (  '', '', ( #5655 ) ) ;
#10652 = ADVANCED_FACE ( 'NONE', ( #5641 ), #7372, .F. ) ;
#10653 = EDGE_CURVE ( 'NONE', #10702, #4562, #10441, .T. ) ;
#10654 = ORIENTED_EDGE ( 'NONE', *, *, #7030, .F. ) ;
#10655 = SURFACE_STYLE_FILL_AREA ( #9856 ) ;
#10656 = ORIENTED_EDGE ( 'NONE', *, *, #4054, .T. ) ;
#10657 = EDGE_CURVE ( 'NONE', #9682, #3647, #8530, .T. ) ;
#10658 = SURFACE_STYLE_USAGE ( .BOTH. , #3574 ) ;
#10659 = PRESENTATION_LAYER_ASSIGNMENT (  '', '', ( #4163 ) ) ;
#10660 = PLANE ( 'NONE',  #1006 ) ;
#10661 = CARTESIAN_POINT ( 'NONE',  ( 0.01934165959544849669, 0.2037401574803153481, -0.07544402180015766235 ) ) ;
#10662 = LENGTH_MEASURE_WITH_UNIT ( LENGTH_MEASURE( 0.02539999999999999897 ), #2446 );
#10663 = FACE_OUTER_BOUND ( 'NONE', #3386, .T. ) ;
#10664 = ORIENTED_EDGE ( 'NONE', *, *, #8169, .F. ) ;
#10665 = ORIENTED_EDGE ( 'NONE', *, *, #7818, .T. ) ;
#10666 = EDGE_CURVE ( 'NONE', #11343, #107, #4544, .T. ) ;
#10667 = AXIS2_PLACEMENT_3D ( 'NONE', #9207, #5594, #1170 ) ;
#10668 = AXIS2_PLACEMENT_3D ( 'NONE', #3413, #6965, #11441 ) ;
#10669 = EDGE_LOOP ( 'NONE', ( #10354, #10148, #6028, #4347 ) ) ;
#10670 =( CONVERSION_BASED_UNIT ( 'INCH', #7130 ) LENGTH_UNIT ( ) NAMED_UNIT ( #2528 ) );
#10671 = EDGE_LOOP ( 'NONE', ( #1606, #2107, #5752, #3420, #3080, #5121 ) ) ;
#10672 = ORIENTED_EDGE ( 'NONE', *, *, #637, .T. ) ;
#10673 = CARTESIAN_POINT ( 'NONE',  ( 0.06018589945968472882, 0.1998031496062995793, -0.1214566929133859829 ) ) ;
#10674 = FACE_OUTER_BOUND ( 'NONE', #7106, .T. ) ;
#10675 = PLANE ( 'NONE',  #2821 ) ;
#10676 = FACE_OUTER_BOUND ( 'NONE', #2179, .T. ) ;
#10677 = LINE ( 'NONE', #1984, #9851 ) ;
#10678 = AXIS2_PLACEMENT_3D ( 'NONE', #11490, #10504, #5100 ) ;
#10679 = MECHANICAL_DESIGN_GEOMETRIC_PRESENTATION_REPRESENTATION (  '', ( #1922 ), #5301 ) ;
#10680 = AXIS2_PLACEMENT_3D ( 'NONE', #9020, #11130, #6619 ) ;
#10681 = CARTESIAN_POINT ( 'NONE',  ( 0.06018589943271623194, 0.1998031496062996903, -0.4253937007874017961 ) ) ;
#10682 = LENGTH_MEASURE_WITH_UNIT ( LENGTH_MEASURE( 0.02539999999999999897 ), #7253 );
#10683 = VECTOR ( 'NONE', #5834, 39.37007874015748143 ) ;
#10684 = VECTOR ( 'NONE', #8985, 39.37007874015748143 ) ;
#10685 = ORIENTED_EDGE ( 'NONE', *, *, #5548, .T. ) ;
#10686 = LINE ( 'NONE', #9836, #11049 ) ;
#10687 = UNCERTAINTY_MEASURE_WITH_UNIT (LENGTH_MEASURE( 1.000000000000000082E-05 ), #7406, 'distance_accuracy_value', 'NONE');
#10688 = DIRECTION ( 'NONE',  ( 1.594929680954418377E-16, -0.09950371902100052512, -0.9950371902099890420 ) ) ;
#10689 = LINE ( 'NONE', #10572, #11331 ) ;
#10690 = STYLED_ITEM ( 'NONE', ( #944 ), #1585 ) ;
#10691 = STYLED_ITEM ( 'NONE', ( #7069 ), #952 ) ;
#10692 = ORIENTED_EDGE ( 'NONE', *, *, #2039, .T. ) ;
#10693 = CARTESIAN_POINT ( 'NONE',  ( 0.06018589945968472882, 0.1998031496062995793, 0.1245559781998423626 ) ) ;
#10694 = PLANE ( 'NONE',  #1534 ) ;
#10695 = LINE ( 'NONE', #10854, #3385 ) ;
#10696 = PRESENTATION_LAYER_ASSIGNMENT (  '', '', ( #11435 ) ) ;
#10697 = UNCERTAINTY_MEASURE_WITH_UNIT (LENGTH_MEASURE( 1.000000000000000082E-05 ), #8095, 'distance_accuracy_value', 'NONE');
#10698 = CYLINDRICAL_SURFACE ( 'NONE', #6366, 0.009105439123007878083 ) ;
#10699 = SURFACE_SIDE_STYLE ('',( #7970 ) ) ;
#10700 = ADVANCED_FACE ( 'NONE', ( #6029 ), #549, .T. ) ;
#10701 = DIRECTION ( 'NONE',  ( 2.348093788196917952E-30, -1.644517855226018450E-15, -1.000000000000000000 ) ) ;
#10702 = VERTEX_POINT ( 'NONE', #4345 ) ;
#10703 = AXIS2_PLACEMENT_3D ( 'NONE', #8007, #11554, #2402 ) ;
#10704 = ORIENTED_EDGE ( 'NONE', *, *, #4124, .T. ) ;
#10705 = DIRECTION ( 'NONE',  ( -2.047288890593917993E-10, 1.000000000000000000, -2.688773770073551715E-10 ) ) ;
#10706 = ORIENTED_EDGE ( 'NONE', *, *, #5617, .T. ) ;
#10707 =( CONVERSION_BASED_UNIT ( 'INCH', #4564 ) LENGTH_UNIT ( ) NAMED_UNIT ( #866 ) );
#10708 = ORIENTED_EDGE ( 'NONE', *, *, #8536, .F. ) ;
#10709 = FILL_AREA_STYLE_COLOUR ( '', #5551 ) ;
#10710 = UNCERTAINTY_MEASURE_WITH_UNIT (LENGTH_MEASURE( 1.000000000000000082E-05 ), #2954, 'distance_accuracy_value', 'NONE');
#10711 = DIRECTION ( 'NONE',  ( 1.602884491802569361E-15, -1.000000000000000000, 1.644517855226018450E-15 ) ) ;
#10712 = EDGE_CURVE ( 'NONE', #9682, #5359, #5918, .T. ) ;
#10713 = CARTESIAN_POINT ( 'NONE',  ( -0.06929133858267744195, 0.1564960629921261226, 0.1336614173228345692 ) ) ;
#10714 = DIRECTION ( 'NONE',  ( 2.348093788196917952E-30, -1.644517855226018450E-15, -1.000000000000000000 ) ) ;
#10715 = CARTESIAN_POINT ( 'NONE',  ( 0.01934165959543282173, 0.1564960629921262614, 0.1336614173228345692 ) ) ;
#10716 = EDGE_CURVE ( 'NONE', #8042, #6236, #4165, .T. ) ;
#10717 = ORIENTED_EDGE ( 'NONE', *, *, #7525, .F. ) ;
#10718 = ORIENTED_EDGE ( 'NONE', *, *, #7863, .T. ) ;
#10719 = ORIENTED_EDGE ( 'NONE', *, *, #10446, .F. ) ;
#10720 = LINE ( 'NONE', #3645, #4725 ) ;
#10721 = ORIENTED_EDGE ( 'NONE', *, *, #5564, .T. ) ;
#10722 = ORIENTED_EDGE ( 'NONE', *, *, #5260, .T. ) ;
#10723 = DIRECTION ( 'NONE',  ( 1.602884491802569361E-15, -1.000000000000000000, 1.644517855226018450E-15 ) ) ;
#10724 = PLANE ( 'NONE',  #9720 ) ;
#10725 = PLANE ( 'NONE',  #6299 ) ;
#10726 = FACE_OUTER_BOUND ( 'NONE', #5721, .T. ) ;
#10727 = COLOUR_RGB ( '',1.000000000000000000, 1.000000000000000000, 1.000000000000000000 ) ;
#10728 = ADVANCED_FACE ( 'NONE', ( #1566 ), #3281, .T. ) ;
#10729 =( GEOMETRIC_REPRESENTATION_CONTEXT ( 3 ) GLOBAL_UNCERTAINTY_ASSIGNED_CONTEXT ( ( #5599 ) ) GLOBAL_UNIT_ASSIGNED_CONTEXT ( ( #2380, #654, #8639 ) ) REPRESENTATION_CONTEXT ( 'NONE', 'WORKASPACE' ) );
#10730 =( LENGTH_UNIT ( ) NAMED_UNIT ( * ) SI_UNIT ( $, .METRE. ) );
#10731 = EDGE_CURVE ( 'NONE', #7589, #7430, #2465, .T. ) ;
#10732 = PRESENTATION_STYLE_ASSIGNMENT (( #2645 ) ) ;
#10733 = CARTESIAN_POINT ( 'NONE',  ( 0.06929133858267692847, 0.1564960629921263446, 0.1336614173228345692 ) ) ;
#10734 = AXIS2_PLACEMENT_3D ( 'NONE', #10245, #4796, #8504 ) ;
#10735 = VECTOR ( 'NONE', #6704, 39.37007874015748143 ) ;
#10736 = FACE_OUTER_BOUND ( 'NONE', #9800, .T. ) ;
#10737 = ORIENTED_EDGE ( 'NONE', *, *, #9746, .F. ) ;
#10738 = DIRECTION ( 'NONE',  ( 1.602884491802569361E-15, -1.000000000000000000, 1.644517855226017859E-15 ) ) ;
#10739 = SURFACE_STYLE_FILL_AREA ( #7202 ) ;
#10740 = PLANE ( 'NONE',  #5763 ) ;
#10741 = DIRECTION ( 'NONE',  ( 1.594929680954394613E-15, -0.9950371902099890420, 0.09950371902100052512 ) ) ;
#10742 = EDGE_CURVE ( 'NONE', #5174, #5723, #11548, .T. ) ;
#10743 = CARTESIAN_POINT ( 'NONE',  ( 0.01934165959544849669, 0.2037401574803153759, -0.4214566929133860551 ) ) ;
#10744 = SURFACE_STYLE_USAGE ( .BOTH. , #8972 ) ;
#10745 = PRESENTATION_STYLE_ASSIGNMENT (( #8083 ) ) ;
#10746 = LINE ( 'NONE', #10903, #3705 ) ;
#10747 = ORIENTED_EDGE ( 'NONE', *, *, #6390, .F. ) ;
#10748 = LINE ( 'NONE', #5535, #4677 ) ;
#10749 = FACE_OUTER_BOUND ( 'NONE', #7345, .T. ) ;
#10750 = MECHANICAL_DESIGN_GEOMETRIC_PRESENTATION_REPRESENTATION (  '', ( #289 ), #10188 ) ;
#10751 =( GEOMETRIC_REPRESENTATION_CONTEXT ( 3 ) GLOBAL_UNCERTAINTY_ASSIGNED_CONTEXT ( ( #8986 ) ) GLOBAL_UNIT_ASSIGNED_CONTEXT ( ( #1943, #3717, #168 ) ) REPRESENTATION_CONTEXT ( 'NONE', 'WORKASPACE' ) );
#10752 = DIRECTION ( 'NONE',  ( -1.000000000000000000, -1.602884491802569361E-15, 2.711709361697224578E-31 ) ) ;
#10753 = CARTESIAN_POINT ( 'NONE',  ( 0.1535433070866145389, -0.1722440944881884761, -0.1879921259842514403 ) ) ;
#10754 = CARTESIAN_POINT ( 'NONE',  ( 0.1535433070866145389, -0.1722440944881885871, 0.1120078740157485764 ) ) ;
#10755 =( LENGTH_UNIT ( ) NAMED_UNIT ( * ) SI_UNIT ( $, .METRE. ) );
#10756 = ORIENTED_EDGE ( 'NONE', *, *, #8037, .F. ) ;
#10757 =( GEOMETRIC_REPRESENTATION_CONTEXT ( 3 ) GLOBAL_UNCERTAINTY_ASSIGNED_CONTEXT ( ( #11264 ) ) GLOBAL_UNIT_ASSIGNED_CONTEXT ( ( #3263, #2370, #10419 ) ) REPRESENTATION_CONTEXT ( 'NONE', 'WORKASPACE' ) );
#10758 = PLANE ( 'NONE',  #7266 ) ;
#10759 = STYLED_ITEM ( 'NONE', ( #2098 ), #3977 ) ;
#10760 = VERTEX_POINT ( 'NONE', #919 ) ;
#10761 =( LENGTH_UNIT ( ) NAMED_UNIT ( * ) SI_UNIT ( $, .METRE. ) );
#10762 = PRESENTATION_LAYER_ASSIGNMENT (  '', '', ( #2785 ) ) ;
#10763 = EDGE_CURVE ( 'NONE', #8693, #4103, #2819, .T. ) ;
#10764 = ORIENTED_EDGE ( 'NONE', *, *, #10457, .T. ) ;
#10765 = EDGE_LOOP ( 'NONE', ( #7112, #5638, #1859, #6422 ) ) ;
#10766 = CARTESIAN_POINT ( 'NONE',  ( 0.06889763779527535714, 0.1564960629921264001, 0.1820866141732282728 ) ) ;
#10767 = SURFACE_STYLE_USAGE ( .BOTH. , #963 ) ;
#10768 = CARTESIAN_POINT ( 'NONE',  ( 0.06018589945968484678, 0.1269685039370083701, -0.2663385826771654252 ) ) ;
#10769 = CARTESIAN_POINT ( 'NONE',  ( -0.06889763779527567633, 0.04350393700787420076, 0.1702755905511812440 ) ) ;
#10770 =( NAMED_UNIT ( * ) SI_UNIT ( $, .STERADIAN. ) SOLID_ANGLE_UNIT ( ) );
#10771 = SURFACE_STYLE_USAGE ( .BOTH. , #8112 ) ;
#10772 = CARTESIAN_POINT ( 'NONE',  ( 0.1535433070866145389, -0.1722440944881885871, -0.003740157480314449702 ) ) ;
#10773 =( GEOMETRIC_REPRESENTATION_CONTEXT ( 3 ) GLOBAL_UNCERTAINTY_ASSIGNED_CONTEXT ( ( #4676 ) ) GLOBAL_UNIT_ASSIGNED_CONTEXT ( ( #9524, #7050, #5327 ) ) REPRESENTATION_CONTEXT ( 'NONE', 'WORKASPACE' ) );
#10774 = CARTESIAN_POINT ( 'NONE',  ( -0.1464566929133857831, -0.02263779527559050750, -0.1848425196850391194 ) ) ;
#10775 = ORIENTED_EDGE ( 'NONE', *, *, #7606, .T. ) ;
#10776 = AXIS2_PLACEMENT_3D ( 'NONE', #3639, #9053, #10609 ) ;
#10777 = EDGE_CURVE ( 'NONE', #7127, #4077, #8630, .T. ) ;
#10778 = DIRECTION ( 'NONE',  ( 0.0000000000000000000, 0.0000000000000000000, 1.000000000000000000 ) ) ;
#10779 = ORIENTED_EDGE ( 'NONE', *, *, #942, .T. ) ;
#10780 = CIRCLE ( 'NONE', #4485, 0.02854330708661418844 ) ;
#10781 = LENGTH_MEASURE_WITH_UNIT ( LENGTH_MEASURE( 0.02539999999999999897 ), #95 );
#10782 = SURFACE_STYLE_FILL_AREA ( #7246 ) ;
#10783 = EDGE_CURVE ( 'NONE', #9500, #7634, #10720, .T. ) ;
#10784 = LINE ( 'NONE', #7363, #1578 ) ;
#10785 = AXIS2_PLACEMENT_3D ( 'NONE', #8603, #3291, #241 ) ;
#10786 = DIRECTION ( 'NONE',  ( -2.255731163044917930E-10, 1.000000000000000000, 2.962140801037447666E-10 ) ) ;
#10787 = CARTESIAN_POINT ( 'NONE',  ( 0.1535433070866144833, -0.1407480314960625478, -0.2068897637795271138 ) ) ;
#10788 = CARTESIAN_POINT ( 'NONE',  ( -0.1535433070866139282, -0.1407480314960629919, -0.2848425196850389307 ) ) ;
#10789 = DIRECTION ( 'NONE',  ( 1.000000000000000000, 1.602884491802569361E-15, -2.711709361697226329E-31 ) ) ;
#10790 = SURFACE_SIDE_STYLE ('',( #6209 ) ) ;
#10791 = ADVANCED_FACE ( 'NONE', ( #8000 ), #33, .T. ) ;
#10792 = CARTESIAN_POINT ( 'NONE',  ( 0.01830074866882645118, 0.1998031496062994683, -0.02145669291338597739 ) ) ;
#10793 = EDGE_CURVE ( 'NONE', #728, #4754, #10827, .T. ) ;
#10794 = ORIENTED_EDGE ( 'NONE', *, *, #3672, .T. ) ;
#10795 = LINE ( 'NONE', #8134, #9589 ) ;
#10796 = DIRECTION ( 'NONE',  ( 0.0000000000000000000, 1.387778780781445478E-15, 1.000000000000000000 ) ) ;
#10797 = VECTOR ( 'NONE', #7471, 39.37007874015748143 ) ;
#10798 =( LENGTH_UNIT ( ) NAMED_UNIT ( * ) SI_UNIT ( $, .METRE. ) );
#10799 = VECTOR ( 'NONE', #4392, 39.37007874015748854 ) ;
#10800 = FACE_OUTER_BOUND ( 'NONE', #5605, .T. ) ;
#10801 =( NAMED_UNIT ( * ) PLANE_ANGLE_UNIT ( ) SI_UNIT ( $, .RADIAN. ) );
#10802 = ORIENTED_EDGE ( 'NONE', *, *, #9322, .T. ) ;
#10803 = DIRECTION ( 'NONE',  ( 2.047204322355081778E-10, 1.000000000000000000, 2.688782288034447080E-10 ) ) ;
#10804 = CARTESIAN_POINT ( 'NONE',  ( -0.1464566929133855611, -0.1722440944881889202, -0.3879921259842515346 ) ) ;
#10805 = CARTESIAN_POINT ( 'NONE',  ( 0.1948818897637793202, 0.1564960629921266222, 0.1820866141732282728 ) ) ;
#10806 = EDGE_CURVE ( 'NONE', #2972, #1011, #9708, .T. ) ;
#10807 = COLOUR_RGB ( '',1.000000000000000000, 1.000000000000000000, 1.000000000000000000 ) ;
#10808 = CARTESIAN_POINT ( 'NONE',  ( 0.06018589945968472882, 0.1998031496062996071, -0.2162882616643938549 ) ) ;
#10809 = COLOUR_RGB ( '',1.000000000000000000, 1.000000000000000000, 1.000000000000000000 ) ;
#10810 = CARTESIAN_POINT ( 'NONE',  ( 0.1464566929133862272, -0.1722440944881885316, -0.2068897637795270861 ) ) ;
#10811 = CARTESIAN_POINT ( 'NONE',  ( 0.1464566929133862272, -0.1722440944881885871, -0.003740157480314449702 ) ) ;
#10812 = CARTESIAN_POINT ( 'NONE',  ( 0.06122681038629890909, 0.1998031496062997736, -0.3702755905511813106 ) ) ;
#10813 = AXIS2_PLACEMENT_3D ( 'NONE', #2472, #2418, #6054 ) ;
#10814 = DIRECTION ( 'NONE',  ( -1.594929680954395007E-15, 0.9950371902099891530, 0.09950371902099724997 ) ) ;
#10815 = ORIENTED_EDGE ( 'NONE', *, *, #10793, .F. ) ;
#10816 =( NAMED_UNIT ( * ) PLANE_ANGLE_UNIT ( ) SI_UNIT ( $, .RADIAN. ) );
#10817 = ORIENTED_EDGE ( 'NONE', *, *, #4137, .F. ) ;
#10818 = ORIENTED_EDGE ( 'NONE', *, *, #10742, .F. ) ;
#10819 = UNCERTAINTY_MEASURE_WITH_UNIT (LENGTH_MEASURE( 1.000000000000000082E-05 ), #1422, 'distance_accuracy_value', 'NONE');
#10820 = CARTESIAN_POINT ( 'NONE',  ( 0.01934165959544861813, 0.1269685039370081203, -0.02539370078740161782 ) ) ;
#10821 = MECHANICAL_DESIGN_GEOMETRIC_PRESENTATION_REPRESENTATION (  '', ( #6574 ), #8806 ) ;
#10822 =( LENGTH_UNIT ( ) NAMED_UNIT ( * ) SI_UNIT ( $, .METRE. ) );
#10823 = SURFACE_STYLE_FILL_AREA ( #7292 ) ;
#10824 = CARTESIAN_POINT ( 'NONE',  ( -0.007480314960630252488, 0.2037401574803152926, -0.1958661417322836440 ) ) ;
#10825 = ORIENTED_EDGE ( 'NONE', *, *, #8386, .F. ) ;
#10826 = DIMENSIONAL_EXPONENTS ( 1.000000000000000000, 0.0000000000000000000, 0.0000000000000000000, 0.0000000000000000000, 0.0000000000000000000, 0.0000000000000000000, 0.0000000000000000000 ) ;
#10827 = LINE ( 'NONE', #9869, #8429 ) ;
#10828 = ORIENTED_EDGE ( 'NONE', *, *, #5271, .F. ) ;
#10829 = DIRECTION ( 'NONE',  ( 1.602884491802569361E-15, -1.000000000000000000, 1.644517855226017859E-15 ) ) ;
#10830 =( LENGTH_UNIT ( ) NAMED_UNIT ( * ) SI_UNIT ( $, .METRE. ) );
#10831 = PRESENTATION_STYLE_ASSIGNMENT (( #7299 ) ) ;
#10832 = CARTESIAN_POINT ( 'NONE',  ( -2.057162640966502078E-16, 0.1269685039370081203, -0.3458661417322835829 ) ) ;
#10833 = CARTESIAN_POINT ( 'NONE',  ( 0.06018589945968479821, 0.1564960629921264557, -0.1663385826771654197 ) ) ;
#10834 = DIRECTION ( 'NONE',  ( 8.640684008184001570E-13, -1.644517855224633408E-15, -1.000000000000000000 ) ) ;
#10835 = SURFACE_STYLE_USAGE ( .BOTH. , #5687 ) ;
#10836 = ADVANCED_FACE ( 'NONE', ( #8824 ), #4401, .F. ) ;
#10837 = DIRECTION ( 'NONE',  ( -0.7956271577886172564, -2.775557561562892140E-15, -0.6057866173738131188 ) ) ;
#10838 = FILL_AREA_STYLE_COLOUR ( '', #3344 ) ;
#10839 = PRESENTATION_LAYER_ASSIGNMENT (  '', '', ( #6762 ) ) ;
#10840 = LENGTH_MEASURE_WITH_UNIT ( LENGTH_MEASURE( 0.02539999999999999897 ), #2648 );
#10841 = VERTEX_POINT ( 'NONE', #198 ) ;
#10842 = DIRECTION ( 'NONE',  ( -2.348093788196917952E-30, 1.644517855226018450E-15, 1.000000000000000000 ) ) ;
#10843 = MECHANICAL_DESIGN_GEOMETRIC_PRESENTATION_REPRESENTATION (  '', ( #5489 ), #6954 ) ;
#10844 = DIRECTION ( 'NONE',  ( 1.602884491802569361E-15, -1.000000000000000000, 1.644517855226017859E-15 ) ) ;
#10845 = VECTOR ( 'NONE', #10150, 39.37007874015748143 ) ;
#10846 =( NAMED_UNIT ( * ) PLANE_ANGLE_UNIT ( ) SI_UNIT ( $, .RADIAN. ) );
#10847 = SURFACE_STYLE_USAGE ( .BOTH. , #2891 ) ;
#10848 = EDGE_CURVE ( 'NONE', #634, #3444, #9924, .T. ) ;
#10849 = CARTESIAN_POINT ( 'NONE',  ( -0.1948818897637798475, 0.1564960629921260116, 0.1820866141732282728 ) ) ;
#10850 = EDGE_LOOP ( 'NONE', ( #3846, #3967, #5786, #5895 ) ) ;
#10851 = AXIS2_PLACEMENT_3D ( 'NONE', #6796, #10287, #5888 ) ;
#10852 = FACE_OUTER_BOUND ( 'NONE', #4196, .T. ) ;
#10853 = CIRCLE ( 'NONE', #5507, 0.009105439123007843388 ) ;
#10854 = CARTESIAN_POINT ( 'NONE',  ( 0.1464566929133861717, -0.1407480314960625756, 0.01515748031496108768 ) ) ;
#10855 = DIRECTION ( 'NONE',  ( 2.348093788196916901E-30, -1.644517855226017859E-15, -1.000000000000000000 ) ) ;
#10856 = LINE ( 'NONE', #9900, #11230 ) ;
#10857 = STYLED_ITEM ( 'NONE', ( #8320 ), #1596 ) ;
#10858 = CARTESIAN_POINT ( 'NONE',  ( -0.1464566929133855611, -0.1722440944881890312, -0.1037401574803144821 ) ) ;
#10859 = FACE_OUTER_BOUND ( 'NONE', #5236, .T. ) ;
#10860 = CARTESIAN_POINT ( 'NONE',  ( 0.01934165959544861813, 0.1269685039370081203, -0.1253937007874016407 ) ) ;
#10861 = EDGE_CURVE ( 'NONE', #6933, #7589, #4688, .T. ) ;
#10862 = DIRECTION ( 'NONE',  ( -1.000000000000000000, -1.602884491802569361E-15, 2.711709361697226329E-31 ) ) ;
#10863 = EDGE_CURVE ( 'NONE', #8926, #1797, #6421, .T. ) ;
#10864 = EDGE_LOOP ( 'NONE', ( #7622, #9192, #847, #1079 ) ) ;
#10865 = FILL_AREA_STYLE ('',( #5544 ) ) ;
#10866 = VERTEX_POINT ( 'NONE', #2208 ) ;
#10867 = CIRCLE ( 'NONE', #801, 0.02460629921259841618 ) ;
#10868 = EDGE_LOOP ( 'NONE', ( #1669, #3492, #11173, #32 ) ) ;
#10869 = ORIENTED_EDGE ( 'NONE', *, *, #1416, .F. ) ;
#10870 = SURFACE_STYLE_FILL_AREA ( #353 ) ;
#10871 = LINE ( 'NONE', #8336, #176 ) ;
#10872 = VERTEX_POINT ( 'NONE', #1979 ) ;
#10873 = PRESENTATION_STYLE_ASSIGNMENT (( #3633 ) ) ;
#10874 = PRESENTATION_LAYER_ASSIGNMENT (  '', '', ( #2899 ) ) ;
#10875 = SURFACE_STYLE_FILL_AREA ( #9972 ) ;
#10876 = DIRECTION ( 'NONE',  ( 0.0000000000000000000, 0.0000000000000000000, -1.000000000000000000 ) ) ;
#10877 = EDGE_LOOP ( 'NONE', ( #2195, #5192, #4672, #6311 ) ) ;
#10878 = MECHANICAL_DESIGN_GEOMETRIC_PRESENTATION_REPRESENTATION (  '', ( #2150 ), #9625 ) ;
#10879 = DIRECTION ( 'NONE',  ( -1.602884491802569361E-15, 1.000000000000000000, -1.644517855226017859E-15 ) ) ;
#10880 = VERTEX_POINT ( 'NONE', #1261 ) ;
#10881 =( CONVERSION_BASED_UNIT ( 'INCH', #10781 ) LENGTH_UNIT ( ) NAMED_UNIT ( #5542 ) );
#10882 = CARTESIAN_POINT ( 'NONE',  ( 0.06743043410952725969, 0.1998031496062995516, 0.08922769150163765983 ) ) ;
#10883 = DIRECTION ( 'NONE',  ( 1.602884491802569361E-15, -1.000000000000000000, 1.644517855226018450E-15 ) ) ;
#10884 = CARTESIAN_POINT ( 'NONE',  ( -0.06929133858267740032, 0.1269685039370080926, -0.3253937007874017073 ) ) ;
#10885 = LENGTH_MEASURE_WITH_UNIT ( LENGTH_MEASURE( 0.02539999999999999897 ), #1988 );
#10886 =( LENGTH_UNIT ( ) NAMED_UNIT ( * ) SI_UNIT ( $, .METRE. ) );
#10887 = DIRECTION ( 'NONE',  ( -1.602884491802569361E-15, 1.000000000000000000, -1.644517855226017859E-15 ) ) ;
#10888 = CARTESIAN_POINT ( 'NONE',  ( 0.01934165962243668963, 0.1998031496062996071, -0.06633858267716551127 ) ) ;
#10889 = PRESENTATION_LAYER_ASSIGNMENT (  '', '', ( #9069 ) ) ;
#10890 = CARTESIAN_POINT ( 'NONE',  ( 0.06743043410952737071, 0.1269685039370082591, -0.08095997496618115297 ) ) ;
#10891 = VERTEX_POINT ( 'NONE', #3038 ) ;
#10892 = FILL_AREA_STYLE_COLOUR ( '', #7310 ) ;
#10893 = ORIENTED_EDGE ( 'NONE', *, *, #1089, .T. ) ;
#10894 = DIRECTION ( 'NONE',  ( -1.602884491802569361E-15, 1.000000000000000000, -1.644517855226017859E-15 ) ) ;
#10895 = EDGE_CURVE ( 'NONE', #8266, #3138, #6942, .T. ) ;
#10896 =( GEOMETRIC_REPRESENTATION_CONTEXT ( 3 ) GLOBAL_UNCERTAINTY_ASSIGNED_CONTEXT ( ( #1970 ) ) GLOBAL_UNIT_ASSIGNED_CONTEXT ( ( #9201, #9942, #4395 ) ) REPRESENTATION_CONTEXT ( 'NONE', 'WORKASPACE' ) );
#10897 = MECHANICAL_DESIGN_GEOMETRIC_PRESENTATION_REPRESENTATION (  '', ( #8502 ), #3481 ) ;
#10898 = DIRECTION ( 'NONE',  ( 1.602884491802569361E-15, -1.000000000000000000, 1.548860246407864322E-15 ) ) ;
#10899 =( NAMED_UNIT ( * ) SI_UNIT ( $, .STERADIAN. ) SOLID_ANGLE_UNIT ( ) );
#10900 = DIRECTION ( 'NONE',  ( 1.602884491802569361E-15, -1.000000000000000000, 1.644517855226017859E-15 ) ) ;
#10901 = CARTESIAN_POINT ( 'NONE',  ( 0.1464566929133861717, -0.1407480314960624368, -0.3848425196850389085 ) ) ;
#10902 = CARTESIAN_POINT ( 'NONE',  ( 0.01934165959544861813, 0.1269685039370083146, -0.3754440218001576235 ) ) ;
#10903 = CARTESIAN_POINT ( 'NONE',  ( -0.1464566929133855611, -0.1722440944881890867, 0.09625984251968555672 ) ) ;
#10904 = ORIENTED_EDGE ( 'NONE', *, *, #5548, .F. ) ;
#10905 = PRESENTATION_LAYER_ASSIGNMENT (  '', '', ( #2546 ) ) ;
#10906 = AXIS2_PLACEMENT_3D ( 'NONE', #1912, #2552, #8812 ) ;
#10907 = DIRECTION ( 'NONE',  ( -1.602884491802569361E-15, 1.000000000000000000, -1.644517855226017859E-15 ) ) ;
#10908 = DIMENSIONAL_EXPONENTS ( 1.000000000000000000, 0.0000000000000000000, 0.0000000000000000000, 0.0000000000000000000, 0.0000000000000000000, 0.0000000000000000000, 0.0000000000000000000 ) ;
#10909 = EDGE_CURVE ( 'NONE', #2462, #2340, #10129, .T. ) ;
#10910 = TOROIDAL_SURFACE ( 'NONE', #3695, 0.005168431248992125769, 0.003937007874015747977 ) ;
#10911 = UNCERTAINTY_MEASURE_WITH_UNIT (LENGTH_MEASURE( 1.000000000000000082E-05 ), #1219, 'distance_accuracy_value', 'NONE');
#10912 = LINE ( 'NONE', #9325, #5828 ) ;
#10913 = DIRECTION ( 'NONE',  ( 0.0000000000000000000, 0.0000000000000000000, 1.000000000000000000 ) ) ;
#10914 = EDGE_CURVE ( 'NONE', #3608, #6564, #7320, .T. ) ;
#10915 = DIRECTION ( 'NONE',  ( -1.000000000000000000, -1.602884491802569361E-15, 2.711709361697224578E-31 ) ) ;
#10916 =( NAMED_UNIT ( * ) PLANE_ANGLE_UNIT ( ) SI_UNIT ( $, .RADIAN. ) );
#10917 = ORIENTED_EDGE ( 'NONE', *, *, #3268, .T. ) ;
#10918 = ORIENTED_EDGE ( 'NONE', *, *, #10793, .T. ) ;
#10919 =( GEOMETRIC_REPRESENTATION_CONTEXT ( 3 ) GLOBAL_UNCERTAINTY_ASSIGNED_CONTEXT ( ( #9665 ) ) GLOBAL_UNIT_ASSIGNED_CONTEXT ( ( #358, #5557, #8166 ) ) REPRESENTATION_CONTEXT ( 'NONE', 'WORKASPACE' ) );
#10920 = COLOUR_RGB ( '',0.7607843137254901578, 0.7607843137254901578, 0.0000000000000000000 ) ;
#10921 = ORIENTED_EDGE ( 'NONE', *, *, #6377, .F. ) ;
#10922 = EDGE_CURVE ( 'NONE', #7478, #6307, #1141, .T. ) ;
#10923 = DIRECTION ( 'NONE',  ( 6.254816746612918849E-10, -1.000000000000000000, 1.644517855226017859E-15 ) ) ;
#10924 = EDGE_CURVE ( 'NONE', #6582, #5359, #6476, .T. ) ;
#10925 = ORIENTED_EDGE ( 'NONE', *, *, #9466, .T. ) ;
#10926 = DIMENSIONAL_EXPONENTS ( 1.000000000000000000, 0.0000000000000000000, 0.0000000000000000000, 0.0000000000000000000, 0.0000000000000000000, 0.0000000000000000000, 0.0000000000000000000 ) ;
#10927 = UNCERTAINTY_MEASURE_WITH_UNIT (LENGTH_MEASURE( 1.000000000000000082E-05 ), #7958, 'distance_accuracy_value', 'NONE');
#10928 =( LENGTH_UNIT ( ) NAMED_UNIT ( * ) SI_UNIT ( $, .METRE. ) );
#10929 = AXIS2_PLACEMENT_3D ( 'NONE', #9083, #172, #7858 ) ;
#10930 =( NAMED_UNIT ( * ) PLANE_ANGLE_UNIT ( ) SI_UNIT ( $, .RADIAN. ) );
#10931 = CARTESIAN_POINT ( 'NONE',  ( 0.06018589945968484678, 0.1269685039370082591, -0.07544402180015752357 ) ) ;
#10932 =( NAMED_UNIT ( * ) SI_UNIT ( $, .STERADIAN. ) SOLID_ANGLE_UNIT ( ) );
#10933 = CARTESIAN_POINT ( 'NONE',  ( 0.08700787401574773539, 0.2037401574803154869, -0.2958661417322836495 ) ) ;
#10934 = ORIENTED_EDGE ( 'NONE', *, *, #7488, .F. ) ;
#10935 = CARTESIAN_POINT ( 'NONE',  ( 0.1948818897637793202, 0.1564960629921266222, -0.4738188976377947781 ) ) ;
#10936 = EDGE_CURVE ( 'NONE', #10105, #10538, #7575, .T. ) ;
#10937 = VERTEX_POINT ( 'NONE', #8286 ) ;
#10938 =( NAMED_UNIT ( * ) PLANE_ANGLE_UNIT ( ) SI_UNIT ( $, .RADIAN. ) );
#10939 = PLANE ( 'NONE',  #10433 ) ;
#10940 = VECTOR ( 'NONE', #839, 39.37007874015748143 ) ;
#10941 = MECHANICAL_DESIGN_GEOMETRIC_PRESENTATION_REPRESENTATION (  '', ( #2785 ), #10406 ) ;
#10942 = DIRECTION ( 'NONE',  ( 1.602884491802569361E-15, -1.000000000000000000, 1.644517855226018450E-15 ) ) ;
#10943 = PRESENTATION_STYLE_ASSIGNMENT (( #10034 ) ) ;
#10944 = FACE_OUTER_BOUND ( 'NONE', #1377, .T. ) ;
#10945 = PRESENTATION_LAYER_ASSIGNMENT (  '', '', ( #4289 ) ) ;
#10946 = LINE ( 'NONE', #1934, #2612 ) ;
#10947 = DIRECTION ( 'NONE',  ( 1.000000000000000000, 1.602884491802764604E-15, 1.187510765328999591E-13 ) ) ;
#10948 = EDGE_LOOP ( 'NONE', ( #4873, #8157, #1391, #76 ) ) ;
#10949 = EDGE_LOOP ( 'NONE', ( #8001, #8062, #10775, #7491 ) ) ;
#10950 = ORIENTED_EDGE ( 'NONE', *, *, #4250, .T. ) ;
#10951 = MECHANICAL_DESIGN_GEOMETRIC_PRESENTATION_REPRESENTATION (  '', ( #1086 ), #3362 ) ;
#10952 = LINE ( 'NONE', #1160, #9949 ) ;
#10953 = CARTESIAN_POINT ( 'NONE',  ( 0.06429804372452725680, 0.1998031496062996071, -0.1131572951809450556 ) ) ;
#10954 = SURFACE_STYLE_USAGE ( .BOTH. , #3715 ) ;
#10955 =( LENGTH_UNIT ( ) NAMED_UNIT ( * ) SI_UNIT ( $, .METRE. ) );
#10956 = DIRECTION ( 'NONE',  ( -1.000000000000000000, -1.602884491802569361E-15, 2.711709361697226329E-31 ) ) ;
#10957 = SURFACE_STYLE_USAGE ( .BOTH. , #1434 ) ;
#10958 = CIRCLE ( 'NONE', #5971, 0.003937007874015724558 ) ;
#10960 = CARTESIAN_POINT ( 'NONE',  ( -0.1535433070866138727, -0.1722440944881890312, 0.01200787401574855001 ) ) ;
#10959 = AXIS2_PLACEMENT_3D ( 'NONE', #4993, #7718, #561 ) ;
#10961 = SURFACE_STYLE_USAGE ( .BOTH. , #269 ) ;
#10962 = PRESENTATION_STYLE_ASSIGNMENT (( #385 ) ) ;
#10963 = ORIENTED_EDGE ( 'NONE', *, *, #1980, .F. ) ;
#10964 = SURFACE_STYLE_FILL_AREA ( #3886 ) ;
#10965 =( NAMED_UNIT ( * ) PLANE_ANGLE_UNIT ( ) SI_UNIT ( $, .RADIAN. ) );
#10966 = VECTOR ( 'NONE', #7271, 39.37007874015748143 ) ;
#10967 = COLOUR_RGB ( '',0.7607843137254901578, 0.7607843137254901578, 0.0000000000000000000 ) ;
#10968 = AXIS2_PLACEMENT_3D ( 'NONE', #8460, #3041, #423 ) ;
#10969 =( CONVERSION_BASED_UNIT ( 'INCH', #6513 ) LENGTH_UNIT ( ) NAMED_UNIT ( #1150 ) );
#10970 = DIRECTION ( 'NONE',  ( 1.594929680954418377E-16, -0.09950371902100052512, -0.9950371902099890420 ) ) ;
#10971 = DIRECTION ( 'NONE',  ( -1.000000000000000000, -1.602884491802569361E-15, 2.878783784372901366E-31 ) ) ;
#10972 = CARTESIAN_POINT ( 'NONE',  ( 0.06929133858267698398, 0.1269685039370083146, -0.06633858267716538637 ) ) ;
#10973 =( LENGTH_UNIT ( ) NAMED_UNIT ( * ) SI_UNIT ( $, .METRE. ) );
#10974 = DIRECTION ( 'NONE',  ( 2.364801230464485631E-30, -1.644517855226018450E-15, -1.000000000000000000 ) ) ;
#10975 = EDGE_LOOP ( 'NONE', ( #5951, #10495, #5337 ) ) ;
#10976 = TOROIDAL_SURFACE ( 'NONE', #3370, 0.005168431248992125769, 0.003937007874015747977 ) ;
#10977 =( LENGTH_UNIT ( ) NAMED_UNIT ( * ) SI_UNIT ( $, .METRE. ) );
#10978 = ADVANCED_FACE ( 'NONE', ( #6544 ), #9350, .F. ) ;
#10979 = ORIENTED_EDGE ( 'NONE', *, *, #5090, .F. ) ;
#10980 = FACE_OUTER_BOUND ( 'NONE', #9534, .T. ) ;
#10981 = TOROIDAL_SURFACE ( 'NONE', #4325, 0.005168431248992125769, 0.003937007874015747977 ) ;
#10982 = ORIENTED_EDGE ( 'NONE', *, *, #2466, .F. ) ;
#10983 =( LENGTH_UNIT ( ) NAMED_UNIT ( * ) SI_UNIT ( $, .METRE. ) );
#10984 = ORIENTED_EDGE ( 'NONE', *, *, #7011, .T. ) ;
#10985 = FILL_AREA_STYLE_COLOUR ( '', #9983 ) ;
#10986 = AXIS2_PLACEMENT_3D ( 'NONE', #3131, #3840, #6683 ) ;
#10987 = CARTESIAN_POINT ( 'NONE',  ( -0.1535433070866139282, -0.1407480314960631584, 0.09311023622047291670 ) ) ;
#10988 = LENGTH_MEASURE_WITH_UNIT ( LENGTH_MEASURE( 0.02539999999999999897 ), #7522 );
#10989 =( NAMED_UNIT ( * ) PLANE_ANGLE_UNIT ( ) SI_UNIT ( $, .RADIAN. ) );
#10990 =( LENGTH_UNIT ( ) NAMED_UNIT ( * ) SI_UNIT ( $, .METRE. ) );
#10991 = ADVANCED_FACE ( 'NONE', ( #3330 ), #199, .T. ) ;
#10992 = ADVANCED_FACE ( 'NONE', ( #8511 ), #9937, .T. ) ;
#10993 = LINE ( 'NONE', #10774, #11346 ) ;
#10994 = VECTOR ( 'NONE', #11270, 39.37007874015748143 ) ;
#10995 = ADVANCED_FACE ( 'NONE', ( #11232 ), #830, .T. ) ;
#10996 = DIRECTION ( 'NONE',  ( -2.348093788196917952E-30, 1.644517855226018450E-15, 1.000000000000000000 ) ) ;
#10997 = ORIENTED_EDGE ( 'NONE', *, *, #2336, .T. ) ;
#10998 = DIRECTION ( 'NONE',  ( 1.602884491802569361E-15, -1.000000000000000000, 1.644517855226017859E-15 ) ) ;
#10999 = CARTESIAN_POINT ( 'NONE',  ( 0.06929133858267698398, 0.1269685039370081758, -0.02539370078740161782 ) ) ;
#11000 = MECHANICAL_DESIGN_GEOMETRIC_PRESENTATION_REPRESENTATION (  '', ( #360 ), #10084 ) ;
#11001 = DIRECTION ( 'NONE',  ( 0.0000000000000000000, 0.0000000000000000000, 1.000000000000000000 ) ) ;
#11002 = CARTESIAN_POINT ( 'NONE',  ( 0.01934165959544861813, 0.1269685039370082313, -0.4253937007874016851 ) ) ;
#11003 = DIRECTION ( 'NONE',  ( -0.7213327287321937842, -1.723857616130148874E-17, 0.6925886906813937260 ) ) ;
#11004 = SURFACE_SIDE_STYLE ('',( #2100 ) ) ;
#11005 = SURFACE_SIDE_STYLE ('',( #3991 ) ) ;
#11006 = CARTESIAN_POINT ( 'NONE',  ( 0.01934165959544849669, 0.2037401574803153481, -0.3214566929133860773 ) ) ;
#11007 = EDGE_CURVE ( 'NONE', #10496, #9334, #6355, .T. ) ;
#11008 = EDGE_CURVE ( 'NONE', #487, #10063, #8930, .T. ) ;
#11009 = DIRECTION ( 'NONE',  ( 0.7956271577883966550, 0.0000000000000000000, -0.6057866173741029980 ) ) ;
#11010 = DIRECTION ( 'NONE',  ( 0.7956271577883996526, 0.0000000000000000000, -0.6057866173740990012 ) ) ;
#11011 = ORIENTED_EDGE ( 'NONE', *, *, #6745, .F. ) ;
#11012 = ORIENTED_EDGE ( 'NONE', *, *, #7260, .F. ) ;
#11013 = DIRECTION ( 'NONE',  ( 1.000000000000000000, 1.602884491802569361E-15, -2.711709361697226329E-31 ) ) ;
#11014 = DIMENSIONAL_EXPONENTS ( 1.000000000000000000, 0.0000000000000000000, 0.0000000000000000000, 0.0000000000000000000, 0.0000000000000000000, 0.0000000000000000000, 0.0000000000000000000 ) ;
#11015 = ORIENTED_EDGE ( 'NONE', *, *, #3190, .T. ) ;
#11016 = ORIENTED_EDGE ( 'NONE', *, *, #2950, .T. ) ;
#11017 = DIRECTION ( 'NONE',  ( 2.348093788196917952E-30, -1.644517855226018450E-15, -1.000000000000000000 ) ) ;
#11018 = LINE ( 'NONE', #7598, #9603 ) ;
#11019 =( NAMED_UNIT ( * ) SI_UNIT ( $, .STERADIAN. ) SOLID_ANGLE_UNIT ( ) );
#11020 = DIRECTION ( 'NONE',  ( -1.602884491802569361E-15, 1.000000000000000000, -1.644517855226017859E-15 ) ) ;
#11021 = DIRECTION ( 'NONE',  ( 0.7213327287317047309, 1.723857615967974480E-17, -0.6925886906819032074 ) ) ;
#11022 = DIMENSIONAL_EXPONENTS ( 1.000000000000000000, 0.0000000000000000000, 0.0000000000000000000, 0.0000000000000000000, 0.0000000000000000000, 0.0000000000000000000, 0.0000000000000000000 ) ;
#11023 = ORIENTED_EDGE ( 'NONE', *, *, #4400, .F. ) ;
#11024 = FACE_OUTER_BOUND ( 'NONE', #3621, .T. ) ;
#11025 = COLOUR_RGB ( '',0.7607843137254901578, 0.7607843137254901578, 0.0000000000000000000 ) ;
#11026 =( NAMED_UNIT ( * ) SI_UNIT ( $, .STERADIAN. ) SOLID_ANGLE_UNIT ( ) );
#11027 = UNCERTAINTY_MEASURE_WITH_UNIT (LENGTH_MEASURE( 1.000000000000000082E-05 ), #264, 'distance_accuracy_value', 'NONE');
#11028 = DIRECTION ( 'NONE',  ( 0.0000000000000000000, 0.0000000000000000000, 1.000000000000000000 ) ) ;
#11029 = SURFACE_STYLE_FILL_AREA ( #7507 ) ;
#11030 = CIRCLE ( 'NONE', #3638, 0.003937007874015740171 ) ;
#11031 = PRESENTATION_LAYER_ASSIGNMENT (  '', '', ( #2115 ) ) ;
#11032 = VECTOR ( 'NONE', #2171, 39.37007874015748143 ) ;
#11033 = ORIENTED_EDGE ( 'NONE', *, *, #9689, .F. ) ;
#11034 = LENGTH_MEASURE_WITH_UNIT ( LENGTH_MEASURE( 0.02539999999999999897 ), #7509 );
#11035 = CARTESIAN_POINT ( 'NONE',  ( 0.06889763779527559306, 0.008858267716535823261, 0.1624015748031497619 ) ) ;
#11036 = DIRECTION ( 'NONE',  ( -2.348093788196917952E-30, 1.644517855226018450E-15, 1.000000000000000000 ) ) ;
#11037 = EDGE_LOOP ( 'NONE', ( #419, #7184, #2339, #4074, #6948, #619 ) ) ;
#11038 = AXIS2_PLACEMENT_3D ( 'NONE', #6968, #11445, #7957 ) ;
#11039 = ORIENTED_EDGE ( 'NONE', *, *, #88, .F. ) ;
#11040 = CARTESIAN_POINT ( 'NONE',  ( 0.01209712494558641202, 0.1269685039370082591, -0.2809599749661811918 ) ) ;
#11041 = EDGE_CURVE ( 'NONE', #7984, #8531, #7225, .T. ) ;
#11042 = CARTESIAN_POINT ( 'NONE',  ( -2.057162640966502078E-16, 0.1269685039370081758, -0.4458661417322835607 ) ) ;
#11043 = UNCERTAINTY_MEASURE_WITH_UNIT (LENGTH_MEASURE( 1.000000000000000082E-05 ), #3244, 'distance_accuracy_value', 'NONE');
#11044 = CARTESIAN_POINT ( 'NONE',  ( 0.1535433070866145389, -0.1722440944881885594, -0.1037401574803144821 ) ) ;
#11045 = SURFACE_STYLE_USAGE ( .BOTH. , #7410 ) ;
#11046 = DIRECTION ( 'NONE',  ( -1.602884491802569361E-15, 1.000000000000000000, -1.644517855226017859E-15 ) ) ;
#11047 = DIRECTION ( 'NONE',  ( -1.602884491802569361E-15, 1.000000000000000000, -1.644517855226017859E-15 ) ) ;
#11048 = PRESENTATION_LAYER_ASSIGNMENT (  '', '', ( #8288 ) ) ;
#11049 = VECTOR ( 'NONE', #5416, 39.37007874015748143 ) ;
#11050 = CARTESIAN_POINT ( 'NONE',  ( -0.1535433070866139282, -0.1407480314960629919, -0.4068897637795271804 ) ) ;
#11051 = CARTESIAN_POINT ( 'NONE',  ( 0.1952755905511816270, -0.02263779527559005994, -0.006889763779527295282 ) ) ;
#11052 = ORIENTED_EDGE ( 'NONE', *, *, #4199, .T. ) ;
#11053 = EDGE_CURVE ( 'NONE', #3908, #8417, #4388, .T. ) ;
#11054 = AXIS2_PLACEMENT_3D ( 'NONE', #8125, #4693, #9013 ) ;
#11055 = SURFACE_STYLE_FILL_AREA ( #5802 ) ;
#11056 = DIRECTION ( 'NONE',  ( -1.602884491802569361E-15, 1.000000000000000000, -1.644517855226017859E-15 ) ) ;
#11057 = CARTESIAN_POINT ( 'NONE',  ( -0.06929133858267740032, 0.1269685039370082036, -0.3663385826771654585 ) ) ;
#11058 = FACE_OUTER_BOUND ( 'NONE', #7623, .T. ) ;
#11059 = ADVANCED_FACE ( 'NONE', ( #3570 ), #9912, .T. ) ;
#11060 = FACE_OUTER_BOUND ( 'NONE', #10590, .T. ) ;
#11061 =( NAMED_UNIT ( * ) SI_UNIT ( $, .STERADIAN. ) SOLID_ANGLE_UNIT ( ) );
#11062 = ORIENTED_EDGE ( 'NONE', *, *, #10583, .T. ) ;
#11063 = DIMENSIONAL_EXPONENTS ( 1.000000000000000000, 0.0000000000000000000, 0.0000000000000000000, 0.0000000000000000000, 0.0000000000000000000, 0.0000000000000000000, 0.0000000000000000000 ) ;
#11064 = AXIS2_PLACEMENT_3D ( 'NONE', #1695, #8711, #4350 ) ;
#11065 = VERTEX_POINT ( 'NONE', #2910 ) ;
#11066 = PLANE ( 'NONE',  #6019 ) ;
#11067 = ORIENTED_EDGE ( 'NONE', *, *, #2618, .T. ) ;
#11068 = ORIENTED_EDGE ( 'NONE', *, *, #2039, .F. ) ;
#11069 = SURFACE_SIDE_STYLE ('',( #2110 ) ) ;
#11070 = EDGE_CURVE ( 'NONE', #6126, #10105, #4727, .T. ) ;
#11071 =( NAMED_UNIT ( * ) PLANE_ANGLE_UNIT ( ) SI_UNIT ( $, .RADIAN. ) );
#11072 = EDGE_CURVE ( 'NONE', #1007, #8106, #4786, .T. ) ;
#11073 = DIRECTION ( 'NONE',  ( 2.348093788196917952E-30, -1.644517855226018450E-15, -1.000000000000000000 ) ) ;
#11074 = CARTESIAN_POINT ( 'NONE',  ( 0.08700787401574773539, 0.2037401574803153759, 0.004133858267716384455 ) ) ;
#11075 = FILL_AREA_STYLE_COLOUR ( '', #4449 ) ;
#11076 =( LENGTH_UNIT ( ) NAMED_UNIT ( * ) SI_UNIT ( $, .METRE. ) );
#11077 = COLOUR_RGB ( '',1.000000000000000000, 1.000000000000000000, 1.000000000000000000 ) ;
#11078 =( LENGTH_UNIT ( ) NAMED_UNIT ( * ) SI_UNIT ( $, .METRE. ) );
#11079 = DIRECTION ( 'NONE',  ( 1.602884491802569361E-15, -1.000000000000000000, 1.644517855226017859E-15 ) ) ;
#11080 = DIRECTION ( 'NONE',  ( 1.594929680954371539E-16, -0.09950371902099727772, 0.9950371902099893751 ) ) ;
#11081 = EDGE_LOOP ( 'NONE', ( #4927, #4689, #6613, #5699 ) ) ;
#11082 = LINE ( 'NONE', #2412, #4180 ) ;
#11083 = DIRECTION ( 'NONE',  ( -1.602884491802569361E-15, 1.000000000000000000, -1.644517855226017859E-15 ) ) ;
#11084 = STYLED_ITEM ( 'NONE', ( #3090 ), #2526 ) ;
#11085 = EDGE_CURVE ( 'NONE', #8413, #4804, #11201, .T. ) ;
#11086 = CARTESIAN_POINT ( 'NONE',  ( 0.1535433070866143168, -0.02263779527558999055, -0.4068897637795272915 ) ) ;
#11087 = CARTESIAN_POINT ( 'NONE',  ( -0.06889763779527563470, 0.008858267716535601216, 0.1624015748031497619 ) ) ;
#11088 = CARTESIAN_POINT ( 'NONE',  ( 0.01934165959544849669, 0.2037401574803152093, 0.07854330708661401428 ) ) ;
#11089 = DIMENSIONAL_EXPONENTS ( 1.000000000000000000, 0.0000000000000000000, 0.0000000000000000000, 0.0000000000000000000, 0.0000000000000000000, 0.0000000000000000000, 0.0000000000000000000 ) ;
#11090 = CARTESIAN_POINT ( 'NONE',  ( -0.06889763779527587062, 0.1564960629921261781, 0.1624015748031495399 ) ) ;
#11091 = MECHANICAL_DESIGN_GEOMETRIC_PRESENTATION_REPRESENTATION (  '', ( #7572 ), #2352 ) ;
#11092 = AXIS2_PLACEMENT_3D ( 'NONE', #2551, #6934, #1494 ) ;
#11093 = ORIENTED_EDGE ( 'NONE', *, *, #7023, .F. ) ;
#11094 = SURFACE_STYLE_FILL_AREA ( #2193 ) ;
#11095 = EDGE_LOOP ( 'NONE', ( #11308, #3196, #611, #10095, #5225 ) ) ;
#11096 = PLANE ( 'NONE',  #6563 ) ;
#11097 = DIMENSIONAL_EXPONENTS ( 1.000000000000000000, 0.0000000000000000000, 0.0000000000000000000, 0.0000000000000000000, 0.0000000000000000000, 0.0000000000000000000, 0.0000000000000000000 ) ;
#11098 = ORIENTED_EDGE ( 'NONE', *, *, #87, .T. ) ;
#11099 = VECTOR ( 'NONE', #6865, 39.37007874015748143 ) ;
#11100 = MECHANICAL_DESIGN_GEOMETRIC_PRESENTATION_REPRESENTATION (  '', ( #4627 ), #1409 ) ;
#11101 = ORIENTED_EDGE ( 'NONE', *, *, #10160, .F. ) ;
#11102 = SURFACE_STYLE_USAGE ( .BOTH. , #7628 ) ;
#11103 = DIRECTION ( 'NONE',  ( 1.602884491802569361E-15, -1.000000000000000000, 1.644517855226017859E-15 ) ) ;
#11104 = VECTOR ( 'NONE', #7317, 39.37007874015748143 ) ;
#11105 = DIRECTION ( 'NONE',  ( -0.7956271577885687396, -1.875148439272792120E-15, -0.6057866173738767346 ) ) ;
#11106 = COLOUR_RGB ( '',0.7607843137254901578, 0.7607843137254901578, 0.0000000000000000000 ) ;
#11107 = DIRECTION ( 'NONE',  ( -1.602884491802569361E-15, 1.000000000000000000, -1.644517855226017859E-15 ) ) ;
#11108 = ORIENTED_EDGE ( 'NONE', *, *, #5693, .T. ) ;
#11109 = AXIS2_PLACEMENT_3D ( 'NONE', #758, #6069, #3564 ) ;
#11110 = STYLED_ITEM ( 'NONE', ( #3226 ), #3575 ) ;
#11111 = PRESENTATION_STYLE_ASSIGNMENT (( #7421 ) ) ;
#11112 =( NAMED_UNIT ( * ) SI_UNIT ( $, .STERADIAN. ) SOLID_ANGLE_UNIT ( ) );
#11113 = CARTESIAN_POINT ( 'NONE',  ( 0.06018589946023603088, 0.1269685039370081203, 0.07460629921259839814 ) ) ;
#11114 =( NAMED_UNIT ( * ) PLANE_ANGLE_UNIT ( ) SI_UNIT ( $, .RADIAN. ) );
#11115 = SURFACE_SIDE_STYLE ('',( #7536 ) ) ;
#11116 = AXIS2_PLACEMENT_3D ( 'NONE', #4500, #2728, #1960 ) ;
#11117 = LINE ( 'NONE', #5088, #8721 ) ;
#11118 = PRESENTATION_LAYER_ASSIGNMENT (  '', '', ( #1248 ) ) ;
#11119 = SURFACE_STYLE_FILL_AREA ( #9469 ) ;
#11120 = LENGTH_MEASURE_WITH_UNIT ( LENGTH_MEASURE( 0.02539999999999999897 ), #5690 );
#11121 = VERTEX_POINT ( 'NONE', #7462 ) ;
#11122 = STYLED_ITEM ( 'NONE', ( #9602 ), #5023 ) ;
#11123 = ADVANCED_FACE ( 'NONE', ( #6463 ), #6585, .F. ) ;
#11124 = CIRCLE ( 'NONE', #11317, 0.02854330708661416763 ) ;
#11125 = EDGE_LOOP ( 'NONE', ( #2358, #4769, #5666, #2675 ) ) ;
#11126 = PRESENTATION_STYLE_ASSIGNMENT (( #3822 ) ) ;
#11127 = ORIENTED_EDGE ( 'NONE', *, *, #6325, .F. ) ;
#11128 = ORIENTED_EDGE ( 'NONE', *, *, #3780, .T. ) ;
#11129 = ADVANCED_FACE ( 'NONE', ( #1246 ), #11396, .T. ) ;
#11130 = DIRECTION ( 'NONE',  ( -1.000000000000000000, -1.602884491802569361E-15, 2.878783784372901366E-31 ) ) ;
#11131 =( NAMED_UNIT ( * ) SI_UNIT ( $, .STERADIAN. ) SOLID_ANGLE_UNIT ( ) );
#11132 = CARTESIAN_POINT ( 'NONE',  ( 0.06429804372452725680, 0.1998031496062997459, -0.3785749882836223490 ) ) ;
#11133 = PRESENTATION_LAYER_ASSIGNMENT (  '', '', ( #10037 ) ) ;
#11134 = DIRECTION ( 'NONE',  ( -0.7956271577885695168, 0.0000000000000000000, -0.6057866173738759574 ) ) ;
#11135 = SURFACE_STYLE_USAGE ( .BOTH. , #5103 ) ;
#11136 = ORIENTED_EDGE ( 'NONE', *, *, #5696, .T. ) ;
#11137 =( NAMED_UNIT ( * ) PLANE_ANGLE_UNIT ( ) SI_UNIT ( $, .RADIAN. ) );
#11138 = VECTOR ( 'NONE', #8059, 39.37007874015748143 ) ;
#11139 = VECTOR ( 'NONE', #10714, 39.37007874015748143 ) ;
#11140 = ADVANCED_FACE ( 'NONE', ( #10069 ), #10295, .T. ) ;
#11141 = EDGE_CURVE ( 'NONE', #7783, #1797, #7514, .T. ) ;
#11142 = LINE ( 'NONE', #11199, #3630 ) ;
#11143 =( NAMED_UNIT ( * ) SI_UNIT ( $, .STERADIAN. ) SOLID_ANGLE_UNIT ( ) );
#11144 = CIRCLE ( 'NONE', #3537, 0.003937007874015718487 ) ;
#11145 = PRESENTATION_LAYER_ASSIGNMENT (  '', '', ( #9697 ) ) ;
#11146 = DIRECTION ( 'NONE',  ( -2.348093788196917952E-30, 1.644517855226018450E-15, 1.000000000000000000 ) ) ;
#11147 = CARTESIAN_POINT ( 'NONE',  ( -0.1464566929133855611, -0.1722440944881889757, -0.2879921259842515013 ) ) ;
#11148 =( LENGTH_UNIT ( ) NAMED_UNIT ( * ) SI_UNIT ( $, .METRE. ) );
#11149 = UNCERTAINTY_MEASURE_WITH_UNIT (LENGTH_MEASURE( 1.000000000000000082E-05 ), #6050, 'distance_accuracy_value', 'NONE');
#11150 =( LENGTH_UNIT ( ) NAMED_UNIT ( * ) SI_UNIT ( $, .METRE. ) );
#11151 = STYLED_ITEM ( 'NONE', ( #3792 ), #5482 ) ;
#11152 = FACE_OUTER_BOUND ( 'NONE', #988, .T. ) ;
#11153 = EDGE_LOOP ( 'NONE', ( #8049, #2169, #8085, #6254, #5104, #636 ) ) ;
#11154 = PRESENTATION_STYLE_ASSIGNMENT (( #4073 ) ) ;
#11155 = ADVANCED_FACE ( 'NONE', ( #9606 ), #9660, .T. ) ;
#11156 = DIRECTION ( 'NONE',  ( 1.594929680954394613E-15, -0.9950371902099890420, 0.09950371902100052512 ) ) ;
#11157 = CIRCLE ( 'NONE', #9883, 0.009105439123007872879 ) ;
#11158 = TOROIDAL_SURFACE ( 'NONE', #10030, 0.02854330708661417110, 0.003937007874015747977 ) ;
#11159 = ORIENTED_EDGE ( 'NONE', *, *, #9956, .F. ) ;
#11160 = ORIENTED_EDGE ( 'NONE', *, *, #3123, .F. ) ;
#11161 = CARTESIAN_POINT ( 'NONE',  ( 0.06018589943271623194, 0.1998031496062995793, -0.1253937007874017517 ) ) ;
#11162 = DIRECTION ( 'NONE',  ( -0.7956271577887870095, 0.0000000000000000000, 0.6057866173735904081 ) ) ;
#11163 = FILL_AREA_STYLE ('',( #8277 ) ) ;
#11164 =( LENGTH_UNIT ( ) NAMED_UNIT ( * ) SI_UNIT ( $, .METRE. ) );
#11165 = SURFACE_SIDE_STYLE ('',( #8338 ) ) ;
#11166 = CARTESIAN_POINT ( 'NONE',  ( 0.06929133858267692847, 0.1564960629921263169, -0.1253937007874016685 ) ) ;
#11167 = PRESENTATION_LAYER_ASSIGNMENT (  '', '', ( #2052 ) ) ;
#11168 = FACE_OUTER_BOUND ( 'NONE', #1365, .T. ) ;
#11169 = DIRECTION ( 'NONE',  ( -1.000000000000000000, -1.602884491802569361E-15, 2.711709361697226329E-31 ) ) ;
#11170 = DIMENSIONAL_EXPONENTS ( 1.000000000000000000, 0.0000000000000000000, 0.0000000000000000000, 0.0000000000000000000, 0.0000000000000000000, 0.0000000000000000000, 0.0000000000000000000 ) ;
#11171 = VECTOR ( 'NONE', #9347, 39.37007874015748143 ) ;
#11172 =( LENGTH_UNIT ( ) NAMED_UNIT ( * ) SI_UNIT ( $, .METRE. ) );
#11173 = ORIENTED_EDGE ( 'NONE', *, *, #8815, .F. ) ;
#11174 =( GEOMETRIC_REPRESENTATION_CONTEXT ( 3 ) GLOBAL_UNCERTAINTY_ASSIGNED_CONTEXT ( ( #5356 ) ) GLOBAL_UNIT_ASSIGNED_CONTEXT ( ( #4959, #9395, #8390 ) ) REPRESENTATION_CONTEXT ( 'NONE', 'WORKASPACE' ) );
#11175 = FACE_OUTER_BOUND ( 'NONE', #631, .T. ) ;
#11176 = LINE ( 'NONE', #10999, #2625 ) ;
#11177 = SURFACE_STYLE_FILL_AREA ( #8757 ) ;
#11178 = CARTESIAN_POINT ( 'NONE',  ( 0.01934165959544850363, 0.1998031496062995516, 0.1297244094488187449 ) ) ;
#11179 = SURFACE_SIDE_STYLE ('',( #3340 ) ) ;
#11180 = CARTESIAN_POINT ( 'NONE',  ( 0.1952755905511816270, -0.02263779527558999055, -0.2068897637795273081 ) ) ;
#11181 = DIRECTION ( 'NONE',  ( 1.000000000000000000, 1.602884491801618981E-15, -5.779657525473999146E-13 ) ) ;
#11182 = ORIENTED_EDGE ( 'NONE', *, *, #2243, .F. ) ;
#11183 = VECTOR ( 'NONE', #7205, 39.37007874015748143 ) ;
#11184 = ORIENTED_EDGE ( 'NONE', *, *, #3890, .F. ) ;
#11185 = MECHANICAL_DESIGN_GEOMETRIC_PRESENTATION_REPRESENTATION (  '', ( #1324 ), #11375 ) ;
#11186 = ORIENTED_EDGE ( 'NONE', *, *, #5903, .T. ) ;
#11187 = EDGE_LOOP ( 'NONE', ( #2712, #8838, #4980, #7513 ) ) ;
#11188 = SURFACE_SIDE_STYLE ('',( #8304 ) ) ;
#11189 = FACE_OUTER_BOUND ( 'NONE', #2541, .T. ) ;
#11190 =( CONVERSION_BASED_UNIT ( 'INCH', #8537 ) LENGTH_UNIT ( ) NAMED_UNIT ( #2816 ) );
#11191 = DIRECTION ( 'NONE',  ( 1.000000000000000000, 1.875148439272792120E-15, 1.586961563512055104E-11 ) ) ;
#11192 = FILL_AREA_STYLE ('',( #3005 ) ) ;
#11193 = CARTESIAN_POINT ( 'NONE',  ( -0.007480314960630246417, 0.1998031496062995238, -0.09586614173228362457 ) ) ;
#11194 = EDGE_CURVE ( 'NONE', #1444, #3024, #11259, .T. ) ;
#11195 =( NAMED_UNIT ( * ) SI_UNIT ( $, .STERADIAN. ) SOLID_ANGLE_UNIT ( ) );
#11196 = ORIENTED_EDGE ( 'NONE', *, *, #3765, .F. ) ;
#11197 = LENGTH_MEASURE_WITH_UNIT ( LENGTH_MEASURE( 0.02539999999999999897 ), #6732 );
#11198 = FILL_AREA_STYLE_COLOUR ( '', #1059 ) ;
#11199 = CARTESIAN_POINT ( 'NONE',  ( -0.1535433070866141225, -0.02263779527559064975, 0.09311023622047270853 ) ) ;
#11200 = DIRECTION ( 'NONE',  ( 1.594929680954371539E-16, -0.09950371902099727772, 0.9950371902099893751 ) ) ;
#11201 = LINE ( 'NONE', #9278, #972 ) ;
#11202 = VECTOR ( 'NONE', #5275, 39.37007874015748143 ) ;
#11203 = CARTESIAN_POINT ( 'NONE',  ( 0.01934165959548794084, 0.1564960629921261781, 0.07460629921259835651 ) ) ;
#11204 = SURFACE_SIDE_STYLE ('',( #3012 ) ) ;
#11205 = PLANE ( 'NONE',  #7343 ) ;
#11206 = ADVANCED_FACE ( 'NONE', ( #10630 ), #3473, .F. ) ;
#11207 = FILL_AREA_STYLE ('',( #7671 ) ) ;
#11208 = DIRECTION ( 'NONE',  ( -1.000000000000000000, -1.602884491802569361E-15, 2.711709361697226329E-31 ) ) ;
#11209 = SURFACE_STYLE_USAGE ( .BOTH. , #1408 ) ;
#11210 = ORIENTED_EDGE ( 'NONE', *, *, #3751, .F. ) ;
#11211 = EDGE_CURVE ( 'NONE', #8106, #4560, #4704, .T. ) ;
#11212 = ORIENTED_EDGE ( 'NONE', *, *, #9044, .F. ) ;
#11213 = CLOSED_SHELL ( 'NONE', ( #5994, #3548, #10700, #10995, #10145, #2034, #5712, #2305 ) ) ;
#11214 = SURFACE_SIDE_STYLE ('',( #457 ) ) ;
#11215 = AXIS2_PLACEMENT_3D ( 'NONE', #9963, #5609, #3790 ) ;
#11216 = ORIENTED_EDGE ( 'NONE', *, *, #5563, .T. ) ;
#11217 = ORIENTED_EDGE ( 'NONE', *, *, #3692, .F. ) ;
#11218 = LINE ( 'NONE', #2364, #9326 ) ;
#11219 = FILL_AREA_STYLE ('',( #8567 ) ) ;
#11220 = EDGE_CURVE ( 'NONE', #6391, #6495, #10795, .T. ) ;
#11221 = ADVANCED_FACE ( 'NONE', ( #990 ), #8077, .T. ) ;
#11222 =( NAMED_UNIT ( * ) SI_UNIT ( $, .STERADIAN. ) SOLID_ANGLE_UNIT ( ) );
#11223 = AXIS2_PLACEMENT_3D ( 'NONE', #5350, #8905, #9888 ) ;
#11224 = CARTESIAN_POINT ( 'NONE',  ( 0.01934165959544849669, 0.2037401574803152648, -0.1162882616643938632 ) ) ;
#11225 = VERTEX_POINT ( 'NONE', #7314 ) ;
#11226 = DIRECTION ( 'NONE',  ( 1.602884491802569361E-15, -1.000000000000000000, 1.644517855226017859E-15 ) ) ;
#11227 = SURFACE_STYLE_USAGE ( .BOTH. , #5796 ) ;
#11228 = DIMENSIONAL_EXPONENTS ( 1.000000000000000000, 0.0000000000000000000, 0.0000000000000000000, 0.0000000000000000000, 0.0000000000000000000, 0.0000000000000000000, 0.0000000000000000000 ) ;
#11229 =( GEOMETRIC_REPRESENTATION_CONTEXT ( 3 ) GLOBAL_UNCERTAINTY_ASSIGNED_CONTEXT ( ( #1250 ) ) GLOBAL_UNIT_ASSIGNED_CONTEXT ( ( #1957, #69, #1119 ) ) REPRESENTATION_CONTEXT ( 'NONE', 'WORKASPACE' ) );
#11230 = VECTOR ( 'NONE', #8091, 39.37007874015748143 ) ;
#11231 = VECTOR ( 'NONE', #9011, 39.37007874015748143 ) ;
#11232 = FACE_OUTER_BOUND ( 'NONE', #1507, .T. ) ;
#11233 = ORIENTED_EDGE ( 'NONE', *, *, #4849, .F. ) ;
#11234 =( NAMED_UNIT ( * ) PLANE_ANGLE_UNIT ( ) SI_UNIT ( $, .RADIAN. ) );
#11235 = SURFACE_STYLE_FILL_AREA ( #2440 ) ;
#11236 = DIRECTION ( 'NONE',  ( 1.000000000000000000, 1.602884491802569361E-15, -2.711709361697226329E-31 ) ) ;
#11237 = FILL_AREA_STYLE ('',( #3335 ) ) ;
#11238 = CARTESIAN_POINT ( 'NONE',  ( 0.01209712494558641202, 0.1269685039370081203, 0.1190400250338188581 ) ) ;
#11239 = COLOUR_RGB ( '',1.000000000000000000, 1.000000000000000000, 1.000000000000000000 ) ;
#11240 = CARTESIAN_POINT ( 'NONE',  ( 0.06929133858267687296, 0.1958661417322839216, -0.06633858267716551127 ) ) ;
#11241 = SURFACE_SIDE_STYLE ('',( #11355 ) ) ;
#11242 = LINE ( 'NONE', #2331, #11518 ) ;
#11243 = DIRECTION ( 'NONE',  ( 2.364801230464485631E-30, -1.644517855226018450E-15, -1.000000000000000000 ) ) ;
#11244 = ORIENTED_EDGE ( 'NONE', *, *, #4550, .F. ) ;
#11245 = STYLED_ITEM ( 'NONE', ( #6550 ), #1104 ) ;
#11246 = VERTEX_POINT ( 'NONE', #3713 ) ;
#11247 = ORIENTED_EDGE ( 'NONE', *, *, #7313, .F. ) ;
#11248 =( NAMED_UNIT ( * ) PLANE_ANGLE_UNIT ( ) SI_UNIT ( $, .RADIAN. ) );
#11249 = DIMENSIONAL_EXPONENTS ( 1.000000000000000000, 0.0000000000000000000, 0.0000000000000000000, 0.0000000000000000000, 0.0000000000000000000, 0.0000000000000000000, 0.0000000000000000000 ) ;
#11250 = CARTESIAN_POINT ( 'NONE',  ( -2.057162640966502078E-16, 0.1269685039370080371, -0.04586614173228350383 ) ) ;
#11251 = CARTESIAN_POINT ( 'NONE',  ( 0.1464566929133859496, -0.02263779527559000096, -0.2848425196850391528 ) ) ;
#11252 = LENGTH_MEASURE_WITH_UNIT ( LENGTH_MEASURE( 0.02539999999999999897 ), #6953 );
#11253 = CARTESIAN_POINT ( 'NONE',  ( -0.06929133858267740032, 0.1269685039370081203, -0.1663385826771653642 ) ) ;
#11254 = CYLINDRICAL_SURFACE ( 'NONE', #9699, 0.009105439123007878083 ) ;
#11255 = ORIENTED_EDGE ( 'NONE', *, *, #4353, .F. ) ;
#11256 = DIRECTION ( 'NONE',  ( 1.000000000000000000, 1.602884491802569361E-15, -2.711709361697224578E-31 ) ) ;
#11257 = EDGE_CURVE ( 'NONE', #3589, #4528, #939, .T. ) ;
#11258 = FILL_AREA_STYLE ('',( #9658 ) ) ;
#11259 = LINE ( 'NONE', #1638, #5670 ) ;
#11260 = COLOUR_RGB ( '',1.000000000000000000, 1.000000000000000000, 1.000000000000000000 ) ;
#11261 = DIRECTION ( 'NONE',  ( 0.7213327287317018444, 1.723857615967076842E-17, -0.6925886906819059829 ) ) ;
#11262 = LINE ( 'NONE', #7955, #3129 ) ;
#11263 = LINE ( 'NONE', #744, #1367 ) ;
#11264 = UNCERTAINTY_MEASURE_WITH_UNIT (LENGTH_MEASURE( 1.000000000000000082E-05 ), #3263, 'distance_accuracy_value', 'NONE');
#11265 = VERTEX_POINT ( 'NONE', #7259 ) ;
#11266 = PLANE ( 'NONE',  #4503 ) ;
#11267 = AXIS2_PLACEMENT_3D ( 'NONE', #809, #10688, #8909 ) ;
#11268 = MECHANICAL_DESIGN_GEOMETRIC_PRESENTATION_REPRESENTATION (  '', ( #9069 ), #8884 ) ;
#11269 = EDGE_LOOP ( 'NONE', ( #6016, #8660, #6799, #6459 ) ) ;
#11270 = DIRECTION ( 'NONE',  ( -1.000000000000000000, -1.602884491802569361E-15, 2.711709361697226329E-31 ) ) ;
#11271 = EDGE_CURVE ( 'NONE', #6749, #6495, #6964, .T. ) ;
#11272 = ORIENTED_EDGE ( 'NONE', *, *, #7688, .F. ) ;
#11273 = EDGE_CURVE ( 'NONE', #72, #162, #6329, .T. ) ;
#11274 =( CONVERSION_BASED_UNIT ( 'INCH', #6750 ) LENGTH_UNIT ( ) NAMED_UNIT ( #5510 ) );
#11275 = LINE ( 'NONE', #2200, #10489 ) ;
#11276 = MECHANICAL_DESIGN_GEOMETRIC_PRESENTATION_REPRESENTATION (  '', ( #3114 ), #7760 ) ;
#11277 = LINE ( 'NONE', #2535, #5254 ) ;
#11278 = CARTESIAN_POINT ( 'NONE',  ( -0.1535433070866141225, -0.02263779527559061505, 0.1151574803149608972 ) ) ;
#11279 = SURFACE_STYLE_FILL_AREA ( #2538 ) ;
#11280 = ORIENTED_EDGE ( 'NONE', *, *, #8733, .F. ) ;
#11281 = CARTESIAN_POINT ( 'NONE',  ( 0.06889763779527559306, 0.008858267716535831934, 0.1702755905511812995 ) ) ;
#11282 = CARTESIAN_POINT ( 'NONE',  ( 0.01830074866882645118, 0.1998031496062995793, -0.3214566929133859663 ) ) ;
#11283 = AXIS2_PLACEMENT_3D ( 'NONE', #9571, #524, #7910 ) ;
#11284 = EDGE_CURVE ( 'NONE', #2695, #3358, #5527, .T. ) ;
#11285 = EDGE_CURVE ( 'NONE', #2544, #5566, #983, .T. ) ;
#11286 = ORIENTED_EDGE ( 'NONE', *, *, #4615, .F. ) ;
#11287 = ORIENTED_EDGE ( 'NONE', *, *, #3030, .T. ) ;
#11288 = DIRECTION ( 'NONE',  ( -1.602884491802569361E-15, 1.000000000000000000, -1.644517855226017859E-15 ) ) ;
#11289 = DIRECTION ( 'NONE',  ( 0.0000000000000000000, 1.387778780781444492E-15, 1.000000000000000000 ) ) ;
#11290 = LINE ( 'NONE', #1675, #5812 ) ;
#11291 = DIRECTION ( 'NONE',  ( -2.348093788196917952E-30, 1.644517855226018450E-15, 1.000000000000000000 ) ) ;
#11292 = SURFACE_SIDE_STYLE ('',( #4334 ) ) ;
#11293 = COLOUR_RGB ( '',1.000000000000000000, 1.000000000000000000, 1.000000000000000000 ) ;
#11294 = CARTESIAN_POINT ( 'NONE',  ( 0.1464566929133855611, 0.2273622047244098499, 0.05413385826771639764 ) ) ;
#11295 = LINE ( 'NONE', #10435, #10206 ) ;
#11296 =( NAMED_UNIT ( * ) SI_UNIT ( $, .STERADIAN. ) SOLID_ANGLE_UNIT ( ) );
#11297 = CARTESIAN_POINT ( 'NONE',  ( 0.01934165959544861813, 0.1269685039370082036, -0.07544402180015752357 ) ) ;
#11298 =( CONVERSION_BASED_UNIT ( 'INCH', #4978 ) LENGTH_UNIT ( ) NAMED_UNIT ( #389 ) );
#11299 = DIRECTION ( 'NONE',  ( 1.000000000000000000, 1.602884491802569361E-15, 0.0000000000000000000 ) ) ;
#11300 = MECHANICAL_DESIGN_GEOMETRIC_PRESENTATION_REPRESENTATION (  '', ( #8341 ), #4821 ) ;
#11301 = ADVANCED_FACE ( 'NONE', ( #1100 ), #5467, .T. ) ;
#11302 = CIRCLE ( 'NONE', #119, 0.009105439123007893695 ) ;
#11303 = ORIENTED_EDGE ( 'NONE', *, *, #4612, .T. ) ;
#11304 =( GEOMETRIC_REPRESENTATION_CONTEXT ( 3 ) GLOBAL_UNCERTAINTY_ASSIGNED_CONTEXT ( ( #10227 ) ) GLOBAL_UNIT_ASSIGNED_CONTEXT ( ( #9481, #2572, #794 ) ) REPRESENTATION_CONTEXT ( 'NONE', 'WORKASPACE' ) );
#11305 = SURFACE_STYLE_USAGE ( .BOTH. , #6777 ) ;
#11306 = DIMENSIONAL_EXPONENTS ( 1.000000000000000000, 0.0000000000000000000, 0.0000000000000000000, 0.0000000000000000000, 0.0000000000000000000, 0.0000000000000000000, 0.0000000000000000000 ) ;
#11307 = ORIENTED_EDGE ( 'NONE', *, *, #1283, .T. ) ;
#11308 = ORIENTED_EDGE ( 'NONE', *, *, #4427, .F. ) ;
#11309 = SURFACE_STYLE_USAGE ( .BOTH. , #3462 ) ;
#11310 = LINE ( 'NONE', #3351, #4690 ) ;
#11311 = TOROIDAL_SURFACE ( 'NONE', #3328, 0.005168431248992125769, 0.003937007874015747977 ) ;
#11312 = CARTESIAN_POINT ( 'NONE',  ( 0.06429804372452725680, 0.2037401574803152926, 0.08684270481906283812 ) ) ;
#11313 = SURFACE_SIDE_STYLE ('',( #2459 ) ) ;
#11314 = DIRECTION ( 'NONE',  ( 2.348093788196917952E-30, -1.644517855226018450E-15, -1.000000000000000000 ) ) ;
#11315 = ORIENTED_EDGE ( 'NONE', *, *, #16, .T. ) ;
#11316 =( CONVERSION_BASED_UNIT ( 'INCH', #11197 ) LENGTH_UNIT ( ) NAMED_UNIT ( #9316 ) );
#11317 = AXIS2_PLACEMENT_3D ( 'NONE', #5965, #8814, #11350 ) ;
#11318 = UNCERTAINTY_MEASURE_WITH_UNIT (LENGTH_MEASURE( 1.000000000000000082E-05 ), #3779, 'distance_accuracy_value', 'NONE');
#11319 =( CONVERSION_BASED_UNIT ( 'INCH', #7776 ) LENGTH_UNIT ( ) NAMED_UNIT ( #8208 ) );
#11320 = COLOUR_RGB ( '',0.7607843137254901578, 0.7607843137254901578, 0.0000000000000000000 ) ;
#11321 = DIMENSIONAL_EXPONENTS ( 1.000000000000000000, 0.0000000000000000000, 0.0000000000000000000, 0.0000000000000000000, 0.0000000000000000000, 0.0000000000000000000, 0.0000000000000000000 ) ;
#11322 = FILL_AREA_STYLE_COLOUR ( '', #10131 ) ;
#11323 = DIRECTION ( 'NONE',  ( 0.6057866173740993343, 2.279429041416232339E-15, 0.7956271577883993196 ) ) ;
#11324 = CARTESIAN_POINT ( 'NONE',  ( 0.06018589945968472882, 0.2037401574803153481, 0.1297244094488187449 ) ) ;
#11325 = VECTOR ( 'NONE', #3578, 39.37007874015748143 ) ;
#11326 =( NAMED_UNIT ( * ) SI_UNIT ( $, .STERADIAN. ) SOLID_ANGLE_UNIT ( ) );
#11327 = EDGE_LOOP ( 'NONE', ( #9059, #8991, #7224, #9648, #1215, #1389 ) ) ;
#11328 = PRESENTATION_LAYER_ASSIGNMENT (  '', '', ( #6141 ) ) ;
#11329 = DIRECTION ( 'NONE',  ( 0.0000000000000000000, 0.0000000000000000000, 1.000000000000000000 ) ) ;
#11330 = MECHANICAL_DESIGN_GEOMETRIC_PRESENTATION_REPRESENTATION (  '', ( #9697 ), #514 ) ;
#11331 = VECTOR ( 'NONE', #9892, 39.37007874015748143 ) ;
#11332 = ORIENTED_EDGE ( 'NONE', *, *, #10446, .T. ) ;
#11333 = DIRECTION ( 'NONE',  ( -2.047288890593917993E-10, 1.000000000000000000, -2.688773770073551715E-10 ) ) ;
#11334 =( NAMED_UNIT ( * ) SI_UNIT ( $, .STERADIAN. ) SOLID_ANGLE_UNIT ( ) );
#11335 = EDGE_CURVE ( 'NONE', #10063, #10326, #6723, .T. ) ;
#11336 = LINE ( 'NONE', #4203, #11099 ) ;
#11337 = EDGE_LOOP ( 'NONE', ( #6290, #5334, #4502, #4462 ) ) ;
#11338 = PRESENTATION_LAYER_ASSIGNMENT (  '', '', ( #1850 ) ) ;
#11339 = PLANE ( 'NONE',  #11109 ) ;
#11340 = LINE ( 'NONE', #2489, #9871 ) ;
#11341 = CARTESIAN_POINT ( 'NONE',  ( 0.1535433070866143168, -0.02263779527559008770, 0.01515748031496088298 ) ) ;
#11342 =( GEOMETRIC_REPRESENTATION_CONTEXT ( 3 ) GLOBAL_UNCERTAINTY_ASSIGNED_CONTEXT ( ( #627 ) ) GLOBAL_UNIT_ASSIGNED_CONTEXT ( ( #556, #1394, #10151 ) ) REPRESENTATION_CONTEXT ( 'NONE', 'WORKASPACE' ) );
#11343 = VERTEX_POINT ( 'NONE', #3057 ) ;
#11344 =( NAMED_UNIT ( * ) SI_UNIT ( $, .STERADIAN. ) SOLID_ANGLE_UNIT ( ) );
#11345 = ORIENTED_EDGE ( 'NONE', *, *, #7537, .F. ) ;
#11346 = VECTOR ( 'NONE', #9864, 39.37007874015748143 ) ;
#11347 = SURFACE_STYLE_USAGE ( .BOTH. , #10373 ) ;
#11348 = LINE ( 'NONE', #9636, #336 ) ;
#11349 = SURFACE_STYLE_USAGE ( .BOTH. , #770 ) ;
#11350 = DIRECTION ( 'NONE',  ( -0.7956271577886172564, -2.392722035830079268E-15, -0.6057866173738132298 ) ) ;
#11351 = EDGE_CURVE ( 'NONE', #5431, #7589, #2295, .T. ) ;
#11352 = FACE_OUTER_BOUND ( 'NONE', #5007, .T. ) ;
#11353 = DIRECTION ( 'NONE',  ( -0.6057866173738133408, 3.374170927560872739E-16, 0.7956271577886172564 ) ) ;
#11354 = EDGE_CURVE ( 'NONE', #2998, #8997, #3942, .T. ) ;
#11355 = SURFACE_STYLE_FILL_AREA ( #5035 ) ;
#11356 = PRESENTATION_STYLE_ASSIGNMENT (( #4101 ) ) ;
#11357 = FACE_OUTER_BOUND ( 'NONE', #6407, .T. ) ;
#11358 = VECTOR ( 'NONE', #3325, 39.37007874015748143 ) ;
#11359 = EDGE_CURVE ( 'NONE', #2998, #162, #4003, .T. ) ;
#11360 = AXIS2_PLACEMENT_3D ( 'NONE', #1735, #6297, #905 ) ;
#11361 = ORIENTED_EDGE ( 'NONE', *, *, #562, .F. ) ;
#11362 = ORIENTED_EDGE ( 'NONE', *, *, #4641, .T. ) ;
#11363 = ORIENTED_EDGE ( 'NONE', *, *, #148, .T. ) ;
#11364 = SURFACE_STYLE_FILL_AREA ( #7828 ) ;
#11365 = CARTESIAN_POINT ( 'NONE',  ( -0.06929133858267749746, 0.1958661417322837550, -0.4253937007874017961 ) ) ;
#11366 = MECHANICAL_DESIGN_GEOMETRIC_PRESENTATION_REPRESENTATION (  '', ( #6185 ), #8226 ) ;
#11367 = PRESENTATION_STYLE_ASSIGNMENT (( #4288 ) ) ;
#11368 = CARTESIAN_POINT ( 'NONE',  ( -0.1535433070866145111, 0.2273622047244094335, -0.1458661417322836273 ) ) ;
#11369 = FILL_AREA_STYLE_COLOUR ( '', #7361 ) ;
#11370 = EDGE_CURVE ( 'NONE', #8947, #10277, #7436, .T. ) ;
#11371 = EDGE_CURVE ( 'NONE', #8355, #11529, #10952, .T. ) ;
#11372 = PLANE ( 'NONE',  #4858 ) ;
#11373 = DIRECTION ( 'NONE',  ( -1.000000000000000000, -1.602884491802569361E-15, 2.711709361697226329E-31 ) ) ;
#11374 =( LENGTH_UNIT ( ) NAMED_UNIT ( * ) SI_UNIT ( $, .METRE. ) );
#11375 =( GEOMETRIC_REPRESENTATION_CONTEXT ( 3 ) GLOBAL_UNCERTAINTY_ASSIGNED_CONTEXT ( ( #9722 ) ) GLOBAL_UNIT_ASSIGNED_CONTEXT ( ( #981, #4587, #8128 ) ) REPRESENTATION_CONTEXT ( 'NONE', 'WORKASPACE' ) );
#11376 =( NAMED_UNIT ( * ) SI_UNIT ( $, .STERADIAN. ) SOLID_ANGLE_UNIT ( ) );
#11377 = LENGTH_MEASURE_WITH_UNIT ( LENGTH_MEASURE( 0.02539999999999999897 ), #7894 );
#11378 = UNCERTAINTY_MEASURE_WITH_UNIT (LENGTH_MEASURE( 1.000000000000000082E-05 ), #11274, 'distance_accuracy_value', 'NONE');
#11379 = CARTESIAN_POINT ( 'NONE',  ( 0.1464566929133859496, -0.02263779527559007035, -0.2068897637795273081 ) ) ;
#11380 = COLOUR_RGB ( '',0.7607843137254901578, 0.7607843137254901578, 0.0000000000000000000 ) ;
#11381 = CARTESIAN_POINT ( 'NONE',  ( 0.08700787401574779090, 0.1643700787401578822, -0.09586614173228355518 ) ) ;
#11382 = DIRECTION ( 'NONE',  ( -1.000000000000000000, -1.602884491802569361E-15, 2.711709361697226329E-31 ) ) ;
#11383 = CARTESIAN_POINT ( 'NONE',  ( -0.1464566929133855611, -0.1722440944881890590, 0.1120078740157485764 ) ) ;
#11384 = ORIENTED_EDGE ( 'NONE', *, *, #881, .T. ) ;
#11385 =( LENGTH_UNIT ( ) NAMED_UNIT ( * ) SI_UNIT ( $, .METRE. ) );
#11386 = LINE ( 'NONE', #8793, #1345 ) ;
#11387 = SURFACE_SIDE_STYLE ('',( #635 ) ) ;
#11388 = STYLED_ITEM ( 'NONE', ( #8457 ), #10836 ) ;
#11389 = ORIENTED_EDGE ( 'NONE', *, *, #6246, .T. ) ;
#11390 = DIRECTION ( 'NONE',  ( -0.7956271577885686286, -1.875148439272791725E-15, -0.6057866173738771787 ) ) ;
#11391 = UNCERTAINTY_MEASURE_WITH_UNIT (LENGTH_MEASURE( 1.000000000000000082E-05 ), #5715, 'distance_accuracy_value', 'NONE');
#11392 = DIRECTION ( 'NONE',  ( 2.364801230464485631E-30, -1.644517855226018450E-15, -1.000000000000000000 ) ) ;
#11393 = CARTESIAN_POINT ( 'NONE',  ( -0.1535433070866138727, -0.1722440944881889757, -0.3037401574803144655 ) ) ;
#11394 = CARTESIAN_POINT ( 'NONE',  ( 0.06429804372452725680, 0.2037401574803153481, 0.1214250117163778037 ) ) ;
#11395 = CIRCLE ( 'NONE', #6395, 0.009105439123007872879 ) ;
#11396 = TOROIDAL_SURFACE ( 'NONE', #10478, 0.02854330708661417110, 0.003937007874015747977 ) ;
#11397 = ORIENTED_EDGE ( 'NONE', *, *, #3324, .T. ) ;
#11398 = DIRECTION ( 'NONE',  ( 0.0000000000000000000, 0.0000000000000000000, -1.000000000000000000 ) ) ;
#11399 = FILL_AREA_STYLE_COLOUR ( '', #4294 ) ;
#11400 = ORIENTED_EDGE ( 'NONE', *, *, #2479, .F. ) ;
#11401 =( NAMED_UNIT ( * ) PLANE_ANGLE_UNIT ( ) SI_UNIT ( $, .RADIAN. ) );
#11402 = ADVANCED_FACE ( 'NONE', ( #325 ), #4932, .F. ) ;
#11403 = ORIENTED_EDGE ( 'NONE', *, *, #2772, .T. ) ;
#11404 = AXIS2_PLACEMENT_3D ( 'NONE', #11042, #4905, #3317 ) ;
#11405 = PRESENTATION_LAYER_ASSIGNMENT (  '', '', ( #6410 ) ) ;
#11406 = ORIENTED_EDGE ( 'NONE', *, *, #5621, .T. ) ;
#11407 =( NAMED_UNIT ( * ) SI_UNIT ( $, .STERADIAN. ) SOLID_ANGLE_UNIT ( ) );
#11408 =( NAMED_UNIT ( * ) SI_UNIT ( $, .STERADIAN. ) SOLID_ANGLE_UNIT ( ) );
#11409 = UNCERTAINTY_MEASURE_WITH_UNIT (LENGTH_MEASURE( 1.000000000000000082E-05 ), #6360, 'distance_accuracy_value', 'NONE');
#11410 = CARTESIAN_POINT ( 'NONE',  ( 0.1464566929133861717, -0.1407480314960626033, 0.1151574803149610915 ) ) ;
#11411 = CARTESIAN_POINT ( 'NONE',  ( 0.1464566929133855611, 0.2273622047244099331, -0.1458661417322836273 ) ) ;
#11412 = CARTESIAN_POINT ( 'NONE',  ( 0.01209712494559034984, 0.1269685039370081203, -0.01077230849836617599 ) ) ;
#11413 = DIRECTION ( 'NONE',  ( 1.594929680954395007E-15, -0.9950371902099891530, -0.09950371902099724997 ) ) ;
#11414 = DIRECTION ( 'NONE',  ( 1.000000000000000000, 1.602884491802569361E-15, -2.711709361697226329E-31 ) ) ;
#11415 = DIRECTION ( 'NONE',  ( -0.7213327287321930070, -1.723857616129877395E-17, 0.6925886906813946142 ) ) ;
#11416 = VECTOR ( 'NONE', #7855, 39.37007874015748143 ) ;
#11417 = STYLED_ITEM ( 'NONE', ( #5884 ), #638 ) ;
#11418 = COLOUR_RGB ( '',1.000000000000000000, 1.000000000000000000, 1.000000000000000000 ) ;
#11419 = ORIENTED_EDGE ( 'NONE', *, *, #3895, .T. ) ;
#11420 = ORIENTED_EDGE ( 'NONE', *, *, #2846, .F. ) ;
#11421 = ADVANCED_FACE ( 'NONE', ( #8477 ), #1282, .T. ) ;
#11422 = VERTEX_POINT ( 'NONE', #6836 ) ;
#11423 = ORIENTED_EDGE ( 'NONE', *, *, #6131, .T. ) ;
#11424 = LENGTH_MEASURE_WITH_UNIT ( LENGTH_MEASURE( 0.02539999999999999897 ), #786 );
#11425 = PRESENTATION_LAYER_ASSIGNMENT (  '', '', ( #5694 ) ) ;
#11426 = COLOUR_RGB ( '',1.000000000000000000, 1.000000000000000000, 1.000000000000000000 ) ;
#11427 = DIRECTION ( 'NONE',  ( 1.602884491802569361E-15, -1.000000000000000000, 1.644517855226017859E-15 ) ) ;
#11428 = PRODUCT_DEFINITION_FORMATION_WITH_SPECIFIED_SOURCE ( 'ANY', '', #3270, .NOT_KNOWN. ) ;
#11429 = ADVANCED_FACE ( 'NONE', ( #7712 ), #3350, .T. ) ;
#11430 =( CONVERSION_BASED_UNIT ( 'INCH', #1571 ) LENGTH_UNIT ( ) NAMED_UNIT ( #5667 ) );
#11431 =( LENGTH_UNIT ( ) NAMED_UNIT ( * ) SI_UNIT ( $, .METRE. ) );
#11432 = CARTESIAN_POINT ( 'NONE',  ( 0.01934165959544850363, 0.1998031496062995238, -0.1253937007874017517 ) ) ;
#11433 = LINE ( 'NONE', #3466, #8968 ) ;
#11434 = CARTESIAN_POINT ( 'NONE',  ( -0.1499999999999997446, -0.1564960629921260393, -0.1053149606299207813 ) ) ;
#11435 = STYLED_ITEM ( 'NONE', ( #1103 ), #1782 ) ;
#11436 =( GEOMETRIC_REPRESENTATION_CONTEXT ( 3 ) GLOBAL_UNCERTAINTY_ASSIGNED_CONTEXT ( ( #886 ) ) GLOBAL_UNIT_ASSIGNED_CONTEXT ( ( #2099, #1203, #4807 ) ) REPRESENTATION_CONTEXT ( 'NONE', 'WORKASPACE' ) );
#11437 = ADVANCED_FACE ( 'NONE', ( #5979 ), #5149, .T. ) ;
#11438 = EDGE_CURVE ( 'NONE', #4874, #8693, #8272, .T. ) ;
#11439 = UNCERTAINTY_MEASURE_WITH_UNIT (LENGTH_MEASURE( 1.000000000000000082E-05 ), #1037, 'distance_accuracy_value', 'NONE');
#11440 = VERTEX_POINT ( 'NONE', #6313 ) ;
#11441 = DIRECTION ( 'NONE',  ( 0.0000000000000000000, 0.0000000000000000000, 1.000000000000000000 ) ) ;
#11442 = CARTESIAN_POINT ( 'NONE',  ( 0.06018589945980290512, 0.1564960629921262614, -0.02539370078740165945 ) ) ;
#11443 = FILL_AREA_STYLE ('',( #8723 ) ) ;
#11444 =( GEOMETRIC_REPRESENTATION_CONTEXT ( 3 ) GLOBAL_UNCERTAINTY_ASSIGNED_CONTEXT ( ( #3014 ) ) GLOBAL_UNIT_ASSIGNED_CONTEXT ( ( #2639, #11488, #6091 ) ) REPRESENTATION_CONTEXT ( 'NONE', 'WORKASPACE' ) );
#11445 = DIRECTION ( 'NONE',  ( -1.602884491802569361E-15, 1.000000000000000000, -1.644517855226017859E-15 ) ) ;
#11446 = CARTESIAN_POINT ( 'NONE',  ( 0.01934165959544861813, 0.1269685039370082036, -0.3253937007874017073 ) ) ;
#11447 = FILL_AREA_STYLE ('',( #3546 ) ) ;
#11448 = ORIENTED_EDGE ( 'NONE', *, *, #6538, .T. ) ;
#11449 = PRESENTATION_STYLE_ASSIGNMENT (( #10409 ) ) ;
#11450 = FACE_OUTER_BOUND ( 'NONE', #2494, .T. ) ;
#11451 = LINE ( 'NONE', #9736, #4702 ) ;
#11452 = PRESENTATION_LAYER_ASSIGNMENT (  '', '', ( #1962 ) ) ;
#11453 = EDGE_CURVE ( 'NONE', #9119, #3777, #10618, .T. ) ;
#11454 = CARTESIAN_POINT ( 'NONE',  ( -0.1535433070866138727, -0.1722440944881890035, -0.08799212598425146248 ) ) ;
#11455 =( NAMED_UNIT ( * ) PLANE_ANGLE_UNIT ( ) SI_UNIT ( $, .RADIAN. ) );
#11456 =( NAMED_UNIT ( * ) PLANE_ANGLE_UNIT ( ) SI_UNIT ( $, .RADIAN. ) );
#11457 =( NAMED_UNIT ( * ) SI_UNIT ( $, .STERADIAN. ) SOLID_ANGLE_UNIT ( ) );
#11458 =( GEOMETRIC_REPRESENTATION_CONTEXT ( 3 ) GLOBAL_UNCERTAINTY_ASSIGNED_CONTEXT ( ( #4069 ) ) GLOBAL_UNIT_ASSIGNED_CONTEXT ( ( #10644, #1717, #2667 ) ) REPRESENTATION_CONTEXT ( 'NONE', 'WORKASPACE' ) );
#11459 = ORIENTED_EDGE ( 'NONE', *, *, #9817, .T. ) ;
#11460 = ORIENTED_EDGE ( 'NONE', *, *, #1805, .F. ) ;
#11461 = LINE ( 'NONE', #7107, #9663 ) ;
#11462 = CARTESIAN_POINT ( 'NONE',  ( 0.06743043410952737071, 0.1269685039370082591, -0.2107723084983622597 ) ) ;
#11463 = VERTEX_POINT ( 'NONE', #851 ) ;
#11464 = PLANE ( 'NONE',  #2428 ) ;
#11465 = DIMENSIONAL_EXPONENTS ( 1.000000000000000000, 0.0000000000000000000, 0.0000000000000000000, 0.0000000000000000000, 0.0000000000000000000, 0.0000000000000000000, 0.0000000000000000000 ) ;
#11466 = ORIENTED_EDGE ( 'NONE', *, *, #9168, .F. ) ;
#11467 = COLOUR_RGB ( '',1.000000000000000000, 1.000000000000000000, 1.000000000000000000 ) ;
#11468 = AXIS2_PLACEMENT_3D ( 'NONE', #5279, #8828, #6898 ) ;
#11469 = ORIENTED_EDGE ( 'NONE', *, *, #87, .F. ) ;
#11470 = FACE_OUTER_BOUND ( 'NONE', #10864, .T. ) ;
#11471 = DIRECTION ( 'NONE',  ( 1.594929680954394613E-15, -0.9950371902099890420, 0.09950371902100052512 ) ) ;
#11472 = FACE_OUTER_BOUND ( 'NONE', #11526, .T. ) ;
#11473 = DIRECTION ( 'NONE',  ( -1.000000000000000000, -1.602884491802569361E-15, 2.711709361697226329E-31 ) ) ;
#11474 =( CONVERSION_BASED_UNIT ( 'INCH', #7868 ) LENGTH_UNIT ( ) NAMED_UNIT ( #8674 ) );
#11475 = CARTESIAN_POINT ( 'NONE',  ( 0.06018589945968472882, 0.1998031496062997459, -0.3754440218001577345 ) ) ;
#11476 = DIRECTION ( 'NONE',  ( -1.602884491802569361E-15, 1.000000000000000000, -1.644517855226017859E-15 ) ) ;
#11477 = CIRCLE ( 'NONE', #10906, 0.003937007874015718487 ) ;
#11478 =( NAMED_UNIT ( * ) SI_UNIT ( $, .STERADIAN. ) SOLID_ANGLE_UNIT ( ) );
#11479 =( CONVERSION_BASED_UNIT ( 'INCH', #5272 ) LENGTH_UNIT ( ) NAMED_UNIT ( #2470 ) );
#11480 = ORIENTED_EDGE ( 'NONE', *, *, #4184, .T. ) ;
#11481 = ORIENTED_EDGE ( 'NONE', *, *, #6543, .T. ) ;
#11482 = CARTESIAN_POINT ( 'NONE',  ( -0.1464566929133857831, -0.02263779527559064281, 0.09311023622047270853 ) ) ;
#11483 = ORIENTED_EDGE ( 'NONE', *, *, #3876, .T. ) ;
#11484 = VERTEX_POINT ( 'NONE', #4529 ) ;
#11485 = CARTESIAN_POINT ( 'NONE',  ( 0.06743043410952737071, 0.1269685039370082591, -0.2107723084983661732 ) ) ;
#11486 = VECTOR ( 'NONE', #5773, 39.37007874015748854 ) ;
#11487 = CARTESIAN_POINT ( 'NONE',  ( 0.06018589945980290512, 0.1564960629921263169, -0.1253937007874016685 ) ) ;
#11488 =( NAMED_UNIT ( * ) PLANE_ANGLE_UNIT ( ) SI_UNIT ( $, .RADIAN. ) );
#11489 = DIRECTION ( 'NONE',  ( 0.7956271577883997637, 0.0000000000000000000, -0.6057866173740987792 ) ) ;
#11490 = CARTESIAN_POINT ( 'NONE',  ( -0.1464566929133861994, 0.2273622047244093780, 0.05413385826771639764 ) ) ;
#11491 = FACE_OUTER_BOUND ( 'NONE', #1082, .T. ) ;
#11492 = EDGE_CURVE ( 'NONE', #2307, #4741, #6423, .T. ) ;
#11493 = FILL_AREA_STYLE_COLOUR ( '', #3140 ) ;
#11494 = LINE ( 'NONE', #8898, #1637 ) ;
#11495 = AXIS2_PLACEMENT_3D ( 'NONE', #6472, #2146, #3915 ) ;
#11496 = EDGE_CURVE ( 'NONE', #10841, #7041, #6231, .T. ) ;
#11497 = DIRECTION ( 'NONE',  ( 1.000000000000000000, 1.602884491802569361E-15, -2.711709361697226329E-31 ) ) ;
#11498 = EDGE_LOOP ( 'NONE', ( #4956, #8483, #1882, #5877 ) ) ;
#11499 = COLOUR_RGB ( '',1.000000000000000000, 1.000000000000000000, 1.000000000000000000 ) ;
#11500 = DIRECTION ( 'NONE',  ( -1.602884491802569361E-15, 1.000000000000000000, -1.644517855226017859E-15 ) ) ;
#11501 =( NAMED_UNIT ( * ) SI_UNIT ( $, .STERADIAN. ) SOLID_ANGLE_UNIT ( ) );
#11502 = STYLED_ITEM ( 'NONE', ( #1518 ), #4971 ) ;
#11503 = DIRECTION ( 'NONE',  ( -1.602884491802569361E-15, 1.000000000000000000, -1.644517855226017859E-15 ) ) ;
#11504 = AXIS2_PLACEMENT_3D ( 'NONE', #9769, #3759, #8236 ) ;
#11505 = UNCERTAINTY_MEASURE_WITH_UNIT (LENGTH_MEASURE( 1.000000000000000082E-05 ), #1682, 'distance_accuracy_value', 'NONE');
#11506 = DIRECTION ( 'NONE',  ( -1.594929680954395007E-15, 0.9950371902099891530, 0.09950371902099724997 ) ) ;
#11507 = PRESENTATION_STYLE_ASSIGNMENT (( #2591 ) ) ;
#11508 = CARTESIAN_POINT ( 'NONE',  ( -2.057162640966502078E-16, 0.1269685039370081203, -0.3458661417322835829 ) ) ;
#11509 = EDGE_CURVE ( 'NONE', #5549, #6686, #5308, .T. ) ;
#11510 = EDGE_CURVE ( 'NONE', #2749, #1312, #9407, .T. ) ;
#11511 = VERTEX_POINT ( 'NONE', #2635 ) ;
#11512 = COLOUR_RGB ( '',1.000000000000000000, 1.000000000000000000, 1.000000000000000000 ) ;
#11513 = DIRECTION ( 'NONE',  ( -1.000000000000000000, -1.602884491802569361E-15, 2.711709361697226329E-31 ) ) ;
#11514 = DIRECTION ( 'NONE',  ( 1.602884491802569361E-15, -1.000000000000000000, 1.644517855226017859E-15 ) ) ;
#11515 = MECHANICAL_DESIGN_GEOMETRIC_PRESENTATION_REPRESENTATION (  '', ( #6687 ), #1259 ) ;
#11516 = VECTOR ( 'NONE', #1343, 39.37007874015748143 ) ;
#11517 = MECHANICAL_DESIGN_GEOMETRIC_PRESENTATION_REPRESENTATION (  '', ( #1288 ), #705 ) ;
#11518 = VECTOR ( 'NONE', #8585, 39.37007874015748143 ) ;
#11519 = PRESENTATION_STYLE_ASSIGNMENT (( #7967 ) ) ;
#11520 = CARTESIAN_POINT ( 'NONE',  ( 0.01934165959544849669, 0.2037401574803153481, -0.3214566929133860773 ) ) ;
#11521 = LENGTH_MEASURE_WITH_UNIT ( LENGTH_MEASURE( 0.02539999999999999897 ), #3731 );
#11522 = AXIS2_PLACEMENT_3D ( 'NONE', #11180, #4341, #11299 ) ;
#11523 = CARTESIAN_POINT ( 'NONE',  ( -0.1535433070866141225, -0.02263779527559061505, 0.1151574803149608972 ) ) ;
#11524 = EDGE_CURVE ( 'NONE', #2885, #4442, #6369, .T. ) ;
#11525 = ORIENTED_EDGE ( 'NONE', *, *, #11524, .T. ) ;
#11526 = EDGE_LOOP ( 'NONE', ( #8316, #2369, #5977, #920 ) ) ;
#11527 = FACE_OUTER_BOUND ( 'NONE', #9045, .T. ) ;
#11528 = PLANE ( 'NONE',  #1276 ) ;
#11529 = VERTEX_POINT ( 'NONE', #1868 ) ;
#11530 = FILL_AREA_STYLE_COLOUR ( '', #9539 ) ;
#11531 = COLOUR_RGB ( '',0.7607843137254901578, 0.7607843137254901578, 0.0000000000000000000 ) ;
#11532 = ORIENTED_EDGE ( 'NONE', *, *, #1463, .T. ) ;
#11533 = DIRECTION ( 'NONE',  ( 2.348093788196917952E-30, -1.644517855226018450E-15, -1.000000000000000000 ) ) ;
#11534 = EDGE_LOOP ( 'NONE', ( #187, #6628, #8231, #6866 ) ) ;
#11535 = DIRECTION ( 'NONE',  ( 0.7956271577887870095, 0.0000000000000000000, -0.6057866173735900750 ) ) ;
#11536 = UNCERTAINTY_MEASURE_WITH_UNIT (LENGTH_MEASURE( 1.000000000000000082E-05 ), #5492, 'distance_accuracy_value', 'NONE');
#11537 = SURFACE_STYLE_USAGE ( .BOTH. , #6244 ) ;
#11538 = VECTOR ( 'NONE', #9795, 39.37007874015748143 ) ;
#11539 = CARTESIAN_POINT ( 'NONE',  ( -0.1464566929133857831, -0.02263779527559057342, -0.1068897637795273164 ) ) ;
#11540 =( GEOMETRIC_REPRESENTATION_CONTEXT ( 3 ) GLOBAL_UNCERTAINTY_ASSIGNED_CONTEXT ( ( #56 ) ) GLOBAL_UNIT_ASSIGNED_CONTEXT ( ( #11190, #7438, #11131 ) ) REPRESENTATION_CONTEXT ( 'NONE', 'WORKASPACE' ) );
#11541 = CARTESIAN_POINT ( 'NONE',  ( 0.1535433070866144833, -0.1407480314960625756, 0.01515748031496108768 ) ) ;
#11542 =( CONVERSION_BASED_UNIT ( 'INCH', #7930 ) LENGTH_UNIT ( ) NAMED_UNIT ( #5581 ) );
#11543 = CARTESIAN_POINT ( 'NONE',  ( 0.06018589945968484678, 0.1269685039370082036, -0.1162882616643937522 ) ) ;
#11544 = ORIENTED_EDGE ( 'NONE', *, *, #9604, .F. ) ;
#11545 = PRESENTATION_LAYER_ASSIGNMENT (  '', '', ( #3174 ) ) ;
#11546 = ORIENTED_EDGE ( 'NONE', *, *, #1832, .T. ) ;
#11547 = AXIS2_PLACEMENT_3D ( 'NONE', #9931, #2048, #5521 ) ;
#11548 = LINE ( 'NONE', #974, #1908 ) ;
#11549 = ORIENTED_EDGE ( 'NONE', *, *, #1940, .T. ) ;
#11550 = EDGE_LOOP ( 'NONE', ( #3312, #8209, #2138, #11280 ) ) ;
#11551 =( GEOMETRIC_REPRESENTATION_CONTEXT ( 3 ) GLOBAL_UNCERTAINTY_ASSIGNED_CONTEXT ( ( #8725 ) ) GLOBAL_UNIT_ASSIGNED_CONTEXT ( ( #3807, #1027, #4635 ) ) REPRESENTATION_CONTEXT ( 'NONE', 'WORKASPACE' ) );
#11552 = DIRECTION ( 'NONE',  ( -1.602884491802569361E-15, 1.000000000000000000, -1.644517855226017859E-15 ) ) ;
#11553 = CARTESIAN_POINT ( 'NONE',  ( -0.1464566929133857831, -0.02263779527559050750, -0.3068897637795273137 ) ) ;
#11554 = DIRECTION ( 'NONE',  ( 1.594929680954418377E-16, -0.09950371902100052512, -0.9950371902099890420 ) ) ;
#11555 = DIRECTION ( 'NONE',  ( 0.7956271577887872315, 0.0000000000000000000, -0.6057866173735900750 ) ) ;
#11556 = DIRECTION ( 'NONE',  ( -1.000000000000000000, -1.602884491802569361E-15, -2.711709361697226329E-31 ) ) ;
#11557 =( NAMED_UNIT ( * ) PLANE_ANGLE_UNIT ( ) SI_UNIT ( $, .RADIAN. ) );
#11558 = DIRECTION ( 'NONE',  ( 0.7715274047096022381, 2.282905139954358816E-15, 0.6361960890968018090 ) ) ;
#11559 = UNCERTAINTY_MEASURE_WITH_UNIT (LENGTH_MEASURE( 1.000000000000000082E-05 ), #1338, 'distance_accuracy_value', 'NONE');
#11560 = STYLED_ITEM ( 'NONE', ( #9098 ), #10089 ) ;
#11561 = ORIENTED_EDGE ( 'NONE', *, *, #11510, .T. ) ;
#11562 =( LENGTH_UNIT ( ) NAMED_UNIT ( * ) SI_UNIT ( $, .METRE. ) );
#11563 = EDGE_CURVE ( 'NONE', #9101, #10306, #976, .T. ) ;
#11564 = DIRECTION ( 'NONE',  ( -2.348093788196917952E-30, 1.644517855226018450E-15, 1.000000000000000000 ) ) ;
#11565 = TOROIDAL_SURFACE ( 'NONE', #1123, 0.005168431248992125769, 0.003937007874015747977 ) ;
#11566 = DIRECTION ( 'NONE',  ( 1.602884491802569361E-15, -1.000000000000000000, 1.644517855226017859E-15 ) ) ;
#11567 = LINE ( 'NONE', #4116, #8345 ) ;
#11568 = DIRECTION ( 'NONE',  ( 2.348093788196917952E-30, -1.644517855226018450E-15, -1.000000000000000000 ) ) ;
#11569 = SURFACE_STYLE_FILL_AREA ( #6102 ) ;
#11570 = SURFACE_SIDE_STYLE ('',( #4243 ) ) ;
#11571 = LINE ( 'NONE', #10636, #7632 ) ;
#11572 = LENGTH_MEASURE_WITH_UNIT ( LENGTH_MEASURE( 0.02539999999999999897 ), #6221 );
#11573 = ORIENTED_EDGE ( 'NONE', *, *, #10657, .T. ) ;
#11574 = STYLED_ITEM ( 'NONE', ( #578 ), #10152 ) ;
#11575 = CARTESIAN_POINT ( 'NONE',  ( -0.06929133858267744195, 0.1564960629921262059, -0.4253937007874017406 ) ) ;
ENDSEC;
END-ISO-10303-21;
