ISO-10303-21;
HEADER;
FILE_DESCRIPTION (( 'STEP AP214' ),
    '1' );
FILE_NAME ('BAT-HLD-013-SMT-TR.STEP',
    '2025-08-16T03:11:34',
    ( '' ),
    ( '' ),
    'SwSTEP 2.0',
    'SolidWorks 2023',
    '' );
FILE_SCHEMA (( 'AUTOMOTIVE_DESIGN' ));
ENDSEC;

DATA;
#1 = FACE_BOUND ( 'NONE', #645, .T. ) ;
#2 = ORIENTED_EDGE ( 'NONE', *, *, #524, .T. ) ;
#3 = DIRECTION ( 'NONE',  ( -1.000000000000000000, 0.000000000000000000, 0.000000000000000000 ) ) ;
#4 = ORIENTED_EDGE ( 'NONE', *, *, #7120, .T. ) ;
#5 = CARTESIAN_POINT ( 'NONE',  ( 9.142804232706001955, -4.129999999999999893, -0.1345265215380999912 ) ) ;
#6 = VECTOR ( 'NONE', #2622, 1000.000000000000000 ) ;
#7 = ADVANCED_FACE ( 'NONE', ( #6530 ), #5042, .F. ) ;
#8 = AXIS2_PLACEMENT_3D ( 'NONE', #3911, #7479, #4664 ) ;
#9 = ADVANCED_FACE ( 'NONE', ( #4371 ), #2526, .F. ) ;
#10 = CARTESIAN_POINT ( 'NONE',  ( -7.280520213861001011, -0.9780688856472006254, -1.403851821158999646 ) ) ;
#11 = EDGE_LOOP ( 'NONE', ( #5217, #3057, #5308, #1821, #431, #259 ) ) ;
#12 = EDGE_CURVE ( 'NONE', #2421, #5933, #3706, .T. ) ;
#13 = DIRECTION ( 'NONE',  ( 0.000000000000000000, 0.000000000000000000, 1.000000000000000000 ) ) ;
#14 = AXIS2_PLACEMENT_3D ( 'NONE', #6258, #1978, #9165 ) ;
#15 = AXIS2_PLACEMENT_3D ( 'NONE', #4417, #2389, #7285 ) ;
#16 = PLANE ( 'NONE',  #3410 ) ;
#17 = CARTESIAN_POINT ( 'NONE',  ( 11.00000000000000000, 3.500000000000000000, 0.000000000000000000 ) ) ;
#18 = VERTEX_POINT ( 'NONE', #3802 ) ;
#19 = EDGE_CURVE ( 'NONE', #1870, #4161, #8067, .T. ) ;
#20 = CARTESIAN_POINT ( 'NONE',  ( 3.906353601522999597, -1.283199370293000019, -0.4998547036974000379 ) ) ;
#21 = AXIS2_PLACEMENT_3D ( 'NONE', #7768, #3657, #1341 ) ;
#22 = EDGE_CURVE ( 'NONE', #6810, #1849, #3758, .T. ) ;
#23 = ORIENTED_EDGE ( 'NONE', *, *, #8244, .F. ) ;
#24 = DIRECTION ( 'NONE',  ( 0.000000000000000000, 0.000000000000000000, -1.000000000000000000 ) ) ;
#25 = AXIS2_PLACEMENT_3D ( 'NONE', #6306, #3576, #4848 ) ;
#26 = VERTEX_POINT ( 'NONE', #4553 ) ;
#27 = CARTESIAN_POINT ( 'NONE',  ( -13.42499999999999893, -1.000000000000000000, -4.500000000000000000 ) ) ;
#28 = LINE ( 'NONE', #1421, #3917 ) ;
#29 = DIRECTION ( 'NONE',  ( -1.000000000000000000, 0.000000000000000000, 0.000000000000000000 ) ) ;
#30 = AXIS2_PLACEMENT_3D ( 'NONE', #4294, #4250, #5667 ) ;
#31 = CARTESIAN_POINT ( 'NONE',  ( -7.069182008485863200, 0.7183874134196305272, -1.466389104628732953 ) ) ;
#32 = ORIENTED_EDGE ( 'NONE', *, *, #307, .F. ) ;
#33 = CARTESIAN_POINT ( 'NONE',  ( 3.883978761554000236, 1.577137831062000117, -0.6445057510425999947 ) ) ;
#34 = EDGE_CURVE ( 'NONE', #2112, #5937, #4175, .T. ) ;
#35 = VECTOR ( 'NONE', #5941, 1000.000000000000000 ) ;
#36 = DIRECTION ( 'NONE',  ( 0.000000000000000000, 0.000000000000000000, -1.000000000000000000 ) ) ;
#37 = AXIS2_PLACEMENT_3D ( 'NONE', #187, #138, #1671 ) ;
#38 = ORIENTED_EDGE ( 'NONE', *, *, #8360, .F. ) ;
#39 = AXIS2_PLACEMENT_3D ( 'NONE', #3507, #7780, #1354 ) ;
#40 = DIRECTION ( 'NONE',  ( 1.000000000000000000, 0.000000000000000000, 0.000000000000000000 ) ) ;
#41 = ORIENTED_EDGE ( 'NONE', *, *, #8304, .T. ) ;
#42 = CARTESIAN_POINT ( 'NONE',  ( 4.040278238763000296, -0.9194165683759999430, -0.5167919793559000441 ) ) ;
#43 = FACE_OUTER_BOUND ( 'NONE', #9023, .T. ) ;
#44 = VECTOR ( 'NONE', #6789, 1000.000000000000000 ) ;
#45 = CARTESIAN_POINT ( 'NONE',  ( -0.4799007024065999882, 6.408693892986000229, -4.299999999999999822 ) ) ;
#46 = DIRECTION ( 'NONE',  ( 0.000000000000000000, 0.000000000000000000, -1.000000000000000000 ) ) ;
#47 = ORIENTED_EDGE ( 'NONE', *, *, #1250, .F. ) ;
#48 = FACE_OUTER_BOUND ( 'NONE', #3887, .T. ) ;
#49 = LINE ( 'NONE', #4866, #5117 ) ;
#50 = CARTESIAN_POINT ( 'NONE',  ( 13.42499999999999893, -2.000000000000000000, -1.350000000000000089 ) ) ;
#51 = CARTESIAN_POINT ( 'NONE',  ( 4.069402176047831610, 0.7310252773260330628, -1.157136804646467398 ) ) ;
#52 = EDGE_CURVE ( 'NONE', #2601, #3676, #3003, .T. ) ;
#53 = FACE_OUTER_BOUND ( 'NONE', #5910, .T. ) ;
#54 = VERTEX_POINT ( 'NONE', #5918 ) ;
#55 = CARTESIAN_POINT ( 'NONE',  ( 11.32499999999999929, -2.500000000000000000, -1.350000000000000089 ) ) ;
#56 = ORIENTED_EDGE ( 'NONE', *, *, #8713, .T. ) ;
#57 = CARTESIAN_POINT ( 'NONE',  ( -13.22500000000000142, -0.5000000000000000000, -4.450000000000000178 ) ) ;
#58 = CARTESIAN_POINT ( 'NONE',  ( -7.256803458481003055, -1.151585900327998457, -1.503775746565997773 ) ) ;
#59 = VERTEX_POINT ( 'NONE', #7371 ) ;
#60 = LINE ( 'NONE', #4263, #3285 ) ;
#61 = CARTESIAN_POINT ( 'NONE',  ( 11.00000000000000000, -3.500000000000000000, 0.000000000000000000 ) ) ;
#62 = ORIENTED_EDGE ( 'NONE', *, *, #3188, .T. ) ;
#63 = ADVANCED_FACE ( 'NONE', ( #999 ), #3660, .T. ) ;
#64 = DIRECTION ( 'NONE',  ( 0.000000000000000000, 1.000000000000000000, 0.000000000000000000 ) ) ;
#65 = ORIENTED_EDGE ( 'NONE', *, *, #4810, .T. ) ;
#66 = CARTESIAN_POINT ( 'NONE',  ( -10.25000000000000000, 6.649999999999999467, -0.2500000000000000000 ) ) ;
#67 = EDGE_CURVE ( 'NONE', #5893, #9200, #3846, .T. ) ;
#68 = CARTESIAN_POINT ( 'NONE',  ( 9.350000000000001421, -5.750000000000000000, -0.2500000000000000000 ) ) ;
#69 = ORIENTED_EDGE ( 'NONE', *, *, #1378, .F. ) ;
#70 = DIRECTION ( 'NONE',  ( -1.000000000000000000, 0.000000000000000000, 0.000000000000000000 ) ) ;
#71 = PLANE ( 'NONE',  #769 ) ;
#72 = DIRECTION ( 'NONE',  ( 1.000000000000000000, 0.000000000000000000, 0.000000000000000000 ) ) ;
#73 = EDGE_CURVE ( 'NONE', #8437, #1835, #950, .T. ) ;
#74 = LINE ( 'NONE', #2826, #539 ) ;
#75 = ORIENTED_EDGE ( 'NONE', *, *, #7103, .T. ) ;
#76 = CARTESIAN_POINT ( 'NONE',  ( -7.703087057135999949, 1.750000000000000000, -1.248875974902999841 ) ) ;
#77 = LINE ( 'NONE', #3581, #2990 ) ;
#78 = ORIENTED_EDGE ( 'NONE', *, *, #1479, .F. ) ;
#79 = EDGE_CURVE ( 'NONE', #5393, #7283, #3127, .T. ) ;
#80 = CARTESIAN_POINT ( 'NONE',  ( 3.887824635469451451, -0.9712644404876195070, -0.6472910601692907218 ) ) ;
#81 = ORIENTED_EDGE ( 'NONE', *, *, #9273, .T. ) ;
#82 = DIRECTION ( 'NONE',  ( 0.000000000000000000, 0.000000000000000000, 1.000000000000000000 ) ) ;
#83 = DIRECTION ( 'NONE',  ( 0.000000000000000000, 0.000000000000000000, -1.000000000000000000 ) ) ;
#84 = CARTESIAN_POINT ( 'NONE',  ( -10.25000000000000000, 6.349999999999999645, -0.5000000000000000000 ) ) ;
#85 = CARTESIAN_POINT ( 'NONE',  ( -9.650000000000000355, 6.349999999999999645, -0.5000000000000000000 ) ) ;
#86 = PLANE ( 'NONE',  #7657 ) ;
#87 = DIRECTION ( 'NONE',  ( 0.000000000000000000, 0.000000000000000000, -1.000000000000000000 ) ) ;
#88 = DIRECTION ( 'NONE',  ( 1.000000000000000000, 0.000000000000000000, 0.000000000000000000 ) ) ;
#89 = TOROIDAL_SURFACE ( 'NONE', #8158, 0.3085786437627000001, 0.1000000000000000056 ) ;
#90 = FACE_OUTER_BOUND ( 'NONE', #6744, .T. ) ;
#91 = AXIS2_PLACEMENT_3D ( 'NONE', #1736, #4692, #9062 ) ;
#92 = CARTESIAN_POINT ( 'NONE',  ( -7.390917734102001369, 1.252833393926999772, -1.457596498132998297 ) ) ;
#93 = AXIS2_PLACEMENT_3D ( 'NONE', #1899, #2700, #8478 ) ;
#94 = CARTESIAN_POINT ( 'NONE',  ( 7.179909470181000231, 6.669999999999999929, -0.4000000000000000222 ) ) ;
#95 = ORIENTED_EDGE ( 'NONE', *, *, #5256, .T. ) ;
#96 = DIRECTION ( 'NONE',  ( -0.9517557531537327309, 0.000000000000000000, -0.3068566217939103780 ) ) ;
#97 = VECTOR ( 'NONE', #8100, 1000.000000000000000 ) ;
#98 = LINE ( 'NONE', #3745, #7363 ) ;
#99 = CONICAL_SURFACE ( 'NONE', #993, 9.974999999999999645, 0.7188299996214952969 ) ;
#100 = ORIENTED_EDGE ( 'NONE', *, *, #3885, .T. ) ;
#101 = CARTESIAN_POINT ( 'NONE',  ( 5.000000000000000000, 4.129999999999999893, -4.000000000000000000 ) ) ;
#102 = CARTESIAN_POINT ( 'NONE',  ( -7.480839441234001796, -1.281723703936000769, -1.445909382126998599 ) ) ;
#103 = ORIENTED_EDGE ( 'NONE', *, *, #426, .F. ) ;
#104 = AXIS2_PLACEMENT_3D ( 'NONE', #5994, #8102, #5337 ) ;
#105 = CARTESIAN_POINT ( 'NONE',  ( 3.902236943481000253, -1.038148347026000007, -0.6032245244603999801 ) ) ;
#106 = ORIENTED_EDGE ( 'NONE', *, *, #281, .F. ) ;
#107 = CARTESIAN_POINT ( 'NONE',  ( 12.97499999999999964, 2.500000000000000000, -0.9000000000000000222 ) ) ;
#108 = ADVANCED_FACE ( 'NONE', ( #5352 ), #3336, .F. ) ;
#109 = DIRECTION ( 'NONE',  ( -1.000000000000000000, 0.000000000000000000, 0.000000000000000000 ) ) ;
#110 = CARTESIAN_POINT ( 'NONE',  ( -12.72499999999999964, -1.600000000000000089, -1.100000000000000089 ) ) ;
#111 = CARTESIAN_POINT ( 'NONE',  ( -7.275785657481000257, 1.209674281332999923, -1.390101671020000040 ) ) ;
#112 = CARTESIAN_POINT ( 'NONE',  ( 3.883956578873999810, 1.282842436376000039, -0.4717638345769999964 ) ) ;
#113 = CARTESIAN_POINT ( 'NONE',  ( 8.233871412147999891, 0.4241200672368000135, -3.966106772525000324 ) ) ;
#114 = VECTOR ( 'NONE', #2156, 1000.000000000000000 ) ;
#115 = FACE_OUTER_BOUND ( 'NONE', #2107, .T. ) ;
#116 = ORIENTED_EDGE ( 'NONE', *, *, #19, .T. ) ;
#117 = DIRECTION ( 'NONE',  ( 0.000000000000000000, 0.000000000000000000, -1.000000000000000000 ) ) ;
#118 = CARTESIAN_POINT ( 'NONE',  ( 12.77500000000000036, -1.550000000000000044, -0.9000000000000000222 ) ) ;
#119 = EDGE_CURVE ( 'NONE', #4981, #8106, #343, .T. ) ;
#120 = ORIENTED_EDGE ( 'NONE', *, *, #8713, .F. ) ;
#121 = AXIS2_PLACEMENT_3D ( 'NONE', #8109, #6704, #6002 ) ;
#122 = EDGE_CURVE ( 'NONE', #5253, #3109, #4690, .T. ) ;
#123 = EDGE_CURVE ( 'NONE', #5470, #26, #8159, .T. ) ;
#124 = CARTESIAN_POINT ( 'NONE',  ( 5.577410528076000240, 1.750000000000000000, 0.5999999999999999778 ) ) ;
#125 = VERTEX_POINT ( 'NONE', #4034 ) ;
#126 = CARTESIAN_POINT ( 'NONE',  ( -8.750000000000000000, 6.649999999999999467, -0.5000000000000000000 ) ) ;
#127 = LINE ( 'NONE', #2265, #2471 ) ;
#128 = AXIS2_PLACEMENT_3D ( 'NONE', #3512, #4439, #1448 ) ;
#129 = FACE_OUTER_BOUND ( 'NONE', #8796, .T. ) ;
#130 = LINE ( 'NONE', #5890, #6237 ) ;
#131 = CARTESIAN_POINT ( 'NONE',  ( -9.599999999999999645, -8.000000000000000000, 0.000000000000000000 ) ) ;
#132 = ADVANCED_FACE ( 'NONE', ( #6202 ), #7511, .F. ) ;
#133 = EDGE_CURVE ( 'NONE', #5119, #6697, #8209, .T. ) ;
#134 = CARTESIAN_POINT ( 'NONE',  ( -0.1465673690733000079, 6.706770816062999963, -4.299999999999999822 ) ) ;
#135 = AXIS2_PLACEMENT_3D ( 'NONE', #4527, #3061, #3111 ) ;
#136 = DIRECTION ( 'NONE',  ( 0.000000000000000000, -1.000000000000000000, 0.000000000000000000 ) ) ;
#137 = AXIS2_PLACEMENT_3D ( 'NONE', #4791, #2771, #580 ) ;
#138 = DIRECTION ( 'NONE',  ( -0.5591929034707342483, 0.000000000000000000, -0.8290375725550502839 ) ) ;
#139 = ADVANCED_FACE ( 'NONE', ( #4645 ), #6156, .F. ) ;
#140 = CARTESIAN_POINT ( 'NONE',  ( -7.308766020979002853, 1.297563660946999597, -1.485883601440001200 ) ) ;
#141 = DIRECTION ( 'NONE',  ( -0.9455185755993017471, 0.000000000000000000, 0.3255681544572003872 ) ) ;
#142 = ORIENTED_EDGE ( 'NONE', *, *, #8718, .T. ) ;
#143 = CARTESIAN_POINT ( 'NONE',  ( 8.929632205927999777, -4.129999999999999893, -0.3560679565634999877 ) ) ;
#144 = EDGE_CURVE ( 'NONE', #4191, #5666, #2483, .T. ) ;
#145 = AXIS2_PLACEMENT_3D ( 'NONE', #3890, #3190, #3236 ) ;
#146 = LINE ( 'NONE', #6699, #4356 ) ;
#148 = ADVANCED_FACE ( 'NONE', ( #4082 ), #3934, .T. ) ;
#147 = ORIENTED_EDGE ( 'NONE', *, *, #192, .F. ) ;
#149 = DIRECTION ( 'NONE',  ( 0.000000000000000000, 0.000000000000000000, 1.000000000000000000 ) ) ;
#150 = AXIS2_PLACEMENT_3D ( 'NONE', #2236, #7970, #3696 ) ;
#151 = CARTESIAN_POINT ( 'NONE',  ( -7.446693922037005642, -1.176612495988000218, -1.457666627255999270 ) ) ;
#152 = ORIENTED_EDGE ( 'NONE', *, *, #8956, .F. ) ;
#153 = DIRECTION ( 'NONE',  ( 0.000000000000000000, -1.000000000000000000, 0.000000000000000000 ) ) ;
#154 = VECTOR ( 'NONE', #5895, 1000.000000000000000 ) ;
#155 = VERTEX_POINT ( 'NONE', #6107 ) ;
#156 = AXIS2_PLACEMENT_3D ( 'NONE', #2075, #4949, #7813 ) ;
#157 = CARTESIAN_POINT ( 'NONE',  ( 3.886628934399999125, 1.473889076106000617, -0.5709245101075999251 ) ) ;
#158 = DIRECTION ( 'NONE',  ( 0.000000000000000000, 1.000000000000000000, 0.000000000000000000 ) ) ;
#159 = DIRECTION ( 'NONE',  ( -0.3255681544572004427, 0.000000000000000000, -0.9455185755993018581 ) ) ;
#160 = LINE ( 'NONE', #2880, #5951 ) ;
#161 = CARTESIAN_POINT ( 'NONE',  ( 3.881619859231999925, 1.285137373791000126, -0.4685476159079000058 ) ) ;
#162 = FACE_BOUND ( 'NONE', #3579, .T. ) ;
#163 = LINE ( 'NONE', #8694, #4717 ) ;
#164 = ORIENTED_EDGE ( 'NONE', *, *, #2588, .T. ) ;
#165 = CARTESIAN_POINT ( 'NONE',  ( -13.22500000000000142, -0.5000000000000000000, -4.450000000000000178 ) ) ;
#166 = TOROIDAL_SURFACE ( 'NONE', #765, 0.3085786437627000001, 0.1000000000000000056 ) ;
#167 = DIRECTION ( 'NONE',  ( 1.000000000000000000, 0.000000000000000000, 0.000000000000000000 ) ) ;
#168 = ADVANCED_FACE ( 'NONE', ( #9059 ), #8967, .T. ) ;
#169 = ORIENTED_EDGE ( 'NONE', *, *, #1488, .F. ) ;
#170 = VECTOR ( 'NONE', #7095, 1000.000000000000000 ) ;
#171 = EDGE_LOOP ( 'NONE', ( #7451, #2343, #2177, #856 ) ) ;
#172 = CARTESIAN_POINT ( 'NONE',  ( 3.726937912492998883, 0.8498550244322998770, -0.3007243012737997323 ) ) ;
#173 = ORIENTED_EDGE ( 'NONE', *, *, #6430, .T. ) ;
#174 = CARTESIAN_POINT ( 'NONE',  ( 7.231854973543000220, -6.669999999999999929, -0.4434943453665000090 ) ) ;
#175 = LINE ( 'NONE', #6591, #3820 ) ;
#176 = CARTESIAN_POINT ( 'NONE',  ( 3.716671441012999733, -2.500000000000000000, -0.7519060802727000059 ) ) ;
#177 = DIRECTION ( 'NONE',  ( 0.000000000000000000, 1.000000000000000000, 0.000000000000000000 ) ) ;
#178 = CARTESIAN_POINT ( 'NONE',  ( 3.991412912538999880, -1.023364414297999847, -0.7766858362586999132 ) ) ;
#179 = EDGE_CURVE ( 'NONE', #243, #3497, #2624, .T. ) ;
#180 = B_SPLINE_CURVE_WITH_KNOTS ( 'NONE', 3,
 ( #7242, #3666, #31, #4278, #2071, #7851, #3629, #6535 ),
 .UNSPECIFIED., .F., .F.,
 ( 4, 2, 2, 4 ),
 ( 0.000000000000000000, 0.4999999999999988898, 0.7499999999999996669, 1.000000000000000000 ),
 .UNSPECIFIED. ) ;
#181 = ORIENTED_EDGE ( 'NONE', *, *, #9189, .F. ) ;
#182 = VECTOR ( 'NONE', #1574, 1000.000000000000114 ) ;
#183 = DIRECTION ( 'NONE',  ( 0.000000000000000000, -1.000000000000000000, 0.000000000000000000 ) ) ;
#184 = CARTESIAN_POINT ( 'NONE',  ( -9.350000000000001421, 6.349999999999999645, -0.2500000000000000000 ) ) ;
#185 = AXIS2_PLACEMENT_3D ( 'NONE', #696, #9262, #8573 ) ;
#186 = EDGE_CURVE ( 'NONE', #8820, #3177, #5224, .T. ) ;
#187 = CARTESIAN_POINT ( 'NONE',  ( 10.17336319344000017, -2.500000000000000000, -5.033066907650000310 ) ) ;
#188 = CARTESIAN_POINT ( 'NONE',  ( 3.305221764409000063, 1.256642108036000183, -0.1855941842102000194 ) ) ;
#189 = LINE ( 'NONE', #628, #6433 ) ;
#190 = CYLINDRICAL_SURFACE ( 'NONE', #1319, 0.1999999999999996503 ) ;
#191 = FACE_OUTER_BOUND ( 'NONE', #5823, .T. ) ;
#192 = EDGE_CURVE ( 'NONE', #927, #8326, #2582, .T. ) ;
#193 = ORIENTED_EDGE ( 'NONE', *, *, #5629, .F. ) ;
#194 = CARTESIAN_POINT ( 'NONE',  ( 11.52500000000000036, -2.600000000000000089, -5.500000000000000000 ) ) ;
#195 = CARTESIAN_POINT ( 'NONE',  ( -10.80000000000000071, 7.799999999999999822, 0.000000000000000000 ) ) ;
#196 = ORIENTED_EDGE ( 'NONE', *, *, #2320, .T. ) ;
#197 = CARTESIAN_POINT ( 'NONE',  ( 3.904554244579000244, 1.295913359190999925, -0.4986551430450000821 ) ) ;
#198 = EDGE_CURVE ( 'NONE', #7420, #2692, #434, .T. ) ;
#199 = CARTESIAN_POINT ( 'NONE',  ( -7.360728583477994746, -1.297563660946998709, -1.467991456314999610 ) ) ;
#200 = ORIENTED_EDGE ( 'NONE', *, *, #6262, .F. ) ;
#201 = CARTESIAN_POINT ( 'NONE',  ( -13.22500000000000142, -0.7500000000000000000, -3.600000000000000089 ) ) ;
#202 = ORIENTED_EDGE ( 'NONE', *, *, #3943, .T. ) ;
#203 = LINE ( 'NONE', #5351, #2232 ) ;
#204 = CARTESIAN_POINT ( 'NONE',  ( 10.95083426132000071, -2.500000000000000000, -1.100000000000000089 ) ) ;
#205 = EDGE_LOOP ( 'NONE', ( #2631, #9212 ) ) ;
#206 = CARTESIAN_POINT ( 'NONE',  ( 15.84999999999999964, 1.750000000000000000, -5.299999999999999822 ) ) ;
#207 = CARTESIAN_POINT ( 'NONE',  ( 8.284120188299999299, -0.4159517489442000060, -4.000000000000000000 ) ) ;
#208 = CARTESIAN_POINT ( 'NONE',  ( -7.212490067225000523, -0.6991495612755999067, -1.206277929287999928 ) ) ;
#209 = ORIENTED_EDGE ( 'NONE', *, *, #3715, .F. ) ;
#210 = CARTESIAN_POINT ( 'NONE',  ( -11.52500000000000036, -2.500000000000000000, -0.9000000000000000222 ) ) ;
#211 = DIRECTION ( 'NONE',  ( 0.000000000000000000, -1.000000000000000000, 0.000000000000000000 ) ) ;
#212 = ORIENTED_EDGE ( 'NONE', *, *, #7170, .F. ) ;
#213 = ORIENTED_EDGE ( 'NONE', *, *, #2803, .T. ) ;
#214 = CARTESIAN_POINT ( 'NONE',  ( -7.310160513561999807, 1.224574780638000071, -1.489933501968000007 ) ) ;
#215 = EDGE_LOOP ( 'NONE', ( #8475, #1549, #3254, #3329 ) ) ;
#216 = CARTESIAN_POINT ( 'NONE',  ( 13.12697540696999887, 0.2500000000000000000, -3.655697933911000064 ) ) ;
#217 = EDGE_CURVE ( 'NONE', #7243, #3242, #5338, .T. ) ;
#218 = CARTESIAN_POINT ( 'NONE',  ( -9.650000000000000355, 6.649999999999999467, -0.5000000000000000000 ) ) ;
#219 = VERTEX_POINT ( 'NONE', #2726 ) ;
#220 = DIRECTION ( 'NONE',  ( 0.000000000000000000, 1.000000000000000000, 0.000000000000000000 ) ) ;
#221 = DIRECTION ( 'NONE',  ( 1.000000000000000000, 0.000000000000000000, 0.000000000000000000 ) ) ;
#222 = CARTESIAN_POINT ( 'NONE',  ( 3.966818334650000111, -1.192829131722999980, -0.6678392794697000090 ) ) ;
#223 = ORIENTED_EDGE ( 'NONE', *, *, #1648, .F. ) ;
#224 = FACE_OUTER_BOUND ( 'NONE', #4469, .T. ) ;
#225 = CARTESIAN_POINT ( 'NONE',  ( -7.569370537827000867, -1.224574780638000071, -1.294918264854000078 ) ) ;
#226 = FACE_OUTER_BOUND ( 'NONE', #9224, .T. ) ;
#227 = EDGE_CURVE ( 'NONE', #7930, #1183, #1624, .T. ) ;
#228 = PLANE ( 'NONE',  #8860 ) ;
#229 = PLANE ( 'NONE',  #2928 ) ;
#230 = LINE ( 'NONE', #6087, #6267 ) ;
#231 = CARTESIAN_POINT ( 'NONE',  ( 13.42499999999999893, 0.7500000000000000000, -3.350000000000000089 ) ) ;
#232 = EDGE_LOOP ( 'NONE', ( #1238, #1366, #2874, #358 ) ) ;
#233 = FACE_OUTER_BOUND ( 'NONE', #2123, .T. ) ;
#234 = EDGE_CURVE ( 'NONE', #1207, #5080, #5102, .T. ) ;
#235 = CIRCLE ( 'NONE', #2924, 1.000000000000000000 ) ;
#236 = DIRECTION ( 'NONE',  ( 0.000000000000000000, 1.000000000000000000, 0.000000000000000000 ) ) ;
#237 = ORIENTED_EDGE ( 'NONE', *, *, #8230, .F. ) ;
#238 = EDGE_CURVE ( 'NONE', #7527, #8723, #842, .T. ) ;
#239 = CARTESIAN_POINT ( 'NONE',  ( 3.874763341997999877, 1.281132293718999948, -0.4592961708527000253 ) ) ;
#240 = VECTOR ( 'NONE', #5738, 1000.000000000000000 ) ;
#241 = CIRCLE ( 'NONE', #7873, 0.2500000000000002776 ) ;
#242 = PLANE ( 'NONE',  #8195 ) ;
#243 = VERTEX_POINT ( 'NONE', #6556 ) ;
#244 = VECTOR ( 'NONE', #9138, 1000.000000000000000 ) ;
#245 = CARTESIAN_POINT ( 'NONE',  ( 3.955850277599999743, -1.143863628452000070, -0.6728435256511000606 ) ) ;
#246 = ADVANCED_FACE ( 'NONE', ( #5856 ), #3115, .T. ) ;
#247 = ORIENTED_EDGE ( 'NONE', *, *, #7575, .T. ) ;
#248 = EDGE_CURVE ( 'NONE', #6857, #4519, #1181, .T. ) ;
#249 = CARTESIAN_POINT ( 'NONE',  ( 3.894617400278000741, 1.534223911804998952, -0.6632625616340001029 ) ) ;
#250 = CARTESIAN_POINT ( 'NONE',  ( 13.47500000000000142, -1.750000000000000000, -5.299999999999999822 ) ) ;
#251 = AXIS2_PLACEMENT_3D ( 'NONE', #4461, #2966, #3008 ) ;
#252 = CARTESIAN_POINT ( 'NONE',  ( 3.872882633962999588, 0.8963548303193999978, -0.6252644256771996423 ) ) ;
#253 = CARTESIAN_POINT ( 'NONE',  ( 3.467025163284000122, -1.252458338414000005, -0.06803713375174000322 ) ) ;
#254 = LINE ( 'NONE', #5125, #6523 ) ;
#255 = VERTEX_POINT ( 'NONE', #9155 ) ;
#256 = DIRECTION ( 'NONE',  ( 1.000000000000000000, 0.000000000000000000, 0.000000000000000000 ) ) ;
#257 = PLANE ( 'NONE',  #6452 ) ;
#258 = ORIENTED_EDGE ( 'NONE', *, *, #1388, .F. ) ;
#259 = ORIENTED_EDGE ( 'NONE', *, *, #7179, .F. ) ;
#260 = CARTESIAN_POINT ( 'NONE',  ( 3.900384804468999711, -0.9369334802349998936, -0.6639559802225000196 ) ) ;
#261 = ORIENTED_EDGE ( 'NONE', *, *, #3664, .F. ) ;
#262 = LINE ( 'NONE', #2974, #792 ) ;
#263 = LINE ( 'NONE', #8086, #6233 ) ;
#264 = ORIENTED_EDGE ( 'NONE', *, *, #3551, .T. ) ;
#265 = DIRECTION ( 'NONE',  ( 1.028417117548000196E-14, 0.000000000000000000, -1.000000000000000000 ) ) ;
#266 = CARTESIAN_POINT ( 'NONE',  ( 4.018513974805999922, -1.253900289224999964, -0.8097315762382000237 ) ) ;
#267 = VECTOR ( 'NONE', #8347, 1000.000000000000000 ) ;
#268 = ORIENTED_EDGE ( 'NONE', *, *, #1604, .F. ) ;
#269 = CARTESIAN_POINT ( 'NONE',  ( -13.22500000000000142, -0.7500000000000000000, -3.600000000000000089 ) ) ;
#270 = CARTESIAN_POINT ( 'NONE',  ( -7.277603698116000608, -0.6886680054189000533, -1.395381644408000055 ) ) ;
#271 = VECTOR ( 'NONE', #8720, 1000.000000000000000 ) ;
#272 = DIRECTION ( 'NONE',  ( 1.000000000000000000, 0.000000000000000000, 0.000000000000000000 ) ) ;
#273 = CARTESIAN_POINT ( 'NONE',  ( 11.32499999999999929, -2.500000000000000000, -0.9000000000000000222 ) ) ;
#274 = CARTESIAN_POINT ( 'NONE',  ( 3.749162084384000337, 1.750000000000000000, -0.4563652910517000394 ) ) ;
#275 = FACE_OUTER_BOUND ( 'NONE', #6405, .T. ) ;
#276 = CARTESIAN_POINT ( 'NONE',  ( -11.07499999999999929, -2.500000000000000000, -1.199999999999999956 ) ) ;
#277 = ORIENTED_EDGE ( 'NONE', *, *, #1082, .F. ) ;
#278 = ORIENTED_EDGE ( 'NONE', *, *, #2211, .F. ) ;
#279 = CARTESIAN_POINT ( 'NONE',  ( 12.72499999999999964, -2.600000000000000089, -1.100000000000000089 ) ) ;
#280 = VECTOR ( 'NONE', #220, 1000.000000000000000 ) ;
#281 = EDGE_CURVE ( 'NONE', #5240, #2050, #5767, .T. ) ;
#282 = CARTESIAN_POINT ( 'NONE',  ( -9.650000000000000355, 6.649999999999999467, -0.5000000000000000000 ) ) ;
#283 = ORIENTED_EDGE ( 'NONE', *, *, #3380, .T. ) ;
#284 = CARTESIAN_POINT ( 'NONE',  ( 3.932042368413999789, 1.322027692425000067, -0.5500514548724000363 ) ) ;
#285 = PLANE ( 'NONE',  #8954 ) ;
#286 = ORIENTED_EDGE ( 'NONE', *, *, #3896, .F. ) ;
#287 = CARTESIAN_POINT ( 'NONE',  ( 3.967214479921999715, -1.188785110204999995, -0.7109946100109999501 ) ) ;
#288 = EDGE_CURVE ( 'NONE', #5393, #2535, #8628, .T. ) ;
#289 = ORIENTED_EDGE ( 'NONE', *, *, #6720, .T. ) ;
#290 = DIRECTION ( 'NONE',  ( 0.000000000000000000, -1.000000000000000000, 0.000000000000000000 ) ) ;
#291 = AXIS2_PLACEMENT_3D ( 'NONE', #2480, #8735, #2290 ) ;
#292 = VECTOR ( 'NONE', #3426, 1000.000000000000000 ) ;
#293 = CARTESIAN_POINT ( 'NONE',  ( 3.632300324294001737, -0.7016163197334996937, -0.2748419357909998584 ) ) ;
#294 = VERTEX_POINT ( 'NONE', #6603 ) ;
#295 = EDGE_CURVE ( 'NONE', #2102, #5402, #189, .T. ) ;
#296 = FACE_OUTER_BOUND ( 'NONE', #6210, .T. ) ;
#297 = DIRECTION ( 'NONE',  ( -1.000000000000000000, 0.000000000000000000, 0.000000000000000000 ) ) ;
#298 = ORIENTED_EDGE ( 'NONE', *, *, #9119, .T. ) ;
#299 = ADVANCED_FACE ( 'NONE', ( #53 ), #2901, .T. ) ;
#300 = CARTESIAN_POINT ( 'NONE',  ( -13.22500000000000142, 1.000000000000000000, -4.500000000000000000 ) ) ;
#301 = VECTOR ( 'NONE', #13, 1000.000000000000000 ) ;
#302 = VECTOR ( 'NONE', #4145, 1000.000000000000000 ) ;
#303 = ORIENTED_EDGE ( 'NONE', *, *, #5884, .F. ) ;
#304 = ORIENTED_EDGE ( 'NONE', *, *, #5251, .F. ) ;
#305 = LINE ( 'NONE', #353, #4493 ) ;
#306 = VERTEX_POINT ( 'NONE', #7219 ) ;
#307 = EDGE_CURVE ( 'NONE', #3109, #8388, #799, .T. ) ;
#308 = AXIS2_PLACEMENT_3D ( 'NONE', #2022, #639, #1329 ) ;
#309 = FACE_OUTER_BOUND ( 'NONE', #6723, .T. ) ;
#310 = CARTESIAN_POINT ( 'NONE',  ( 3.887824635499719683, 0.9712644404008402566, -0.6472910602093993049 ) ) ;
#311 = VERTEX_POINT ( 'NONE', #7537 ) ;
#312 = DIRECTION ( 'NONE',  ( 1.000000000000000000, 0.000000000000000000, 0.000000000000000000 ) ) ;
#313 = DIRECTION ( 'NONE',  ( 0.000000000000000000, 0.000000000000000000, 1.000000000000000000 ) ) ;
#314 = CARTESIAN_POINT ( 'NONE',  ( 3.883950236062000183, -1.576984742292000030, -0.6444355178046000665 ) ) ;
#315 = AXIS2_PLACEMENT_3D ( 'NONE', #6865, #4703, #2494 ) ;
#316 = ORIENTED_EDGE ( 'NONE', *, *, #8319, .F. ) ;
#317 = PLANE ( 'NONE',  #6432 ) ;
#318 = CARTESIAN_POINT ( 'NONE',  ( -6.985836858405999550, 1.224574780638000071, -1.495845023962999898 ) ) ;
#319 = DIRECTION ( 'NONE',  ( 0.000000000000000000, 0.000000000000000000, 1.000000000000000000 ) ) ;
#320 = FACE_BOUND ( 'NONE', #4745, .T. ) ;
#321 = DIRECTION ( 'NONE',  ( -1.000000000000000000, 0.000000000000000000, 0.000000000000000000 ) ) ;
#322 = VECTOR ( 'NONE', #5011, 1000.000000000000000 ) ;
#323 = DIRECTION ( 'NONE',  ( 0.9063077870366585964, 0.000000000000000000, -0.4226182617406808451 ) ) ;
#324 = CARTESIAN_POINT ( 'NONE',  ( 9.271763586287001147, 4.129999999999999893, -5.500000000000000000 ) ) ;
#325 = VERTEX_POINT ( 'NONE', #1068 ) ;
#326 = ORIENTED_EDGE ( 'NONE', *, *, #8353, .T. ) ;
#327 = DIRECTION ( 'NONE',  ( -0.000000000000000000, 1.000000000000000000, 0.000000000000000000 ) ) ;
#328 = VECTOR ( 'NONE', #633, 1000.000000000000000 ) ;
#329 = AXIS2_PLACEMENT_3D ( 'NONE', #2602, #410, #4764 ) ;
#330 = CARTESIAN_POINT ( 'NONE',  ( 9.650000000000000355, -7.250000000000000000, -0.5000000000000000000 ) ) ;
#331 = ORIENTED_EDGE ( 'NONE', *, *, #4000, .T. ) ;
#332 = DIRECTION ( 'NONE',  ( 0.000000000000000000, 0.000000000000000000, 1.000000000000000000 ) ) ;
#333 = CIRCLE ( 'NONE', #2723, 0.2500000000000000000 ) ;
#334 = VERTEX_POINT ( 'NONE', #6038 ) ;
#335 = CARTESIAN_POINT ( 'NONE',  ( 4.040278238763000296, 1.589500506429999849, -0.5167919793559000441 ) ) ;
#336 = ORIENTED_EDGE ( 'NONE', *, *, #4354, .T. ) ;
#337 = AXIS2_PLACEMENT_3D ( 'NONE', #1143, #4044, #1055 ) ;
#338 = DIRECTION ( 'NONE',  ( -0.000000000000000000, 1.000000000000000000, 0.000000000000000000 ) ) ;
#339 = ORIENTED_EDGE ( 'NONE', *, *, #6256, .T. ) ;
#340 = ADVANCED_FACE ( 'NONE', ( #8758 ), #1113, .F. ) ;
#341 = CARTESIAN_POINT ( 'NONE',  ( -0.2491314716374000149, 6.883052867344999548, -4.200000000000000178 ) ) ;
#342 = CARTESIAN_POINT ( 'NONE',  ( 3.869937187413001300, -1.254458537402999507, -0.4551418008018999761 ) ) ;
#343 = LINE ( 'NONE', #487, #1484 ) ;
#344 = CARTESIAN_POINT ( 'NONE',  ( 13.22500000000000142, 0.5000000000000000000, -4.500000000000000000 ) ) ;
#345 = DIRECTION ( 'NONE',  ( 0.9517557531537321758, 0.000000000000000000, 0.3068566217939119878 ) ) ;
#346 = EDGE_CURVE ( 'NONE', #1081, #1665, #4028, .T. ) ;
#347 = ORIENTED_EDGE ( 'NONE', *, *, #4074, .T. ) ;
#348 = DIRECTION ( 'NONE',  ( 0.000000000000000000, -1.000000000000000000, 0.000000000000000000 ) ) ;
#349 = EDGE_CURVE ( 'NONE', #5591, #5309, #3274, .T. ) ;
#350 = ORIENTED_EDGE ( 'NONE', *, *, #3562, .F. ) ;
#351 = ORIENTED_EDGE ( 'NONE', *, *, #307, .T. ) ;
#352 = ADVANCED_FACE ( 'NONE', ( #8048 ), #8898, .T. ) ;
#353 = CARTESIAN_POINT ( 'NONE',  ( -15.84999999999999964, -1.750000000000000000, -5.500000000000000000 ) ) ;
#354 = ORIENTED_EDGE ( 'NONE', *, *, #7927, .T. ) ;
#355 = DIRECTION ( 'NONE',  ( 0.000000000000000000, 0.000000000000000000, 1.000000000000000000 ) ) ;
#356 = PLANE ( 'NONE',  #1953 ) ;
#357 = FACE_OUTER_BOUND ( 'NONE', #171, .T. ) ;
#358 = ORIENTED_EDGE ( 'NONE', *, *, #4689, .F. ) ;
#359 = CARTESIAN_POINT ( 'NONE',  ( -0.2491314716374000149, 6.883052867344999548, -4.200000000000000178 ) ) ;
#360 = CARTESIAN_POINT ( 'NONE',  ( 3.991577194684999608, -1.485010949866000018, -0.7768712072635000077 ) ) ;
#361 = EDGE_CURVE ( 'NONE', #2649, #5417, #368, .T. ) ;
#362 = ORIENTED_EDGE ( 'NONE', *, *, #4179, .T. ) ;
#363 = DIRECTION ( 'NONE',  ( -0.4226182617406838427, -2.298508605669266876E-14, 0.9063077870366573752 ) ) ;
#364 = EDGE_CURVE ( 'NONE', #3966, #3041, #4537, .T. ) ;
#365 = DIRECTION ( 'NONE',  ( 0.000000000000000000, 1.000000000000000000, 0.000000000000000000 ) ) ;
#366 = CARTESIAN_POINT ( 'NONE',  ( -7.650725455797999786, 6.669999999999999929, -0.8000000000000000444 ) ) ;
#367 = LINE ( 'NONE', #5855, #182 ) ;
#368 = LINE ( 'NONE', #1618, #4777 ) ;
#369 = CYLINDRICAL_SURFACE ( 'NONE', #3257, 0.2500000000000006661 ) ;
#370 = DIRECTION ( 'NONE',  ( -1.000000000000000000, 0.000000000000000000, 0.000000000000000000 ) ) ;
#371 = ORIENTED_EDGE ( 'NONE', *, *, #2237, .T. ) ;
#372 = EDGE_LOOP ( 'NONE', ( #5757, #7664, #6259, #4449 ) ) ;
#373 = CARTESIAN_POINT ( 'NONE',  ( 9.350000000000001421, -5.750000000000000000, -0.5000000000000000000 ) ) ;
#374 = CYLINDRICAL_SURFACE ( 'NONE', #6016, 2.299999999999999822 ) ;
#375 = ORIENTED_EDGE ( 'NONE', *, *, #4689, .T. ) ;
#376 = CARTESIAN_POINT ( 'NONE',  ( 3.966193241700999295, 1.227902573736000091, -0.6477418889806000335 ) ) ;
#377 = EDGE_LOOP ( 'NONE', ( #6863, #1015, #286, #3349 ) ) ;
#378 = CARTESIAN_POINT ( 'NONE',  ( -9.951004974372999357, -2.000000000000000000, -4.000000000000000000 ) ) ;
#379 = ORIENTED_EDGE ( 'NONE', *, *, #9013, .F. ) ;
#380 = DIRECTION ( 'NONE',  ( 1.000000000000000000, 0.000000000000000000, 0.000000000000000000 ) ) ;
#381 = AXIS2_PLACEMENT_3D ( 'NONE', #2204, #2337, #1643 ) ;
#382 = ORIENTED_EDGE ( 'NONE', *, *, #2871, .F. ) ;
#383 = LINE ( 'NONE', #4688, #7789 ) ;
#384 = DIRECTION ( 'NONE',  ( -1.000000000000000000, 0.000000000000000000, 0.000000000000000000 ) ) ;
#385 = FACE_OUTER_BOUND ( 'NONE', #6121, .T. ) ;
#386 = CARTESIAN_POINT ( 'NONE',  ( 9.811345473480999502, -2.600000000000000089, 0.000000000000000000 ) ) ;
#387 = VECTOR ( 'NONE', #8040, 1000.000000000000000 ) ;
#388 = ORIENTED_EDGE ( 'NONE', *, *, #5859, .F. ) ;
#389 = LINE ( 'NONE', #438, #1198 ) ;
#390 = ORIENTED_EDGE ( 'NONE', *, *, #4403, .T. ) ;
#391 = ADVANCED_FACE ( 'NONE', ( #3120 ), #7352, .T. ) ;
#392 = PRODUCT_DEFINITION_FORMATION_WITH_SPECIFIED_SOURCE ( 'ANY', '', #6983, .NOT_KNOWN. ) ;
#393 = ORIENTED_EDGE ( 'NONE', *, *, #7330, .F. ) ;
#394 = PLANE ( 'NONE',  #8400 ) ;
#395 = ORIENTED_EDGE ( 'NONE', *, *, #6551, .T. ) ;
#396 = DIRECTION ( 'NONE',  ( 0.9063077870366585964, 0.000000000000000000, -0.4226182617406808451 ) ) ;
#397 = CARTESIAN_POINT ( 'NONE',  ( 7.650725455797999786, -6.669999999999999929, -5.500000000000000000 ) ) ;
#398 = LINE ( 'NONE', #7668, #2618 ) ;
#399 = EDGE_LOOP ( 'NONE', ( #1311, #5044, #6939 ) ) ;
#400 = DIRECTION ( 'NONE',  ( -1.000000000000000000, 0.000000000000000000, 0.000000000000000000 ) ) ;
#401 = EDGE_CURVE ( 'NONE', #7201, #7176, #2360, .T. ) ;
#402 = FACE_OUTER_BOUND ( 'NONE', #7145, .T. ) ;
#403 = AXIS2_PLACEMENT_3D ( 'NONE', #2365, #8240, #3268 ) ;
#404 = EDGE_CURVE ( 'NONE', #4218, #3152, #3172, .T. ) ;
#405 = VERTEX_POINT ( 'NONE', #8235 ) ;
#406 = EDGE_CURVE ( 'NONE', #6449, #3771, #8854, .T. ) ;
#407 = FACE_OUTER_BOUND ( 'NONE', #5524, .T. ) ;
#408 = DIRECTION ( 'NONE',  ( -0.7326438234878765998, 0.6806122448979778916, 0.000000000000000000 ) ) ;
#409 = VERTEX_POINT ( 'NONE', #6740 ) ;
#410 = DIRECTION ( 'NONE',  ( 0.000000000000000000, 0.000000000000000000, 1.000000000000000000 ) ) ;
#411 = CARTESIAN_POINT ( 'NONE',  ( -8.860580701402824388, -5.052899932099892411, 0.000000000000000000 ) ) ;
#412 = DIRECTION ( 'NONE',  ( -0.05061153302400832332, 0.9981347984218671421, 0.03413791007513888170 ) ) ;
#413 = CARTESIAN_POINT ( 'NONE',  ( -13.47500000000000142, -1.750000000000000000, -5.250000000000000000 ) ) ;
#414 = FACE_OUTER_BOUND ( 'NONE', #2369, .T. ) ;
#415 = ADVANCED_FACE ( 'NONE', ( #7488 ), #4624, .F. ) ;
#416 = VECTOR ( 'NONE', #2961, 1000.000000000000000 ) ;
#417 = EDGE_LOOP ( 'NONE', ( #2, #1472, #2091, #7057, #3621, #9259 ) ) ;
#418 = EDGE_LOOP ( 'NONE', ( #7785, #8190, #7531, #6494 ) ) ;
#419 = CARTESIAN_POINT ( 'NONE',  ( 13.22500000000000142, -1.000000000000000000, -4.500000000000000000 ) ) ;
#420 = EDGE_CURVE ( 'NONE', #547, #9054, #6085, .T. ) ;
#421 = DIRECTION ( 'NONE',  ( 1.000000000000000000, 0.000000000000000000, 0.000000000000000000 ) ) ;
#422 = EDGE_LOOP ( 'NONE', ( #621, #3883, #8911, #5345 ) ) ;
#423 = CARTESIAN_POINT ( 'NONE',  ( 3.911043419254000675, 1.229090034893000061, -0.5076195318403999845 ) ) ;
#424 = VERTEX_POINT ( 'NONE', #5379 ) ;
#425 = CARTESIAN_POINT ( 'NONE',  ( -7.060091228687999099, -1.144478331339001009, -1.479751607522999279 ) ) ;
#426 = EDGE_CURVE ( 'NONE', #7420, #6660, #1673, .T. ) ;
#427 = ORIENTED_EDGE ( 'NONE', *, *, #7855, .F. ) ;
#428 = DIRECTION ( 'NONE',  ( 0.000000000000000000, -1.000000000000000000, 0.000000000000000000 ) ) ;
#429 = VECTOR ( 'NONE', #4718, 1000.000000000000000 ) ;
#430 = FACE_OUTER_BOUND ( 'NONE', #4775, .T. ) ;
#431 = ORIENTED_EDGE ( 'NONE', *, *, #9048, .F. ) ;
#432 = CARTESIAN_POINT ( 'NONE',  ( 3.732976774534999986, 0.7731439798128999508, -0.4340881231982000044 ) ) ;
#433 = VECTOR ( 'NONE', #1945, 1000.000000000000000 ) ;
#434 = LINE ( 'NONE', #1872, #3726 ) ;
#435 = CARTESIAN_POINT ( 'NONE',  ( 3.587358685508999834, 1.270000000000000018, -0.5739223415101999404 ) ) ;
#436 = CARTESIAN_POINT ( 'NONE',  ( 8.284120188299999299, 0.4159517489442000060, -4.000000000000000000 ) ) ;
#437 = VERTEX_POINT ( 'NONE', #8944 ) ;
#438 = CARTESIAN_POINT ( 'NONE',  ( -15.84999999999999964, -1.750000000000000000, -5.299999999999999822 ) ) ;
#439 = VECTOR ( 'NONE', #8377, 1000.000000000000000 ) ;
#440 = AXIS2_PLACEMENT_3D ( 'NONE', #1536, #8672, #5548 ) ;
#441 = ORIENTED_EDGE ( 'NONE', *, *, #4112, .T. ) ;
#442 = ORIENTED_EDGE ( 'NONE', *, *, #5266, .F. ) ;
#443 =( BOUNDED_SURFACE ( )  B_SPLINE_SURFACE ( 3, 3, ( 
 ( #716, #7920, #7226, #1497 ),
 ( #8451, #8498, #3561, #8635 ),
 ( #58, #7137, #7178, #7743 ),
 ( #2054, #4926, #9240, #10 ),
 ( #2906, #2144, #2860, #805 ),
 ( #5734, #5594, #1365, #5016 ),
 ( #7791, #1315, #2810, #4171 ) ),
 .UNSPECIFIED., .F., .F., .F. ) 
 B_SPLINE_SURFACE_WITH_KNOTS ( ( 4, 3, 4 ),
 ( 4, 4 ),
 ( 0.000000000000000000, 1.000000000000000000, 2.000000000000000000 ),
 ( 0.000000000000000000, 1.000000000000000000 ),
 .UNSPECIFIED. ) 
 GEOMETRIC_REPRESENTATION_ITEM ( )  RATIONAL_B_SPLINE_SURFACE ( (
 ( 1.435278429303000092, 1.208292588178999871, 1.208292588178999871, 1.435278429303000092),
 ( 1.034337099056000131, 0.8707591676657000512, 0.8707591676657000512, 1.034337099056000131),
 ( 1.034337099056000131, 0.8707591676657000512, 0.8707591676657000512, 1.034337099056000131),
 ( 1.435278429303000092, 1.208292588178999871, 1.208292588178999871, 1.435278429303000092),
 ( 1.034337099056000131, 0.8707591676657000512, 0.8707591676657000512, 1.034337099056000131),
 ( 1.034337099056000131, 0.8707591676657000512, 0.8707591676657000512, 1.034337099056000131),
 ( 1.435278429303000092, 1.208292588178999871, 1.208292588178999871, 1.435278429303000092) ) ) 
 REPRESENTATION_ITEM ( '' )  SURFACE ( )  );
#444 = LINE ( 'NONE', #8267, #8083 ) ;
#445 = VERTEX_POINT ( 'NONE', #6791 ) ;
#446 = CARTESIAN_POINT ( 'NONE',  ( 13.22500000000000142, -0.5000000000000000000, -4.450000000000000178 ) ) ;
#447 = CARTESIAN_POINT ( 'NONE',  ( -13.22500000000000142, 2.000000000000000000, -3.350000000000000089 ) ) ;
#448 = CARTESIAN_POINT ( 'NONE',  ( 0.000000000000000000, 0.000000000000000000, -5.500000000000000000 ) ) ;
#449 = VERTEX_POINT ( 'NONE', #2507 ) ;
#450 = VECTOR ( 'NONE', #8056, 1000.000000000000000 ) ;
#451 = LINE ( 'NONE', #6172, #7276 ) ;
#452 = ADVANCED_FACE ( 'NONE', ( #1710 ), #229, .F. ) ;
#453 = DIRECTION ( 'NONE',  ( -1.000000000000000000, 0.000000000000000000, 0.000000000000000000 ) ) ;
#454 = ORIENTED_EDGE ( 'NONE', *, *, #4464, .F. ) ;
#455 = LINE ( 'NONE', #3167, #5709 ) ;
#456 = AXIS2_PLACEMENT_3D ( 'NONE', #5511, #1184, #6211 ) ;
#457 = CIRCLE ( 'NONE', #6590, 10.14999999999999503 ) ;
#458 = DIRECTION ( 'NONE',  ( 0.000000000000000000, -1.000000000000000000, 0.000000000000000000 ) ) ;
#459 = ORIENTED_EDGE ( 'NONE', *, *, #5049, .T. ) ;
#460 = DIRECTION ( 'NONE',  ( 0.000000000000000000, -1.000000000000000000, 0.000000000000000000 ) ) ;
#461 = CARTESIAN_POINT ( 'NONE',  ( -9.271690348168998952, -4.129967376926000355, -9.162897193881999248E-05 ) ) ;
#462 = DIRECTION ( 'NONE',  ( 0.000000000000000000, 0.000000000000000000, -1.000000000000000000 ) ) ;
#463 = DIRECTION ( 'NONE',  ( 0.000000000000000000, 1.000000000000000000, 0.000000000000000000 ) ) ;
#464 = CARTESIAN_POINT ( 'NONE',  ( -9.811345473480999502, 2.600000000000000089, -1.100000000000000089 ) ) ;
#465 = EDGE_CURVE ( 'NONE', #892, #5299, #5025, .T. ) ;
#466 = ORIENTED_EDGE ( 'NONE', *, *, #1839, .T. ) ;
#467 = VERTEX_POINT ( 'NONE', #9136 ) ;
#468 = CARTESIAN_POINT ( 'NONE',  ( -7.703087057135999949, 0.6886680054189000533, -1.248875974902999841 ) ) ;
#469 = CARTESIAN_POINT ( 'NONE',  ( 13.42499999999999893, 2.000000000000000000, -1.350000000000000089 ) ) ;
#470 = EDGE_CURVE ( 'NONE', #567, #6992, #4203, .T. ) ;
#471 = ORIENTED_EDGE ( 'NONE', *, *, #8871, .F. ) ;
#472 = CARTESIAN_POINT ( 'NONE',  ( 3.967276640996999948, 1.194043159527000020, -0.6870192898606999332 ) ) ;
#473 = AXIS2_PLACEMENT_3D ( 'NONE', #6918, #3395, #4611 ) ;
#474 = EDGE_CURVE ( 'NONE', #6091, #6423, #2168, .T. ) ;
#475 = AXIS2_PLACEMENT_3D ( 'NONE', #5611, #2740, #6871 ) ;
#476 = ORIENTED_EDGE ( 'NONE', *, *, #6302, .F. ) ;
#477 = CARTESIAN_POINT ( 'NONE',  ( 3.895769289913000311, -1.249331052167999889, -0.4880226364819000295 ) ) ;
#478 = VERTEX_POINT ( 'NONE', #7027 ) ;
#479 = DIRECTION ( 'NONE',  ( 0.000000000000000000, 0.000000000000000000, 1.000000000000000000 ) ) ;
#480 = DIRECTION ( 'NONE',  ( 1.000000000000000000, 0.000000000000000000, 0.000000000000000000 ) ) ;
#481 = AXIS2_PLACEMENT_3D ( 'NONE', #8625, #2046, #4214 ) ;
#482 = EDGE_CURVE ( 'NONE', #8358, #500, #4772, .T. ) ;
#483 = ORIENTED_EDGE ( 'NONE', *, *, #6872, .F. ) ;
#484 = VECTOR ( 'NONE', #8213, 1000.000000000000000 ) ;
#485 = CARTESIAN_POINT ( 'NONE',  ( -7.074501070631999511, 1.224574780638000071, -1.507620314629999791 ) ) ;
#486 = VECTOR ( 'NONE', #460, 1000.000000000000000 ) ;
#487 = CARTESIAN_POINT ( 'NONE',  ( -7.650725455797999786, -6.669999999999999929, -0.8000000000000000444 ) ) ;
#488 = DIRECTION ( 'NONE',  ( 0.000000000000000000, 0.000000000000000000, -1.000000000000000000 ) ) ;
#489 = LINE ( 'NONE', #7514, #5778 ) ;
#490 = EDGE_CURVE ( 'NONE', #789, #8358, #4860, .T. ) ;
#491 = ORIENTED_EDGE ( 'NONE', *, *, #2478, .T. ) ;
#492 = DIRECTION ( 'NONE',  ( 0.000000000000000000, -1.000000000000000000, 0.000000000000000000 ) ) ;
#493 = ORIENTED_EDGE ( 'NONE', *, *, #8477, .T. ) ;
#494 = ORIENTED_EDGE ( 'NONE', *, *, #6022, .F. ) ;
#495 = CARTESIAN_POINT ( 'NONE',  ( 10.80000000000000071, -7.799999999999999822, -5.500000000000000000 ) ) ;
#496 = VERTEX_POINT ( 'NONE', #6225 ) ;
#497 = CARTESIAN_POINT ( 'NONE',  ( -9.271763586287001147, -4.129999999999999893, -0.8000000000000000444 ) ) ;
#498 = CARTESIAN_POINT ( 'NONE',  ( -7.231854973545000398, -6.669999999999999929, -0.4434943453683000136 ) ) ;
#499 = DIRECTION ( 'NONE',  ( 0.000000000000000000, -1.000000000000000000, 0.000000000000000000 ) ) ;
#500 = VERTEX_POINT ( 'NONE', #2749 ) ;
#501 = CARTESIAN_POINT ( 'NONE',  ( -13.42499999999999893, 0.5000000000000000000, -4.500000000000000000 ) ) ;
#502 = LINE ( 'NONE', #9173, #7636 ) ;
#503 = ORIENTED_EDGE ( 'NONE', *, *, #1216, .T. ) ;
#504 = CARTESIAN_POINT ( 'NONE',  ( -14.25000000000000000, -2.000000000000000000, -5.500000000000000000 ) ) ;
#505 = CARTESIAN_POINT ( 'NONE',  ( -7.637973426245000752, -1.750000000000000000, -1.059772259783000159 ) ) ;
#506 = ORIENTED_EDGE ( 'NONE', *, *, #8306, .T. ) ;
#507 = CARTESIAN_POINT ( 'NONE',  ( -8.458509292918998668, -1.019287358072000105, -4.824980518341999591 ) ) ;
#508 = DIRECTION ( 'NONE',  ( 0.000000000000000000, 1.000000000000000000, 1.387778780781445676E-14 ) ) ;
#509 = CARTESIAN_POINT ( 'NONE',  ( -9.350000000000001421, 6.649999999999999467, -0.2500000000000000000 ) ) ;
#510 = CARTESIAN_POINT ( 'NONE',  ( 3.936689681878784430, -1.538810592921498355, -0.7121255458358870527 ) ) ;
#511 = DIRECTION ( 'NONE',  ( 0.000000000000000000, 0.000000000000000000, 1.000000000000000000 ) ) ;
#512 = EDGE_LOOP ( 'NONE', ( #6544, #8321, #6943, #2472 ) ) ;
#513 = ORIENTED_EDGE ( 'NONE', *, *, #295, .F. ) ;
#514 = DIRECTION ( 'NONE',  ( 0.000000000000000000, -1.000000000000000000, 0.000000000000000000 ) ) ;
#515 = CARTESIAN_POINT ( 'NONE',  ( -14.25000000000000000, 2.600000000000000089, 0.000000000000000000 ) ) ;
#516 = ORIENTED_EDGE ( 'NONE', *, *, #4048, .F. ) ;
#517 = EDGE_CURVE ( 'NONE', #4864, #4094, #1252, .T. ) ;
#518 = CARTESIAN_POINT ( 'NONE',  ( 3.936495087440999630, 1.200248939936000125, -0.5560609278906000208 ) ) ;
#519 = CARTESIAN_POINT ( 'NONE',  ( 3.972842100022001777, -1.247753320524000120, -0.6324376458418995428 ) ) ;
#520 = VERTEX_POINT ( 'NONE', #4059 ) ;
#521 = CARTESIAN_POINT ( 'NONE',  ( 3.883945907564000155, -1.226064184664000134, -0.4717491467791999904 ) ) ;
#522 = ORIENTED_EDGE ( 'NONE', *, *, #4344, .T. ) ;
#523 = CARTESIAN_POINT ( 'NONE',  ( -9.142777505152874795, 4.129999999999999005, -0.1345543255616141465 ) ) ;
#524 = EDGE_CURVE ( 'NONE', #9134, #437, #5924, .T. ) ;
#525 = ADVANCED_BREP_SHAPE_REPRESENTATION ( 'BAT-HLD-013-SMT-TR', ( #2876, #1137 ), #8333 ) ;
#526 = EDGE_CURVE ( 'NONE', #2915, #7425, #4766, .T. ) ;
#527 = ORIENTED_EDGE ( 'NONE', *, *, #7816, .T. ) ;
#528 = DIRECTION ( 'NONE',  ( -1.000000000000000000, 0.000000000000000000, 0.000000000000000000 ) ) ;
#529 = DIRECTION ( 'NONE',  ( 1.000000000000000000, 0.000000000000000000, 0.000000000000000000 ) ) ;
#530 = CARTESIAN_POINT ( 'NONE',  ( 5.577410528076000240, -1.750000000000000000, 0.5999999999999999778 ) ) ;
#531 = CARTESIAN_POINT ( 'NONE',  ( -9.271763586287001147, 4.129999999999999893, -4.000000000000000000 ) ) ;
#532 = ORIENTED_EDGE ( 'NONE', *, *, #1703, .F. ) ;
#533 = EDGE_CURVE ( 'NONE', #243, #8461, #2035, .T. ) ;
#534 = EDGE_CURVE ( 'NONE', #3586, #7915, #1346, .T. ) ;
#535 = B_SPLINE_CURVE_WITH_KNOTS ( 'NONE', 3,
 ( #188, #6739, #5184, #2274, #933, #4576, #3736, #3171 ),
 .UNSPECIFIED., .F., .F.,
 ( 4, 2, 2, 4 ),
 ( 0.000000000000000000, 0.2500000000000000555, 0.5000000000000001110, 1.000000000000000000 ),
 .UNSPECIFIED. ) ;
#536 = CARTESIAN_POINT ( 'NONE',  ( 9.142804232970000555, 4.129999999999999893, -0.6654734788894999253 ) ) ;
#537 = ADVANCED_FACE ( 'NONE', ( #5527 ), #1297, .T. ) ;
#538 = ORIENTED_EDGE ( 'NONE', *, *, #6373, .F. ) ;
#539 = VECTOR ( 'NONE', #4898, 1000.000000000000000 ) ;
#540 = ORIENTED_EDGE ( 'NONE', *, *, #5568, .F. ) ;
#541 = CARTESIAN_POINT ( 'NONE',  ( -7.786555066042147644, 0.6882035097214316277, -1.229509438705104429 ) ) ;
#542 = AXIS2_PLACEMENT_3D ( 'NONE', #3174, #7398, #6088 ) ;
#543 = AXIS2_PLACEMENT_3D ( 'NONE', #8434, #4716, #1946 ) ;
#544 = ORIENTED_EDGE ( 'NONE', *, *, #1778, .F. ) ;
#545 = DIRECTION ( 'NONE',  ( -0.9517557531537327309, 0.000000000000000000, -0.3068566217939103780 ) ) ;
#546 = DIRECTION ( 'NONE',  ( 0.000000000000000000, -1.000000000000000000, 0.000000000000000000 ) ) ;
#547 = VERTEX_POINT ( 'NONE', #4908 ) ;
#548 = B_SPLINE_CURVE_WITH_KNOTS ( 'NONE', 3,
 ( #8349, #573, #523, #5677, #622, #1914 ),
 .UNSPECIFIED., .F., .F.,
 ( 4, 1, 1, 4 ),
 ( 0.0002085283093627495084, 0.3333333333333000081, 0.6666666666667000474, 1.000000000000000000 ),
 .UNSPECIFIED. ) ;
#549 = CARTESIAN_POINT ( 'NONE',  ( 0.2877275027216000258, 6.408693892986000229, -4.200000000000000178 ) ) ;
#550 = DIRECTION ( 'NONE',  ( -0.5364737559171981474, -0.4086220918433296490, 0.7383927784517371196 ) ) ;
#551 = VECTOR ( 'NONE', #7209, 1000.000000000000000 ) ;
#552 = AXIS2_PLACEMENT_3D ( 'NONE', #1170, #8495, #2051 ) ;
#553 = ORIENTED_EDGE ( 'NONE', *, *, #2708, .T. ) ;
#554 = CARTESIAN_POINT ( 'NONE',  ( -11.00000000000000000, -3.500000000000000000, 0.000000000000000000 ) ) ;
#555 = CARTESIAN_POINT ( 'NONE',  ( -7.598039597648000409, -6.669999999999999929, -0.04538607021653999485 ) ) ;
#556 = ORIENTED_EDGE ( 'NONE', *, *, #742, .T. ) ;
#557 = CARTESIAN_POINT ( 'NONE',  ( -8.273516791272999882, 0.6729456716339999867, -1.369747470354000018 ) ) ;
#558 = DIRECTION ( 'NONE',  ( 0.000000000000000000, 0.000000000000000000, -1.000000000000000000 ) ) ;
#559 = CARTESIAN_POINT ( 'NONE',  ( -7.598039598222000812, 6.669999999999999929, -0.7546139302777999935 ) ) ;
#560 = AXIS2_PLACEMENT_3D ( 'NONE', #4676, #4491, #2513 ) ;
#561 = CARTESIAN_POINT ( 'NONE',  ( 9.951004974372999357, -2.000000000000000000, -1.100000000000000089 ) ) ;
#562 = LINE ( 'NONE', #3409, #244 ) ;
#563 = VERTEX_POINT ( 'NONE', #8384 ) ;
#564 = ORIENTED_EDGE ( 'NONE', *, *, #8993, .F. ) ;
#565 = LINE ( 'NONE', #6281, #5231 ) ;
#566 = PLANE ( 'NONE',  #7666 ) ;
#567 = VERTEX_POINT ( 'NONE', #3262 ) ;
#568 = CARTESIAN_POINT ( 'NONE',  ( 3.941937155828999284, 1.225251739389999983, -0.5633757553763000248 ) ) ;
#569 = CARTESIAN_POINT ( 'NONE',  ( 3.869937187412998636, -1.254458537402999951, -0.4551418008018999206 ) ) ;
#570 = ORIENTED_EDGE ( 'NONE', *, *, #4650, .T. ) ;
#571 = DIRECTION ( 'NONE',  ( 0.000000000000000000, -1.000000000000000000, 0.000000000000000000 ) ) ;
#572 = ORIENTED_EDGE ( 'NONE', *, *, #1778, .T. ) ;
#573 = CARTESIAN_POINT ( 'NONE',  ( -9.228648004570587204, 4.129999999999998117, -0.04501133362213333156 ) ) ;
#574 = EDGE_CURVE ( 'NONE', #1835, #669, #8995, .T. ) ;
#575 = VECTOR ( 'NONE', #8958, 1000.000000000000000 ) ;
#576 = ORIENTED_EDGE ( 'NONE', *, *, #9176, .F. ) ;
#577 = CARTESIAN_POINT ( 'NONE',  ( 4.291266850093000684, 0.7149874937750000381, -1.306786416877000034 ) ) ;
#578 = CARTESIAN_POINT ( 'NONE',  ( -7.303515594625001661, 1.440888592850998240, -1.470635256110001343 ) ) ;
#579 = AXIS2_PLACEMENT_3D ( 'NONE', #8185, #6883, #9182 ) ;
#580 = DIRECTION ( 'NONE',  ( -1.000000000000000000, 0.000000000000000000, 0.000000000000000000 ) ) ;
#581 = CARTESIAN_POINT ( 'NONE',  ( 3.902099325128774332, -1.433183258122727288, -0.5593204966145299828 ) ) ;
#582 = VERTEX_POINT ( 'NONE', #8282 ) ;
#583 = ADVANCED_FACE ( 'NONE', ( #5574 ), #1852, .F. ) ;
#584 = LINE ( 'NONE', #5410, #5254 ) ;
#585 = VECTOR ( 'NONE', #8131, 1000.000000000000000 ) ;
#586 = VERTEX_POINT ( 'NONE', #4152 ) ;
#587 = ORIENTED_EDGE ( 'NONE', *, *, #2327, .F. ) ;
#588 = EDGE_CURVE ( 'NONE', #8194, #6301, #7582, .T. ) ;
#589 = CARTESIAN_POINT ( 'NONE',  ( -6.720820407913000061, 1.219863181193999946, -1.375573369605999963 ) ) ;
#590 = B_SPLINE_CURVE_WITH_KNOTS ( 'NONE', 3,
 ( #3418, #9146, #1959, #2382, #5537, #4832, #2481, #4869 ),
 .UNSPECIFIED., .F., .F.,
 ( 4, 2, 2, 4 ),
 ( 0.000000000000000000, 0.5000000000000000000, 0.7500000000000000000, 1.000000000000000000 ),
 .UNSPECIFIED. ) ;
#591 = ORIENTED_EDGE ( 'NONE', *, *, #5326, .T. ) ;
#592 = CARTESIAN_POINT ( 'NONE',  ( -8.750000000000000000, 6.349999999999999645, -0.5000000000000000000 ) ) ;
#593 = CARTESIAN_POINT ( 'NONE',  ( 10.87500000000000000, -2.000000000000000000, -4.000000000000000000 ) ) ;
#594 = EDGE_CURVE ( 'NONE', #7755, #1044, #3227, .T. ) ;
#595 = DIRECTION ( 'NONE',  ( -0.9455185755993018581, 0.000000000000000000, 0.3255681544572003872 ) ) ;
#596 = ORIENTED_EDGE ( 'NONE', *, *, #6707, .T. ) ;
#597 = DIRECTION ( 'NONE',  ( 0.000000000000000000, 0.000000000000000000, 1.000000000000000000 ) ) ;
#598 = CARTESIAN_POINT ( 'NONE',  ( 3.916762241437380165, 1.452163165913186171, -0.6289160927043799809 ) ) ;
#599 = EDGE_LOOP ( 'NONE', ( #5977, #2797, #169, #6877 ) ) ;
#600 = DIRECTION ( 'NONE',  ( 0.000000000000000000, 1.000000000000000000, 0.000000000000000000 ) ) ;
#601 = EDGE_CURVE ( 'NONE', #3442, #5869, #6882, .T. ) ;
#602 = PLANE ( 'NONE',  #4642 ) ;
#603 = AXIS2_PLACEMENT_3D ( 'NONE', #8429, #1987, #2646 ) ;
#604 = ORIENTED_EDGE ( 'NONE', *, *, #5411, .F. ) ;
#605 = LINE ( 'NONE', #3454, #3622 ) ;
#606 = CARTESIAN_POINT ( 'NONE',  ( 4.067121588930495690, -0.7315239113281249983, -1.155598529213049952 ) ) ;
#607 = LINE ( 'NONE', #1205, #4453 ) ;
#608 = DIRECTION ( 'NONE',  ( 0.000000000000000000, 1.000000000000000000, 0.000000000000000000 ) ) ;
#609 = EDGE_LOOP ( 'NONE', ( #326, #3275, #7442, #5631 ) ) ;
#610 = ORIENTED_EDGE ( 'NONE', *, *, #8448, .T. ) ;
#611 = FACE_OUTER_BOUND ( 'NONE', #8449, .T. ) ;
#612 = CIRCLE ( 'NONE', #2835, 0.2285786437626997902 ) ;
#613 = TOROIDAL_SURFACE ( 'NONE', #3286, 0.3085786437627000001, 0.1000000000000000056 ) ;
#614 = CARTESIAN_POINT ( 'NONE',  ( 0.5722846657420999072, 6.318950303242000466, -4.200000000000000178 ) ) ;
#615 = ORIENTED_EDGE ( 'NONE', *, *, #7742, .F. ) ;
#616 = CARTESIAN_POINT ( 'NONE',  ( -11.00000000000000000, -6.599999999999999645, 0.000000000000000000 ) ) ;
#617 = DIRECTION ( 'NONE',  ( 1.000000000000000000, 0.000000000000000000, 0.000000000000000000 ) ) ;
#618 = VERTEX_POINT ( 'NONE', #1204 ) ;
#619 = DIRECTION ( 'NONE',  ( 0.000000000000000000, 0.000000000000000000, -1.000000000000000000 ) ) ;
#620 = VECTOR ( 'NONE', #7392, 1000.000000000000000 ) ;
#621 = ORIENTED_EDGE ( 'NONE', *, *, #5411, .T. ) ;
#622 = CARTESIAN_POINT ( 'NONE',  ( -8.929632205927999777, 4.129999999999999893, -0.3560679565643000144 ) ) ;
#623 = VECTOR ( 'NONE', #546, 1000.000000000000000 ) ;
#624 = CARTESIAN_POINT ( 'NONE',  ( -5.000000000000000000, 6.669999999999999929, -4.000000000000000000 ) ) ;
#625 = EDGE_LOOP ( 'NONE', ( #5797, #4271, #6046, #2564 ) ) ;
#626 = LINE ( 'NONE', #101, #8223 ) ;
#627 = EDGE_CURVE ( 'NONE', #7315, #8590, #2520, .T. ) ;
#628 = CARTESIAN_POINT ( 'NONE',  ( 13.35941545092999938, -0.5000000000000000000, -4.154167216782000516 ) ) ;
#629 = LINE ( 'NONE', #6203, #8966 ) ;
#630 = CARTESIAN_POINT ( 'NONE',  ( -0.1465673690733000079, 6.203565687858000111, -4.299999999999999822 ) ) ;
#631 = ORIENTED_EDGE ( 'NONE', *, *, #1650, .T. ) ;
#632 = VECTOR ( 'NONE', #1755, 1000.000000000000000 ) ;
#633 = DIRECTION ( 'NONE',  ( 0.000000000000000000, 0.000000000000000000, -1.000000000000000000 ) ) ;
#634 = VECTOR ( 'NONE', #6198, 1000.000000000000000 ) ;
#635 = ORIENTED_EDGE ( 'NONE', *, *, #3253, .T. ) ;
#636 = VECTOR ( 'NONE', #6681, 1000.000000000000000 ) ;
#637 = ORIENTED_EDGE ( 'NONE', *, *, #4540, .F. ) ;
#638 = EDGE_CURVE ( 'NONE', #6471, #1926, #2792, .T. ) ;
#639 = DIRECTION ( 'NONE',  ( 0.000000000000000000, 1.000000000000000000, 0.000000000000000000 ) ) ;
#640 = ORIENTED_EDGE ( 'NONE', *, *, #863, .F. ) ;
#641 = DIRECTION ( 'NONE',  ( 0.000000000000000000, -1.000000000000000000, 0.000000000000000000 ) ) ;
#642 = VECTOR ( 'NONE', #2181, 1000.000000000000114 ) ;
#643 = CARTESIAN_POINT ( 'NONE',  ( -12.97499999999999964, -2.500000000000000000, -0.9000000000000000222 ) ) ;
#644 = CARTESIAN_POINT ( 'NONE',  ( 11.52500000000000036, -2.500000000000000000, -1.100000000000000089 ) ) ;
#645 = EDGE_LOOP ( 'NONE', ( #362, #7759, #7882, #540 ) ) ;
#646 = CARTESIAN_POINT ( 'NONE',  ( 3.974863875580000538, 1.038347732181999827, -0.7613113819276999816 ) ) ;
#647 = DIRECTION ( 'NONE',  ( 0.000000000000000000, 0.000000000000000000, 1.000000000000000000 ) ) ;
#648 = ADVANCED_FACE ( 'NONE', ( #5662 ), #6503, .F. ) ;
#649 = VERTEX_POINT ( 'NONE', #8574 ) ;
#650 = ADVANCED_FACE ( 'NONE', ( #9263, #8661 ), #655, .T. ) ;
#651 = CARTESIAN_POINT ( 'NONE',  ( -14.25000000000000000, 2.000000000000000000, -1.100000000000000089 ) ) ;
#652 = DIRECTION ( 'NONE',  ( -1.000000000000000000, 0.000000000000000000, 0.000000000000000000 ) ) ;
#653 = ORIENTED_EDGE ( 'NONE', *, *, #7563, .F. ) ;
#654 = CARTESIAN_POINT ( 'NONE',  ( -0.1465673690733000079, 6.318950303242000466, -4.200000000000000178 ) ) ;
#655 = PLANE ( 'NONE',  #843 ) ;
#656 = CARTESIAN_POINT ( 'NONE',  ( 3.732976774534999986, -0.7731439798128999508, -0.4340881231982000044 ) ) ;
#657 = FACE_OUTER_BOUND ( 'NONE', #8632, .T. ) ;
#658 = ORIENTED_EDGE ( 'NONE', *, *, #8729, .T. ) ;
#659 = ORIENTED_EDGE ( 'NONE', *, *, #4652, .F. ) ;
#660 = FACE_OUTER_BOUND ( 'NONE', #6392, .T. ) ;
#661 = ADVANCED_FACE ( 'NONE', ( #6546 ), #3067, .F. ) ;
#662 = EDGE_CURVE ( 'NONE', #2529, #4709, #5780, .T. ) ;
#663 = LINE ( 'NONE', #6282, #1522 ) ;
#664 = ORIENTED_EDGE ( 'NONE', *, *, #9196, .T. ) ;
#665 = DIRECTION ( 'NONE',  ( -0.000000000000000000, 1.000000000000000000, 0.000000000000000000 ) ) ;
#666 = DIRECTION ( 'NONE',  ( 0.000000000000000000, 1.000000000000000000, 0.000000000000000000 ) ) ;
#667 = ORIENTED_EDGE ( 'NONE', *, *, #5749, .T. ) ;
#668 = CARTESIAN_POINT ( 'NONE',  ( 0.5722846657420999072, 6.318950303242000466, -4.299999999999999822 ) ) ;
#669 = VERTEX_POINT ( 'NONE', #2839 ) ;
#670 = FACE_OUTER_BOUND ( 'NONE', #1173, .T. ) ;
#671 = LINE ( 'NONE', #4975, #5719 ) ;
#672 = ORIENTED_EDGE ( 'NONE', *, *, #1839, .F. ) ;
#673 = FACE_OUTER_BOUND ( 'NONE', #722, .T. ) ;
#674 = PLANE ( 'NONE',  #2804 ) ;
#675 = LINE ( 'NONE', #4931, #3217 ) ;
#676 = ORIENTED_EDGE ( 'NONE', *, *, #1546, .T. ) ;
#677 = CARTESIAN_POINT ( 'NONE',  ( 3.910853936560000133, -1.266018121624000070, -0.5061158126539000435 ) ) ;
#678 = ORIENTED_EDGE ( 'NONE', *, *, #52, .T. ) ;
#679 = CARTESIAN_POINT ( 'NONE',  ( -12.22499999999999964, 2.000000000000000000, -5.500000000000000000 ) ) ;
#680 = ORIENTED_EDGE ( 'NONE', *, *, #6103, .F. ) ;
#681 = DIRECTION ( 'NONE',  ( 0.000000000000000000, 0.000000000000000000, 1.000000000000000000 ) ) ;
#682 = CYLINDRICAL_SURFACE ( 'NONE', #7565, 0.5200000000000005729 ) ;
#683 = LINE ( 'NONE', #5653, #838 ) ;
#684 = VERTEX_POINT ( 'NONE', #8523 ) ;
#685 = CARTESIAN_POINT ( 'NONE',  ( 3.975909928348000388, 1.332820357288000190, -0.7532060823891999490 ) ) ;
#686 = DIRECTION ( 'NONE',  ( 0.9803945787559743552, -0.1970443349753950579, 0.000000000000000000 ) ) ;
#687 = EDGE_CURVE ( 'NONE', #255, #8731, #241, .T. ) ;
#688 = VECTOR ( 'NONE', #9077, 1000.000000000000000 ) ;
#689 = B_SPLINE_CURVE_WITH_KNOTS ( 'NONE', 3,
 ( #4856, #555, #7769, #6318, #8613, #5571 ),
 .UNSPECIFIED., .F., .F.,
 ( 4, 1, 1, 4 ),
 ( 0.000000000000000000, 0.3333333333333000081, 0.6666666666667000474, 1.000000000000000000 ),
 .UNSPECIFIED. ) ;
#690 = ORIENTED_EDGE ( 'NONE', *, *, #8565, .T. ) ;
#691 = AXIS2_PLACEMENT_3D ( 'NONE', #4741, #8969, #2534 ) ;
#692 = VECTOR ( 'NONE', #8184, 1000.000000000000000 ) ;
#693 = FACE_OUTER_BOUND ( 'NONE', #11, .T. ) ;
#694 = ORIENTED_EDGE ( 'NONE', *, *, #7296, .T. ) ;
#695 = ADVANCED_FACE ( 'NONE', ( #6411, #5713 ), #3589, .F. ) ;
#696 = CARTESIAN_POINT ( 'NONE',  ( -9.500000000000000000, 6.500000000000000000, -0.2500000000000000000 ) ) ;
#697 = DIRECTION ( 'NONE',  ( 0.000000000000000000, -1.000000000000000000, 0.000000000000000000 ) ) ;
#698 = CARTESIAN_POINT ( 'NONE',  ( -12.77500000000000036, -1.550000000000000044, -0.9000000000000000222 ) ) ;
#699 = LINE ( 'NONE', #4336, #4273 ) ;
#700 = ORIENTED_EDGE ( 'NONE', *, *, #5897, .T. ) ;
#701 = EDGE_CURVE ( 'NONE', #2475, #2535, #2620, .T. ) ;
#702 = AXIS2_PLACEMENT_3D ( 'NONE', #1529, #6368, #4247 ) ;
#703 = ORIENTED_EDGE ( 'NONE', *, *, #470, .F. ) ;
#704 = CARTESIAN_POINT ( 'NONE',  ( -0.2491314716374000149, 6.408693892986000229, -4.299999999999999822 ) ) ;
#705 = EDGE_CURVE ( 'NONE', #4798, #4519, #127, .T. ) ;
#706 = CARTESIAN_POINT ( 'NONE',  ( -14.25000000000000000, 0.7500000000000000000, -4.500000000000000000 ) ) ;
#707 = ORIENTED_EDGE ( 'NONE', *, *, #1828, .T. ) ;
#708 = CARTESIAN_POINT ( 'NONE',  ( -10.25000000000000000, 6.649999999999999467, -0.2500000000000000000 ) ) ;
#709 = VECTOR ( 'NONE', #3997, 1000.000000000000000 ) ;
#710 = ADVANCED_FACE ( 'NONE', ( #43 ), #4290, .T. ) ;
#711 = LINE ( 'NONE', #4918, #3617 ) ;
#712 = ORIENTED_EDGE ( 'NONE', *, *, #1922, .F. ) ;
#713 = CARTESIAN_POINT ( 'NONE',  ( 3.478035257803044011, -1.102397175930009521, -0.08335723978413436819 ) ) ;
#714 = EDGE_CURVE ( 'NONE', #3434, #1259, #1526, .T. ) ;
#715 = ORIENTED_EDGE ( 'NONE', *, *, #2623, .T. ) ;
#716 = CARTESIAN_POINT ( 'NONE',  ( -7.243498353379991705, -1.248290846946998656, -1.508357061649999942 ) ) ;
#717 = ORIENTED_EDGE ( 'NONE', *, *, #1963, .F. ) ;
#718 = CARTESIAN_POINT ( 'NONE',  ( 13.47500000000000142, -1.750000000000000000, -5.250000000000000000 ) ) ;
#719 = ADVANCED_FACE ( 'NONE', ( #8616 ), #2975, .F. ) ;
#720 = CARTESIAN_POINT ( 'NONE',  ( 9.811345473480999502, 2.600000000000000089, 0.000000000000000000 ) ) ;
#721 = CYLINDRICAL_SURFACE ( 'NONE', #6230, 0.6999999999999992895 ) ;
#722 = EDGE_LOOP ( 'NONE', ( #707, #3012, #6822, #264, #3124, #95 ) ) ;
#723 = CIRCLE ( 'NONE', #1327, 10.15000000000000213 ) ;
#724 = ADVANCED_FACE ( 'NONE', ( #3679, #3639 ), #3499, .T. ) ;
#725 = CARTESIAN_POINT ( 'NONE',  ( 3.972529857160000066, -1.254146626110999918, -0.7174435702036000562 ) ) ;
#726 = ORIENTED_EDGE ( 'NONE', *, *, #627, .F. ) ;
#727 = B_SPLINE_CURVE_WITH_KNOTS ( 'NONE', 3,
 ( #7305, #8002, #713, #5728, #8586, #2228, #2903, #8536 ),
 .UNSPECIFIED., .F., .F.,
 ( 4, 2, 2, 4 ),
 ( 0.000000000000000000, 0.2500000000000000555, 0.5000000000000001110, 1.000000000000000000 ),
 .UNSPECIFIED. ) ;
#728 = CARTESIAN_POINT ( 'NONE',  ( -7.703087057135999949, 0.6886680054189000533, -1.248875974902999841 ) ) ;
#729 = VERTEX_POINT ( 'NONE', #7079 ) ;
#730 = LINE ( 'NONE', #819, #4445 ) ;
#731 = DIRECTION ( 'NONE',  ( -1.000000000000000000, 0.000000000000000000, 0.000000000000000000 ) ) ;
#732 = DIRECTION ( 'NONE',  ( 0.9998544706657866987, 0.01705982091463974573, 0.000000000000000000 ) ) ;
#733 = CARTESIAN_POINT ( 'NONE',  ( -8.750000000000000000, 6.649999999999999467, -0.5000000000000000000 ) ) ;
#734 = ORIENTED_EDGE ( 'NONE', *, *, #1894, .F. ) ;
#735 = CARTESIAN_POINT ( 'NONE',  ( -7.800757503472999232, -1.750000000000000000, -1.532531547581999831 ) ) ;
#736 = CARTESIAN_POINT ( 'NONE',  ( -9.347891700981998397, -0.5000000000000000000, -4.489958769831999597 ) ) ;
#737 = VECTOR ( 'NONE', #4291, 1000.000000000000000 ) ;
#738 = VERTEX_POINT ( 'NONE', #6366 ) ;
#739 = FACE_OUTER_BOUND ( 'NONE', #2309, .T. ) ;
#740 = ORIENTED_EDGE ( 'NONE', *, *, #8251, .T. ) ;
#741 = FACE_OUTER_BOUND ( 'NONE', #4698, .T. ) ;
#742 = EDGE_CURVE ( 'NONE', #8232, #1836, #175, .T. ) ;
#743 = CARTESIAN_POINT ( 'NONE',  ( -7.335983667906999628, 6.669999999999999929, -0.5311251150881999283 ) ) ;
#744 = CARTESIAN_POINT ( 'NONE',  ( -13.22500000000000142, -1.000000000000000000, -3.600000000000000089 ) ) ;
#745 = LINE ( 'NONE', #5093, #1439 ) ;
#746 = VERTEX_POINT ( 'NONE', #2304 ) ;
#747 = PLANE ( 'NONE',  #3613 ) ;
#749 = CARTESIAN_POINT ( 'NONE',  ( 12.72499999999999964, -1.600000000000000089, 0.000000000000000000 ) ) ;
#748 = AXIS2_PLACEMENT_3D ( 'NONE', #6220, #1152, #8939 ) ;
#750 = AXIS2_PLACEMENT_3D ( 'NONE', #5405, #8301, #1827 ) ;
#751 = DIRECTION ( 'NONE',  ( -1.000000000000000000, 0.000000000000000000, 0.000000000000000000 ) ) ;
#752 = PLANE ( 'NONE',  #4654 ) ;
#753 = EDGE_CURVE ( 'NONE', #6978, #6501, #9188, .T. ) ;
#754 = EDGE_LOOP ( 'NONE', ( #2322, #7288, #4441, #4080 ) ) ;
#755 = DIRECTION ( 'NONE',  ( 0.000000000000000000, -1.000000000000000000, 0.000000000000000000 ) ) ;
#756 = ORIENTED_EDGE ( 'NONE', *, *, #8621, .F. ) ;
#757 = DIRECTION ( 'NONE',  ( 0.000000000000000000, 0.000000000000000000, -1.000000000000000000 ) ) ;
#758 = VECTOR ( 'NONE', #9192, 1000.000000000000000 ) ;
#759 = VECTOR ( 'NONE', #6967, 1000.000000000000114 ) ;
#760 = EDGE_CURVE ( 'NONE', #8655, #2102, #3059, .T. ) ;
#761 = CARTESIAN_POINT ( 'NONE',  ( -7.650665022341000210, 6.669947313341000772, -9.162897194059000674E-05 ) ) ;
#762 = VERTEX_POINT ( 'NONE', #5888 ) ;
#763 = ADVANCED_FACE ( 'NONE', ( #8038 ), #7474, .T. ) ;
#764 = FACE_OUTER_BOUND ( 'NONE', #2039, .T. ) ;
#765 = AXIS2_PLACEMENT_3D ( 'NONE', #214, #3056, #5461 ) ;
#766 = CARTESIAN_POINT ( 'NONE',  ( -7.650725455797999786, 6.669999999999999929, -5.500000000000000000 ) ) ;
#767 = ORIENTED_EDGE ( 'NONE', *, *, #79, .T. ) ;
#768 = FACE_OUTER_BOUND ( 'NONE', #8885, .T. ) ;
#769 = AXIS2_PLACEMENT_3D ( 'NONE', #4457, #2917, #7324 ) ;
#770 = ADVANCED_FACE ( 'NONE', ( #8749 ), #1057, .T. ) ;
#771 = CIRCLE ( 'NONE', #4629, 0.4500000000000004552 ) ;
#772 = ORIENTED_EDGE ( 'NONE', *, *, #119, .T. ) ;
#773 = CARTESIAN_POINT ( 'NONE',  ( -7.650725455797999786, 6.669999999999999929, -5.500000000000000000 ) ) ;
#774 = VECTOR ( 'NONE', #972, 1000.000000000000000 ) ;
#775 = EDGE_CURVE ( 'NONE', #4262, #6402, #6026, .T. ) ;
#776 = VERTEX_POINT ( 'NONE', #8887 ) ;
#777 = CARTESIAN_POINT ( 'NONE',  ( 7.179909470181000231, 6.669999999999999929, -0.4000000000000000222 ) ) ;
#778 = CARTESIAN_POINT ( 'NONE',  ( 8.427041525061820693, -0.3729320109631170110, -4.000000000000000000 ) ) ;
#779 = CARTESIAN_POINT ( 'NONE',  ( 0.000000000000000000, 0.000000000000000000, 0.000000000000000000 ) ) ;
#780 = LINE ( 'NONE', #2026, #7870 ) ;
#781 = ORIENTED_EDGE ( 'NONE', *, *, #775, .F. ) ;
#782 = CARTESIAN_POINT ( 'NONE',  ( 3.907944661029999711, 1.007268316320000023, -0.6692795022306999853 ) ) ;
#783 = AXIS2_PLACEMENT_3D ( 'NONE', #5898, #1709, #8183 ) ;
#784 = LINE ( 'NONE', #118, #2379 ) ;
#785 = VECTOR ( 'NONE', #1573, 1000.000000000000000 ) ;
#786 = ORIENTED_EDGE ( 'NONE', *, *, #970, .T. ) ;
#787 = VECTOR ( 'NONE', #5624, 1000.000000000000000 ) ;
#788 = DIRECTION ( 'NONE',  ( 0.9063077870366585964, 0.000000000000000000, 0.4226182617406808451 ) ) ;
#789 = VERTEX_POINT ( 'NONE', #3813 ) ;
#790 = CARTESIAN_POINT ( 'NONE',  ( 3.878474839888000236, -0.7589170748061000449, -0.6343490298142000494 ) ) ;
#791 = DIRECTION ( 'NONE',  ( 0.000000000000000000, 0.000000000000000000, 1.000000000000000000 ) ) ;
#792 = VECTOR ( 'NONE', #830, 1000.000000000000114 ) ;
#793 = CARTESIAN_POINT ( 'NONE',  ( -7.277603698116000608, -1.229999999999999982, -1.395381644408000055 ) ) ;
#794 = LINE ( 'NONE', #2038, #5785 ) ;
#795 = DIRECTION ( 'NONE',  ( 0.9455185755993018581, 0.000000000000000000, -0.3255681544572004982 ) ) ;
#796 = DIRECTION ( 'NONE',  ( 0.8314794192830787800, 0.000000000000000000, 0.5555555555555843350 ) ) ;
#797 = DIRECTION ( 'NONE',  ( 0.7071067811865474617, -0.7071067811865474617, 0.000000000000000000 ) ) ;
#798 = CARTESIAN_POINT ( 'NONE',  ( 12.77500000000000036, -1.550000000000000044, -1.100000000000000089 ) ) ;
#799 = LINE ( 'NONE', #6510, #4474 ) ;
#800 = ORIENTED_EDGE ( 'NONE', *, *, #5453, .F. ) ;
#801 = LINE ( 'NONE', #6472, #5063 ) ;
#802 = ORIENTED_EDGE ( 'NONE', *, *, #2163, .T. ) ;
#803 = CARTESIAN_POINT ( 'NONE',  ( 3.878474839888000236, 0.9194165683759000229, -0.6343490298142000494 ) ) ;
#804 = EDGE_CURVE ( 'NONE', #8820, #1183, #263, .T. ) ;
#805 = CARTESIAN_POINT ( 'NONE',  ( -7.456013767405998749, -0.9780688856472004034, -1.343424544718999636 ) ) ;
#806 = ORIENTED_EDGE ( 'NONE', *, *, #2640, .T. ) ;
#807 = LINE ( 'NONE', #8638, #5841 ) ;
#808 = ADVANCED_FACE ( 'NONE', ( #2444 ), #4612, .T. ) ;
#809 = CARTESIAN_POINT ( 'NONE',  ( 9.811345473480999502, 2.600000000000000089, -1.100000000000000089 ) ) ;
#810 = EDGE_LOOP ( 'NONE', ( #4857, #6071, #8652, #6536 ) ) ;
#811 = EDGE_CURVE ( 'NONE', #1603, #1278, #4315, .T. ) ;
#812 = CARTESIAN_POINT ( 'NONE',  ( 3.871674692530000073, -1.466178573459000045, -0.5205433180873999532 ) ) ;
#813 = VERTEX_POINT ( 'NONE', #3773 ) ;
#814 = LINE ( 'NONE', #8688, #5542 ) ;
#815 = CARTESIAN_POINT ( 'NONE',  ( -13.42499999999999893, -1.750000000000000000, -5.250000000000000000 ) ) ;
#816 = ADVANCED_FACE ( 'NONE', ( #963 ), #8932, .F. ) ;
#817 = DIRECTION ( 'NONE',  ( 0.000000000000000000, 1.000000000000000000, 0.000000000000000000 ) ) ;
#818 = EDGE_CURVE ( 'NONE', #4721, #6101, #8129, .T. ) ;
#819 = CARTESIAN_POINT ( 'NONE',  ( 12.22499999999999964, -2.000000000000000000, -5.500000000000000000 ) ) ;
#820 = CARTESIAN_POINT ( 'NONE',  ( 8.641778518293998346, -0.1777966565218999928, -4.000000000000000000 ) ) ;
#821 = CARTESIAN_POINT ( 'NONE',  ( 5.000000000000000000, 5.400000000000000355, -4.000000000000000000 ) ) ;
#822 = DIRECTION ( 'NONE',  ( 0.000000000000000000, -1.000000000000000000, 0.000000000000000000 ) ) ;
#823 = EDGE_LOOP ( 'NONE', ( #5139, #1934, #7287, #5670 ) ) ;
#824 = CARTESIAN_POINT ( 'NONE',  ( 3.971424110732000301, 1.254061731019000092, -0.7014864786465000446 ) ) ;
#825 = DIRECTION ( 'NONE',  ( 0.9455185755992989716, 0.000000000000000000, -0.3255681544572084363 ) ) ;
#826 = ORIENTED_EDGE ( 'NONE', *, *, #470, .T. ) ;
#827 = CARTESIAN_POINT ( 'NONE',  ( 3.883216332409999971, -0.9626149014245000135, -0.6479071256627997322 ) ) ;
#828 = ORIENTED_EDGE ( 'NONE', *, *, #3043, .F. ) ;
#829 = ADVANCED_FACE ( 'NONE', ( #357 ), #7294, .F. ) ;
#830 = DIRECTION ( 'NONE',  ( 0.9455185755993017471, 0.000000000000000000, -0.3255681544572003872 ) ) ;
#831 = CARTESIAN_POINT ( 'NONE',  ( -9.650000000000000355, 6.349999999999999645, -0.2500000000000000000 ) ) ;
#832 = CARTESIAN_POINT ( 'NONE',  ( -13.42499999999999893, -2.000000000000000000, -5.250000000000000000 ) ) ;
#833 = CARTESIAN_POINT ( 'NONE',  ( 0.000000000000000000, 0.000000000000000000, -4.000000000000000000 ) ) ;
#834 = CARTESIAN_POINT ( 'NONE',  ( -7.375274144453999092, 1.229999999999999982, -1.679037217087999911 ) ) ;
#835 = CIRCLE ( 'NONE', #1868, 0.4500000000000004552 ) ;
#836 = CARTESIAN_POINT ( 'NONE',  ( -14.25000000000000000, -2.600000000000000089, 0.000000000000000000 ) ) ;
#837 = DIRECTION ( 'NONE',  ( -0.5877852522925135492, 0.000000000000000000, 0.8090169943749180304 ) ) ;
#838 = VECTOR ( 'NONE', #5791, 1000.000000000000000 ) ;
#839 = DIRECTION ( 'NONE',  ( -1.000000000000000000, 0.000000000000000000, 0.000000000000000000 ) ) ;
#840 = B_SPLINE_CURVE_WITH_KNOTS ( 'NONE', 3,
 ( #3519, #4127, #1321, #3337, #3427, #4176 ),
 .UNSPECIFIED., .F., .F.,
 ( 4, 1, 1, 4 ),
 ( 0.000000000000000000, 0.2454872846387825547, 0.4970005927744733376, 1.000000000000000000 ),
 .UNSPECIFIED. ) ;
#841 = AXIS2_PLACEMENT_3D ( 'NONE', #1071, #2317, #6793 ) ;
#842 = LINE ( 'NONE', #2984, #292 ) ;
#843 = AXIS2_PLACEMENT_3D ( 'NONE', #4955, #7117, #791 ) ;
#844 = PLANE ( 'NONE',  #4306 ) ;
#845 = EDGE_LOOP ( 'NONE', ( #6715, #4653, #7874, #5422, #8902, #5050, #5370, #5930, #8362, #4465, #8375, #2686, #8535, #4680, #6058, #7361 ) ) ;
#846 = LINE ( 'NONE', #2988, #1298 ) ;
#847 = DIRECTION ( 'NONE',  ( 0.000000000000000000, -1.000000000000000000, 0.000000000000000000 ) ) ;
#848 = VECTOR ( 'NONE', #7284, 1000.000000000000000 ) ;
#849 = ORIENTED_EDGE ( 'NONE', *, *, #4941, .F. ) ;
#850 = CARTESIAN_POINT ( 'NONE',  ( -7.828763179841369713, -0.6873578109368250200, -1.223688246146078296 ) ) ;
#851 = DIRECTION ( 'NONE',  ( 0.000000000000000000, 1.000000000000000000, 0.000000000000000000 ) ) ;
#852 = EDGE_CURVE ( 'NONE', #4940, #2117, #2349, .T. ) ;
#853 = ORIENTED_EDGE ( 'NONE', *, *, #6178, .F. ) ;
#854 = AXIS2_PLACEMENT_3D ( 'NONE', #7402, #327, #5384 ) ;
#855 = CARTESIAN_POINT ( 'NONE',  ( 3.884565336707999972, -1.196130368977999847, -0.4697958305821999803 ) ) ;
#856 = ORIENTED_EDGE ( 'NONE', *, *, #8023, .F. ) ;
#857 = DIRECTION ( 'NONE',  ( -1.000000000000000000, 0.000000000000000000, 0.000000000000000000 ) ) ;
#858 = FACE_OUTER_BOUND ( 'NONE', #8761, .T. ) ;
#859 = DIRECTION ( 'NONE',  ( 0.000000000000000000, -1.000000000000000000, 0.000000000000000000 ) ) ;
#860 = DIRECTION ( 'NONE',  ( 0.000000000000000000, -1.000000000000000000, 0.000000000000000000 ) ) ;
#861 = CARTESIAN_POINT ( 'NONE',  ( 3.892822872220000008, 1.239740876124999946, -0.4839672404388999927 ) ) ;
#862 = DIRECTION ( 'NONE',  ( 0.000000000000000000, 0.000000000000000000, 1.000000000000000000 ) ) ;
#863 = EDGE_CURVE ( 'NONE', #6725, #2910, #3108, .T. ) ;
#864 = VECTOR ( 'NONE', #8260, 1000.000000000000000 ) ;
#865 = CARTESIAN_POINT ( 'NONE',  ( -7.310160513561999807, 1.224574780638000071, -1.489933501968000007 ) ) ;
#866 = ORIENTED_EDGE ( 'NONE', *, *, #4505, .F. ) ;
#867 = CYLINDRICAL_SURFACE ( 'NONE', #3081, 1.270000000000000240 ) ;
#868 = DIRECTION ( 'NONE',  ( 0.000000000000000000, 0.000000000000000000, -1.000000000000000000 ) ) ;
#869 = ADVANCED_FACE ( 'NONE', ( #8221 ), #2400, .F. ) ;
#870 = VERTEX_POINT ( 'NONE', #2685 ) ;
#871 = CIRCLE ( 'NONE', #1457, 0.2500000000000000000 ) ;
#872 = EDGE_LOOP ( 'NONE', ( #6948, #7197, #4950, #2061 ) ) ;
#873 = EDGE_CURVE ( 'NONE', #7562, #4466, #2641, .T. ) ;
#874 = CARTESIAN_POINT ( 'NONE',  ( 3.902386613499000401, -1.050983580347998325, -0.5915384364129003814 ) ) ;
#875 = EDGE_LOOP ( 'NONE', ( #5674, #1169, #5212, #3369 ) ) ;
#876 = CARTESIAN_POINT ( 'NONE',  ( 3.467025163284000122, -1.252458338414000005, -0.06803713375174000322 ) ) ;
#877 = CARTESIAN_POINT ( 'NONE',  ( 14.25000000000000000, -1.000000000000000000, -4.750000000000000000 ) ) ;
#878 = VECTOR ( 'NONE', #3828, 1000.000000000000000 ) ;
#879 = DIRECTION ( 'NONE',  ( 0.9455185755993018581, 0.000000000000000000, -0.3255681544572004982 ) ) ;
#880 = DIRECTION ( 'NONE',  ( -0.000000000000000000, 1.000000000000000000, 0.000000000000000000 ) ) ;
#881 = ADVANCED_FACE ( 'NONE', ( #4752 ), #8479, .F. ) ;
#882 = ORIENTED_EDGE ( 'NONE', *, *, #534, .T. ) ;
#883 = CARTESIAN_POINT ( 'NONE',  ( -15.84999999999999964, 1.750000000000000000, -5.299999999999999822 ) ) ;
#884 = AXIS2_PLACEMENT_3D ( 'NONE', #176, #3861, #3018 ) ;
#885 = DIRECTION ( 'NONE',  ( 0.000000000000000000, 0.000000000000000000, -1.000000000000000000 ) ) ;
#886 = AXIS2_PLACEMENT_3D ( 'NONE', #3004, #4409, #3661 ) ;
#887 = CARTESIAN_POINT ( 'NONE',  ( 7.650725455797999786, 6.669999999999999929, 0.000000000000000000 ) ) ;
#888 = CARTESIAN_POINT ( 'NONE',  ( -7.310160513561999807, 1.224574780638000071, -1.489933501968000007 ) ) ;
#889 = CARTESIAN_POINT ( 'NONE',  ( -12.72499999999999964, -1.600000000000000089, 0.000000000000000000 ) ) ;
#890 = CARTESIAN_POINT ( 'NONE',  ( 10.80000000000000071, 7.799999999999999822, -38.18409399080999833 ) ) ;
#891 = DIRECTION ( 'NONE',  ( 1.000000000000000000, 0.000000000000000000, 0.000000000000000000 ) ) ;
#892 = VERTEX_POINT ( 'NONE', #2595 ) ;
#893 = CARTESIAN_POINT ( 'NONE',  ( 9.271763586287001147, -4.129999999999999893, 0.000000000000000000 ) ) ;
#894 = LINE ( 'NONE', #282, #3009 ) ;
#895 = ORIENTED_EDGE ( 'NONE', *, *, #7456, .F. ) ;
#896 = CARTESIAN_POINT ( 'NONE',  ( 3.908059670719000511, 1.365735265191000192, -0.5174132919164999844 ) ) ;
#897 = VECTOR ( 'NONE', #7410, 1000.000000000000000 ) ;
#898 = CARTESIAN_POINT ( 'NONE',  ( -5.000000000000000000, 5.400000000000000355, -5.500000000000000000 ) ) ;
#899 = VECTOR ( 'NONE', #1569, 1000.000000000000114 ) ;
#900 = ORIENTED_EDGE ( 'NONE', *, *, #3955, .T. ) ;
#901 = CARTESIAN_POINT ( 'NONE',  ( 3.884376895182999778, -1.252336233400000109, -0.4730472412086999534 ) ) ;
#902 = ORIENTED_EDGE ( 'NONE', *, *, #8312, .T. ) ;
#903 = AXIS2_PLACEMENT_3D ( 'NONE', #8307, #5458, #7558 ) ;
#904 = CARTESIAN_POINT ( 'NONE',  ( 3.860188216786001103, 1.517640764536999587, -0.5898713305432998766 ) ) ;
#905 = DIRECTION ( 'NONE',  ( 0.3251219746163916402, 0.05233595624293861659, 0.9442227752525753637 ) ) ;
#906 = CARTESIAN_POINT ( 'NONE',  ( 3.880335285876000739, 1.006824046475000234, -0.6181003594204004248 ) ) ;
#907 = LINE ( 'NONE', #5123, #416 ) ;
#908 = CARTESIAN_POINT ( 'NONE',  ( -8.249627377921690652, 0.6767912292692060960, -1.300367576236953981 ) ) ;
#909 = PLANE ( 'NONE',  #6671 ) ;
#910 = ORIENTED_EDGE ( 'NONE', *, *, #6596, .F. ) ;
#911 = CARTESIAN_POINT ( 'NONE',  ( -14.25000000000000000, 1.000000000000000000, -4.750000000000000000 ) ) ;
#912 = AXIS2_PLACEMENT_3D ( 'NONE', #5614, #3540, #9178 ) ;
#913 = LINE ( 'NONE', #1785, #4796 ) ;
#914 = ORIENTED_EDGE ( 'NONE', *, *, #5963, .T. ) ;
#915 = EDGE_CURVE ( 'NONE', #6164, #6676, #4661, .T. ) ;
#916 = AXIS2_PLACEMENT_3D ( 'NONE', #4233, #681, #3530 ) ;
#917 = ORIENTED_EDGE ( 'NONE', *, *, #2225, .T. ) ;
#918 = CARTESIAN_POINT ( 'NONE',  ( 3.942385829474003067, 1.250655833540999406, -0.5454549628278999585 ) ) ;
#919 = ORIENTED_EDGE ( 'NONE', *, *, #804, .T. ) ;
#920 = DIRECTION ( 'NONE',  ( 0.000000000000000000, 0.000000000000000000, 1.000000000000000000 ) ) ;
#921 = CARTESIAN_POINT ( 'NONE',  ( 3.893283871378000249, -1.578471968286999871, -0.6545344072816999814 ) ) ;
#922 = CARTESIAN_POINT ( 'NONE',  ( 13.22500000000000142, -1.750000000000000000, -5.250000000000000000 ) ) ;
#923 = APPLICATION_PROTOCOL_DEFINITION ( 'draft international standard', 'automotive_design', 1998, #7077 ) ;
#924 = EDGE_CURVE ( 'NONE', #125, #8298, #6662, .T. ) ;
#925 = CARTESIAN_POINT ( 'NONE',  ( 3.974780187676999699, -1.038454223638000107, -0.7611789656663999759 ) ) ;
#926 = ADVANCED_FACE ( 'NONE', ( #8980 ), #89, .F. ) ;
#927 = VERTEX_POINT ( 'NONE', #4093 ) ;
#928 = VECTOR ( 'NONE', #6514, 1000.000000000000000 ) ;
#929 = CARTESIAN_POINT ( 'NONE',  ( 13.47500000000000142, 1.750000000000000000, -5.299999999999999822 ) ) ;
#930 = CARTESIAN_POINT ( 'NONE',  ( 3.871208751481999943, 1.254458537402999951, -0.4542179554287000265 ) ) ;
#931 = AXIS2_PLACEMENT_3D ( 'NONE', #8992, #2558, #6131 ) ;
#932 = CARTESIAN_POINT ( 'NONE',  ( -12.22499999999999964, 2.000000000000000000, -3.350000000000000089 ) ) ;
#933 = CARTESIAN_POINT ( 'NONE',  ( 3.376450352501366048, 0.9316431475347918267, -0.2840938886092647109 ) ) ;
#934 = CARTESIAN_POINT ( 'NONE',  ( 8.324453148972999372, 0.004903451899607999716, -3.785961335781999892 ) ) ;
#935 = DIRECTION ( 'NONE',  ( 0.000000000000000000, -1.000000000000000000, 0.000000000000000000 ) ) ;
#936 = CARTESIAN_POINT ( 'NONE',  ( 9.271763586287001147, 4.129999999999999893, 0.000000000000000000 ) ) ;
#937 = EDGE_CURVE ( 'NONE', #1492, #4987, #5515, .T. ) ;
#938 = ORIENTED_EDGE ( 'NONE', *, *, #349, .T. ) ;
#939 = DIRECTION ( 'NONE',  ( 1.000000000000000000, 0.000000000000000000, 0.000000000000000000 ) ) ;
#940 = EDGE_CURVE ( 'NONE', #7562, #2425, #235, .T. ) ;
#941 = CARTESIAN_POINT ( 'NONE',  ( 9.811345473480999502, -2.600000000000000089, -1.100000000000000089 ) ) ;
#942 = ORIENTED_EDGE ( 'NONE', *, *, #5963, .F. ) ;
#943 = CARTESIAN_POINT ( 'NONE',  ( 5.000000000000000000, 6.669999999999999929, -5.500000000000000000 ) ) ;
#944 = CARTESIAN_POINT ( 'NONE',  ( -13.42499999999999893, -0.7500000000000000000, -3.350000000000000089 ) ) ;
#945 = ORIENTED_EDGE ( 'NONE', *, *, #8438, .F. ) ;
#946 = CARTESIAN_POINT ( 'NONE',  ( 3.939099458587999703, -1.214687282724000061, -0.5577085380067000608 ) ) ;
#947 = ORIENTED_EDGE ( 'NONE', *, *, #8177, .T. ) ;
#948 = DIRECTION ( 'NONE',  ( 1.000000000000000000, 0.000000000000000000, 0.000000000000000000 ) ) ;
#949 = DIRECTION ( 'NONE',  ( 0.000000000000000000, 0.000000000000000000, 1.000000000000000000 ) ) ;
#950 = LINE ( 'NONE', #6904, #5375 ) ;
#951 = DIRECTION ( 'NONE',  ( 1.028417117548000196E-14, 0.000000000000000000, -1.000000000000000000 ) ) ;
#952 = CARTESIAN_POINT ( 'NONE',  ( 8.357998292004657159, -0.3994685232320253077, -3.999999999999999112 ) ) ;
#953 = CARTESIAN_POINT ( 'NONE',  ( -6.720820407913151939, -1.133077577874773478, -1.375573369605955554 ) ) ;
#954 = B_SPLINE_CURVE_WITH_KNOTS ( 'NONE', 3,
 ( #1806, #7625, #2651, #6084 ),
 .UNSPECIFIED., .F., .F.,
 ( 4, 4 ),
 ( 0.000000000000000000, 1.000000000000000000 ),
 .UNSPECIFIED. ) ;
#955 = ORIENTED_EDGE ( 'NONE', *, *, #1129, .T. ) ;
#956 = CYLINDRICAL_SURFACE ( 'NONE', #1445, 1.000000000000000000 ) ;
#957 = FACE_OUTER_BOUND ( 'NONE', #1904, .T. ) ;
#958 = VERTEX_POINT ( 'NONE', #8271 ) ;
#959 = ORIENTED_EDGE ( 'NONE', *, *, #2979, .F. ) ;
#960 = LINE ( 'NONE', #5216, #3886 ) ;
#961 = ORIENTED_EDGE ( 'NONE', *, *, #3607, .T. ) ;
#962 = LINE ( 'NONE', #3812, #636 ) ;
#963 = FACE_OUTER_BOUND ( 'NONE', #3850, .T. ) ;
#964 = ORIENTED_EDGE ( 'NONE', *, *, #5582, .F. ) ;
#965 = LINE ( 'NONE', #6072, #5366 ) ;
#966 = EDGE_CURVE ( 'NONE', #684, #1392, #398, .T. ) ;
#967 = CARTESIAN_POINT ( 'NONE',  ( 3.892614525032000117, -1.599061591457999976, -0.6522601129028999800 ) ) ;
#968 = ORIENTED_EDGE ( 'NONE', *, *, #8656, .T. ) ;
#969 = DIRECTION ( 'NONE',  ( -1.000000000000000000, 0.000000000000000000, 0.000000000000000000 ) ) ;
#970 = EDGE_CURVE ( 'NONE', #5192, #1236, #1102, .T. ) ;
#971 = DIRECTION ( 'NONE',  ( 0.000000000000000000, 0.000000000000000000, -1.000000000000000000 ) ) ;
#972 = DIRECTION ( 'NONE',  ( 0.000000000000000000, -1.000000000000000000, 0.000000000000000000 ) ) ;
#973 = CARTESIAN_POINT ( 'NONE',  ( 9.650000000000000355, -7.250000000000000000, -0.2500000000000000000 ) ) ;
#974 = DIRECTION ( 'NONE',  ( -0.000000000000000000, 1.000000000000000000, 0.000000000000000000 ) ) ;
#975 = CARTESIAN_POINT ( 'NONE',  ( 6.246799180380000038, 8.000000000000000000, 0.000000000000000000 ) ) ;
#976 = LINE ( 'NONE', #6695, #3682 ) ;
#977 = EDGE_CURVE ( 'NONE', #520, #2201, #2737, .T. ) ;
#978 = ORIENTED_EDGE ( 'NONE', *, *, #67, .F. ) ;
#979 = ORIENTED_EDGE ( 'NONE', *, *, #9196, .F. ) ;
#980 = CARTESIAN_POINT ( 'NONE',  ( -7.243498353379991705, 1.248290846946998656, -1.508357061649999942 ) ) ;
#981 = VECTOR ( 'NONE', #5526, 1000.000000000000000 ) ;
#982 = CARTESIAN_POINT ( 'NONE',  ( 3.892738714387999899, 1.476368189164000144, -0.5969400531709000424 ) ) ;
#983 = EDGE_CURVE ( 'NONE', #8998, #1538, #1145, .T. ) ;
#984 = EDGE_LOOP ( 'NONE', ( #7147, #5886, #8155, #1288 ) ) ;
#985 = CARTESIAN_POINT ( 'NONE',  ( -7.976507931123821393, -0.6821170330085249978, -1.277031469438679068 ) ) ;
#986 = CIRCLE ( 'NONE', #381, 0.2999999999999995448 ) ;
#987 = VECTOR ( 'NONE', #2604, 1000.000000000000114 ) ;
#988 = EDGE_CURVE ( 'NONE', #4987, #4912, #3249, .T. ) ;
#989 = CARTESIAN_POINT ( 'NONE',  ( 13.22500000000000142, -2.500000000000000000, -5.500000000000000000 ) ) ;
#990 = ORIENTED_EDGE ( 'NONE', *, *, #5041, .F. ) ;
#991 = VECTOR ( 'NONE', #3112, 1000.000000000000000 ) ;
#992 = CARTESIAN_POINT ( 'NONE',  ( 3.884858777304999844, -1.254061729025000016, -0.4737001613326999871 ) ) ;
#993 = AXIS2_PLACEMENT_3D ( 'NONE', #3330, #6899, #4972 ) ;
#994 = EDGE_CURVE ( 'NONE', #6231, #9162, #1717, .T. ) ;
#995 = VERTEX_POINT ( 'NONE', #1842 ) ;
#996 = CARTESIAN_POINT ( 'NONE',  ( 3.878145937651999997, 1.479531273209002684, -0.5591955464194996450 ) ) ;
#997 = CARTESIAN_POINT ( 'NONE',  ( -9.811345473480999502, -2.600000000000000089, 0.000000000000000000 ) ) ;
#998 = VECTOR ( 'NONE', #6921, 1000.000000000000000 ) ;
#999 = FACE_OUTER_BOUND ( 'NONE', #7071, .T. ) ;
#1000 = FACE_OUTER_BOUND ( 'NONE', #2206, .T. ) ;
#1001 = LINE ( 'NONE', #4374, #2927 ) ;
#1002 = ORIENTED_EDGE ( 'NONE', *, *, #7495, .T. ) ;
#1003 = CARTESIAN_POINT ( 'NONE',  ( 8.284120188299999299, -1.750000000000000000, -4.000000000000000000 ) ) ;
#1004 = VERTEX_POINT ( 'NONE', #1287 ) ;
#1005 = EDGE_LOOP ( 'NONE', ( #4694, #202, #6024, #339 ) ) ;
#1006 = LINE ( 'NONE', #1791, #8553 ) ;
#1007 = ORIENTED_EDGE ( 'NONE', *, *, #5141, .F. ) ;
#1008 = DIRECTION ( 'NONE',  ( 0.000000000000000000, 0.000000000000000000, 1.000000000000000000 ) ) ;
#1009 = DIRECTION ( 'NONE',  ( 0.000000000000000000, 1.000000000000000000, 0.000000000000000000 ) ) ;
#1010 = ORIENTED_EDGE ( 'NONE', *, *, #3083, .F. ) ;
#1011 = PLANE ( 'NONE',  #884 ) ;
#1012 = LINE ( 'NONE', #3019, #3226 ) ;
#1013 = CARTESIAN_POINT ( 'NONE',  ( 4.029727466600999897, -1.353646838644999795, -0.8184998911381999864 ) ) ;
#1014 = CIRCLE ( 'NONE', #4155, 0.4500000000000004552 ) ;
#1015 = ORIENTED_EDGE ( 'NONE', *, *, #2617, .F. ) ;
#1016 = DIRECTION ( 'NONE',  ( -1.000000000000000000, 0.000000000000000000, 0.000000000000000000 ) ) ;
#1017 = LINE ( 'NONE', #3071, #7046 ) ;
#1018 = AXIS2_PLACEMENT_3D ( 'NONE', #6694, #1759, #3921 ) ;
#1019 = CARTESIAN_POINT ( 'NONE',  ( -6.246799180380000038, -8.000000000000000000, -4.000000000000000000 ) ) ;
#1020 = CARTESIAN_POINT ( 'NONE',  ( 5.000000000000000000, 6.669999999999999929, -4.000000000000000000 ) ) ;
#1021 = CARTESIAN_POINT ( 'NONE',  ( 4.291266850093000684, -1.750000000000000000, -1.306786416877000034 ) ) ;
#1022 = CARTESIAN_POINT ( 'NONE',  ( 13.17815389352000111, -0.5000000000000000000, -4.238690869129999150 ) ) ;
#1023 = EDGE_LOOP ( 'NONE', ( #3199, #5754, #3361, #3701, #4556, #1506, #1440, #41 ) ) ;
#1024 = ORIENTED_EDGE ( 'NONE', *, *, #1652, .T. ) ;
#1025 = CARTESIAN_POINT ( 'NONE',  ( -14.25000000000000000, -3.500000000000000000, 0.000000000000000000 ) ) ;
#1026 = VECTOR ( 'NONE', #8797, 1000.000000000000000 ) ;
#1027 = DIRECTION ( 'NONE',  ( 1.000000000000000000, 0.000000000000000000, 0.000000000000000000 ) ) ;
#1028 = ORIENTED_EDGE ( 'NONE', *, *, #4478, .F. ) ;
#1029 = EDGE_CURVE ( 'NONE', #738, #6449, #4705, .T. ) ;
#1030 = LINE ( 'NONE', #1720, #4634 ) ;
#1031 = ORIENTED_EDGE ( 'NONE', *, *, #8907, .F. ) ;
#1032 = DIRECTION ( 'NONE',  ( 2.131628207280000159E-14, -1.000000000000000000, 0.000000000000000000 ) ) ;
#1033 = ORIENTED_EDGE ( 'NONE', *, *, #983, .F. ) ;
#1034 = EDGE_CURVE ( 'NONE', #2608, #7031, #3995, .T. ) ;
#1035 = CARTESIAN_POINT ( 'NONE',  ( 3.906334310349000027, -1.225671112634000082, -0.4998279526280999807 ) ) ;
#1036 = EDGE_CURVE ( 'NONE', #3853, #5676, #2743, .T. ) ;
#1037 = ORIENTED_EDGE ( 'NONE', *, *, #7335, .T. ) ;
#1038 = LINE ( 'NONE', #8821, #897 ) ;
#1039 = VECTOR ( 'NONE', #6507, 1000.000000000000114 ) ;
#1040 = CARTESIAN_POINT ( 'NONE',  ( 3.967888060560999186, -1.263842585167000987, -0.7367388287213005871 ) ) ;
#1041 = CARTESIAN_POINT ( 'NONE',  ( 13.42499999999999893, 1.750000000000000000, -5.250000000000000000 ) ) ;
#1042 = LINE ( 'NONE', #3191, #4924 ) ;
#1043 = CARTESIAN_POINT ( 'NONE',  ( -6.720820407913000061, 1.229999999999999982, -1.375573369605999963 ) ) ;
#1044 = VERTEX_POINT ( 'NONE', #4375 ) ;
#1045 = EDGE_CURVE ( 'NONE', #4932, #2489, #3489, .T. ) ;
#1046 = EDGE_CURVE ( 'NONE', #8464, #6818, #5079, .T. ) ;
#1047 = CARTESIAN_POINT ( 'NONE',  ( -9.500000000000000000, 5.500000000000000000, 0.000000000000000000 ) ) ;
#1048 = VECTOR ( 'NONE', #7732, 1000.000000000000000 ) ;
#1049 = VECTOR ( 'NONE', #2403, 1000.000000000000000 ) ;
#1050 = ORIENTED_EDGE ( 'NONE', *, *, #361, .F. ) ;
#1051 = VERTEX_POINT ( 'NONE', #4190 ) ;
#1052 = CARTESIAN_POINT ( 'NONE',  ( 3.870569408745001994, -1.510721690935001194, -0.6045534704014998706 ) ) ;
#1053 = ORIENTED_EDGE ( 'NONE', *, *, #5226, .T. ) ;
#1054 = CIRCLE ( 'NONE', #912, 0.4200000000000000955 ) ;
#1055 = DIRECTION ( 'NONE',  ( 1.000000000000000000, 0.000000000000000000, 0.000000000000000000 ) ) ;
#1056 = DIRECTION ( 'NONE',  ( -0.5591929034707342483, 0.000000000000000000, -0.8290375725550502839 ) ) ;
#1057 = PLANE ( 'NONE',  #3525 ) ;
#1058 = ORIENTED_EDGE ( 'NONE', *, *, #5837, .T. ) ;
#1059 = CARTESIAN_POINT ( 'NONE',  ( -0.1465673690733000079, 6.318950303242000466, -4.299999999999999822 ) ) ;
#1060 = CARTESIAN_POINT ( 'NONE',  ( 6.246799180380000038, 8.000000000000000000, 0.000000000000000000 ) ) ;
#1061 = DIRECTION ( 'NONE',  ( 0.000000000000000000, 0.000000000000000000, 1.000000000000000000 ) ) ;
#1062 = VECTOR ( 'NONE', #6307, 1000.000000000000000 ) ;
#1063 = ORIENTED_EDGE ( 'NONE', *, *, #5320, .F. ) ;
#1064 = CARTESIAN_POINT ( 'NONE',  ( -12.72499999999999964, -1.600000000000000089, 0.000000000000000000 ) ) ;
#1065 = CARTESIAN_POINT ( 'NONE',  ( 14.25000000000000000, 2.600000000000000089, 0.000000000000000000 ) ) ;
#1066 = CARTESIAN_POINT ( 'NONE',  ( 4.403105430786999896, 1.750000000000000000, -1.140978902365999970 ) ) ;
#1067 = CARTESIAN_POINT ( 'NONE',  ( -9.179185367155000108, -1.750000000000000000, -4.000000000000000000 ) ) ;
#1068 = CARTESIAN_POINT ( 'NONE',  ( 6.246799180380000038, -8.000000000000000000, 0.000000000000000000 ) ) ;
#1069 = AXIS2_PLACEMENT_3D ( 'NONE', #3092, #6285, #2663 ) ;
#1070 = PLANE ( 'NONE',  #1018 ) ;
#1071 = CARTESIAN_POINT ( 'NONE',  ( -7.800757503472999232, 1.750000000000000000, -1.532531547581999831 ) ) ;
#1072 = VERTEX_POINT ( 'NONE', #644 ) ;
#1073 = LINE ( 'NONE', #5290, #8496 ) ;
#1074 = VECTOR ( 'NONE', #8717, 1000.000000000000000 ) ;
#1075 = FACE_OUTER_BOUND ( 'NONE', #5504, .T. ) ;
#1076 = ORIENTED_EDGE ( 'NONE', *, *, #2166, .F. ) ;
#1077 = CARTESIAN_POINT ( 'NONE',  ( 3.914420473144999857, 1.247559966530999764, -0.5122956355418999408 ) ) ;
#1078 = VECTOR ( 'NONE', #1858, 1000.000000000000000 ) ;
#1079 = VERTEX_POINT ( 'NONE', #8513 ) ;
#1080 = DIRECTION ( 'NONE',  ( 1.000000000000000000, 0.000000000000000000, 0.000000000000000000 ) ) ;
#1081 = VERTEX_POINT ( 'NONE', #1466 ) ;
#1082 = EDGE_CURVE ( 'NONE', #6349, #8925, #780, .T. ) ;
#1083 = CARTESIAN_POINT ( 'NONE',  ( 3.900384804469999800, 0.9369334802347999425, -0.6639559802218000240 ) ) ;
#1084 = ORIENTED_EDGE ( 'NONE', *, *, #1667, .F. ) ;
#1085 = CARTESIAN_POINT ( 'NONE',  ( 3.871140306390001840, 1.556434165587997853, -0.6312421745659003713 ) ) ;
#1086 = ADVANCED_FACE ( 'NONE', ( #2205 ), #4992, .T. ) ;
#1087 = DIRECTION ( 'NONE',  ( 0.000000000000000000, 0.000000000000000000, -1.000000000000000000 ) ) ;
#1088 = DIRECTION ( 'NONE',  ( -1.000000000000000000, 0.000000000000000000, 0.000000000000000000 ) ) ;
#1089 = DIRECTION ( 'NONE',  ( -0.000000000000000000, 1.000000000000000000, 0.000000000000000000 ) ) ;
#1090 = EDGE_CURVE ( 'NONE', #4964, #6483, #180, .T. ) ;
#1091 = ORIENTED_EDGE ( 'NONE', *, *, #3782, .F. ) ;
#1092 = ADVANCED_FACE ( 'NONE', ( #2883 ), #7891, .T. ) ;
#1093 = CARTESIAN_POINT ( 'NONE',  ( 9.228701740859998282, 4.129999999999999893, -0.7550447008709000318 ) ) ;
#1094 = ORIENTED_EDGE ( 'NONE', *, *, #4464, .T. ) ;
#1095 = ORIENTED_EDGE ( 'NONE', *, *, #3551, .F. ) ;
#1096 = EDGE_CURVE ( 'NONE', #8079, #7315, #8467, .T. ) ;
#1097 = DIRECTION ( 'NONE',  ( 1.000000000000000000, 1.084202172485501657E-13, 0.000000000000000000 ) ) ;
#1098 = ORIENTED_EDGE ( 'NONE', *, *, #8204, .T. ) ;
#1099 = CARTESIAN_POINT ( 'NONE',  ( 12.22499999999999964, -8.397193073587999379, -3.350000000000000089 ) ) ;
#1100 = DIRECTION ( 'NONE',  ( -0.8290375725550501729, 0.000000000000000000, 0.5591929034707341373 ) ) ;
#1101 = ADVANCED_FACE ( 'NONE', ( #115 ), #7196, .F. ) ;
#1102 = LINE ( 'NONE', #4850, #6522 ) ;
#1103 = ORIENTED_EDGE ( 'NONE', *, *, #7857, .T. ) ;
#1104 = PRESENTATION_STYLE_ASSIGNMENT (( #6265 ) ) ;
#1105 = CARTESIAN_POINT ( 'NONE',  ( 3.943128023358999368, -1.408923823340999970, -0.6696752895004000061 ) ) ;
#1106 = ORIENTED_EDGE ( 'NONE', *, *, #4368, .F. ) ;
#1107 = CARTESIAN_POINT ( 'NONE',  ( 14.25000000000000000, 2.600000000000000089, -1.100000000000000089 ) ) ;
#1108 = EDGE_CURVE ( 'NONE', #7597, #7915, #2964, .T. ) ;
#1109 = DIRECTION ( 'NONE',  ( -0.8290375725550501729, 0.000000000000000000, 0.5591929034707341373 ) ) ;
#1110 = ORIENTED_EDGE ( 'NONE', *, *, #3020, .F. ) ;
#1111 = CARTESIAN_POINT ( 'NONE',  ( 12.77500000000000036, -2.500000000000000000, -0.9000000000000000222 ) ) ;
#1112 = CARTESIAN_POINT ( 'NONE',  ( 14.25000000000000000, -3.500000000000000000, -38.18409399080999833 ) ) ;
#1113 = PLANE ( 'NONE',  #8065 ) ;
#1114 = FACE_OUTER_BOUND ( 'NONE', #3323, .T. ) ;
#1115 = CARTESIAN_POINT ( 'NONE',  ( 12.97499999999999964, 2.500000000000000000, -0.9000000000000000222 ) ) ;
#1116 = ORIENTED_EDGE ( 'NONE', *, *, #2991, .T. ) ;
#1117 = DIRECTION ( 'NONE',  ( 3.469446951953614189E-14, 0.000000000000000000, 1.000000000000000000 ) ) ;
#1118 = CARTESIAN_POINT ( 'NONE',  ( -14.25000000000000000, 2.000000000000000000, -5.500000000000000000 ) ) ;
#1119 = ORIENTED_EDGE ( 'NONE', *, *, #5098, .F. ) ;
#1120 = CARTESIAN_POINT ( 'NONE',  ( 3.890287547404999824, 1.253145764062999934, -0.4806534912932999837 ) ) ;
#1121 = ORIENTED_EDGE ( 'NONE', *, *, #1390, .T. ) ;
#1122 = LINE ( 'NONE', #7452, #1314 ) ;
#1123 = ORIENTED_EDGE ( 'NONE', *, *, #4303, .T. ) ;
#1124 = CARTESIAN_POINT ( 'NONE',  ( -7.277603698116000608, -1.224574780638000071, -1.395381644408000055 ) ) ;
#1125 = CARTESIAN_POINT ( 'NONE',  ( 3.900384804469999800, 1.571983594570999898, -0.6639559802222000373 ) ) ;
#1126 = AXIS2_PLACEMENT_3D ( 'NONE', #2674, #2816, #4979 ) ;
#1127 = ORIENTED_EDGE ( 'NONE', *, *, #4288, .T. ) ;
#1128 = DIRECTION ( 'NONE',  ( -1.000000000000000000, 0.000000000000000000, 0.000000000000000000 ) ) ;
#1129 = EDGE_CURVE ( 'NONE', #334, #1220, #4569, .T. ) ;
#1130 = DIRECTION ( 'NONE',  ( 0.000000000000000000, 1.000000000000000000, -1.387778780781445676E-14 ) ) ;
#1131 = CARTESIAN_POINT ( 'NONE',  ( 7.650725455797999786, 6.669999999999999929, -0.8000000000000000444 ) ) ;
#1132 = LINE ( 'NONE', #3983, #4268 ) ;
#1133 = AXIS2_PLACEMENT_3D ( 'NONE', #7950, #9222, #2841 ) ;
#1134 = ORIENTED_EDGE ( 'NONE', *, *, #4890, .T. ) ;
#1135 = CARTESIAN_POINT ( 'NONE',  ( 13.42499999999999893, -1.000000000000000000, -4.500000000000000000 ) ) ;
#1136 = VERTEX_POINT ( 'NONE', #5750 ) ;
#1137 = AXIS2_PLACEMENT_3D ( 'NONE', #2447, #1610, #221 ) ;
#1138 = ORIENTED_EDGE ( 'NONE', *, *, #3447, .T. ) ;
#1139 = VECTOR ( 'NONE', #7594, 1000.000000000000000 ) ;
#1140 = EDGE_CURVE ( 'NONE', #2768, #2907, #74, .T. ) ;
#1141 = CARTESIAN_POINT ( 'NONE',  ( 3.902872328259002099, -1.591908898322998533, -0.6661171260796002747 ) ) ;
#1142 = VERTEX_POINT ( 'NONE', #9211 ) ;
#1143 = CARTESIAN_POINT ( 'NONE',  ( -12.77500000000000036, -1.550000000000000044, -5.500000000000000000 ) ) ;
#1144 = CARTESIAN_POINT ( 'NONE',  ( -7.335983667912000072, -6.669999999999999929, -0.5311251150915999863 ) ) ;
#1145 = LINE ( 'NONE', #6263, #2164 ) ;
#1146 = ORIENTED_EDGE ( 'NONE', *, *, #5052, .F. ) ;
#1147 = DIRECTION ( 'NONE',  ( 0.000000000000000000, 0.000000000000000000, -1.000000000000000000 ) ) ;
#1148 = DIRECTION ( 'NONE',  ( 0.000000000000000000, 0.000000000000000000, -1.000000000000000000 ) ) ;
#1149 = EDGE_CURVE ( 'NONE', #8866, #1665, #7762, .T. ) ;
#1150 = EDGE_LOOP ( 'NONE', ( #8032, #7756, #1683, #4593 ) ) ;
#1151 = EDGE_CURVE ( 'NONE', #5450, #1136, #683, .T. ) ;
#1152 = DIRECTION ( 'NONE',  ( 0.000000000000000000, -1.000000000000000000, 0.000000000000000000 ) ) ;
#1153 = CARTESIAN_POINT ( 'NONE',  ( 13.22500000000000142, -2.000000000000000000, -5.250000000000000000 ) ) ;
#1154 = ORIENTED_EDGE ( 'NONE', *, *, #1149, .T. ) ;
#1155 = DIRECTION ( 'NONE',  ( 0.000000000000000000, -1.000000000000000000, 0.000000000000000000 ) ) ;
#1156 = DIRECTION ( 'NONE',  ( 0.000000000000000000, 0.000000000000000000, 1.000000000000000000 ) ) ;
#1157 = DIRECTION ( 'NONE',  ( 0.000000000000000000, -1.000000000000000000, 0.000000000000000000 ) ) ;
#1158 = DIRECTION ( 'NONE',  ( 0.000000000000000000, 0.000000000000000000, -1.000000000000000000 ) ) ;
#1159 = CARTESIAN_POINT ( 'NONE',  ( -10.77614159057000087, -2.500000000000000000, -1.173853277176000187 ) ) ;
#1160 = VECTOR ( 'NONE', #4646, 1000.000000000000000 ) ;
#1161 = EDGE_LOOP ( 'NONE', ( #9206, #3603, #3730, #9094 ) ) ;
#1162 = CARTESIAN_POINT ( 'NONE',  ( 9.650000000000000355, -7.250000000000000000, -0.5000000000000000000 ) ) ;
#1163 = ADVANCED_FACE ( 'NONE', ( #3532 ), #6401, .T. ) ;
#1164 = LINE ( 'NONE', #6234, #6917 ) ;
#1165 = VERTEX_POINT ( 'NONE', #5701 ) ;
#1166 = CARTESIAN_POINT ( 'NONE',  ( 3.970753357740999689, 1.285733578514000053, -0.6912900194166999857 ) ) ;
#1167 = ORIENTED_EDGE ( 'NONE', *, *, #7245, .T. ) ;
#1168 = CARTESIAN_POINT ( 'NONE',  ( 11.07499999999999929, -2.600000000000000089, -5.500000000000000000 ) ) ;
#1169 = ORIENTED_EDGE ( 'NONE', *, *, #5957, .T. ) ;
#1170 = CARTESIAN_POINT ( 'NONE',  ( 13.22500000000000142, -0.5000000000000000000, -4.750000000000000000 ) ) ;
#1171 = AXIS2_PLACEMENT_3D ( 'NONE', #6944, #2716, #2665 ) ;
#1172 = CARTESIAN_POINT ( 'NONE',  ( 9.500000000000000000, -7.500000000000000000, -0.2500000000000000000 ) ) ;
#1173 = EDGE_LOOP ( 'NONE', ( #676, #5768, #5437, #7134, #3265, #9242, #3224, #7706, #347, #8527, #8468, #7717, #8018, #945, #3592, #8532 ) ) ;
#1174 = CARTESIAN_POINT ( 'NONE',  ( -9.951004974372999357, 2.000000000000000000, -1.100000000000000089 ) ) ;
#1175 = CARTESIAN_POINT ( 'NONE',  ( 14.25000000000000000, -2.000000000000000000, -5.500000000000000000 ) ) ;
#1176 = DIRECTION ( 'NONE',  ( 0.000000000000000000, 0.000000000000000000, -1.000000000000000000 ) ) ;
#1177 = PLANE ( 'NONE',  #691 ) ;
#1178 = ORIENTED_EDGE ( 'NONE', *, *, #6427, .F. ) ;
#1179 = CARTESIAN_POINT ( 'NONE',  ( -13.22500000000000142, 0.5000000000000000000, -4.450000000000000178 ) ) ;
#1180 = AXIS2_PLACEMENT_3D ( 'NONE', #5181, #3023, #5894 ) ;
#1181 = CIRCLE ( 'NONE', #2076, 0.04999999999999969746 ) ;
#1182 = VERTEX_POINT ( 'NONE', #1515 ) ;
#1183 = VERTEX_POINT ( 'NONE', #5833 ) ;
#1184 = DIRECTION ( 'NONE',  ( 0.9455185755993017471, 0.000000000000000000, -0.3255681544572003872 ) ) ;
#1185 = ORIENTED_EDGE ( 'NONE', *, *, #5629, .T. ) ;
#1186 = CARTESIAN_POINT ( 'NONE',  ( 0.000000000000000000, 7.250000000000000000, -4.000000000000000000 ) ) ;
#1187 = DIRECTION ( 'NONE',  ( 0.000000000000000000, 0.000000000000000000, 1.000000000000000000 ) ) ;
#1188 = DIRECTION ( 'NONE',  ( 0.000000000000000000, 1.000000000000000000, 0.000000000000000000 ) ) ;
#1189 = ORIENTED_EDGE ( 'NONE', *, *, #4877, .T. ) ;
#1190 = CIRCLE ( 'NONE', #3131, 0.5199999999999996847 ) ;
#1191 = FILL_AREA_STYLE_COLOUR ( '', #8669 ) ;
#1192 = AXIS2_PLACEMENT_3D ( 'NONE', #9035, #8425, #5517 ) ;
#1193 = CARTESIAN_POINT ( 'NONE',  ( 13.47500000000000142, -1.750000000000000000, -5.299999999999999822 ) ) ;
#1194 = ADVANCED_FACE ( 'NONE', ( #7282 ), #2252, .T. ) ;
#1195 = EDGE_LOOP ( 'NONE', ( #1921, #8690, #734, #8340 ) ) ;
#1196 = DIRECTION ( 'NONE',  ( -1.000000000000000000, 0.000000000000000000, 0.000000000000000000 ) ) ;
#1197 = CIRCLE ( 'NONE', #3292, 0.2500000000000000000 ) ;
#1198 = VECTOR ( 'NONE', #6207, 1000.000000000000000 ) ;
#1199 = CYLINDRICAL_SURFACE ( 'NONE', #4795, 0.4800000000000000377 ) ;
#1200 = ORIENTED_EDGE ( 'NONE', *, *, #5415, .T. ) ;
#1201 = EDGE_CURVE ( 'NONE', #8569, #4709, #7983, .T. ) ;
#1202 = CARTESIAN_POINT ( 'NONE',  ( 13.47500000000000142, 1.750000000000000000, -5.500000000000000000 ) ) ;
#1203 = CARTESIAN_POINT ( 'NONE',  ( 3.878474839888000236, -1.589500506429999849, -0.6343490298142000494 ) ) ;
#1204 = CARTESIAN_POINT ( 'NONE',  ( 13.42499999999999893, -2.000000000000000000, -5.250000000000000000 ) ) ;
#1205 = CARTESIAN_POINT ( 'NONE',  ( -9.179185367155000108, -0.5271572148129000102, -4.000000000000000000 ) ) ;
#1206 = LINE ( 'NONE', #2563, #3672 ) ;
#1207 = VERTEX_POINT ( 'NONE', #5126 ) ;
#1208 = EDGE_CURVE ( 'NONE', #1081, #2915, #163, .T. ) ;
#1209 = ORIENTED_EDGE ( 'NONE', *, *, #3998, .F. ) ;
#1210 = CARTESIAN_POINT ( 'NONE',  ( -11.52500000000000036, -1.550000000000000044, -0.9000000000000000222 ) ) ;
#1211 = CIRCLE ( 'NONE', #6901, 0.04999999999999969746 ) ;
#1212 = DIRECTION ( 'NONE',  ( 0.000000000000000000, 0.000000000000000000, -1.000000000000000000 ) ) ;
#1213 = ORIENTED_EDGE ( 'NONE', *, *, #8251, .F. ) ;
#1214 = CARTESIAN_POINT ( 'NONE',  ( 3.962819168485999910, 1.338013364755999968, -0.6814979826812999075 ) ) ;
#1215 = AXIS2_PLACEMENT_3D ( 'NONE', #7936, #8739, #8069 ) ;
#1216 = EDGE_CURVE ( 'NONE', #8285, #6166, #9251, .T. ) ;
#1217 = EDGE_CURVE ( 'NONE', #2421, #5240, #1898, .T. ) ;
#1218 = LINE ( 'NONE', #4073, #6469 ) ;
#1219 = AXIS2_PLACEMENT_3D ( 'NONE', #6372, #6981, #9141 ) ;
#1220 = VERTEX_POINT ( 'NONE', #2603 ) ;
#1221 = FACE_OUTER_BOUND ( 'NONE', #8975, .T. ) ;
#1222 = ORIENTED_EDGE ( 'NONE', *, *, #7232, .T. ) ;
#1223 = CARTESIAN_POINT ( 'NONE',  ( -13.47500000000000142, 1.750000000000000000, -5.500000000000000000 ) ) ;
#1224 = ADVANCED_FACE ( 'NONE', ( #6833 ), #8943, .T. ) ;
#1225 = AXIS2_PLACEMENT_3D ( 'NONE', #6470, #1404, #2900 ) ;
#1226 = ORIENTED_EDGE ( 'NONE', *, *, #2756, .T. ) ;
#1227 = CIRCLE ( 'NONE', #6473, 0.2500000000000000000 ) ;
#1228 = PLANE ( 'NONE',  #7042 ) ;
#1229 = VECTOR ( 'NONE', #4202, 1000.000000000000114 ) ;
#1230 = CARTESIAN_POINT ( 'NONE',  ( 9.142804232943001708, 4.129999999999999893, -0.1345265211535000005 ) ) ;
#1231 = PLANE ( 'NONE',  #6125 ) ;
#1232 = LINE ( 'NONE', #7841, #3819 ) ;
#1233 = ORIENTED_EDGE ( 'NONE', *, *, #6410, .T. ) ;
#1234 = CARTESIAN_POINT ( 'NONE',  ( -9.142804233481999887, 4.129999999999999893, -0.6654734797165999804 ) ) ;
#1235 = ORIENTED_EDGE ( 'NONE', *, *, #3569, .F. ) ;
#1236 = VERTEX_POINT ( 'NONE', #6930 ) ;
#1237 = LINE ( 'NONE', #7059, #8697 ) ;
#1238 = ORIENTED_EDGE ( 'NONE', *, *, #7124, .F. ) ;
#1239 = DIRECTION ( 'NONE',  ( 1.000000000000000000, 0.000000000000000000, 0.000000000000000000 ) ) ;
#1240 = DIRECTION ( 'NONE',  ( 0.000000000000000000, 1.000000000000000000, 0.000000000000000000 ) ) ;
#1241 = DIRECTION ( 'NONE',  ( 1.000000000000000000, 0.000000000000000000, 0.000000000000000000 ) ) ;
#1242 = ORIENTED_EDGE ( 'NONE', *, *, #2405, .T. ) ;
#1243 = LINE ( 'NONE', #3950, #1291 ) ;
#1244 = CARTESIAN_POINT ( 'NONE',  ( -8.273516791272999882, -0.6729456716339999867, -1.369747470354000018 ) ) ;
#1245 = EDGE_LOOP ( 'NONE', ( #4243, #6159, #8201, #5906 ) ) ;
#1246 = FACE_OUTER_BOUND ( 'NONE', #8572, .T. ) ;
#1247 = DIRECTION ( 'NONE',  ( 0.000000000000000000, 0.000000000000000000, -1.000000000000000000 ) ) ;
#1248 = VERTEX_POINT ( 'NONE', #5433 ) ;
#1249 = DIRECTION ( 'NONE',  ( 0.000000000000000000, -1.000000000000000000, 0.000000000000000000 ) ) ;
#1250 = EDGE_CURVE ( 'NONE', #6567, #8135, #1420, .T. ) ;
#1251 = CARTESIAN_POINT ( 'NONE',  ( -0.2491314716374000149, 6.408693892986000229, -4.200000000000000178 ) ) ;
#1252 = LINE ( 'NONE', #5476, #8629 ) ;
#1253 = DIRECTION ( 'NONE',  ( 1.000000000000000000, 0.000000000000000000, 0.000000000000000000 ) ) ;
#1254 = CARTESIAN_POINT ( 'NONE',  ( 13.02132084152999880, -0.5000000000000000000, -3.429120987151999866 ) ) ;
#1255 = ORIENTED_EDGE ( 'NONE', *, *, #5749, .F. ) ;
#1256 = ORIENTED_EDGE ( 'NONE', *, *, #8937, .F. ) ;
#1257 = DIRECTION ( 'NONE',  ( 0.000000000000000000, -1.000000000000000000, 0.000000000000000000 ) ) ;
#1258 = CARTESIAN_POINT ( 'NONE',  ( -12.72499999999999964, 0.5000000000000000000, -4.450000000000000178 ) ) ;
#1259 = VERTEX_POINT ( 'NONE', #4008 ) ;
#1260 = CARTESIAN_POINT ( 'NONE',  ( 3.924478839382000039, 1.170143834880999822, -0.5397973778203999373 ) ) ;
#1261 = CARTESIAN_POINT ( 'NONE',  ( 3.938542803765999967, -1.251039317106001025, -0.5338312774132000227 ) ) ;
#1262 = EDGE_CURVE ( 'NONE', #9144, #1888, #1867, .T. ) ;
#1263 = VERTEX_POINT ( 'NONE', #4715 ) ;
#1264 = DIRECTION ( 'NONE',  ( 2.842170943040000002E-14, -1.000000000000000000, 0.000000000000000000 ) ) ;
#1265 =( BOUNDED_CURVE ( )  B_SPLINE_CURVE ( 3, ( #982, #5292, #4495, #7310 ),
 .UNSPECIFIED., .F., .F. ) 
 B_SPLINE_CURVE_WITH_KNOTS ( ( 4, 4 ),
 ( 0.000000000000000000, 1.000000000000000000 ),
 .UNSPECIFIED. ) 
 CURVE ( )  GEOMETRIC_REPRESENTATION_ITEM ( )  RATIONAL_B_SPLINE_CURVE ( ( 0.9999999990912249448, 0.9708373565583302556, 0.9708373568206536408, 0.9999999998780779720 ) ) 
 REPRESENTATION_ITEM ( '' )  );
#1266 = ORIENTED_EDGE ( 'NONE', *, *, #2770, .F. ) ;
#1267 = CARTESIAN_POINT ( 'NONE',  ( 3.892738713663999928, -1.032548886273999988, -0.5969400532355999545 ) ) ;
#1268 = ADVANCED_FACE ( 'NONE', ( #8332 ), #4103, .F. ) ;
#1269 = EDGE_LOOP ( 'NONE', ( #8471, #1138, #1579, #4837 ) ) ;
#1270 = EDGE_CURVE ( 'NONE', #8106, #7024, #1960, .T. ) ;
#1271 = CARTESIAN_POINT ( 'NONE',  ( 13.22500000000000142, -2.000000000000000000, -3.350000000000000089 ) ) ;
#1272 = CARTESIAN_POINT ( 'NONE',  ( -7.374033688578988333, 1.200858714328998378, -1.463410141230998995 ) ) ;
#1273 = CARTESIAN_POINT ( 'NONE',  ( 14.25000000000000000, 2.600000000000000089, 0.000000000000000000 ) ) ;
#1274 = DIRECTION ( 'NONE',  ( 0.000000000000000000, 1.000000000000000000, 0.000000000000000000 ) ) ;
#1275 = ORIENTED_EDGE ( 'NONE', *, *, #970, .F. ) ;
#1276 = LINE ( 'NONE', #4132, #3905 ) ;
#1277 = EDGE_CURVE ( 'NONE', #6978, #6048, #954, .T. ) ;
#1278 = VERTEX_POINT ( 'NONE', #1203 ) ;
#1279 = VECTOR ( 'NONE', #2782, 1000.000000000000000 ) ;
#1280 = ORIENTED_EDGE ( 'NONE', *, *, #1667, .T. ) ;
#1281 = DIRECTION ( 'NONE',  ( 0.000000000000000000, -1.000000000000000000, 0.000000000000000000 ) ) ;
#1282 = VECTOR ( 'NONE', #4886, 1000.000000000000000 ) ;
#1283 = AXIS2_PLACEMENT_3D ( 'NONE', #2130, #83, #8704 ) ;
#1284 = EDGE_LOOP ( 'NONE', ( #5430, #7084, #8130, #8499 ) ) ;
#1285 = PLANE ( 'NONE',  #7060 ) ;
#1286 = LINE ( 'NONE', #8466, #3305 ) ;
#1287 = CARTESIAN_POINT ( 'NONE',  ( 12.77500000000000036, -2.500000000000000000, -0.9000000000000000222 ) ) ;
#1288 = ORIENTED_EDGE ( 'NONE', *, *, #6710, .T. ) ;
#1289 = CARTESIAN_POINT ( 'NONE',  ( 3.967161918855748759, 1.319309686867701448, -0.6882876024594921649 ) ) ;
#1290 = CIRCLE ( 'NONE', #4129, 0.2000000000000005107 ) ;
#1291 = VECTOR ( 'NONE', #3444, 1000.000000000000000 ) ;
#1292 = ORIENTED_EDGE ( 'NONE', *, *, #4477, .F. ) ;
#1293 = DIRECTION ( 'NONE',  ( 1.000000000000000000, 0.000000000000000000, 0.000000000000000000 ) ) ;
#1294 = DIRECTION ( 'NONE',  ( 0.000000000000000000, -1.000000000000000000, 0.000000000000000000 ) ) ;
#1295 = VERTEX_POINT ( 'NONE', #9088 ) ;
#1296 = FACE_OUTER_BOUND ( 'NONE', #2732, .T. ) ;
#1297 = PLANE ( 'NONE',  #1869 ) ;
#1298 = VECTOR ( 'NONE', #5106, 1000.000000000000000 ) ;
#1299 = DIRECTION ( 'NONE',  ( 0.000000000000000000, 1.000000000000000000, 0.000000000000000000 ) ) ;
#1300 = CARTESIAN_POINT ( 'NONE',  ( -15.84999999999999964, -1.750000000000000000, -5.500000000000000000 ) ) ;
#1301 = ORIENTED_EDGE ( 'NONE', *, *, #4695, .F. ) ;
#1302 = ORIENTED_EDGE ( 'NONE', *, *, #6787, .T. ) ;
#1303 = DIRECTION ( 'NONE',  ( -0.5868168447381136854, 0.05737937123930127170, 0.8076840957254185493 ) ) ;
#1304 = CARTESIAN_POINT ( 'NONE',  ( -13.12697540696999887, -0.5000000000000000000, -3.655697933911000064 ) ) ;
#1305 = ORIENTED_EDGE ( 'NONE', *, *, #5085, .F. ) ;
#1306 = CARTESIAN_POINT ( 'NONE',  ( 3.878823392505000189, 1.185500725005000033, -0.4632367796683999894 ) ) ;
#1307 = CARTESIAN_POINT ( 'NONE',  ( 3.967888060560999186, -1.245074489638999360, -0.7367388287213005871 ) ) ;
#1308 = VECTOR ( 'NONE', #7581, 1000.000000000000000 ) ;
#1309 = ORIENTED_EDGE ( 'NONE', *, *, #4734, .F. ) ;
#1310 = CYLINDRICAL_SURFACE ( 'NONE', #6706, 1.000000000000000000 ) ;
#1311 = ORIENTED_EDGE ( 'NONE', *, *, #1046, .F. ) ;
#1312 = CARTESIAN_POINT ( 'NONE',  ( 10.87500000000000000, -2.000000000000000000, -4.000000000000000000 ) ) ;
#1313 = ADVANCED_FACE ( 'NONE', ( #6132 ), #3212, .F. ) ;
#1314 = VECTOR ( 'NONE', #1032, 1000.000000000000000 ) ;
#1315 = CARTESIAN_POINT ( 'NONE',  ( -7.446693922037005642, -1.272537065287998814, -1.457666627255999270 ) ) ;
#1316 = ORIENTED_EDGE ( 'NONE', *, *, #3326, .T. ) ;
#1317 = DIRECTION ( 'NONE',  ( 0.000000000000000000, 1.000000000000000000, 0.000000000000000000 ) ) ;
#1318 = CARTESIAN_POINT ( 'NONE',  ( -7.546984876109000595, 1.308323542676999240, -1.386802059507000084 ) ) ;
#1319 = AXIS2_PLACEMENT_3D ( 'NONE', #890, #4488, #935 ) ;
#1320 = EDGE_CURVE ( 'NONE', #4984, #8981, #8280, .T. ) ;
#1321 = CARTESIAN_POINT ( 'NONE',  ( 3.902099325236288774, -1.075733816539465426, -0.5593204969554635975 ) ) ;
#1322 = LINE ( 'NONE', #8503, #240 ) ;
#1323 = EDGE_LOOP ( 'NONE', ( #6436, #9105, #1154, #6371 ) ) ;
#1324 = LINE ( 'NONE', #8597, #8711 ) ;
#1325 = VECTOR ( 'NONE', #2305, 1000.000000000000000 ) ;
#1326 = ORIENTED_EDGE ( 'NONE', *, *, #2386, .T. ) ;
#1327 = AXIS2_PLACEMENT_3D ( 'NONE', #4319, #1595, #8782 ) ;
#1328 = ORIENTED_EDGE ( 'NONE', *, *, #4737, .T. ) ;
#1329 = DIRECTION ( 'NONE',  ( 0.5610739678051955837, 0.000000000000000000, -0.8277656689252909095 ) ) ;
#1330 = ORIENTED_EDGE ( 'NONE', *, *, #4934, .T. ) ;
#1331 = EDGE_CURVE ( 'NONE', #1789, #7972, #8994, .T. ) ;
#1332 = CARTESIAN_POINT ( 'NONE',  ( 0.000000000000000000, 0.000000000000000000, 0.000000000000000000 ) ) ;
#1333 = CARTESIAN_POINT ( 'NONE',  ( -6.785934038805000235, 1.229999999999999982, -1.564677084726000089 ) ) ;
#1334 = DIRECTION ( 'NONE',  ( 1.000000000000000000, 0.000000000000000000, 0.000000000000000000 ) ) ;
#1335 = ORIENTED_EDGE ( 'NONE', *, *, #8626, .T. ) ;
#1336 = CARTESIAN_POINT ( 'NONE',  ( 3.965672193650999766, 1.187828592023999930, -0.6954159902112999614 ) ) ;
#1337 = EDGE_CURVE ( 'NONE', #4183, #7425, #3716, .T. ) ;
#1338 = FACE_OUTER_BOUND ( 'NONE', #4558, .T. ) ;
#1339 = VECTOR ( 'NONE', #3981, 1000.000000000000000 ) ;
#1340 = ORIENTED_EDGE ( 'NONE', *, *, #6080, .F. ) ;
#1341 = DIRECTION ( 'NONE',  ( 0.9455185755993017471, 0.000000000000000000, -0.3255681544572005537 ) ) ;
#1342 = FACE_OUTER_BOUND ( 'NONE', #4945, .T. ) ;
#1343 = AXIS2_PLACEMENT_3D ( 'NONE', #2862, #7922, #2813 ) ;
#1344 = ORIENTED_EDGE ( 'NONE', *, *, #2819, .T. ) ;
#1345 = LINE ( 'NONE', #5045, #1229 ) ;
#1346 = LINE ( 'NONE', #5434, #4571 ) ;
#1347 = DIRECTION ( 'NONE',  ( 0.000000000000000000, 0.000000000000000000, 1.000000000000000000 ) ) ;
#1348 = CARTESIAN_POINT ( 'NONE',  ( 3.305221764409000063, 1.270000000000000018, -0.1855941842102000194 ) ) ;
#1349 = ORIENTED_EDGE ( 'NONE', *, *, #4757, .F. ) ;
#1350 = ORIENTED_EDGE ( 'NONE', *, *, #2866, .T. ) ;
#1351 = CARTESIAN_POINT ( 'NONE',  ( -8.750000000000000000, 6.349999999999999645, -0.2500000000000000000 ) ) ;
#1352 = VECTOR ( 'NONE', #5852, 1000.000000000000000 ) ;
#1353 = VECTOR ( 'NONE', #5926, 1000.000000000000000 ) ;
#1354 = DIRECTION ( 'NONE',  ( -0.9134742449544117626, -0.4068965517241048269, 0.000000000000000000 ) ) ;
#1355 = ORIENTED_EDGE ( 'NONE', *, *, #9060, .F. ) ;
#1356 = CARTESIAN_POINT ( 'NONE',  ( 0.000000000000000000, 6.500000000000000000, -4.200000000000000178 ) ) ;
#1357 = FACE_BOUND ( 'NONE', #4919, .T. ) ;
#1358 = ORIENTED_EDGE ( 'NONE', *, *, #8786, .F. ) ;
#1359 = DIRECTION ( 'NONE',  ( 1.000000000000000000, 0.000000000000000000, 0.000000000000000000 ) ) ;
#1360 = VECTOR ( 'NONE', #8365, 1000.000000000000000 ) ;
#1361 = ORIENTED_EDGE ( 'NONE', *, *, #4695, .T. ) ;
#1362 = PLANE ( 'NONE',  #2633 ) ;
#1363 = VECTOR ( 'NONE', #2157, 1000.000000000000000 ) ;
#1364 = B_SPLINE_CURVE_WITH_KNOTS ( 'NONE', 3,
 ( #3046, #2332, #5203, #8066, #7461, #4778 ),
 .UNSPECIFIED., .F., .F.,
 ( 4, 1, 1, 4 ),
 ( 0.000000000000000000, 0.3333333333333000081, 0.6666666666667000474, 1.000000000000000000 ),
 .UNSPECIFIED. ) ;
#1365 = CARTESIAN_POINT ( 'NONE',  ( -7.546984876109000595, -1.140826018599000236, -1.386802059507000084 ) ) ;
#1366 = ORIENTED_EDGE ( 'NONE', *, *, #7074, .T. ) ;
#1367 = DIRECTION ( 'NONE',  ( -0.9455185755993017471, 0.000000000000000000, 0.3255681544572003872 ) ) ;
#1368 = CARTESIAN_POINT ( 'NONE',  ( -11.07499999999999929, -2.500000000000000000, -0.9000000000000000222 ) ) ;
#1369 = DIRECTION ( 'NONE',  ( 0.000000000000000000, 1.000000000000000000, 0.000000000000000000 ) ) ;
#1370 = EDGE_CURVE ( 'NONE', #5150, #467, #3312, .T. ) ;
#1371 = VERTEX_POINT ( 'NONE', #6224 ) ;
#1372 = AXIS2_PLACEMENT_3D ( 'NONE', #7237, #5744, #4317 ) ;
#1373 = CARTESIAN_POINT ( 'NONE',  ( 3.967362000144000422, -1.314392952543000259, -0.6871767062031999274 ) ) ;
#1374 = VECTOR ( 'NONE', #1212, 1000.000000000000000 ) ;
#1375 = EDGE_CURVE ( 'NONE', #5933, #3411, #7848, .T. ) ;
#1376 = ORIENTED_EDGE ( 'NONE', *, *, #4298, .T. ) ;
#1377 = CIRCLE ( 'NONE', #4220, 1.000000000000000000 ) ;
#1378 = EDGE_CURVE ( 'NONE', #6541, #746, #4817, .T. ) ;
#1379 = CARTESIAN_POINT ( 'NONE',  ( -7.963822894566171762, 0.6827538724624541144, -1.278448206122275499 ) ) ;
#1380 = ORIENTED_EDGE ( 'NONE', *, *, #4016, .T. ) ;
#1381 = PLANE ( 'NONE',  #916 ) ;
#1382 = CARTESIAN_POINT ( 'NONE',  ( 4.291266850093000684, -0.7149874937750000381, -1.306786416877000034 ) ) ;
#1383 = EDGE_CURVE ( 'NONE', #1792, #3938, #8559, .T. ) ;
#1384 = DIRECTION ( 'NONE',  ( 1.000000000000000000, 0.000000000000000000, 0.000000000000000000 ) ) ;
#1385 = VERTEX_POINT ( 'NONE', #5205 ) ;
#1386 = CARTESIAN_POINT ( 'NONE',  ( 3.966808113802000602, 1.192786827433000019, -0.6680730393893000718 ) ) ;
#1387 = CARTESIAN_POINT ( 'NONE',  ( 0.000000000000000000, 0.000000000000000000, -4.000000000000000000 ) ) ;
#1388 = EDGE_CURVE ( 'NONE', #2339, #1278, #7026, .T. ) ;
#1389 = ORIENTED_EDGE ( 'NONE', *, *, #4403, .F. ) ;
#1390 = EDGE_CURVE ( 'NONE', #729, #4997, #160, .T. ) ;
#1391 = LINE ( 'NONE', #8474, #5553 ) ;
#1392 = VERTEX_POINT ( 'NONE', #5919 ) ;
#1393 = CARTESIAN_POINT ( 'NONE',  ( 8.212614568277999183, -0.004903451899607999716, -3.951768850292999513 ) ) ;
#1394 = DIRECTION ( 'NONE',  ( 0.000000000000000000, -1.000000000000000000, 0.000000000000000000 ) ) ;
#1395 = PLANE ( 'NONE',  #5068 ) ;
#1396 = CARTESIAN_POINT ( 'NONE',  ( -14.25000000000000000, 3.500000000000000000, 0.000000000000000000 ) ) ;
#1397 = VERTEX_POINT ( 'NONE', #27 ) ;
#1398 = EDGE_LOOP ( 'NONE', ( #5036, #8699, #1545, #8305 ) ) ;
#1399 = FACE_OUTER_BOUND ( 'NONE', #4609, .T. ) ;
#1400 = EDGE_CURVE ( 'NONE', #8366, #306, #723, .T. ) ;
#1401 = CARTESIAN_POINT ( 'NONE',  ( -13.47500000000000142, -1.750000000000000000, -5.500000000000000000 ) ) ;
#1402 = ORIENTED_EDGE ( 'NONE', *, *, #5190, .T. ) ;
#1403 = DIRECTION ( 'NONE',  ( 0.000000000000000000, 1.000000000000000000, 0.000000000000000000 ) ) ;
#1404 = DIRECTION ( 'NONE',  ( 0.000000000000000000, 0.000000000000000000, 1.000000000000000000 ) ) ;
#1405 = ORIENTED_EDGE ( 'NONE', *, *, #7377, .T. ) ;
#1406 = PLANE ( 'NONE',  #128 ) ;
#1407 = VERTEX_POINT ( 'NONE', #1511 ) ;
#1408 = CARTESIAN_POINT ( 'NONE',  ( -7.149516520536000286, 1.008260968425000348, -1.523661389739999761 ) ) ;
#1409 = DIRECTION ( 'NONE',  ( 0.000000000000000000, 0.000000000000000000, 1.000000000000000000 ) ) ;
#1410 = VERTEX_POINT ( 'NONE', #5746 ) ;
#1411 = CARTESIAN_POINT ( 'NONE',  ( -8.273516791272999882, -1.750000000000000000, -1.369747470354000018 ) ) ;
#1412 = DIRECTION ( 'NONE',  ( 0.000000000000000000, 1.000000000000000000, 0.000000000000000000 ) ) ;
#1413 = LINE ( 'NONE', #8594, #7872 ) ;
#1414 = ORIENTED_EDGE ( 'NONE', *, *, #9074, .F. ) ;
#1415 = CARTESIAN_POINT ( 'NONE',  ( 3.884921876818000275, -1.254544163512000043, -0.4737834633081000058 ) ) ;
#1416 = ORIENTED_EDGE ( 'NONE', *, *, #6825, .T. ) ;
#1417 = EDGE_CURVE ( 'NONE', #5006, #7605, #4372, .T. ) ;
#1418 = LINE ( 'NONE', #8416, #1360 ) ;
#1419 = ORIENTED_EDGE ( 'NONE', *, *, #2004, .F. ) ;
#1420 = LINE ( 'NONE', #7676, #981 ) ;
#1421 = CARTESIAN_POINT ( 'NONE',  ( -9.271763586287001147, -4.129999999999999893, 0.000000000000000000 ) ) ;
#1422 = DIRECTION ( 'NONE',  ( 0.000000000000000000, 0.000000000000000000, -1.000000000000000000 ) ) ;
#1423 = CARTESIAN_POINT ( 'NONE',  ( -5.000000000000000000, 6.669999999999999929, -5.500000000000000000 ) ) ;
#1424 = VERTEX_POINT ( 'NONE', #3048 ) ;
#1425 = CARTESIAN_POINT ( 'NONE',  ( 3.991582553094999763, 1.023208653765000031, -0.7768435924577999918 ) ) ;
#1426 = PLANE ( 'NONE',  #7645 ) ;
#1427 = VECTOR ( 'NONE', #1241, 1000.000000000000000 ) ;
#1428 = ORIENTED_EDGE ( 'NONE', *, *, #1378, .T. ) ;
#1429 = EDGE_CURVE ( 'NONE', #7243, #1474, #8947, .T. ) ;
#1430 = VECTOR ( 'NONE', #4188, 1000.000000000000000 ) ;
#1431 = AXIS2_PLACEMENT_3D ( 'NONE', #1435, #1476, #5759 ) ;
#1432 = CARTESIAN_POINT ( 'NONE',  ( 3.872949677118000977, -0.8961314443757000259, -0.6253211722816003348 ) ) ;
#1433 = ORIENTED_EDGE ( 'NONE', *, *, #2634, .T. ) ;
#1434 = DIRECTION ( 'NONE',  ( 0.000000000000000000, -1.000000000000000000, 0.000000000000000000 ) ) ;
#1435 = CARTESIAN_POINT ( 'NONE',  ( -7.703087057135999949, -2.500000000000000000, -1.248875974902999841 ) ) ;
#1436 = DIRECTION ( 'NONE',  ( 0.000000000000000000, 1.000000000000000000, 0.000000000000000000 ) ) ;
#1437 = CARTESIAN_POINT ( 'NONE',  ( -7.212490067225000523, -1.750000000000000000, -1.206277929287999928 ) ) ;
#1438 = EDGE_CURVE ( 'NONE', #5336, #1248, #3626, .T. ) ;
#1439 = VECTOR ( 'NONE', #3501, 1000.000000000000000 ) ;
#1440 = ORIENTED_EDGE ( 'NONE', *, *, #3678, .T. ) ;
#1441 = FACE_OUTER_BOUND ( 'NONE', #5446, .T. ) ;
#1442 = ADVANCED_FACE ( 'NONE', ( #7192 ), #2335, .T. ) ;
#1443 = CARTESIAN_POINT ( 'NONE',  ( -11.00000000000000000, 7.799999999999999822, -5.500000000000000000 ) ) ;
#1444 = CARTESIAN_POINT ( 'NONE',  ( -7.506751777957999749, -1.224574780638000071, -1.358784460234000013 ) ) ;
#1445 = AXIS2_PLACEMENT_3D ( 'NONE', #8787, #5397, #6580 ) ;
#1446 = FACE_OUTER_BOUND ( 'NONE', #8514, .T. ) ;
#1447 = ORIENTED_EDGE ( 'NONE', *, *, #5277, .F. ) ;
#1448 = DIRECTION ( 'NONE',  ( 0.000000000000000000, 0.000000000000000000, -1.000000000000000000 ) ) ;
#1449 = EDGE_CURVE ( 'NONE', #4997, #2611, #730, .T. ) ;
#1450 = VERTEX_POINT ( 'NONE', #5876 ) ;
#1451 = CARTESIAN_POINT ( 'NONE',  ( 9.650000000000000355, -5.750000000000000000, -0.5000000000000000000 ) ) ;
#1452 = LINE ( 'NONE', #9199, #7656 ) ;
#1453 = ORIENTED_EDGE ( 'NONE', *, *, #7523, .F. ) ;
#1454 = FACE_OUTER_BOUND ( 'NONE', #7156, .T. ) ;
#1455 = DIRECTION ( 'NONE',  ( 0.3255681544572004427, 0.000000000000000000, 0.9455185755993018581 ) ) ;
#1456 = ORIENTED_EDGE ( 'NONE', *, *, #4815, .T. ) ;
#1457 = AXIS2_PLACEMENT_3D ( 'NONE', #5954, #1820, #7547 ) ;
#1458 = CARTESIAN_POINT ( 'NONE',  ( 3.963461884043999905, -1.304439949625000095, -0.6443144366849000715 ) ) ;
#1459 = EDGE_LOOP ( 'NONE', ( #2194, #4142, #3898, #4040 ) ) ;
#1460 = CIRCLE ( 'NONE', #5518, 0.4199999999999998179 ) ;
#1461 = DIRECTION ( 'NONE',  ( 1.000000000000000000, 0.000000000000000000, 0.000000000000000000 ) ) ;
#1462 = ORIENTED_EDGE ( 'NONE', *, *, #4685, .T. ) ;
#1463 = CARTESIAN_POINT ( 'NONE',  ( 12.94571384956000060, -0.5000000000000000000, -3.740221586259000031 ) ) ;
#1464 = LINE ( 'NONE', #8418, #4209 ) ;
#1465 = CARTESIAN_POINT ( 'NONE',  ( 13.42499999999999893, 1.000000000000000000, -4.500000000000000000 ) ) ;
#1466 = CARTESIAN_POINT ( 'NONE',  ( -13.42499999999999893, 0.5000000000000000000, -4.450000000000000178 ) ) ;
#1467 = ORIENTED_EDGE ( 'NONE', *, *, #5098, .T. ) ;
#1468 = CARTESIAN_POINT ( 'NONE',  ( 3.948224717201000100, 1.070932869931999765, -0.7204886821239999684 ) ) ;
#1469 = EDGE_CURVE ( 'NONE', #2055, #8311, #3575, .T. ) ;
#1470 = DIRECTION ( 'NONE',  ( 0.000000000000000000, -1.000000000000000000, 0.000000000000000000 ) ) ;
#1471 = AXIS2_PLACEMENT_3D ( 'NONE', #8273, #5564, #4095 ) ;
#1472 = ORIENTED_EDGE ( 'NONE', *, *, #7912, .F. ) ;
#1473 = CARTESIAN_POINT ( 'NONE',  ( -10.77614159057000087, -2.500000000000000000, -1.173853277176000187 ) ) ;
#1474 = VERTEX_POINT ( 'NONE', #777 ) ;
#1475 = CARTESIAN_POINT ( 'NONE',  ( 13.42499999999999893, -1.000000000000000000, -4.500000000000000000 ) ) ;
#1476 = DIRECTION ( 'NONE',  ( 0.3255681544572003872, 0.000000000000000000, 0.9455185755993017471 ) ) ;
#1477 = DIRECTION ( 'NONE',  ( 0.9134742449544117626, -0.4068965517241048269, 0.000000000000000000 ) ) ;
#1478 = CYLINDRICAL_SURFACE ( 'NONE', #702, 0.2500000000000002220 ) ;
#1479 = EDGE_CURVE ( 'NONE', #3152, #2240, #8738, .T. ) ;
#1480 = ORIENTED_EDGE ( 'NONE', *, *, #465, .T. ) ;
#1481 = DIRECTION ( 'NONE',  ( -0.3255681544572004427, 0.000000000000000000, -0.9455185755993018581 ) ) ;
#1483 = LINE ( 'NONE', #7214, #9133 ) ;
#1482 = VECTOR ( 'NONE', #1731, 1000.000000000000000 ) ;
#1484 = VECTOR ( 'NONE', #6055, 1000.000000000000000 ) ;
#1485 = EDGE_CURVE ( 'NONE', #7283, #7738, #6490, .T. ) ;
#1486 = LINE ( 'NONE', #4917, #9142 ) ;
#1487 = CARTESIAN_POINT ( 'NONE',  ( 11.57500000000000107, -2.600000000000000089, 0.000000000000000000 ) ) ;
#1488 = EDGE_CURVE ( 'NONE', #5600, #7771, #4456, .T. ) ;
#1489 = DIRECTION ( 'NONE',  ( 0.000000000000000000, -1.000000000000000000, 0.000000000000000000 ) ) ;
#1490 = ORIENTED_EDGE ( 'NONE', *, *, #3506, .F. ) ;
#1491 = CARTESIAN_POINT ( 'NONE',  ( 0.5722846657420999072, 6.318950303242000466, -4.299999999999999822 ) ) ;
#1492 = VERTEX_POINT ( 'NONE', #5788 ) ;
#1493 = LINE ( 'NONE', #8633, #5796 ) ;
#1494 = VECTOR ( 'NONE', #7598, 1000.000000000000000 ) ;
#1495 = AXIS2_PLACEMENT_3D ( 'NONE', #5753, #7155, #1519 ) ;
#1496 = EDGE_CURVE ( 'NONE', #496, #1691, #5830, .T. ) ;
#1497 = CARTESIAN_POINT ( 'NONE',  ( -7.060091228687999099, -1.304671229936999577, -1.479751607522999279 ) ) ;
#1498 = EDGE_CURVE ( 'NONE', #4583, #7972, #6531, .T. ) ;
#1499 = ORIENTED_EDGE ( 'NONE', *, *, #6060, .T. ) ;
#1500 = DIRECTION ( 'NONE',  ( 0.000000000000000000, -1.000000000000000000, 0.000000000000000000 ) ) ;
#1501 = VECTOR ( 'NONE', #5325, 1000.000000000000000 ) ;
#1502 = CARTESIAN_POINT ( 'NONE',  ( 8.345709992843000080, -0.4241200672368000135, -3.800299258013999815 ) ) ;
#1503 = EDGE_LOOP ( 'NONE', ( #2350, #7939, #5556, #4156 ) ) ;
#1504 = CARTESIAN_POINT ( 'NONE',  ( 3.887177907169000246, -1.450233889179999736, -0.5425865175729999157 ) ) ;
#1505 = VECTOR ( 'NONE', #8368, 1000.000000000000000 ) ;
#1506 = ORIENTED_EDGE ( 'NONE', *, *, #8006, .T. ) ;
#1507 = DIRECTION ( 'NONE',  ( 0.000000000000000000, -1.000000000000000000, 0.000000000000000000 ) ) ;
#1508 = DIRECTION ( 'NONE',  ( 0.8090169943749183634, 0.000000000000000000, 0.5877852522925132162 ) ) ;
#1509 = AXIS2_PLACEMENT_3D ( 'NONE', #5143, #3026, #8896 ) ;
#1510 = VERTEX_POINT ( 'NONE', #2249 ) ;
#1511 = CARTESIAN_POINT ( 'NONE',  ( -8.273516791272999882, 1.750000000000000000, -1.369747470354000018 ) ) ;
#1512 = EDGE_CURVE ( 'NONE', #1397, #3953, #7323, .T. ) ;
#1513 = CARTESIAN_POINT ( 'NONE',  ( -7.877101879964118147, 0.6961717443819768203, -1.037527875885728035 ) ) ;
#1514 = CARTESIAN_POINT ( 'NONE',  ( -8.314612078985629040, 5.908376601561307950, 0.000000000000000000 ) ) ;
#1515 = CARTESIAN_POINT ( 'NONE',  ( -13.22500000000000142, -0.5000000000000000000, -4.500000000000000000 ) ) ;
#1516 = ORIENTED_EDGE ( 'NONE', *, *, #3141, .F. ) ;
#1517 = DIRECTION ( 'NONE',  ( 0.000000000000000000, -1.000000000000000000, 0.000000000000000000 ) ) ;
#1518 = CIRCLE ( 'NONE', #2255, 0.2500000000000002220 ) ;
#1519 = DIRECTION ( 'NONE',  ( -1.000000000000000000, 0.000000000000000000, 0.000000000000000000 ) ) ;
#1520 = CIRCLE ( 'NONE', #7957, 10.15000000000000213 ) ;
#1521 = EDGE_LOOP ( 'NONE', ( #5531, #1480 ) ) ;
#1522 = VECTOR ( 'NONE', #4915, 1000.000000000000000 ) ;
#1523 = CARTESIAN_POINT ( 'NONE',  ( 3.892738713663999928, -1.032548886273999988, -0.5969400532355999545 ) ) ;
#1524 = ORIENTED_EDGE ( 'NONE', *, *, #2099, .F. ) ;
#1525 = LINE ( 'NONE', #3677, #7217 ) ;
#1526 = LINE ( 'NONE', #831, #1722 ) ;
#1527 = VECTOR ( 'NONE', #1794, 1000.000000000000000 ) ;
#1528 = LINE ( 'NONE', #744, #1915 ) ;
#1529 = CARTESIAN_POINT ( 'NONE',  ( -13.47500000000000142, -2.500000000000000000, -5.250000000000000000 ) ) ;
#1530 = FACE_OUTER_BOUND ( 'NONE', #1150, .T. ) ;
#1531 = UNCERTAINTY_MEASURE_WITH_UNIT (LENGTH_MEASURE( 1.000000000000000082E-05 ), #2306, 'distance_accuracy_value', 'NONE');
#1532 = CARTESIAN_POINT ( 'NONE',  ( 12.22499999999999964, 2.000000000000000000, -3.350000000000000089 ) ) ;
#1533 = EDGE_CURVE ( 'NONE', #8338, #496, #907, .T. ) ;
#1534 = CARTESIAN_POINT ( 'NONE',  ( -0.2491314716374000149, 6.318950303242000466, -4.200000000000000178 ) ) ;
#1535 = CARTESIAN_POINT ( 'NONE',  ( 11.00000000000000000, -7.799999999999999822, -5.500000000000000000 ) ) ;
#1536 = CARTESIAN_POINT ( 'NONE',  ( -13.22500000000000142, 0.7500000000000000000, -3.600000000000000089 ) ) ;
#1537 = CARTESIAN_POINT ( 'NONE',  ( -7.212490067225000523, 0.6991495612755999067, -1.206277929287999928 ) ) ;
#1538 = VERTEX_POINT ( 'NONE', #7239 ) ;
#1539 = DIRECTION ( 'NONE',  ( -1.000000000000000000, 0.000000000000000000, 0.000000000000000000 ) ) ;
#1540 = CARTESIAN_POINT ( 'NONE',  ( -8.273516791272999882, -0.6729456716339999867, -1.369747470354000018 ) ) ;
#1541 = ORIENTED_EDGE ( 'NONE', *, *, #3334, .F. ) ;
#1542 = EDGE_CURVE ( 'NONE', #4316, #3719, #6625, .T. ) ;
#1543 = CARTESIAN_POINT ( 'NONE',  ( 3.881001635727999943, 1.275863783956000086, -0.4678834004297000027 ) ) ;
#1544 = DIRECTION ( 'NONE',  ( -2.842170943040000002E-14, -1.000000000000000000, 0.000000000000000000 ) ) ;
#1545 = ORIENTED_EDGE ( 'NONE', *, *, #8754, .F. ) ;
#1546 = EDGE_CURVE ( 'NONE', #1207, #4064, #8827, .T. ) ;
#1547 = CARTESIAN_POINT ( 'NONE',  ( 3.882212231302999861, -1.247515416972999835, -0.4700840498609999973 ) ) ;
#1548 = ADVANCED_FACE ( 'NONE', ( #1689, #385 ), #8968, .T. ) ;
#1549 = ORIENTED_EDGE ( 'NONE', *, *, #2324, .T. ) ;
#1550 = CARTESIAN_POINT ( 'NONE',  ( -8.084413076152999977, 1.750000000000000000, -1.434861101244999881 ) ) ;
#1551 = CARTESIAN_POINT ( 'NONE',  ( -9.271690348168998952, 4.129967376926000355, -9.162897194059000674E-05 ) ) ;
#1552 = VERTEX_POINT ( 'NONE', #3803 ) ;
#1553 = DIRECTION ( 'NONE',  ( 0.4226182617406808451, 0.000000000000000000, -0.9063077870366585964 ) ) ;
#1554 = CARTESIAN_POINT ( 'NONE',  ( -7.829218436693754946, 0.6972020662936675439, -1.033222948325561941 ) ) ;
#1555 = CARTESIAN_POINT ( 'NONE',  ( -14.25000000000000000, -3.500000000000000000, -38.18409399080999833 ) ) ;
#1556 = DIRECTION ( 'NONE',  ( -0.3255681544572003872, 0.000000000000000000, -0.9455185755993017471 ) ) ;
#1557 = VERTEX_POINT ( 'NONE', #8210 ) ;
#1558 = PLANE ( 'NONE',  #8636 ) ;
#1559 = EDGE_CURVE ( 'NONE', #7662, #8153, #5261, .T. ) ;
#1560 = DIRECTION ( 'NONE',  ( 0.000000000000000000, 0.000000000000000000, 1.000000000000000000 ) ) ;
#1561 = EDGE_LOOP ( 'NONE', ( #4414, #1583, #1951, #1355, #4542, #1490, #772, #6971, #2258, #5923, #1751, #1305, #5838, #7076 ) ) ;
#1562 = ORIENTED_EDGE ( 'NONE', *, *, #3175, .F. ) ;
#1563 = CARTESIAN_POINT ( 'NONE',  ( 3.894707640993002151, -1.042293657588999611, -0.5816469415314997615 ) ) ;
#1564 = ORIENTED_EDGE ( 'NONE', *, *, #8907, .T. ) ;
#1565 = CARTESIAN_POINT ( 'NONE',  ( 7.335983667906999628, -6.669999999999999929, -0.5311251150874000126 ) ) ;
#1566 = CARTESIAN_POINT ( 'NONE',  ( 10.17336319344000017, -2.500000000000000000, -5.033066907650000310 ) ) ;
#1567 = DIRECTION ( 'NONE',  ( 0.000000000000000000, -1.000000000000000000, 0.000000000000000000 ) ) ;
#1568 = DIRECTION ( 'NONE',  ( 0.000000000000000000, 0.000000000000000000, -1.000000000000000000 ) ) ;
#1569 = DIRECTION ( 'NONE',  ( 0.3255681544572003872, 0.000000000000000000, 0.9455185755993017471 ) ) ;
#1570 = ORIENTED_EDGE ( 'NONE', *, *, #6610, .T. ) ;
#1571 = CARTESIAN_POINT ( 'NONE',  ( 3.900384804469999800, 1.571983594570999898, -0.6639559802222000373 ) ) ;
#1572 = CARTESIAN_POINT ( 'NONE',  ( -5.000000000000000000, 4.129999999999999893, -5.500000000000000000 ) ) ;
#1573 = DIRECTION ( 'NONE',  ( 1.000000000000000000, 0.000000000000000000, 0.000000000000000000 ) ) ;
#1574 = DIRECTION ( 'NONE',  ( -0.9455185755993017471, 0.000000000000000000, 0.3255681544572003872 ) ) ;
#1575 = AXIS2_PLACEMENT_3D ( 'NONE', #1022, #3739, #6606 ) ;
#1576 = CARTESIAN_POINT ( 'NONE',  ( -7.496946401247003067, 1.154288557693000206, -1.404031688129000255 ) ) ;
#1577 = CARTESIAN_POINT ( 'NONE',  ( 11.00000000000000000, 7.799999999999999822, 0.000000000000000000 ) ) ;
#1578 = DIRECTION ( 'NONE',  ( 0.000000000000000000, 0.000000000000000000, 1.000000000000000000 ) ) ;
#1579 = ORIENTED_EDGE ( 'NONE', *, *, #5049, .F. ) ;
#1580 = CARTESIAN_POINT ( 'NONE',  ( -7.209612882019994728, 1.076965417088999732, -1.539300175921000546 ) ) ;
#1581 = CARTESIAN_POINT ( 'NONE',  ( 13.42499999999999893, -0.5000000000000000000, -4.450000000000000178 ) ) ;
#1582 = AXIS2_PLACEMENT_3D ( 'NONE', #2340, #7985, #5925 ) ;
#1583 = ORIENTED_EDGE ( 'NONE', *, *, #9064, .F. ) ;
#1584 = CARTESIAN_POINT ( 'NONE',  ( 3.878338370450999939, 1.323900615651000034, -0.4625695456066000188 ) ) ;
#1585 = CARTESIAN_POINT ( 'NONE',  ( -7.457514668713998596, -1.440888592851001793, -1.417609122480002037 ) ) ;
#1586 = ORIENTED_EDGE ( 'NONE', *, *, #7966, .F. ) ;
#1587 = AXIS2_PLACEMENT_3D ( 'NONE', #9047, #5623, #4208 ) ;
#1588 = ADVANCED_FACE ( 'NONE', ( #6056 ), #6716, .T. ) ;
#1589 = CARTESIAN_POINT ( 'NONE',  ( 3.868772428093999682, -1.234454823909999943, -0.4515871706749000070 ) ) ;
#1590 = ORIENTED_EDGE ( 'NONE', *, *, #5866, .F. ) ;
#1591 = LINE ( 'NONE', #7369, #1482 ) ;
#1592 = EDGE_CURVE ( 'NONE', #8239, #6656, #6668, .T. ) ;
#1593 = PLANE ( 'NONE',  #7069 ) ;
#1594 = EDGE_LOOP ( 'NONE', ( #7551, #8928, #2861, #1896 ) ) ;
#1595 = DIRECTION ( 'NONE',  ( 0.000000000000000000, 0.000000000000000000, 1.000000000000000000 ) ) ;
#1596 = CARTESIAN_POINT ( 'NONE',  ( -8.273516791272999882, 0.6729456716339999867, -1.369747470354000018 ) ) ;
#1597 = CARTESIAN_POINT ( 'NONE',  ( 8.360446995622091038, 0.4026740009981833457, -3.999999999999999112 ) ) ;
#1598 = CIRCLE ( 'NONE', #2047, 0.4799999999999998157 ) ;
#1599 = ORIENTED_EDGE ( 'NONE', *, *, #2279, .T. ) ;
#1600 = CARTESIAN_POINT ( 'NONE',  ( -11.00000000000000000, 7.799999999999999822, -5.500000000000000000 ) ) ;
#1601 = CARTESIAN_POINT ( 'NONE',  ( -10.80000000000000071, 7.799999999999999822, -5.500000000000000000 ) ) ;
#1602 = VERTEX_POINT ( 'NONE', #1131 ) ;
#1603 = VERTEX_POINT ( 'NONE', #3935 ) ;
#1604 = EDGE_CURVE ( 'NONE', #7806, #4514, #8877, .T. ) ;
#1605 = ORIENTED_EDGE ( 'NONE', *, *, #6584, .F. ) ;
#1606 = CARTESIAN_POINT ( 'NONE',  ( -13.22500000000000142, -2.500000000000000000, -3.350000000000000089 ) ) ;
#1607 = CARTESIAN_POINT ( 'NONE',  ( -13.42499999999999893, 0.5000000000000000000, -4.450000000000000178 ) ) ;
#1608 = VECTOR ( 'NONE', #8283, 1000.000000000000000 ) ;
#1609 = DIRECTION ( 'NONE',  ( 0.8243327689507017331, -0.5661055431932009441, 0.000000000000000000 ) ) ;
#1610 = DIRECTION ( 'NONE',  ( 0.000000000000000000, 0.000000000000000000, 1.000000000000000000 ) ) ;
#1611 = DIRECTION ( 'NONE',  ( 0.7537660547584518200, 0.6571428571428579168, 0.000000000000000000 ) ) ;
#1612 = ORIENTED_EDGE ( 'NONE', *, *, #5060, .F. ) ;
#1613 = DIRECTION ( 'NONE',  ( -1.000000000000000000, 0.000000000000000000, 0.000000000000000000 ) ) ;
#1614 = CARTESIAN_POINT ( 'NONE',  ( -0.2491314716374000149, 6.408693892986000229, -4.299999999999999822 ) ) ;
#1615 = AXIS2_PLACEMENT_3D ( 'NONE', #6565, #4264, #7140 ) ;
#1616 = LINE ( 'NONE', #5233, #6758 ) ;
#1617 = DIRECTION ( 'NONE',  ( 0.000000000000000000, 1.000000000000000000, 0.000000000000000000 ) ) ;
#1618 = CARTESIAN_POINT ( 'NONE',  ( -12.77500000000000036, -1.550000000000000044, -0.9000000000000000222 ) ) ;
#1619 = DIRECTION ( 'NONE',  ( 1.000000000000000000, 0.000000000000000000, 0.000000000000000000 ) ) ;
#1620 = DIRECTION ( 'NONE',  ( 0.000000000000000000, 0.000000000000000000, -1.000000000000000000 ) ) ;
#1621 = ORIENTED_EDGE ( 'NONE', *, *, #3896, .T. ) ;
#1622 = DIRECTION ( 'NONE',  ( 0.000000000000000000, 0.000000000000000000, -1.000000000000000000 ) ) ;
#1623 = CIRCLE ( 'NONE', #7649, 1.270000000000000240 ) ;
#1624 = CIRCLE ( 'NONE', #440, 0.2500000000000002220 ) ;
#1625 = DIRECTION ( 'NONE',  ( 0.000000000000000000, 0.000000000000000000, 1.000000000000000000 ) ) ;
#1626 = VERTEX_POINT ( 'NONE', #2533 ) ;
#1627 = CARTESIAN_POINT ( 'NONE',  ( 3.902026783369000107, 1.471121727167000071, -0.6028983574280000202 ) ) ;
#1628 = CIRCLE ( 'NONE', #5087, 0.3670873479291000829 ) ;
#1629 = CARTESIAN_POINT ( 'NONE',  ( 3.817274285189999894, -1.254458537402999951, -0.4934036389148999668 ) ) ;
#1630 = AXIS2_PLACEMENT_3D ( 'NONE', #7430, #8178, #3862 ) ;
#1631 = ORIENTED_EDGE ( 'NONE', *, *, #4002, .T. ) ;
#1632 = CARTESIAN_POINT ( 'NONE',  ( 3.942706453011000090, -1.239516456615000095, -0.5625613971034999494 ) ) ;
#1633 = AXIS2_PLACEMENT_3D ( 'NONE', #8803, #1706, #4433 ) ;
#1634 = ORIENTED_EDGE ( 'NONE', *, *, #2553, .T. ) ;
#1635 = ADVANCED_FACE ( 'NONE', ( #296 ), #4554, .F. ) ;
#1636 = AXIS2_PLACEMENT_3D ( 'NONE', #1601, #2298, #7328 ) ;
#1637 = DIRECTION ( 'NONE',  ( 0.000000000000000000, 1.000000000000000000, 0.000000000000000000 ) ) ;
#1638 = ADVANCED_FACE ( 'NONE', ( #1000 ), #7554, .T. ) ;
#1639 = DIRECTION ( 'NONE',  ( 0.000000000000000000, 0.000000000000000000, -1.000000000000000000 ) ) ;
#1640 = CARTESIAN_POINT ( 'NONE',  ( 9.350000000000001421, -5.750000000000000000, -0.2500000000000000000 ) ) ;
#1641 = CARTESIAN_POINT ( 'NONE',  ( 12.72499999999999964, -1.600000000000000089, 0.000000000000000000 ) ) ;
#1642 = CARTESIAN_POINT ( 'NONE',  ( 8.458473204465224882, -0.3572559219688423715, -4.000000000000000888 ) ) ;
#1643 = DIRECTION ( 'NONE',  ( 0.9428090415820777892, 0.000000000000000000, 0.3333333333332927917 ) ) ;
#1644 = ORIENTED_EDGE ( 'NONE', *, *, #818, .T. ) ;
#1645 = FACE_OUTER_BOUND ( 'NONE', #4713, .T. ) ;
#1646 = AXIS2_PLACEMENT_3D ( 'NONE', #7932, #4366, #2958 ) ;
#1647 = DIRECTION ( 'NONE',  ( 0.6154481951113739413, -0.7881773399014667669, 0.000000000000000000 ) ) ;
#1648 = EDGE_CURVE ( 'NONE', #1051, #4249, #3144, .T. ) ;
#1649 = ORIENTED_EDGE ( 'NONE', *, *, #9013, .T. ) ;
#1650 = EDGE_CURVE ( 'NONE', #5358, #762, #6108, .T. ) ;
#1651 = ORIENTED_EDGE ( 'NONE', *, *, #7170, .T. ) ;
#1652 = EDGE_CURVE ( 'NONE', #5660, #9039, #6104, .T. ) ;
#1653 = DIRECTION ( 'NONE',  ( 0.000000000000000000, 0.000000000000000000, -1.000000000000000000 ) ) ;
#1654 = AXIS2_PLACEMENT_3D ( 'NONE', #7297, #880, #2896 ) ;
#1655 = EDGE_LOOP ( 'NONE', ( #5814, #6062 ) ) ;
#1656 = CARTESIAN_POINT ( 'NONE',  ( -9.650000000000000355, 7.250000000000000000, -0.2500000000000000000 ) ) ;
#1657 = VECTOR ( 'NONE', #380, 1000.000000000000000 ) ;
#1658 = DIRECTION ( 'NONE',  ( 1.000000000000000000, 0.000000000000000000, 0.000000000000000000 ) ) ;
#1659 = ORIENTED_EDGE ( 'NONE', *, *, #8722, .T. ) ;
#1660 = LINE ( 'NONE', #4473, #4168 ) ;
#1661 = FACE_OUTER_BOUND ( 'NONE', #8110, .T. ) ;
#1662 = CARTESIAN_POINT ( 'NONE',  ( 3.937159893501999797, -1.564625253929999849, -0.7119111423789000748 ) ) ;
#1663 = CIRCLE ( 'NONE', #3899, 2.099999999999999201 ) ;
#1664 = ADVANCED_FACE ( 'NONE', ( #1735 ), #2432, .F. ) ;
#1665 = VERTEX_POINT ( 'NONE', #6855 ) ;
#1666 = VECTOR ( 'NONE', #8962, 1000.000000000000000 ) ;
#1667 = EDGE_CURVE ( 'NONE', #2097, #4266, #1598, .T. ) ;
#1668 = CARTESIAN_POINT ( 'NONE',  ( -7.800757503472999232, -2.500000000000000000, -1.532531547581999831 ) ) ;
#1669 = CARTESIAN_POINT ( 'NONE',  ( 9.350000000000001421, -7.250000000000000000, -0.5000000000000000000 ) ) ;
#1670 = AXIS2_PLACEMENT_3D ( 'NONE', #7486, #7624, #6083 ) ;
#1671 = DIRECTION ( 'NONE',  ( -0.8290375725550501729, 0.000000000000000000, 0.5591929034707341373 ) ) ;
#1672 = LINE ( 'NONE', #7395, #6317 ) ;
#1673 = LINE ( 'NONE', #2315, #692 ) ;
#1674 = FACE_BOUND ( 'NONE', #3529, .T. ) ;
#1675 = FACE_OUTER_BOUND ( 'NONE', #9086, .T. ) ;
#1676 = ORIENTED_EDGE ( 'NONE', *, *, #3206, .F. ) ;
#1677 = CARTESIAN_POINT ( 'NONE',  ( -9.650000000000000355, 6.349999999999999645, -0.2500000000000000000 ) ) ;
#1678 = EDGE_CURVE ( 'NONE', #6187, #5983, #1042, .T. ) ;
#1679 = DIRECTION ( 'NONE',  ( 1.000000000000000000, 0.000000000000000000, 0.000000000000000000 ) ) ;
#1680 = ORIENTED_EDGE ( 'NONE', *, *, #6197, .T. ) ;
#1681 = LINE ( 'NONE', #4546, #2371 ) ;
#1682 = CARTESIAN_POINT ( 'NONE',  ( -7.060046313140998286, -1.308323542676999240, -1.554468452712999493 ) ) ;
#1683 = ORIENTED_EDGE ( 'NONE', *, *, #2380, .T. ) ;
#1684 = LINE ( 'NONE', #3185, #1666 ) ;
#1685 = ORIENTED_EDGE ( 'NONE', *, *, #1388, .T. ) ;
#1686 = PLANE ( 'NONE',  #4326 ) ;
#1687 = CARTESIAN_POINT ( 'NONE',  ( 3.733053406463000989, -1.254458537403001062, -0.3023968232939998613 ) ) ;
#1688 = DIRECTION ( 'NONE',  ( -0.3251219746164809021, 0.05233595624293688880, -0.9442227752525448325 ) ) ;
#1689 = FACE_BOUND ( 'NONE', #4172, .T. ) ;
#1690 = DIRECTION ( 'NONE',  ( 0.000000000000000000, 0.000000000000000000, -1.000000000000000000 ) ) ;
#1691 = VERTEX_POINT ( 'NONE', #3892 ) ;
#1692 = PLANE ( 'NONE',  #2539 ) ;
#1693 = VERTEX_POINT ( 'NONE', #344 ) ;
#1694 = VERTEX_POINT ( 'NONE', #8919 ) ;
#1695 = DIRECTION ( 'NONE',  ( 0.000000000000000000, -1.000000000000000000, 0.000000000000000000 ) ) ;
#1696 = ORIENTED_EDGE ( 'NONE', *, *, #364, .T. ) ;
#1697 = FACE_OUTER_BOUND ( 'NONE', #1503, .T. ) ;
#1698 = EDGE_CURVE ( 'NONE', #1263, #8437, #2484, .T. ) ;
#1699 = DIRECTION ( 'NONE',  ( 1.000000000000000000, 0.000000000000000000, 0.000000000000000000 ) ) ;
#1700 = VERTEX_POINT ( 'NONE', #5501 ) ;
#1701 = DIRECTION ( 'NONE',  ( 0.5591929034707308066, -1.911736075566274192E-14, 0.8290375725550526154 ) ) ;
#1702 = CARTESIAN_POINT ( 'NONE',  ( 3.966902695764000786, -1.315477183450000087, -0.6679307420815000507 ) ) ;
#1703 = EDGE_CURVE ( 'NONE', #8179, #7930, #8356, .T. ) ;
#1704 = VERTEX_POINT ( 'NONE', #8407 ) ;
#1705 = DIRECTION ( 'NONE',  ( 0.000000000000000000, 1.000000000000000000, 0.000000000000000000 ) ) ;
#1706 = DIRECTION ( 'NONE',  ( 0.000000000000000000, 0.000000000000000000, 1.000000000000000000 ) ) ;
#1707 = EDGE_CURVE ( 'NONE', #4940, #4262, #2815, .T. ) ;
#1708 = CARTESIAN_POINT ( 'NONE',  ( 11.57500000000000107, -1.600000000000000089, -1.100000000000000089 ) ) ;
#1709 = DIRECTION ( 'NONE',  ( 1.000000000000000000, 0.000000000000000000, 1.156482317318000033E-14 ) ) ;
#1710 = FACE_OUTER_BOUND ( 'NONE', #7655, .T. ) ;
#1711 = LINE ( 'NONE', #2361, #5669 ) ;
#1712 = DIRECTION ( 'NONE',  ( -1.000000000000000000, 0.000000000000000000, 0.000000000000000000 ) ) ;
#1713 = ORIENTED_EDGE ( 'NONE', *, *, #2000, .T. ) ;
#1714 = EDGE_CURVE ( 'NONE', #6301, #8051, #6905, .T. ) ;
#1715 = ORIENTED_EDGE ( 'NONE', *, *, #248, .T. ) ;
#1716 = CARTESIAN_POINT ( 'NONE',  ( 12.77500000000000036, -2.500000000000000000, -0.9000000000000000222 ) ) ;
#1717 = CIRCLE ( 'NONE', #6226, 10.15000000000000213 ) ;
#1718 = CARTESIAN_POINT ( 'NONE',  ( 8.233871412147999891, 0.4241200672368000135, -3.966106772525000324 ) ) ;
#1719 = EDGE_LOOP ( 'NONE', ( #1819, #8413, #4014, #8316 ) ) ;
#1720 = CARTESIAN_POINT ( 'NONE',  ( 10.95083426132000071, 2.000000000000000000, -1.100000000000000089 ) ) ;
#1721 = CIRCLE ( 'NONE', #4570, 0.2500000000000000000 ) ;
#1722 = VECTOR ( 'NONE', #3543, 1000.000000000000000 ) ;
#1723 = ADVANCED_FACE ( 'NONE', ( #2625 ), #674, .T. ) ;
#1724 = ORIENTED_EDGE ( 'NONE', *, *, #4890, .F. ) ;
#1725 = CARTESIAN_POINT ( 'NONE',  ( 12.94571384956000060, -0.5000000000000000000, -3.740221586259000031 ) ) ;
#1726 = ORIENTED_EDGE ( 'NONE', *, *, #2887, .F. ) ;
#1727 = VECTOR ( 'NONE', #608, 1000.000000000000000 ) ;
#1728 = CARTESIAN_POINT ( 'NONE',  ( 3.883709679503999812, -1.250600838311999974, -0.4721359648902999639 ) ) ;
#1729 = CIRCLE ( 'NONE', #5179, 0.2500000000000002220 ) ;
#1730 = ORIENTED_EDGE ( 'NONE', *, *, #490, .T. ) ;
#1731 = DIRECTION ( 'NONE',  ( 0.000000000000000000, 1.000000000000000000, 0.000000000000000000 ) ) ;
#1732 = CARTESIAN_POINT ( 'NONE',  ( 3.934651704959000185, -1.459205407597000237, -0.5284756393643997852 ) ) ;
#1733 = AXIS2_PLACEMENT_3D ( 'NONE', #7542, #3125, #1117 ) ;
#1734 = DIRECTION ( 'NONE',  ( -0.000000000000000000, 1.000000000000000000, 0.000000000000000000 ) ) ;
#1735 = FACE_OUTER_BOUND ( 'NONE', #2418, .T. ) ;
#1736 = CARTESIAN_POINT ( 'NONE',  ( 14.25000000000000000, 2.000000000000000000, -5.500000000000000000 ) ) ;
#1737 = ORIENTED_EDGE ( 'NONE', *, *, #8776, .F. ) ;
#1738 = DIRECTION ( 'NONE',  ( 0.000000000000000000, -1.000000000000000000, 0.000000000000000000 ) ) ;
#1739 = ORIENTED_EDGE ( 'NONE', *, *, #818, .F. ) ;
#1740 = EDGE_LOOP ( 'NONE', ( #503, #5950, #8777, #4806 ) ) ;
#1741 = DIRECTION ( 'NONE',  ( -0.9063077870366585964, 0.000000000000000000, 0.4226182617406808451 ) ) ;
#1742 = ORIENTED_EDGE ( 'NONE', *, *, #8296, .T. ) ;
#1743 = CARTESIAN_POINT ( 'NONE',  ( -9.142777505391793014, -4.129999999999999893, -0.1345543251745987823 ) ) ;
#1744 = DIRECTION ( 'NONE',  ( -0.9455185755993019692, 0.000000000000000000, 0.3255681544571999986 ) ) ;
#1745 = DIRECTION ( 'NONE',  ( 0.01703892068576954091, -0.9986295347545737222, 0.04948461879945869474 ) ) ;
#1746 = VERTEX_POINT ( 'NONE', #8456 ) ;
#1747 = DIRECTION ( 'NONE',  ( 1.000000000000000000, 0.000000000000000000, 0.000000000000000000 ) ) ;
#1748 = DIRECTION ( 'NONE',  ( 0.000000000000000000, -1.000000000000000000, 0.000000000000000000 ) ) ;
#1749 = CARTESIAN_POINT ( 'NONE',  ( 3.943032154557999824, -1.099635306771999943, -0.6695631983273000465 ) ) ;
#1750 = AXIS2_PLACEMENT_3D ( 'NONE', #3973, #5346, #5195 ) ;
#1751 = ORIENTED_EDGE ( 'NONE', *, *, #3715, .T. ) ;
#1752 = CARTESIAN_POINT ( 'NONE',  ( 9.350000000000001421, -7.250000000000000000, -0.5000000000000000000 ) ) ;
#1753 = CARTESIAN_POINT ( 'NONE',  ( -13.22500000000000142, -2.600000000000000089, -5.500000000000000000 ) ) ;
#1754 = AXIS2_PLACEMENT_3D ( 'NONE', #5618, #1158, #7538 ) ;
#1755 = DIRECTION ( 'NONE',  ( 0.000000000000000000, 0.000000000000000000, -1.000000000000000000 ) ) ;
#1756 = EDGE_CURVE ( 'NONE', #3165, #1510, #840, .T. ) ;
#1757 = DIRECTION ( 'NONE',  ( 0.5877852522925129941, 0.000000000000000000, -0.8090169943749183634 ) ) ;
#1758 = DIRECTION ( 'NONE',  ( 0.3255681544572004427, 0.000000000000000000, 0.9455185755993018581 ) ) ;
#1759 = DIRECTION ( 'NONE',  ( 0.000000000000000000, 0.000000000000000000, 1.000000000000000000 ) ) ;
#1760 = PLANE ( 'NONE',  #1575 ) ;
#1761 = VERTEX_POINT ( 'NONE', #9202 ) ;
#1762 = ORIENTED_EDGE ( 'NONE', *, *, #3952, .F. ) ;
#1763 = CARTESIAN_POINT ( 'NONE',  ( -13.42499999999999893, 2.500000000000000000, -1.350000000000000089 ) ) ;
#1764 = AXIS2_PLACEMENT_3D ( 'NONE', #5003, #5714, #5760 ) ;
#1765 = EDGE_CURVE ( 'NONE', #1835, #6700, #5641, .T. ) ;
#1766 = DIRECTION ( 'NONE',  ( 1.000000000000000000, 0.000000000000000000, 0.000000000000000000 ) ) ;
#1767 = ORIENTED_EDGE ( 'NONE', *, *, #4639, .T. ) ;
#1768 = ADVANCED_FACE ( 'NONE', ( #7002 ), #6390, .T. ) ;
#1769 = CARTESIAN_POINT ( 'NONE',  ( 3.941974317845999387, 1.283422991266999880, -0.5634255725097999656 ) ) ;
#1770 = EDGE_CURVE ( 'NONE', #6697, #4191, #5687, .T. ) ;
#1771 = ORIENTED_EDGE ( 'NONE', *, *, #7799, .F. ) ;
#1772 = CARTESIAN_POINT ( 'NONE',  ( -9.271763586287001147, -4.129999999999999893, -5.500000000000000000 ) ) ;
#1773 = EDGE_LOOP ( 'NONE', ( #8985, #6127, #4257, #2463, #3637, #4318 ) ) ;
#1774 = LINE ( 'NONE', #6900, #634 ) ;
#1775 = EDGE_CURVE ( 'NONE', #4912, #6980, #2727, .T. ) ;
#1776 = EDGE_CURVE ( 'NONE', #5075, #8866, #5598, .T. ) ;
#1777 = ORIENTED_EDGE ( 'NONE', *, *, #1498, .F. ) ;
#1778 = EDGE_CURVE ( 'NONE', #7859, #4709, #629, .T. ) ;
#1779 = CARTESIAN_POINT ( 'NONE',  ( 5.000000000000000000, -4.129999999999999893, -5.500000000000000000 ) ) ;
#1780 = AXIS2_PLACEMENT_3D ( 'NONE', #2192, #2769, #5820 ) ;
#1781 = CARTESIAN_POINT ( 'NONE',  ( 14.25000000000000000, 1.000000000000000000, -4.750000000000000000 ) ) ;
#1782 = CARTESIAN_POINT ( 'NONE',  ( -12.77500000000000036, -2.500000000000000000, -1.100000000000000089 ) ) ;
#1783 = DIRECTION ( 'NONE',  ( 0.000000000000000000, -1.000000000000000000, 0.000000000000000000 ) ) ;
#1784 = EDGE_LOOP ( 'NONE', ( #978, #1767, #8901, #5311 ) ) ;
#1785 = CARTESIAN_POINT ( 'NONE',  ( -0.2491314716374000149, 6.883052867344999548, -4.299999999999999822 ) ) ;
#1786 = AXIS2_PLACEMENT_3D ( 'NONE', #718, #1500, #7793 ) ;
#1787 = ADVANCED_FACE ( 'NONE', ( #8502 ), #1231, .F. ) ;
#1788 = CIRCLE ( 'NONE', #903, 0.2000000000000005107 ) ;
#1789 = VERTEX_POINT ( 'NONE', #7796 ) ;
#1790 = VERTEX_POINT ( 'NONE', #4740 ) ;
#1791 = CARTESIAN_POINT ( 'NONE',  ( -13.42499999999999893, -1.000000000000000000, -4.500000000000000000 ) ) ;
#1792 = VERTEX_POINT ( 'NONE', #1368 ) ;
#1793 = VECTOR ( 'NONE', #3781, 1000.000000000000000 ) ;
#1794 = DIRECTION ( 'NONE',  ( 1.000000000000000000, 0.000000000000000000, 0.000000000000000000 ) ) ;
#1795 = DIRECTION ( 'NONE',  ( 0.08715574274765398866, 0.000000000000000000, -0.9961946980917458783 ) ) ;
#1796 = CARTESIAN_POINT ( 'NONE',  ( 9.500000000000000000, -7.500000000000000000, 0.000000000000000000 ) ) ;
#1797 = EDGE_LOOP ( 'NONE', ( #3809, #1349, #5244, #8162 ) ) ;
#1798 = CARTESIAN_POINT ( 'NONE',  ( 3.948300048887999569, -1.437471280062000201, -0.7204982278939000562 ) ) ;
#1799 = AXIS2_PLACEMENT_3D ( 'NONE', #7149, #6446, #731 ) ;
#1800 = B_SPLINE_CURVE_WITH_KNOTS ( 'NONE', 3,
 ( #790, #1990, #2748, #7772 ),
 .UNSPECIFIED., .F., .F.,
 ( 4, 4 ),
 ( 0.000000000000000000, 1.000000000000000000 ),
 .UNSPECIFIED. ) ;
#1801 = VERTEX_POINT ( 'NONE', #6952 ) ;
#1802 = CARTESIAN_POINT ( 'NONE',  ( -7.597986393255405702, 6.669999999999999929, -0.04543170100403490924 ) ) ;
#1803 = LINE ( 'NONE', #7533, #5242 ) ;
#1804 = EDGE_LOOP ( 'NONE', ( #9237, #7926, #9057, #6175, #1467, #1024, #3306, #8909 ) ) ;
#1805 = DIRECTION ( 'NONE',  ( 0.000000000000000000, 0.000000000000000000, -1.000000000000000000 ) ) ;
#1806 = CARTESIAN_POINT ( 'NONE',  ( 3.900384804469999800, 0.9369334802347999425, -0.6639559802218000240 ) ) ;
#1807 = DIRECTION ( 'NONE',  ( 1.000000000000000000, 0.000000000000000000, 0.000000000000000000 ) ) ;
#1808 = AXIS2_PLACEMENT_3D ( 'NONE', #8689, #8646, #3623 ) ;
#1809 = FACE_BOUND ( 'NONE', #6195, .T. ) ;
#1810 = DIRECTION ( 'NONE',  ( 0.000000000000000000, -1.000000000000000000, 0.000000000000000000 ) ) ;
#1811 = EDGE_LOOP ( 'NONE', ( #672, #6425, #2086, #395, #4881, #1599, #8830, #6064, #5842, #2552, #8262, #8348, #3779, #2878, #8957, #6021, #7710, #522, #1724, #6525, #3856, #6968, #1121, #1680 ) ) ;
#1812 = CARTESIAN_POINT ( 'NONE',  ( -13.22500000000000142, -1.000000000000000000, -4.500000000000000000 ) ) ;
#1813 = VECTOR ( 'NONE', #5441, 1000.000000000000000 ) ;
#1814 = ADVANCED_FACE ( 'NONE', ( #7600 ), #4225, .T. ) ;
#1815 = AXIS2_PLACEMENT_3D ( 'NONE', #7675, #4057, #1155 ) ;
#1816 = DIRECTION ( 'NONE',  ( -1.000000000000000000, 0.000000000000000000, 0.000000000000000000 ) ) ;
#1817 = ORIENTED_EDGE ( 'NONE', *, *, #6866, .T. ) ;
#1818 = CARTESIAN_POINT ( 'NONE',  ( 3.955847693419000333, 1.143888407590999856, -0.6727879055102999883 ) ) ;
#1819 = ORIENTED_EDGE ( 'NONE', *, *, #2691, .T. ) ;
#1820 = DIRECTION ( 'NONE',  ( 0.9063077870366585964, 0.000000000000000000, 0.4226182617406808451 ) ) ;
#1821 = ORIENTED_EDGE ( 'NONE', *, *, #7289, .T. ) ;
#1822 = LINE ( 'NONE', #4684, #3232 ) ;
#1823 = CARTESIAN_POINT ( 'NONE',  ( 5.000000000000000000, -4.129999999999999893, -5.500000000000000000 ) ) ;
#1824 = EDGE_CURVE ( 'NONE', #8388, #8338, #6249, .T. ) ;
#1825 = ORIENTED_EDGE ( 'NONE', *, *, #5400, .T. ) ;
#1826 = CARTESIAN_POINT ( 'NONE',  ( 9.271763586287001147, -4.129999999999999893, -0.8000000000000000444 ) ) ;
#1827 = DIRECTION ( 'NONE',  ( 0.000000000000000000, 0.000000000000000000, -1.000000000000000000 ) ) ;
#1828 = EDGE_CURVE ( 'NONE', #1142, #3989, #2673, .T. ) ;
#1829 = DIRECTION ( 'NONE',  ( -0.000000000000000000, 1.000000000000000000, 0.000000000000000000 ) ) ;
#1830 = EDGE_CURVE ( 'NONE', #5358, #155, #8522, .T. ) ;
#1831 = CARTESIAN_POINT ( 'NONE',  ( -10.80000000000000071, 8.000000000000000000, -5.500000000000000000 ) ) ;
#1832 = VERTEX_POINT ( 'NONE', #1502 ) ;
#1833 = EDGE_CURVE ( 'NONE', #5427, #6301, #2995, .T. ) ;
#1834 = CARTESIAN_POINT ( 'NONE',  ( 9.271763586287001147, 4.129999999999999893, -0.8000000000000000444 ) ) ;
#1835 = VERTEX_POINT ( 'NONE', #3567 ) ;
#1836 = VERTEX_POINT ( 'NONE', #8682 ) ;
#1837 = CARTESIAN_POINT ( 'NONE',  ( 3.900384804468999711, -0.9369334802349998936, -0.6639559802225000196 ) ) ;
#1838 = VERTEX_POINT ( 'NONE', #2952 ) ;
#1839 = EDGE_CURVE ( 'NONE', #8643, #3421, #5113, .T. ) ;
#1840 = CARTESIAN_POINT ( 'NONE',  ( -9.142804232969000466, -4.129999999999999893, -0.6654734788881999652 ) ) ;
#1841 = DIRECTION ( 'NONE',  ( 0.000000000000000000, 0.000000000000000000, -1.000000000000000000 ) ) ;
#1842 = CARTESIAN_POINT ( 'NONE',  ( 13.22500000000000142, 0.5000000000000000000, -4.450000000000000178 ) ) ;
#1843 = VERTEX_POINT ( 'NONE', #4978 ) ;
#1844 = CARTESIAN_POINT ( 'NONE',  ( -8.967661230918000825, 0.5307663039246000025, -4.000000000000000000 ) ) ;
#1845 = CARTESIAN_POINT ( 'NONE',  ( 5.000000000000000000, 6.669999999999999929, -4.000000000000000000 ) ) ;
#1846 = ORIENTED_EDGE ( 'NONE', *, *, #2374, .F. ) ;
#1847 = CARTESIAN_POINT ( 'NONE',  ( 15.84999999999999964, 1.750000000000000000, -5.500000000000000000 ) ) ;
#1848 = CARTESIAN_POINT ( 'NONE',  ( 0.000000000000000000, 0.000000000000000000, -0.4000000000000000222 ) ) ;
#1849 = VERTEX_POINT ( 'NONE', #7925 ) ;
#1850 = DIRECTION ( 'NONE',  ( 1.000000000000000000, 0.000000000000000000, 0.000000000000000000 ) ) ;
#1851 = CARTESIAN_POINT ( 'NONE',  ( -8.967661230918000825, -0.5307663039246000025, -4.000000000000000000 ) ) ;
#1852 = PLANE ( 'NONE',  #543 ) ;
#1853 = LINE ( 'NONE', #5478, #429 ) ;
#1854 = DIRECTION ( 'NONE',  ( 1.000000000000000000, 0.000000000000000000, 0.000000000000000000 ) ) ;
#1855 = ORIENTED_EDGE ( 'NONE', *, *, #1830, .F. ) ;
#1856 = VERTEX_POINT ( 'NONE', #809 ) ;
#1857 = DIRECTION ( 'NONE',  ( 1.000000000000000000, 0.000000000000000000, 0.000000000000000000 ) ) ;
#1858 = DIRECTION ( 'NONE',  ( 0.000000000000000000, 1.000000000000000000, 0.000000000000000000 ) ) ;
#1859 = EDGE_LOOP ( 'NONE', ( #6137, #9036, #78, #3605, #4423, #4313, #7856, #556 ) ) ;
#1860 = CARTESIAN_POINT ( 'NONE',  ( 3.890346814616000071, 1.254447521954999978, -0.4807347154092999619 ) ) ;
#1861 = EDGE_LOOP ( 'NONE', ( #8785, #8579, #7260, #7834 ) ) ;
#1862 = LINE ( 'NONE', #2049, #267 ) ;
#1863 = EDGE_CURVE ( 'NONE', #3438, #2434, #7313, .T. ) ;
#1864 = ORIENTED_EDGE ( 'NONE', *, *, #8444, .F. ) ;
#1865 = CARTESIAN_POINT ( 'NONE',  ( -8.750000000000000000, 6.349999999999999645, -0.2500000000000000000 ) ) ;
#1866 = DIRECTION ( 'NONE',  ( -1.000000000000000000, 0.000000000000000000, 0.000000000000000000 ) ) ;
#1867 = CIRCLE ( 'NONE', #7720, 0.5199999999999997957 ) ;
#1868 = AXIS2_PLACEMENT_3D ( 'NONE', #8303, #7601, #7749 ) ;
#1869 = AXIS2_PLACEMENT_3D ( 'NONE', #6931, #412, #2560 ) ;
#1870 = VERTEX_POINT ( 'NONE', #6434 ) ;
#1871 = LINE ( 'NONE', #2581, #5546 ) ;
#1872 = CARTESIAN_POINT ( 'NONE',  ( -0.1465673690733000079, 6.318950303242000466, -4.200000000000000178 ) ) ;
#1873 = DIRECTION ( 'NONE',  ( -1.000000000000000000, 0.000000000000000000, 0.000000000000000000 ) ) ;
#1874 = CARTESIAN_POINT ( 'NONE',  ( -7.018393673851000436, 1.224574780638000071, -1.590396881523000072 ) ) ;
#1875 = EDGE_CURVE ( 'NONE', #7750, #4191, #2148, .T. ) ;
#1876 = AXIS2_PLACEMENT_3D ( 'NONE', #8050, #4539, #1620 ) ;
#1877 = ORIENTED_EDGE ( 'NONE', *, *, #8941, .T. ) ;
#1878 = DIRECTION ( 'NONE',  ( 0.000000000000000000, -1.000000000000000000, 0.000000000000000000 ) ) ;
#1879 = EDGE_CURVE ( 'NONE', #4864, #7736, #7184, .T. ) ;
#1880 = ORIENTED_EDGE ( 'NONE', *, *, #122, .F. ) ;
#1881 = ORIENTED_EDGE ( 'NONE', *, *, #1201, .F. ) ;
#1882 = ADVANCED_FACE ( 'NONE', ( #2193 ), #16, .F. ) ;
#1883 = LINE ( 'NONE', #6816, #3595 ) ;
#1884 = EDGE_LOOP ( 'NONE', ( #7152, #5487, #6696, #2441 ) ) ;
#1885 = CARTESIAN_POINT ( 'NONE',  ( 13.02132084152999880, 0.2500000000000000000, -3.429120987151999866 ) ) ;
#1886 = LINE ( 'NONE', #8930, #623 ) ;
#1887 = DIRECTION ( 'NONE',  ( 0.000000000000000000, 0.000000000000000000, -1.000000000000000000 ) ) ;
#1888 = VERTEX_POINT ( 'NONE', #2867 ) ;
#1889 = SURFACE_SIDE_STYLE ('',( #8371 ) ) ;
#1890 = LINE ( 'NONE', #4755, #7189 ) ;
#1891 = EDGE_CURVE ( 'NONE', #6567, #2548, #1014, .T. ) ;
#1892 = ORIENTED_EDGE ( 'NONE', *, *, #8328, .F. ) ;
#1893 = DIRECTION ( 'NONE',  ( -1.000000000000000000, 0.000000000000000000, 0.000000000000000000 ) ) ;
#1894 = EDGE_CURVE ( 'NONE', #3563, #5973, #8657, .T. ) ;
#1895 = LINE ( 'NONE', #3210, #2096 ) ;
#1896 = ORIENTED_EDGE ( 'NONE', *, *, #6652, .T. ) ;
#1897 = CARTESIAN_POINT ( 'NONE',  ( 5.000000000000000000, -4.129999999999999893, -5.500000000000000000 ) ) ;
#1898 = LINE ( 'NONE', #3261, #8917 ) ;
#1899 = CARTESIAN_POINT ( 'NONE',  ( -13.12697540696999887, 0.2500000000000000000, -3.655697933911000064 ) ) ;
#1900 = CARTESIAN_POINT ( 'NONE',  ( 13.22500000000000142, -2.000000000000000000, -5.250000000000000000 ) ) ;
#1901 = CYLINDRICAL_SURFACE ( 'NONE', #3971, 0.2500000000000002776 ) ;
#1902 = VECTOR ( 'NONE', #5032, 1000.000000000000000 ) ;
#1903 = ORIENTED_EDGE ( 'NONE', *, *, #7436, .T. ) ;
#1904 = EDGE_LOOP ( 'NONE', ( #4833, #2524 ) ) ;
#1905 = DIRECTION ( 'NONE',  ( 0.9455185755993017471, 0.000000000000000000, -0.3255681544572003872 ) ) ;
#1906 = PLANE ( 'NONE',  #2567 ) ;
#1907 = VECTOR ( 'NONE', #7175, 1000.000000000000000 ) ;
#1908 = ORIENTED_EDGE ( 'NONE', *, *, #2282, .T. ) ;
#1909 = CARTESIAN_POINT ( 'NONE',  ( 3.943512502207000558, 1.239117886663000156, -0.5654846412642999809 ) ) ;
#1910 = CARTESIAN_POINT ( 'NONE',  ( 3.869937187412998636, -1.254458537402999951, -0.4551418008018999206 ) ) ;
#1911 = VERTEX_POINT ( 'NONE', #766 ) ;
#1912 = FACE_OUTER_BOUND ( 'NONE', #7109, .T. ) ;
#1913 = EDGE_LOOP ( 'NONE', ( #8526, #1524 ) ) ;
#1914 = CARTESIAN_POINT ( 'NONE',  ( -8.887243667190000806, 4.129999999999999893, -0.4000000000000000222 ) ) ;
#1915 = VECTOR ( 'NONE', #6460, 1000.000000000000000 ) ;
#1916 = ORIENTED_EDGE ( 'NONE', *, *, #3654, .F. ) ;
#1917 = DIRECTION ( 'NONE',  ( 0.000000000000000000, 0.000000000000000000, 1.000000000000000000 ) ) ;
#1918 = DIRECTION ( 'NONE',  ( 0.000000000000000000, -1.000000000000000000, 0.000000000000000000 ) ) ;
#1919 = CARTESIAN_POINT ( 'NONE',  ( 8.672648929445999855, 0.4000000000000000222, -4.020822355239999979 ) ) ;
#1920 = CARTESIAN_POINT ( 'NONE',  ( 12.72499999999999964, 0.5000000000000000000, -4.450000000000000178 ) ) ;
#1921 = ORIENTED_EDGE ( 'NONE', *, *, #3539, .F. ) ;
#1922 = EDGE_CURVE ( 'NONE', #6219, #6802, #4300, .T. ) ;
#1923 = FACE_OUTER_BOUND ( 'NONE', #9068, .T. ) ;
#1924 = VECTOR ( 'NONE', #6643, 1000.000000000000000 ) ;
#1925 = VECTOR ( 'NONE', #5812, 1000.000000000000000 ) ;
#1926 = VERTEX_POINT ( 'NONE', #61 ) ;
#1927 = ADVANCED_FACE ( 'NONE', ( #8012 ), #2103, .T. ) ;
#1928 = ORIENTED_EDGE ( 'NONE', *, *, #5251, .T. ) ;
#1929 = DIRECTION ( 'NONE',  ( 0.000000000000000000, -1.000000000000000000, 0.000000000000000000 ) ) ;
#1930 = ORIENTED_EDGE ( 'NONE', *, *, #7701, .T. ) ;
#1931 = DIRECTION ( 'NONE',  ( 0.000000000000000000, 0.000000000000000000, -1.000000000000000000 ) ) ;
#1932 = PLANE ( 'NONE',  #315 ) ;
#1933 = DIRECTION ( 'NONE',  ( 0.3255681544572004427, 0.000000000000000000, 0.9455185755993018581 ) ) ;
#1934 = ORIENTED_EDGE ( 'NONE', *, *, #2478, .F. ) ;
#1935 = VECTOR ( 'NONE', #88, 1000.000000000000000 ) ;
#1936 = AXIS2_PLACEMENT_3D ( 'NONE', #5138, #4960, #7995 ) ;
#1937 = CARTESIAN_POINT ( 'NONE',  ( 3.946019821811705075, 1.107209390215706302, -0.6645641132901319859 ) ) ;
#1938 = ORIENTED_EDGE ( 'NONE', *, *, #8567, .T. ) ;
#1939 = ADVANCED_FACE ( 'NONE', ( #5296 ), #4636, .T. ) ;
#1940 = DIRECTION ( 'NONE',  ( -1.000000000000000000, 0.000000000000000000, 0.000000000000000000 ) ) ;
#1941 = AXIS2_PLACEMENT_3D ( 'NONE', #495, #6065, #1097 ) ;
#1942 = DIRECTION ( 'NONE',  ( 0.000000000000000000, 0.000000000000000000, 1.000000000000000000 ) ) ;
#1943 = EDGE_LOOP ( 'NONE', ( #6098, #2518, #4797, #1330 ) ) ;
#1944 = CARTESIAN_POINT ( 'NONE',  ( 7.598039597026000180, -6.669999999999999929, -0.04538607075204000030 ) ) ;
#1945 = DIRECTION ( 'NONE',  ( -1.000000000000000000, 0.000000000000000000, 0.000000000000000000 ) ) ;
#1946 = DIRECTION ( 'NONE',  ( 1.000000000000000000, 0.000000000000000000, 0.000000000000000000 ) ) ;
#1947 = CARTESIAN_POINT ( 'NONE',  ( 12.72499999999999964, -0.5000000000000000000, -4.450000000000000178 ) ) ;
#1948 = CARTESIAN_POINT ( 'NONE',  ( 0.000000000000000000, 0.000000000000000000, -4.000000000000000000 ) ) ;
#1949 = EDGE_CURVE ( 'NONE', #2339, #870, #7448, .T. ) ;
#1950 = ORIENTED_EDGE ( 'NONE', *, *, #5190, .F. ) ;
#1951 = ORIENTED_EDGE ( 'NONE', *, *, #8454, .T. ) ;
#1952 = CARTESIAN_POINT ( 'NONE',  ( -13.42499999999999893, 2.000000000000000000, -1.350000000000000089 ) ) ;
#1953 = AXIS2_PLACEMENT_3D ( 'NONE', #3300, #7667, #6261 ) ;
#1954 = EDGE_CURVE ( 'NONE', #2637, #2259, #5394, .T. ) ;
#1955 = LINE ( 'NONE', #4017, #1813 ) ;
#1956 = ORIENTED_EDGE ( 'NONE', *, *, #6929, .F. ) ;
#1957 = CARTESIAN_POINT ( 'NONE',  ( 3.904550780146000211, 1.213000370228999980, -0.4986503702229000967 ) ) ;
#1958 = AXIS2_PLACEMENT_3D ( 'NONE', #3072, #8716, #7999 ) ;
#1959 = CARTESIAN_POINT ( 'NONE',  ( 3.457502817664119821, -0.8133842257494945382, -0.3955971729353844335 ) ) ;
#1960 = B_SPLINE_CURVE_WITH_KNOTS ( 'NONE', 3,
 ( #3406, #3959, #411, #461 ),
 .UNSPECIFIED., .F., .F.,
 ( 4, 4 ),
 ( 0.000000000000000000, 1.000000000000000000 ),
 .UNSPECIFIED. ) ;
#1961 = ORIENTED_EDGE ( 'NONE', *, *, #1331, .T. ) ;
#1962 = LINE ( 'NONE', #4920, #6859 ) ;
#1963 = EDGE_CURVE ( 'NONE', #4721, #405, #6049, .T. ) ;
#1964 = ORIENTED_EDGE ( 'NONE', *, *, #4416, .T. ) ;
#1965 = DIRECTION ( 'NONE',  ( 0.000000000000000000, 0.000000000000000000, 1.000000000000000000 ) ) ;
#1966 = AXIS2_PLACEMENT_3D ( 'NONE', #3156, #7947, #1008 ) ;
#1967 = EDGE_CURVE ( 'NONE', #2050, #219, #2523, .T. ) ;
#1968 = VERTEX_POINT ( 'NONE', #1772 ) ;
#1969 = VECTOR ( 'NONE', #3463, 1000.000000000000000 ) ;
#1970 = CARTESIAN_POINT ( 'NONE',  ( -7.212490067225000523, 1.229999999999999982, -1.206277929287999928 ) ) ;
#1971 = VECTOR ( 'NONE', #1434, 1000.000000000000000 ) ;
#1972 = CARTESIAN_POINT ( 'NONE',  ( -9.650000000000000355, 7.250000000000000000, -0.2500000000000000000 ) ) ;
#1973 = DIRECTION ( 'NONE',  ( 1.000000000000000000, 0.000000000000000000, 0.000000000000000000 ) ) ;
#1974 = ORIENTED_EDGE ( 'NONE', *, *, #7685, .T. ) ;
#1975 = DIRECTION ( 'NONE',  ( 0.000000000000000000, -1.000000000000000000, 0.000000000000000000 ) ) ;
#1976 = ORIENTED_EDGE ( 'NONE', *, *, #5400, .F. ) ;
#1977 = EDGE_LOOP ( 'NONE', ( #7007, #2729, #800, #4835 ) ) ;
#1978 = DIRECTION ( 'NONE',  ( -1.000000000000000000, 0.000000000000000000, 0.000000000000000000 ) ) ;
#1979 = EDGE_LOOP ( 'NONE', ( #3342, #3086, #576, #2682 ) ) ;
#1980 = CARTESIAN_POINT ( 'NONE',  ( 3.885980697393999872, -0.9245892021270000205, -0.6446799604716999532 ) ) ;
#1981 = DIRECTION ( 'NONE',  ( 0.000000000000000000, -1.000000000000000000, 0.000000000000000000 ) ) ;
#1982 = CARTESIAN_POINT ( 'NONE',  ( 3.892868166202250624, 1.318283251270366385, -0.4840296052314276287 ) ) ;
#1983 = EDGE_LOOP ( 'NONE', ( #6190, #2973, #1961, #1777 ) ) ;
#1984 = FILL_AREA_STYLE ('',( #1191 ) ) ;
#1985 = DIRECTION ( 'NONE',  ( 0.000000000000000000, -1.000000000000000000, -2.153851683884999951E-14 ) ) ;
#1986 = ORIENTED_EDGE ( 'NONE', *, *, #7754, .T. ) ;
#1987 = DIRECTION ( 'NONE',  ( 0.000000000000000000, 1.000000000000000000, 0.000000000000000000 ) ) ;
#1988 = FACE_OUTER_BOUND ( 'NONE', #1773, .T. ) ;
#1989 = EDGE_LOOP ( 'NONE', ( #8060, #6369, #7847, #740 ) ) ;
#1990 = CARTESIAN_POINT ( 'NONE',  ( 4.023574198267571234, -0.7447291556526408618, -0.8340611633591856755 ) ) ;
#1991 = DIRECTION ( 'NONE',  ( -0.9068615986927948125, -0.4214285714285972984, 0.000000000000000000 ) ) ;
#1992 = LINE ( 'NONE', #656, #4762 ) ;
#1993 = CARTESIAN_POINT ( 'NONE',  ( 0.000000000000000000, 0.000000000000000000, -4.000000000000000000 ) ) ;
#1994 =( BOUNDED_SURFACE ( )  B_SPLINE_SURFACE ( 3, 3, ( 
 ( #2395, #918, #7989, #5929 ),
 ( #8658, #2213, #3636, #5132 ),
 ( #8126, #2930, #172, #4522 ),
 ( #5799, #5086, #7945, #7248 ),
 ( #3675, #3105, #6543, #2972 ),
 ( #5839, #8792, #8746, #4422 ),
 ( #8701, #2261, #3014, #2301 ) ),
 .UNSPECIFIED., .F., .F., .F. ) 
 B_SPLINE_SURFACE_WITH_KNOTS ( ( 4, 3, 4 ),
 ( 4, 4 ),
 ( 0.000000000000000000, 1.000000000000000000, 2.000000000000000000 ),
 ( 0.000000000000000000, 1.000000000000000000 ),
 .UNSPECIFIED. ) 
 GEOMETRIC_REPRESENTATION_ITEM ( )  RATIONAL_B_SPLINE_SURFACE ( (
 ( 2.032791748133000009, 1.945953890853999946, 1.945953890853999946, 2.032791748133000009),
 ( 0.6998685607082000271, 0.6699712107978000875, 0.6699712107978000875, 0.6998685607082000271),
 ( 0.6998685607082000271, 0.6699712107978000875, 0.6699712107978000875, 0.6998685607082000271),
 ( 2.032791748133000009, 1.945953890853999946, 1.945953890853999946, 2.032791748133000009),
 ( 0.6998685607082000271, 0.6699712107978000875, 0.6699712107978000875, 0.6998685607082000271),
 ( 0.6998685607082000271, 0.6699712107978000875, 0.6699712107978000875, 0.6998685607082000271),
 ( 2.032791748133000009, 1.945953890853999946, 1.945953890853999946, 2.032791748133000009) ) ) 
 REPRESENTATION_ITEM ( '' )  SURFACE ( )  );
#1995 = ADVANCED_FACE ( 'NONE', ( #8248 ), #285, .T. ) ;
#1996 = ORIENTED_EDGE ( 'NONE', *, *, #3036, .F. ) ;
#1997 = ORIENTED_EDGE ( 'NONE', *, *, #3546, .T. ) ;
#1998 = CARTESIAN_POINT ( 'NONE',  ( -7.310160513561999807, -1.224574780638000071, -1.489933501968000007 ) ) ;
#1999 = DIRECTION ( 'NONE',  ( 0.000000000000000000, 0.000000000000000000, -1.000000000000000000 ) ) ;
#2000 = EDGE_CURVE ( 'NONE', #4308, #4279, #3096, .T. ) ;
#2001 = ORIENTED_EDGE ( 'NONE', *, *, #6329, .F. ) ;
#2002 = LINE ( 'NONE', #6645, #2537 ) ;
#2003 = LINE ( 'NONE', #7871, #322 ) ;
#2004 = EDGE_CURVE ( 'NONE', #294, #7201, #7501, .T. ) ;
#2005 = ORIENTED_EDGE ( 'NONE', *, *, #5109, .F. ) ;
#2006 = CARTESIAN_POINT ( 'NONE',  ( 3.895774553555999997, -1.259560954070999994, -0.4880298812648000140 ) ) ;
#2007 = ORIENTED_EDGE ( 'NONE', *, *, #6244, .T. ) ;
#2008 = DIRECTION ( 'NONE',  ( 1.752380972255999831E-13, -1.000000000000000000, -4.380952430638999933E-14 ) ) ;
#2009 = CARTESIAN_POINT ( 'NONE',  ( -5.000000000000000000, -6.669999999999999929, -5.500000000000000000 ) ) ;
#2010 = EDGE_CURVE ( 'NONE', #7963, #7777, #4547, .T. ) ;
#2011 = ORIENTED_EDGE ( 'NONE', *, *, #2640, .F. ) ;
#2012 = CARTESIAN_POINT ( 'NONE',  ( 12.72499999999999964, -2.600000000000000089, -1.100000000000000089 ) ) ;
#2013 = CARTESIAN_POINT ( 'NONE',  ( -7.360728583477994746, 1.297563660946998709, -1.467991456314999610 ) ) ;
#2014 = DIRECTION ( 'NONE',  ( 0.000000000000000000, -1.000000000000000000, 0.000000000000000000 ) ) ;
#2015 = PLANE ( 'NONE',  #6066 ) ;
#2016 = ORIENTED_EDGE ( 'NONE', *, *, #7074, .F. ) ;
#2017 = CIRCLE ( 'NONE', #2462, 0.2999999999999995448 ) ;
#2018 = CARTESIAN_POINT ( 'NONE',  ( 3.939136598062999539, -1.294061057910000034, -0.5577586195414999670 ) ) ;
#2019 = ORIENTED_EDGE ( 'NONE', *, *, #3103, .T. ) ;
#2020 = VECTOR ( 'NONE', #6354, 1000.000000000000000 ) ;
#2021 = ORIENTED_EDGE ( 'NONE', *, *, #7234, .F. ) ;
#2022 = CARTESIAN_POINT ( 'NONE',  ( -7.158662165802999411, 1.224574780638000071, -1.383455464291999837 ) ) ;
#2023 = ORIENTED_EDGE ( 'NONE', *, *, #1270, .F. ) ;
#2024 = DIRECTION ( 'NONE',  ( -1.000000000000000000, 0.000000000000000000, 0.000000000000000000 ) ) ;
#2025 = DIRECTION ( 'NONE',  ( 0.000000000000000000, 0.000000000000000000, -1.000000000000000000 ) ) ;
#2026 = CARTESIAN_POINT ( 'NONE',  ( -13.34916573867999823, 2.500000000000000000, -1.100000000000000089 ) ) ;
#2027 = ORIENTED_EDGE ( 'NONE', *, *, #4639, .F. ) ;
#2028 = CARTESIAN_POINT ( 'NONE',  ( 3.972172594934999967, 1.254091088670999943, -0.6734612107823000349 ) ) ;
#2029 = CYLINDRICAL_SURFACE ( 'NONE', #475, 0.4500000000000007327 ) ;
#2030 = ORIENTED_EDGE ( 'NONE', *, *, #915, .F. ) ;
#2031 = CARTESIAN_POINT ( 'NONE',  ( -5.000000000000000000, -4.129999999999999893, -4.000000000000000000 ) ) ;
#2032 = PLANE ( 'NONE',  #6299 ) ;
#2033 = ORIENTED_EDGE ( 'NONE', *, *, #2629, .F. ) ;
#2034 = PLANE ( 'NONE',  #5870 ) ;
#2035 = LINE ( 'NONE', #4104, #8922 ) ;
#2036 = CIRCLE ( 'NONE', #1219, 0.2500000000000002220 ) ;
#2037 = FACE_OUTER_BOUND ( 'NONE', #7115, .T. ) ;
#2038 = CARTESIAN_POINT ( 'NONE',  ( -13.42499999999999893, 2.000000000000000000, -5.250000000000000000 ) ) ;
#2039 = EDGE_LOOP ( 'NONE', ( #6873, #1091, #7852, #7291 ) ) ;
#2040 = EDGE_LOOP ( 'NONE', ( #4613, #2461, #919, #4108 ) ) ;
#2041 = DIRECTION ( 'NONE',  ( 0.000000000000000000, -1.000000000000000000, 0.000000000000000000 ) ) ;
#2042 = CARTESIAN_POINT ( 'NONE',  ( 13.22500000000000142, 0.7500000000000000000, -3.350000000000000089 ) ) ;
#2043 = VERTEX_POINT ( 'NONE', #378 ) ;
#2044 = ADVANCED_FACE ( 'NONE', ( #8152 ), #242, .F. ) ;
#2045 = CARTESIAN_POINT ( 'NONE',  ( 3.870647641873000033, 1.225660632647000092, -0.4536294907900999540 ) ) ;
#2046 = DIRECTION ( 'NONE',  ( 0.000000000000000000, 0.000000000000000000, 1.000000000000000000 ) ) ;
#2047 = AXIS2_PLACEMENT_3D ( 'NONE', #435, #4600, #8302 ) ;
#2048 = ORIENTED_EDGE ( 'NONE', *, *, #2791, .F. ) ;
#2049 = CARTESIAN_POINT ( 'NONE',  ( 9.271763586287001147, 4.129999999999999893, 0.000000000000000000 ) ) ;
#2050 = VERTEX_POINT ( 'NONE', #3085 ) ;
#2051 = DIRECTION ( 'NONE',  ( -1.156482317318000033E-14, 0.000000000000000000, 1.000000000000000000 ) ) ;
#2052 = EDGE_CURVE ( 'NONE', #6628, #7700, #871, .T. ) ;
#2053 = EDGE_CURVE ( 'NONE', #4541, #5070, #9104, .T. ) ;
#2054 = CARTESIAN_POINT ( 'NONE',  ( -7.308766020979002853, -1.151585900328001344, -1.485883601440001200 ) ) ;
#2055 = VERTEX_POINT ( 'NONE', #1725 ) ;
#2056 = EDGE_CURVE ( 'NONE', #5666, #618, #1122, .T. ) ;
#2057 = CARTESIAN_POINT ( 'NONE',  ( 5.577410528076000240, -1.750000000000000000, 0.5999999999999999778 ) ) ;
#2058 = VECTOR ( 'NONE', #141, 1000.000000000000114 ) ;
#2059 = CARTESIAN_POINT ( 'NONE',  ( -5.000000000000000000, 4.129999999999999893, -5.500000000000000000 ) ) ;
#2060 = DIRECTION ( 'NONE',  ( 1.000000000000000000, 0.000000000000000000, 0.000000000000000000 ) ) ;
#2061 = ORIENTED_EDGE ( 'NONE', *, *, #3998, .T. ) ;
#2062 = EDGE_CURVE ( 'NONE', #409, #5438, #3276, .T. ) ;
#2063 = CARTESIAN_POINT ( 'NONE',  ( 3.962823409458000157, -1.338032243492999873, -0.6815554388849000000 ) ) ;
#2064 = EDGE_CURVE ( 'NONE', #2240, #4279, #7757, .T. ) ;
#2065 = ORIENTED_EDGE ( 'NONE', *, *, #5904, .F. ) ;
#2066 = AXIS2_PLACEMENT_3D ( 'NONE', #530, #3381, #7098 ) ;
#2067 = CARTESIAN_POINT ( 'NONE',  ( 3.902099309578567432, 1.075733718161909769, -0.5593205782254845326 ) ) ;
#2068 = ORIENTED_EDGE ( 'NONE', *, *, #2109, .T. ) ;
#2069 = DIRECTION ( 'NONE',  ( 0.000000000000000000, 1.110223024625000030E-14, -1.000000000000000000 ) ) ;
#2070 = CARTESIAN_POINT ( 'NONE',  ( 13.17815389352000111, -0.5000000000000000000, -4.238690869129999150 ) ) ;
#2071 = CARTESIAN_POINT ( 'NONE',  ( -6.873064998115946622, 0.9031603385642459347, -1.533937201377129522 ) ) ;
#2072 = VERTEX_POINT ( 'NONE', #3328 ) ;
#2073 = CARTESIAN_POINT ( 'NONE',  ( 3.943143893398000088, 1.409002078697999982, -0.6698106195851999400 ) ) ;
#2074 = ADVANCED_FACE ( 'NONE', ( #4165 ), #6194, .F. ) ;
#2075 = CARTESIAN_POINT ( 'NONE',  ( 0.000000000000000000, 0.000000000000000000, 0.000000000000000000 ) ) ;
#2076 = AXIS2_PLACEMENT_3D ( 'NONE', #6294, #7048, #4438 ) ;
#2077 = EDGE_LOOP ( 'NONE', ( #1301, #5021, #7844, #3774, #5717, #6290, #910, #2789, #4240, #9045, #5014, #2657 ) ) ;
#2078 = DIRECTION ( 'NONE',  ( 0.3255681544572003872, 0.000000000000000000, 0.9455185755993017471 ) ) ;
#2079 = AXIS2_PLACEMENT_3D ( 'NONE', #3518, #6388, #1367 ) ;
#2080 = ORIENTED_EDGE ( 'NONE', *, *, #5582, .T. ) ;
#2081 = DIRECTION ( 'NONE',  ( 0.000000000000000000, 0.000000000000000000, 1.000000000000000000 ) ) ;
#2082 = VECTOR ( 'NONE', #1905, 1000.000000000000114 ) ;
#2083 = CARTESIAN_POINT ( 'NONE',  ( -7.492923727313000271, 6.669999999999999929, -0.6644611246450999875 ) ) ;
#2084 = CARTESIAN_POINT ( 'NONE',  ( 13.42499999999999893, 0.5000000000000000000, -4.500000000000000000 ) ) ;
#2085 = CARTESIAN_POINT ( 'NONE',  ( -6.807951367225801853, 0.9136418944187129076, -1.344833486256577171 ) ) ;
#2086 = ORIENTED_EDGE ( 'NONE', *, *, #7512, .F. ) ;
#2087 = ORIENTED_EDGE ( 'NONE', *, *, #8396, .T. ) ;
#2088 = DIRECTION ( 'NONE',  ( -0.000000000000000000, 1.000000000000000000, 0.000000000000000000 ) ) ;
#2089 = VECTOR ( 'NONE', #9214, 1000.000000000000000 ) ;
#2090 = CARTESIAN_POINT ( 'NONE',  ( 3.871208751481999943, -1.254458537402999951, -0.4542179554287000265 ) ) ;
#2091 = ORIENTED_EDGE ( 'NONE', *, *, #1149, .F. ) ;
#2092 = CARTESIAN_POINT ( 'NONE',  ( 3.887499063701000068, 1.058824252104999974, -0.5430188500531000217 ) ) ;
#2093 = CARTESIAN_POINT ( 'NONE',  ( 13.22500000000000142, -0.5000000000000000000, -4.450000000000000178 ) ) ;
#2094 = ORIENTED_EDGE ( 'NONE', *, *, #3875, .F. ) ;
#2095 = LINE ( 'NONE', #3690, #9109 ) ;
#2096 = VECTOR ( 'NONE', #2648, 1000.000000000000227 ) ;
#2097 = VERTEX_POINT ( 'NONE', #4023 ) ;
#2098 = FACE_OUTER_BOUND ( 'NONE', #6860, .T. ) ;
#2099 = EDGE_CURVE ( 'NONE', #1510, #2486, #8324, .T. ) ;
#2100 = CIRCLE ( 'NONE', #7353, 0.5000000000000004441 ) ;
#2101 = DIRECTION ( 'NONE',  ( -1.000000000000000000, 0.000000000000000000, 0.000000000000000000 ) ) ;
#2102 = VERTEX_POINT ( 'NONE', #7092 ) ;
#2103 =( BOUNDED_SURFACE ( )  B_SPLINE_SURFACE ( 3, 3, ( 
 ( #4357, #151, #6617, #5868 ),
 ( #8730, #102, #2284, #5153 ),
 ( #199, #7230, #1585, #5775 ),
 ( #3040, #5909, #8639, #7840 ),
 ( #6519, #7406, #3183, #8771 ),
 ( #4499, #4681, #1682, #8058 ),
 ( #8200, #6099, #4592, #425 ) ),
 .UNSPECIFIED., .F., .F., .F. ) 
 B_SPLINE_SURFACE_WITH_KNOTS ( ( 4, 3, 4 ),
 ( 4, 4 ),
 ( 0.000000000000000000, 1.000000000000000000, 2.000000000000000000 ),
 ( 0.000000000000000000, 1.000000000000000000 ),
 .UNSPECIFIED. ) 
 GEOMETRIC_REPRESENTATION_ITEM ( )  RATIONAL_B_SPLINE_SURFACE ( (
 ( 1.435278429303000092, 1.208292588178999871, 1.208292588178999871, 1.435278429303000092),
 ( 1.034337099056000131, 0.8707591676657000512, 0.8707591676657000512, 1.034337099056000131),
 ( 1.034337099056000131, 0.8707591676657000512, 0.8707591676657000512, 1.034337099056000131),
 ( 1.435278429303000092, 1.208292588178999871, 1.208292588178999871, 1.435278429303000092),
 ( 1.034337099056000131, 0.8707591676657000512, 0.8707591676657000512, 1.034337099056000131),
 ( 1.034337099056000131, 0.8707591676657000512, 0.8707591676657000512, 1.034337099056000131),
 ( 1.435278429303000092, 1.208292588178999871, 1.208292588178999871, 1.435278429303000092) ) ) 
 REPRESENTATION_ITEM ( '' )  SURFACE ( )  );
#2104 = DIRECTION ( 'NONE',  ( 0.000000000000000000, 0.000000000000000000, -1.000000000000000000 ) ) ;
#2105 = CARTESIAN_POINT ( 'NONE',  ( 15.84999999999999964, -1.750000000000000000, -5.299999999999999822 ) ) ;
#2106 = FACE_OUTER_BOUND ( 'NONE', #8999, .T. ) ;
#2107 = EDGE_LOOP ( 'NONE', ( #3055, #1817, #6800, #1976 ) ) ;
#2108 = AXIS2_PLACEMENT_3D ( 'NONE', #5828, #6623, #8779 ) ;
#2109 = EDGE_CURVE ( 'NONE', #3242, #7016, #1862, .T. ) ;
#2110 = CARTESIAN_POINT ( 'NONE',  ( 3.884422936510000035, -1.312869260112000003, -0.4696002182243000367 ) ) ;
#2111 = VECTOR ( 'NONE', #5357, 1000.000000000000000 ) ;
#2112 = VERTEX_POINT ( 'NONE', #4729 ) ;
#2113 = AXIS2_PLACEMENT_3D ( 'NONE', #1393, #4244, #7116 ) ;
#2114 = EDGE_CURVE ( 'NONE', #4218, #54, #2655, .T. ) ;
#2115 = ADVANCED_FACE ( 'NONE', ( #1912 ), #4781, .F. ) ;
#2116 = CARTESIAN_POINT ( 'NONE',  ( 12.84005928412999964, -0.2500000000000000000, -3.513644639500000277 ) ) ;
#2117 = VERTEX_POINT ( 'NONE', #7642 ) ;
#2118 = CARTESIAN_POINT ( 'NONE',  ( -11.07499999999999929, -2.500000000000000000, -0.9000000000000000222 ) ) ;
#2119 = LINE ( 'NONE', #7106, #3602 ) ;
#2120 = CARTESIAN_POINT ( 'NONE',  ( 12.72499999999999964, 0.5000000000000000000, -4.450000000000000178 ) ) ;
#2121 = EDGE_CURVE ( 'NONE', #2269, #4500, #5632, .T. ) ;
#2122 = CARTESIAN_POINT ( 'NONE',  ( 11.00000000000000000, -3.500000000000000000, -38.18409399080999833 ) ) ;
#2123 = EDGE_LOOP ( 'NONE', ( #2773, #1908, #2615, #7540 ) ) ;
#2124 = CARTESIAN_POINT ( 'NONE',  ( 3.925067815798000126, 0.9642239892974999727, -0.7003509429904000161 ) ) ;
#2125 = PLANE ( 'NONE',  #3597 ) ;
#2126 = EDGE_LOOP ( 'NONE', ( #9164, #4921, #3007, #3754 ) ) ;
#2127 = ADVANCED_FACE ( 'NONE', ( #1221 ), #1310, .F. ) ;
#2128 = ORIENTED_EDGE ( 'NONE', *, *, #8080, .F. ) ;
#2129 = DIRECTION ( 'NONE',  ( 0.000000000000000000, 1.000000000000000000, 0.000000000000000000 ) ) ;
#2130 = CARTESIAN_POINT ( 'NONE',  ( 0.000000000000000000, 0.000000000000000000, -0.5999999999999999778 ) ) ;
#2131 = CARTESIAN_POINT ( 'NONE',  ( -13.22500000000000142, -2.500000000000000000, -5.299999999999999822 ) ) ;
#2132 = PLANE ( 'NONE',  #5170 ) ;
#2133 = ORIENTED_EDGE ( 'NONE', *, *, #1833, .F. ) ;
#2134 = ORIENTED_EDGE ( 'NONE', *, *, #7103, .F. ) ;
#2135 = CARTESIAN_POINT ( 'NONE',  ( -7.277603698116000608, -1.224574780638000071, -1.395381644408000055 ) ) ;
#2136 = FACE_OUTER_BOUND ( 'NONE', #754, .T. ) ;
#2137 = DIRECTION ( 'NONE',  ( 1.000000000000000000, 0.000000000000000000, 0.000000000000000000 ) ) ;
#2138 = DIRECTION ( 'NONE',  ( -1.000000000000000000, 0.000000000000000000, 0.000000000000000000 ) ) ;
#2139 = EDGE_LOOP ( 'NONE', ( #5742, #6235, #2141, #6333, #7787, #2186 ) ) ;
#2140 = CARTESIAN_POINT ( 'NONE',  ( 7.335983667189999835, 6.669999999999999929, -0.2688748867925999653 ) ) ;
#2141 = ORIENTED_EDGE ( 'NONE', *, *, #1949, .F. ) ;
#2142 = CARTESIAN_POINT ( 'NONE',  ( -7.557971813094999547, 1.129136753219998512, -1.308317574190999810 ) ) ;
#2143 = B_SPLINE_CURVE_WITH_KNOTS ( 'NONE', 3,
 ( #207, #3708, #952, #778, #1642, #7240, #4512, #820 ),
 .UNSPECIFIED., .F., .F.,
 ( 4, 2, 2, 4 ),
 ( 0.000000000000000000, 0.2499999999999976685, 0.4999999999999953371, 1.000000000000000000 ),
 .UNSPECIFIED. ) ;
#2144 = CARTESIAN_POINT ( 'NONE',  ( -7.419786287784998713, -1.076965417088999732, -1.466931668738000960 ) ) ;
#2145 = ORIENTED_EDGE ( 'NONE', *, *, #1765, .T. ) ;
#2146 = EDGE_CURVE ( 'NONE', #26, #5114, #1460, .T. ) ;
#2147 = PLANE ( 'NONE',  #1786 ) ;
#2148 = LINE ( 'NONE', #2239, #5355 ) ;
#2149 = FACE_OUTER_BOUND ( 'NONE', #1323, .T. ) ;
#2150 = ORIENTED_EDGE ( 'NONE', *, *, #2879, .T. ) ;
#2151 = CARTESIAN_POINT ( 'NONE',  ( 3.924139223395000542, -1.336751062053999961, -0.5374360872571999348 ) ) ;
#2152 = ORIENTED_EDGE ( 'NONE', *, *, #5680, .T. ) ;
#2153 = EDGE_CURVE ( 'NONE', #8330, #2575, #7019, .T. ) ;
#2154 = LINE ( 'NONE', #7321, #2247 ) ;
#2155 = ORIENTED_EDGE ( 'NONE', *, *, #2225, .F. ) ;
#2156 = DIRECTION ( 'NONE',  ( -1.000000000000000000, 0.000000000000000000, 0.000000000000000000 ) ) ;
#2157 = DIRECTION ( 'NONE',  ( 0.000000000000000000, 1.000000000000000000, 0.000000000000000000 ) ) ;
#2158 = FACE_OUTER_BOUND ( 'NONE', #6212, .T. ) ;
#2159 = DIRECTION ( 'NONE',  ( 1.000000000000000000, 0.000000000000000000, 0.000000000000000000 ) ) ;
#2160 = ORIENTED_EDGE ( 'NONE', *, *, #8291, .F. ) ;
#2161 = CARTESIAN_POINT ( 'NONE',  ( 4.029777532184000144, 1.154205954460000072, -0.8185150471096001024 ) ) ;
#2162 = LINE ( 'NONE', #2342, #6897 ) ;
#2163 = EDGE_CURVE ( 'NONE', #6894, #9078, #2574, .T. ) ;
#2164 = VECTOR ( 'NONE', #3348, 1000.000000000000000 ) ;
#2165 = ORIENTED_EDGE ( 'NONE', *, *, #5783, .F. ) ;
#2166 = EDGE_CURVE ( 'NONE', #5983, #8309, #1962, .T. ) ;
#2167 = TOROIDAL_SURFACE ( 'NONE', #1126, 0.3670873479291000274, 0.2000000000000000111 ) ;
#2168 = CIRCLE ( 'NONE', #6982, 9.800000000000002487 ) ;
#2169 = CARTESIAN_POINT ( 'NONE',  ( 3.870543937487999298, -0.9979859075317999428, -0.6046963857593002922 ) ) ;
#2170 = EDGE_LOOP ( 'NONE', ( #1050, #6898, #3327, #4232 ) ) ;
#2171 = CARTESIAN_POINT ( 'NONE',  ( 12.77500000000000036, -1.550000000000000044, -1.100000000000000089 ) ) ;
#2172 = EDGE_CURVE ( 'NONE', #5119, #6254, #8447, .T. ) ;
#2173 = CARTESIAN_POINT ( 'NONE',  ( -9.500000000000000000, 6.500000000000000000, -0.2500000000000000000 ) ) ;
#2174 = DIRECTION ( 'NONE',  ( 0.000000000000000000, 0.000000000000000000, -1.000000000000000000 ) ) ;
#2175 = CARTESIAN_POINT ( 'NONE',  ( -8.273516791272999882, -1.750000000000000000, -1.369747470354000018 ) ) ;
#2176 = AXIS2_PLACEMENT_3D ( 'NONE', #6029, #2267, #6731 ) ;
#2177 = ORIENTED_EDGE ( 'NONE', *, *, #5806, .F. ) ;
#2178 = CARTESIAN_POINT ( 'NONE',  ( 3.878474839888000236, -2.500000000000000000, -0.6343490298142000494 ) ) ;
#2179 = CIRCLE ( 'NONE', #6686, 0.3085786437627001111 ) ;
#2180 = EDGE_CURVE ( 'NONE', #582, #3913, #4116, .T. ) ;
#2181 = DIRECTION ( 'NONE',  ( 0.3251219746164809021, 0.05233595624293688880, 0.9442227752525448325 ) ) ;
#2182 = CARTESIAN_POINT ( 'NONE',  ( 3.872876365944999844, 1.044146340193000011, -0.5221939127078000231 ) ) ;
#2183 = AXIS2_PLACEMENT_3D ( 'NONE', #3924, #8951, #4865 ) ;
#2184 = CARTESIAN_POINT ( 'NONE',  ( 3.900384804469999800, 0.9369334802347999425, -0.6639559802218000240 ) ) ;
#2185 = CARTESIAN_POINT ( 'NONE',  ( -7.256803458481003055, 1.297563660946998709, -1.503775746565997773 ) ) ;
#2186 = ORIENTED_EDGE ( 'NONE', *, *, #6815, .F. ) ;
#2187 = CARTESIAN_POINT ( 'NONE',  ( 3.878474839888000236, 1.589500506429999849, -0.6343490298144000006 ) ) ;
#2188 = ORIENTED_EDGE ( 'NONE', *, *, #7215, .T. ) ;
#2189 = CARTESIAN_POINT ( 'NONE',  ( -9.500000000000000000, 6.500000000000000000, 0.000000000000000000 ) ) ;
#2190 = DIRECTION ( 'NONE',  ( 0.3251219746164809021, -0.05233595624293688880, 0.9442227752525448325 ) ) ;
#2191 = ORIENTED_EDGE ( 'NONE', *, *, #364, .F. ) ;
#2192 = CARTESIAN_POINT ( 'NONE',  ( -11.07499999999999929, 2.000000000000000000, -1.199999999999999956 ) ) ;
#2193 = FACE_OUTER_BOUND ( 'NONE', #6852, .T. ) ;
#2194 = ORIENTED_EDGE ( 'NONE', *, *, #6080, .T. ) ;
#2195 = AXIS2_PLACEMENT_3D ( 'NONE', #989, #7364, #8867 ) ;
#2196 = CARTESIAN_POINT ( 'NONE',  ( 3.931528841433999943, -1.320364599264000072, -0.5474753354135000194 ) ) ;
#2197 = VERTEX_POINT ( 'NONE', #6993 ) ;
#2198 = FACE_OUTER_BOUND ( 'NONE', #810, .T. ) ;
#2199 = VECTOR ( 'NONE', #5813, 1000.000000000000000 ) ;
#2200 = CARTESIAN_POINT ( 'NONE',  ( -8.967661230918000825, 1.750000000000000000, -4.000000000000000000 ) ) ;
#2201 = VERTEX_POINT ( 'NONE', #4873 ) ;
#2202 = CARTESIAN_POINT ( 'NONE',  ( -9.179185367155000108, -1.750000000000000000, -4.000000000000000000 ) ) ;
#2203 = CARTESIAN_POINT ( 'NONE',  ( -8.213365127740612337, 0.6803836543004188053, -1.240356360532287372 ) ) ;
#2204 = CARTESIAN_POINT ( 'NONE',  ( -11.07499999999999929, -2.500000000000000000, -1.199999999999999956 ) ) ;
#2205 = FACE_OUTER_BOUND ( 'NONE', #399, .T. ) ;
#2206 = EDGE_LOOP ( 'NONE', ( #6795, #393, #1916, #8948 ) ) ;
#2207 = CARTESIAN_POINT ( 'NONE',  ( 3.945884079794999888, 1.397482403113999849, -0.6452472098035999526 ) ) ;
#2208 =( BOUNDED_SURFACE ( )  B_SPLINE_SURFACE ( 3, 3, ( 
 ( #7509, #8778, #904, #996 ),
 ( #3933, #1085, #5200, #157 ),
 ( #4597, #5159, #8063, #3800 ),
 ( #6665, #249, #3091, #2381 ) ),
 .UNSPECIFIED., .F., .F., .T. ) 
 B_SPLINE_SURFACE_WITH_KNOTS ( ( 4, 4 ),
 ( 4, 4 ),
 ( 0.001066276850791999901, 0.001136800475861999855 ),
 ( -0.1589135105449999974, 1.156798350318000157 ),
 .UNSPECIFIED. ) 
 GEOMETRIC_REPRESENTATION_ITEM ( )  RATIONAL_B_SPLINE_SURFACE ( (
 ( 1.015515779455999912, 0.9668235462333000241, 0.9667453934306999841, 1.015281321048999930),
 ( 1.015742288061999954, 0.9663392165664999034, 0.9662599228427000142, 1.015504406890999967),
 ( 1.016019917504999981, 0.9657455783030000074, 0.9656648861627999958, 1.015777841085000022),
 ( 1.016324914254999934, 0.9650934221802000001, 0.9650111937749000779, 1.016078229039000025) ) ) 
 REPRESENTATION_ITEM ( '' )  SURFACE ( )  );
#2209 = DIRECTION ( 'NONE',  ( 0.01703892068576954438, 0.9986295347545737222, 0.04948461879945869474 ) ) ;
#2210 = VECTOR ( 'NONE', #1567, 1000.000000000000000 ) ;
#2211 = EDGE_CURVE ( 'NONE', #9078, #5498, #7737, .T. ) ;
#2212 = EDGE_LOOP ( 'NONE', ( #3365, #1361, #5248, #3297 ) ) ;
#2213 = CARTESIAN_POINT ( 'NONE',  ( 3.938058323441997910, 1.026748227423999404, -0.5394986617645002314 ) ) ;
#2214 = VERTEX_POINT ( 'NONE', #2854 ) ;
#2215 = CARTESIAN_POINT ( 'NONE',  ( -11.00000000000000000, 3.500000000000000000, -5.500000000000000000 ) ) ;
#2216 = CARTESIAN_POINT ( 'NONE',  ( -12.94571384956000060, -0.2500000000000000000, -3.740221586259000031 ) ) ;
#2217 = LINE ( 'NONE', #45, #8207 ) ;
#2218 = DIRECTION ( 'NONE',  ( 1.000000000000000000, 0.000000000000000000, 0.000000000000000000 ) ) ;
#2219 = FACE_OUTER_BOUND ( 'NONE', #3294, .T. ) ;
#2220 = EDGE_CURVE ( 'NONE', #8239, #9014, #727, .T. ) ;
#2222 = CARTESIAN_POINT ( 'NONE',  ( 5.000000000000000000, -5.400000000000000355, -4.000000000000000000 ) ) ;
#2221 = CIRCLE ( 'NONE', #5083, 0.2500000000000002776 ) ;
#2223 = CARTESIAN_POINT ( 'NONE',  ( -8.084413076152999977, 1.750000000000000000, -1.434861101244999881 ) ) ;
#2224 = EDGE_CURVE ( 'NONE', #3572, #3938, #4348, .T. ) ;
#2225 = EDGE_CURVE ( 'NONE', #8289, #1694, #8631, .T. ) ;
#2226 = DIRECTION ( 'NONE',  ( 1.000000000000000000, 0.000000000000000000, 0.000000000000000000 ) ) ;
#2227 = CARTESIAN_POINT ( 'NONE',  ( 13.22500000000000142, 2.000000000000000000, -3.350000000000000089 ) ) ;
#2228 = CARTESIAN_POINT ( 'NONE',  ( 3.619306216539358800, -0.8092004561272720942, -0.2780401224772262592 ) ) ;
#2229 = ADVANCED_FACE ( 'NONE', ( #7221 ), #1406, .F. ) ;
#2230 = ORIENTED_EDGE ( 'NONE', *, *, #5202, .F. ) ;
#2231 = CARTESIAN_POINT ( 'NONE',  ( -7.363988414985000119, -1.224574780638000071, -1.312755966964999965 ) ) ;
#2232 = VECTOR ( 'NONE', #3045, 1000.000000000000000 ) ;
#2233 = AXIS2_PLACEMENT_3D ( 'NONE', #834, #1481, #795 ) ;
#2234 = DIRECTION ( 'NONE',  ( 0.3255681544572003872, 0.000000000000000000, 0.9455185755993017471 ) ) ;
#2235 = ORIENTED_EDGE ( 'NONE', *, *, #6073, .T. ) ;
#2236 = CARTESIAN_POINT ( 'NONE',  ( -12.97499999999999964, -2.500000000000000000, -1.350000000000000089 ) ) ;
#2237 = EDGE_CURVE ( 'NONE', #8998, #6827, #5201, .T. ) ;
#2238 = VECTOR ( 'NONE', #788, 1000.000000000000000 ) ;
#2239 = CARTESIAN_POINT ( 'NONE',  ( 13.42499999999999893, 2.000000000000000000, -5.250000000000000000 ) ) ;
#2240 = VERTEX_POINT ( 'NONE', #2187 ) ;
#2241 = ADVANCED_FACE ( 'NONE', ( #6381 ), #844, .T. ) ;
#2242 = CARTESIAN_POINT ( 'NONE',  ( 3.924133992772000035, -1.172161799275999838, -0.5374289194139000303 ) ) ;
#2243 = AXIS2_PLACEMENT_3D ( 'NONE', #2825, #7014, #9123 ) ;
#2244 = EDGE_LOOP ( 'NONE', ( #3508, #3839, #4090, #3474, #8072, #1433 ) ) ;
#2245 = CARTESIAN_POINT ( 'NONE',  ( 13.12697540696999887, -0.5000000000000000000, -3.655697933911000064 ) ) ;
#2246 = DIRECTION ( 'NONE',  ( 0.000000000000000000, 1.000000000000000000, 0.000000000000000000 ) ) ;
#2247 = VECTOR ( 'NONE', #905, 1000.000000000000227 ) ;
#2248 = ORIENTED_EDGE ( 'NONE', *, *, #8871, .T. ) ;
#2249 = CARTESIAN_POINT ( 'NONE',  ( 3.881619859231999925, -1.223779701015999866, -0.4685476159079000058 ) ) ;
#2250 = CARTESIAN_POINT ( 'NONE',  ( -7.723760905339967842, 0.6988592514646275733, -1.036091889415154288 ) ) ;
#2251 = PLANE ( 'NONE',  #6979 ) ;
#2252 = PLANE ( 'NONE',  #8764 ) ;
#2253 = VERTEX_POINT ( 'NONE', #9236 ) ;
#2254 = FACE_OUTER_BOUND ( 'NONE', #5412, .T. ) ;
#2255 = AXIS2_PLACEMENT_3D ( 'NONE', #3080, #2420, #3791 ) ;
#2256 = DIRECTION ( 'NONE',  ( 1.000000000000000000, 0.000000000000000000, 0.000000000000000000 ) ) ;
#2257 = CIRCLE ( 'NONE', #1670, 0.2500000000000002220 ) ;
#2258 = ORIENTED_EDGE ( 'NONE', *, *, #3562, .T. ) ;
#2259 = VERTEX_POINT ( 'NONE', #5104 ) ;
#2260 = CIRCLE ( 'NONE', #39, 10.15000000000000213 ) ;
#2261 = CARTESIAN_POINT ( 'NONE',  ( 3.942385829474003067, 1.258261241264000185, -0.5454549628278999585 ) ) ;
#2262 = ORIENTED_EDGE ( 'NONE', *, *, #67, .T. ) ;
#2263 = LINE ( 'NONE', #876, #8575 ) ;
#2264 = EDGE_CURVE ( 'NONE', #7231, #1474, #5426, .T. ) ;
#2265 = CARTESIAN_POINT ( 'NONE',  ( -13.47500000000000142, 1.750000000000000000, -5.299999999999999822 ) ) ;
#2266 = CARTESIAN_POINT ( 'NONE',  ( -9.350000000000001421, 6.349999999999999645, -0.5000000000000000000 ) ) ;
#2267 = DIRECTION ( 'NONE',  ( 0.000000000000000000, 0.000000000000000000, 1.000000000000000000 ) ) ;
#2268 = DIRECTION ( 'NONE',  ( 0.000000000000000000, -1.000000000000000000, 0.000000000000000000 ) ) ;
#2269 = VERTEX_POINT ( 'NONE', #1491 ) ;
#2270 = DIRECTION ( 'NONE',  ( 0.000000000000000000, -1.000000000000000000, 0.000000000000000000 ) ) ;
#2271 = CYLINDRICAL_SURFACE ( 'NONE', #1633, 1.270000000000000240 ) ;
#2272 = CARTESIAN_POINT ( 'NONE',  ( -13.22500000000000142, 0.5000000000000000000, -4.450000000000000178 ) ) ;
#2273 = EDGE_CURVE ( 'NONE', #6894, #4088, #5059, .T. ) ;
#2274 = CARTESIAN_POINT ( 'NONE',  ( 3.351904150863857623, 0.9828241191917544972, -0.2502420531758977607 ) ) ;
#2275 = CARTESIAN_POINT ( 'NONE',  ( -7.457514668713998596, 1.440888592851001793, -1.417609122480002037 ) ) ;
#2276 = DIRECTION ( 'NONE',  ( -3.083952846180990320E-14, 0.000000000000000000, 1.000000000000000000 ) ) ;
#2277 = ORIENTED_EDGE ( 'NONE', *, *, #8134, .T. ) ;
#2278 = CARTESIAN_POINT ( 'NONE',  ( -7.546984876109000595, 1.140826018599000236, -1.386802059507000084 ) ) ;
#2279 = EDGE_CURVE ( 'NONE', #2601, #3913, #2095, .T. ) ;
#2280 = LINE ( 'NONE', #4585, #3764 ) ;
#2281 = ORIENTED_EDGE ( 'NONE', *, *, #3393, .F. ) ;
#2282 = EDGE_CURVE ( 'NONE', #2621, #8981, #6557, .T. ) ;
#2283 = DIRECTION ( 'NONE',  ( 0.000000000000000000, 1.000000000000000000, 0.000000000000000000 ) ) ;
#2284 = CARTESIAN_POINT ( 'NONE',  ( -7.546984876109000595, -1.308323542676999240, -1.386802059507000084 ) ) ;
#2285 = ORIENTED_EDGE ( 'NONE', *, *, #574, .F. ) ;
#2286 = CARTESIAN_POINT ( 'NONE',  ( 3.853086312140999947, -0.9862740969236998279, -0.5588876675199999644 ) ) ;
#2287 = EDGE_CURVE ( 'NONE', #4301, #3945, #7259, .T. ) ;
#2288 = ORIENTED_EDGE ( 'NONE', *, *, #12, .T. ) ;
#2289 = EDGE_CURVE ( 'NONE', #6961, #8569, #801, .T. ) ;
#2290 = DIRECTION ( 'NONE',  ( 1.000000000000000000, 0.000000000000000000, 0.000000000000000000 ) ) ;
#2291 = CARTESIAN_POINT ( 'NONE',  ( 13.22500000000000142, 0.5000000000000000000, -4.450000000000000178 ) ) ;
#2292 = CARTESIAN_POINT ( 'NONE',  ( 3.883173627254002724, 0.9628345354461002037, -0.6477803820606006235 ) ) ;
#2293 = DIRECTION ( 'NONE',  ( 3.292634437450999962E-13, -1.000000000000000000, -4.593086694258999895E-13 ) ) ;
#2294 = CARTESIAN_POINT ( 'NONE',  ( -8.084233923462834426, 0.6886119628050428876, -1.118767557950490543 ) ) ;
#2295 = DIRECTION ( 'NONE',  ( 0.000000000000000000, -1.000000000000000000, 0.000000000000000000 ) ) ;
#2296 = ORIENTED_EDGE ( 'NONE', *, *, #5536, .T. ) ;
#2297 = PLANE ( 'NONE',  #7883 ) ;
#2298 = DIRECTION ( 'NONE',  ( 0.000000000000000000, 0.000000000000000000, -1.000000000000000000 ) ) ;
#2299 = ORIENTED_EDGE ( 'NONE', *, *, #6145, .F. ) ;
#2300 = EDGE_LOOP ( 'NONE', ( #6375, #7428, #200, #1685 ) ) ;
#2301 = CARTESIAN_POINT ( 'NONE',  ( 3.967888060560998298, 1.263842585166999433, -0.7367388287212998099 ) ) ;
#2302 = ORIENTED_EDGE ( 'NONE', *, *, #8754, .T. ) ;
#2303 = CARTESIAN_POINT ( 'NONE',  ( -10.25000000000000000, 6.349999999999999645, -0.2500000000000000000 ) ) ;
#2304 = CARTESIAN_POINT ( 'NONE',  ( 12.94571384956000060, 0.5000000000000000000, -3.740221586259000031 ) ) ;
#2305 = DIRECTION ( 'NONE',  ( 0.000000000000000000, 1.000000000000000000, 0.000000000000000000 ) ) ;
#2306 =( LENGTH_UNIT ( ) NAMED_UNIT ( * ) SI_UNIT ( .MILLI., .METRE. ) );
#2307 = LINE ( 'NONE', #8846, #1049 ) ;
#2308 = AXIS2_PLACEMENT_3D ( 'NONE', #4334, #5091, #1394 ) ;
#2309 = EDGE_LOOP ( 'NONE', ( #3570, #3419, #6273, #8537, #2557, #1516, #7579, #7548, #1076, #8351, #4657, #667, #7560, #7943, #9073, #7892 ) ) ;
#2310 = FACE_OUTER_BOUND ( 'NONE', #6205, .T. ) ;
#2311 = CARTESIAN_POINT ( 'NONE',  ( -13.22500000000000142, -1.000000000000000000, -4.500000000000000000 ) ) ;
#2312 = CARTESIAN_POINT ( 'NONE',  ( -13.17815389352000111, 0.5000000000000000000, -4.238690869129999150 ) ) ;
#2313 = CARTESIAN_POINT ( 'NONE',  ( 13.42499999999999893, -1.000000000000000000, -3.600000000000000089 ) ) ;
#2314 = VECTOR ( 'NONE', #1568, 1000.000000000000000 ) ;
#2315 = CARTESIAN_POINT ( 'NONE',  ( -0.1465673690733000079, 6.318950303242000466, -4.200000000000000178 ) ) ;
#2316 = CARTESIAN_POINT ( 'NONE',  ( 3.467025163284000122, -1.270000000000000018, -0.06803713375174000322 ) ) ;
#2317 = DIRECTION ( 'NONE',  ( 0.000000000000000000, -1.000000000000000000, 0.000000000000000000 ) ) ;
#2318 = ORIENTED_EDGE ( 'NONE', *, *, #3955, .F. ) ;
#2319 = CARTESIAN_POINT ( 'NONE',  ( -7.419786287784998713, 1.076965417088999732, -1.466931668738000960 ) ) ;
#2320 = EDGE_CURVE ( 'NONE', #8879, #5072, #5013, .T. ) ;
#2321 = CARTESIAN_POINT ( 'NONE',  ( -7.847433630748815503, -0.6969659038054668576, -1.017792711855037835 ) ) ;
#2322 = ORIENTED_EDGE ( 'NONE', *, *, #3083, .T. ) ;
#2323 = CARTESIAN_POINT ( 'NONE',  ( 3.871678533912000120, 1.466150108886000059, -0.5205298916648999352 ) ) ;
#2324 = EDGE_CURVE ( 'NONE', #6219, #4006, #2945, .T. ) ;
#2325 = DIRECTION ( 'NONE',  ( 0.2401820393465019798, -0.9127036682612078566, -0.3305822165784032540 ) ) ;
#2326 = ORIENTED_EDGE ( 'NONE', *, *, #1217, .T. ) ;
#2327 = EDGE_CURVE ( 'NONE', #8247, #2214, #4302, .T. ) ;
#2328 = CARTESIAN_POINT ( 'NONE',  ( 3.931490689150000328, -1.188459555848999871, -0.5474235655847000670 ) ) ;
#2329 = ADVANCED_FACE ( 'NONE', ( #2985, #5858, #6792, #1809, #1674, #5186 ), #1070, .T. ) ;
#2330 = ORIENTED_EDGE ( 'NONE', *, *, #1559, .T. ) ;
#2331 = CARTESIAN_POINT ( 'NONE',  ( 10.87500000000000000, -2.500000000000000000, -1.350000000000000089 ) ) ;
#2332 = CARTESIAN_POINT ( 'NONE',  ( 7.231854973545000398, 6.669999999999999929, -0.4434943453680999514 ) ) ;
#2333 = ORIENTED_EDGE ( 'NONE', *, *, #705, .F. ) ;
#2334 = EDGE_CURVE ( 'NONE', #6656, #3945, #7489, .T. ) ;
#2335 = CYLINDRICAL_SURFACE ( 'NONE', #8505, 0.5199999999999996847 ) ;
#2336 = CARTESIAN_POINT ( 'NONE',  ( 3.895798750340000005, 1.259441703700000081, -0.4880631852819000138 ) ) ;
#2337 = DIRECTION ( 'NONE',  ( 0.000000000000000000, -1.000000000000000000, 0.000000000000000000 ) ) ;
#2338 = VECTOR ( 'NONE', #1176, 1000.000000000000000 ) ;
#2339 = VERTEX_POINT ( 'NONE', #3214 ) ;
#2340 = CARTESIAN_POINT ( 'NONE',  ( 3.716671441012999733, -2.500000000000000000, -0.7519060802727000059 ) ) ;
#2341 = EDGE_CURVE ( 'NONE', #1278, #6193, #230, .T. ) ;
#2342 = CARTESIAN_POINT ( 'NONE',  ( 4.291266850093000684, -0.7149874937750000381, -1.306786416877000034 ) ) ;
#2343 = ORIENTED_EDGE ( 'NONE', *, *, #5732, .T. ) ;
#2344 = ORIENTED_EDGE ( 'NONE', *, *, #873, .F. ) ;
#2345 = CARTESIAN_POINT ( 'NONE',  ( 3.886628934399999125, -1.035027998701000262, -0.5709245101075999251 ) ) ;
#2346 = VERTEX_POINT ( 'NONE', #5287 ) ;
#2347 = ADVANCED_FACE ( 'NONE', ( #275 ), #369, .T. ) ;
#2348 = CARTESIAN_POINT ( 'NONE',  ( 7.650725455797999786, -6.669999999999999929, -0.8000000000000000444 ) ) ;
#2349 = LINE ( 'NONE', #5364, #7128 ) ;
#2350 = ORIENTED_EDGE ( 'NONE', *, *, #714, .T. ) ;
#2351 = VECTOR ( 'NONE', #5675, 1000.000000000000000 ) ;
#2352 = LINE ( 'NONE', #7477, #4614 ) ;
#2353 = DIRECTION ( 'NONE',  ( 1.000000000000000000, 0.000000000000000000, 0.000000000000000000 ) ) ;
#2354 = CARTESIAN_POINT ( 'NONE',  ( 3.883742173398999853, -0.9317595715413999891, -0.6441531531197000060 ) ) ;
#2355 = ORIENTED_EDGE ( 'NONE', *, *, #8893, .T. ) ;
#2356 = LINE ( 'NONE', #134, #1039 ) ;
#2357 = CARTESIAN_POINT ( 'NONE',  ( 13.22500000000000142, -0.7500000000000000000, -3.350000000000000089 ) ) ;
#2358 = CARTESIAN_POINT ( 'NONE',  ( -13.22500000000000142, -0.7500000000000000000, -3.350000000000000089 ) ) ;
#2359 = FACE_OUTER_BOUND ( 'NONE', #2833, .T. ) ;
#2360 = LINE ( 'NONE', #3029, #6812 ) ;
#2361 = CARTESIAN_POINT ( 'NONE',  ( -0.2491314716374000149, 6.318950303242000466, -4.299999999999999822 ) ) ;
#2362 = LINE ( 'NONE', #5901, #3374 ) ;
#2363 = ORIENTED_EDGE ( 'NONE', *, *, #6063, .T. ) ;
#2364 = ORIENTED_EDGE ( 'NONE', *, *, #19, .F. ) ;
#2365 = CARTESIAN_POINT ( 'NONE',  ( -12.97499999999999964, -2.000000000000000000, -1.350000000000000089 ) ) ;
#2366 = VECTOR ( 'NONE', #6269, 1000.000000000000000 ) ;
#2367 = VECTOR ( 'NONE', #5875, 1000.000000000000000 ) ;
#2368 = DIRECTION ( 'NONE',  ( 0.000000000000000000, 0.000000000000000000, 1.000000000000000000 ) ) ;
#2369 = EDGE_LOOP ( 'NONE', ( #4117, #5993, #7571, #694, #152, #23, #637, #2993 ) ) ;
#2370 = CARTESIAN_POINT ( 'NONE',  ( -8.084413076152999977, -0.6729456716339999867, -1.434861101244999881 ) ) ;
#2371 = VECTOR ( 'NONE', #7404, 1000.000000000000000 ) ;
#2372 = DIRECTION ( 'NONE',  ( -0.8090169943749208059, 8.435155959277429762E-15, -0.5877852522925098855 ) ) ;
#2373 = CIRCLE ( 'NONE', #3588, 0.2500000000000000000 ) ;
#2374 = EDGE_CURVE ( 'NONE', #1746, #2704, #8856, .T. ) ;
#2375 = ORIENTED_EDGE ( 'NONE', *, *, #406, .F. ) ;
#2376 = CARTESIAN_POINT ( 'NONE',  ( 3.884709229513999773, -1.253446613322000136, -0.4734986302695000648 ) ) ;
#2377 = VECTOR ( 'NONE', #9038, 1000.000000000000000 ) ;
#2378 = ORIENTED_EDGE ( 'NONE', *, *, #2909, .T. ) ;
#2379 = VECTOR ( 'NONE', #5794, 1000.000000000000000 ) ;
#2380 = EDGE_CURVE ( 'NONE', #3165, #5279, #4974, .T. ) ;
#2381 = CARTESIAN_POINT ( 'NONE',  ( 3.902386613499000401, 1.457933494457998691, -0.5915384364129997463 ) ) ;
#2382 = CARTESIAN_POINT ( 'NONE',  ( 3.376450352501028096, -0.9316431475345944291, -0.2840938886088087423 ) ) ;
#2383 = ORIENTED_EDGE ( 'NONE', *, *, #6484, .F. ) ;
#2384 = DIRECTION ( 'NONE',  ( -0.9455185755993017471, 0.000000000000000000, 0.3255681544572003872 ) ) ;
#2385 = DIRECTION ( 'NONE',  ( -0.8088400402561154445, 0.02091427258646041260, -0.5876566875997113470 ) ) ;
#2386 = EDGE_CURVE ( 'NONE', #8311, #6987, #7309, .T. ) ;
#2387 = ORIENTED_EDGE ( 'NONE', *, *, #6708, .F. ) ;
#2388 = AXIS2_PLACEMENT_3D ( 'NONE', #6599, #183, #87 ) ;
#2389 = DIRECTION ( 'NONE',  ( -0.000000000000000000, 1.000000000000000000, 0.000000000000000000 ) ) ;
#2390 = EDGE_CURVE ( 'NONE', #6664, #3853, #3415, .T. ) ;
#2391 = ORIENTED_EDGE ( 'NONE', *, *, #3141, .T. ) ;
#2392 = CIRCLE ( 'NONE', #25, 0.7499999999999997780 ) ;
#2393 = ORIENTED_EDGE ( 'NONE', *, *, #5907, .T. ) ;
#2394 = EDGE_CURVE ( 'NONE', #8637, #5006, #5943, .T. ) ;
#2395 = CARTESIAN_POINT ( 'NONE',  ( 3.881285951531002087, 1.253877015212000012, -0.4687568608468998255 ) ) ;
#2396 = CIRCLE ( 'NONE', #4938, 0.3085786437627001111 ) ;
#2397 = ORIENTED_EDGE ( 'NONE', *, *, #594, .T. ) ;
#2398 = DIRECTION ( 'NONE',  ( 0.000000000000000000, 0.000000000000000000, -1.000000000000000000 ) ) ;
#2399 = VECTOR ( 'NONE', #8805, 1000.000000000000000 ) ;
#2400 = PLANE ( 'NONE',  #6667 ) ;
#2401 = ORIENTED_EDGE ( 'NONE', *, *, #7444, .F. ) ;
#2402 = LINE ( 'NONE', #359, #2968 ) ;
#2403 = DIRECTION ( 'NONE',  ( 0.000000000000000000, 0.000000000000000000, -1.000000000000000000 ) ) ;
#2404 = AXIS2_PLACEMENT_3D ( 'NONE', #3705, #949, #2246 ) ;
#2405 = EDGE_CURVE ( 'NONE', #6474, #9078, #1711, .T. ) ;
#2406 = EDGE_CURVE ( 'NONE', #4161, #4906, #8099, .T. ) ;
#2407 = VERTEX_POINT ( 'NONE', #7354 ) ;
#2408 = CIRCLE ( 'NONE', #4363, 0.5000000000000006661 ) ;
#2409 = PLANE ( 'NONE',  #2388 ) ;
#2410 = FACE_OUTER_BOUND ( 'NONE', #4150, .T. ) ;
#2411 = VECTOR ( 'NONE', #2129, 1000.000000000000000 ) ;
#2412 = LINE ( 'NONE', #1708, #7212 ) ;
#2413 = LINE ( 'NONE', #8897, #35 ) ;
#2414 = ADVANCED_FACE ( 'NONE', ( #4580 ), #190, .T. ) ;
#2415 = DIRECTION ( 'NONE',  ( 0.000000000000000000, 0.000000000000000000, -1.000000000000000000 ) ) ;
#2416 = DIRECTION ( 'NONE',  ( 0.000000000000000000, -1.000000000000000000, 0.000000000000000000 ) ) ;
#2417 = LINE ( 'NONE', #5288, #2774 ) ;
#2418 = EDGE_LOOP ( 'NONE', ( #1416, #7507, #3923, #2364 ) ) ;
#2419 = DIRECTION ( 'NONE',  ( 0.000000000000000000, 1.000000000000000000, 0.000000000000000000 ) ) ;
#2420 = DIRECTION ( 'NONE',  ( 0.000000000000000000, 1.000000000000000000, 0.000000000000000000 ) ) ;
#2421 = VERTEX_POINT ( 'NONE', #7439 ) ;
#2422 = CARTESIAN_POINT ( 'NONE',  ( 3.944920932008999515, 1.402453072822000157, -0.6833075337117000547 ) ) ;
#2423 = VERTEX_POINT ( 'NONE', #1021 ) ;
#2424 = CARTESIAN_POINT ( 'NONE',  ( -0.4799007024065999882, 6.318950303242000466, -4.200000000000000178 ) ) ;
#2425 = VERTEX_POINT ( 'NONE', #3869 ) ;
#2426 = CARTESIAN_POINT ( 'NONE',  ( 3.967281966229000201, -1.194029425729999927, -0.6870779301925999949 ) ) ;
#2427 = ORIENTED_EDGE ( 'NONE', *, *, #4650, .F. ) ;
#2428 = EDGE_CURVE ( 'NONE', #437, #7249, #6605, .T. ) ;
#2429 = LINE ( 'NONE', #4506, #6729 ) ;
#2430 = CARTESIAN_POINT ( 'NONE',  ( 3.816266316237999501, -1.455894994186999858, -0.3655321306808000936 ) ) ;
#2431 = CARTESIAN_POINT ( 'NONE',  ( 3.894563394849999582, 0.9749039413906995799, -0.6631221616757005943 ) ) ;
#2432 = PLANE ( 'NONE',  #4747 ) ;
#2433 = CARTESIAN_POINT ( 'NONE',  ( -13.02132084152999880, 0.2500000000000000000, -3.429120987151999866 ) ) ;
#2434 = VERTEX_POINT ( 'NONE', #3173 ) ;
#2435 = CARTESIAN_POINT ( 'NONE',  ( 13.22500000000000142, -2.500000000000000000, -5.299999999999999822 ) ) ;
#2436 = ADVANCED_FACE ( 'NONE', ( #8899 ), #5332, .T. ) ;
#2437 = ORIENTED_EDGE ( 'NONE', *, *, #7400, .F. ) ;
#2438 = ADVANCED_FACE ( 'NONE', ( #6134 ), #4767, .F. ) ;
#2439 = VERTEX_POINT ( 'NONE', #4010 ) ;
#2440 = FACE_OUTER_BOUND ( 'NONE', #1804, .T. ) ;
#2441 = ORIENTED_EDGE ( 'NONE', *, *, #1383, .T. ) ;
#2442 = FACE_OUTER_BOUND ( 'NONE', #2921, .T. ) ;
#2443 = CARTESIAN_POINT ( 'NONE',  ( -10.77614159057000087, 2.000000000000000000, -1.173853277176000187 ) ) ;
#2444 = FACE_OUTER_BOUND ( 'NONE', #6486, .T. ) ;
#2445 = ORIENTED_EDGE ( 'NONE', *, *, #534, .F. ) ;
#2446 = DIRECTION ( 'NONE',  ( 0.1702514762422958627, 0.9786864215347643725, -0.1148360707303956868 ) ) ;
#2447 = CARTESIAN_POINT ( 'NONE',  ( 0.000000000000000000, 0.000000000000000000, 0.000000000000000000 ) ) ;
#2448 = EDGE_CURVE ( 'NONE', #6254, #618, #7678, .T. ) ;
#2449 = LINE ( 'NONE', #7529, #5986 ) ;
#2450 = EDGE_CURVE ( 'NONE', #4308, #6501, #3388, .T. ) ;
#2451 = ORIENTED_EDGE ( 'NONE', *, *, #3024, .T. ) ;
#2452 = LINE ( 'NONE', #1847, #4802 ) ;
#2453 = DIRECTION ( 'NONE',  ( -0.9063077870366587074, 0.000000000000000000, 0.4226182617406808451 ) ) ;
#2454 = CYLINDRICAL_SURFACE ( 'NONE', #1509, 0.4800000000000000377 ) ;
#2455 = LINE ( 'NONE', #273, #2399 ) ;
#2456 = DIRECTION ( 'NONE',  ( 0.000000000000000000, -1.000000000000000000, 0.000000000000000000 ) ) ;
#2457 = B_SPLINE_CURVE_WITH_KNOTS ( 'NONE', 3,
 ( #4939, #9207, #6303, #2067, #4799, #7663 ),
 .UNSPECIFIED., .F., .F.,
 ( 4, 1, 1, 4 ),
 ( 0.000000000000000000, 0.5030004988781597852, 0.7545132631971535053, 1.000000000000000000 ),
 .UNSPECIFIED. ) ;
#2458 = DIRECTION ( 'NONE',  ( 0.000000000000000000, 1.000000000000000000, 0.000000000000000000 ) ) ;
#2459 = DIRECTION ( 'NONE',  ( 1.000000000000000000, 0.000000000000000000, 0.000000000000000000 ) ) ;
#2460 = EDGE_CURVE ( 'NONE', #1603, #6583, #6747, .T. ) ;
#2461 = ORIENTED_EDGE ( 'NONE', *, *, #186, .F. ) ;
#2462 = AXIS2_PLACEMENT_3D ( 'NONE', #5550, #4841, #7699 ) ;
#2463 = ORIENTED_EDGE ( 'NONE', *, *, #1496, .F. ) ;
#2464 = PLANE ( 'NONE',  #854 ) ;
#2465 = EDGE_CURVE ( 'NONE', #1849, #1789, #607, .T. ) ;
#2466 = VECTOR ( 'NONE', #558, 1000.000000000000000 ) ;
#2467 = LINE ( 'NONE', #469, #1374 ) ;
#2468 = ORIENTED_EDGE ( 'NONE', *, *, #22, .F. ) ;
#2469 = LINE ( 'NONE', #3837, #8075 ) ;
#2470 = AXIS2_PLACEMENT_3D ( 'NONE', #5502, #6717, #8878 ) ;
#2471 = VECTOR ( 'NONE', #697, 1000.000000000000000 ) ;
#2472 = ORIENTED_EDGE ( 'NONE', *, *, #2282, .F. ) ;
#2473 = DIRECTION ( 'NONE',  ( -0.9455185755993017471, 0.000000000000000000, 0.3255681544572003872 ) ) ;
#2474 = ADVANCED_FACE ( 'NONE', ( #2037 ), #9091, .T. ) ;
#2475 = VERTEX_POINT ( 'NONE', #6227 ) ;
#2476 = AXIS2_PLACEMENT_3D ( 'NONE', #7478, #2353, #177 ) ;
#2477 = CARTESIAN_POINT ( 'NONE',  ( 0.5457403232343999155, 6.318950303242000466, -4.299999999999999822 ) ) ;
#2478 = EDGE_CURVE ( 'NONE', #1044, #7755, #4160, .T. ) ;
#2479 = ORIENTED_EDGE ( 'NONE', *, *, #2211, .T. ) ;
#2480 = CARTESIAN_POINT ( 'NONE',  ( -13.22500000000000142, -1.750000000000000000, -5.250000000000000000 ) ) ;
#2481 = CARTESIAN_POINT ( 'NONE',  ( 3.305221764408720286, -1.179264501983678270, -0.1855941842098146888 ) ) ;
#2482 = CIRCLE ( 'NONE', #104, 0.2500000000000000000 ) ;
#2483 = LINE ( 'NONE', #1041, #9271 ) ;
#2484 = LINE ( 'NONE', #1972, #6851 ) ;
#2485 = CARTESIAN_POINT ( 'NONE',  ( -7.212490067225000523, 1.750000000000000000, -1.206277929287999928 ) ) ;
#2486 = VERTEX_POINT ( 'NONE', #2562 ) ;
#2487 = DIRECTION ( 'NONE',  ( 0.8090169943749183634, 0.000000000000000000, 0.5877852522925132162 ) ) ;
#2488 = VERTEX_POINT ( 'NONE', #2605 ) ;
#2489 = VERTEX_POINT ( 'NONE', #8385 ) ;
#2490 = VECTOR ( 'NONE', #70, 1000.000000000000000 ) ;
#2491 = FACE_OUTER_BOUND ( 'NONE', #2300, .T. ) ;
#2492 = ORIENTED_EDGE ( 'NONE', *, *, #7389, .T. ) ;
#2493 = CARTESIAN_POINT ( 'NONE',  ( -9.228648004702492358, -4.129999999999999893, -0.04501133348440835430 ) ) ;
#2494 = DIRECTION ( 'NONE',  ( 0.000000000000000000, -1.000000000000000000, 0.000000000000000000 ) ) ;
#2495 = DIRECTION ( 'NONE',  ( 0.000000000000000000, -1.000000000000000000, 0.000000000000000000 ) ) ;
#2496 = ORIENTED_EDGE ( 'NONE', *, *, #7449, .F. ) ;
#2497 = EDGE_CURVE ( 'NONE', #4984, #547, #3566, .T. ) ;
#2498 = CARTESIAN_POINT ( 'NONE',  ( 3.908034790773999401, -1.501406488460999888, -0.6693163657103000652 ) ) ;
#2499 = VECTOR ( 'NONE', #3838, 1000.000000000000000 ) ;
#2500 = ORIENTED_EDGE ( 'NONE', *, *, #6142, .T. ) ;
#2501 = CARTESIAN_POINT ( 'NONE',  ( -13.42499999999999893, 0.5000000000000000000, -4.450000000000000178 ) ) ;
#2502 = CARTESIAN_POINT ( 'NONE',  ( 10.87500000000000000, 2.000000000000000000, -4.000000000000000000 ) ) ;
#2503 = VECTOR ( 'NONE', #7397, 1000.000000000000000 ) ;
#2505 = B_SPLINE_CURVE_WITH_KNOTS ( 'NONE', 3,
 ( #8753, #3069, #5938, #5230, #1802, #7433 ),
 .UNSPECIFIED., .F., .F.,
 ( 4, 1, 1, 4 ),
 ( 0.000000000000000000, 0.3333333333333000081, 0.6666666666667000474, 0.9998312852242569049 ),
 .UNSPECIFIED. ) ;
#2504 = LINE ( 'NONE', #1202, #8111 ) ;
#2506 = CARTESIAN_POINT ( 'NONE',  ( -8.750000000000000000, 6.349999999999999645, -0.5000000000000000000 ) ) ;
#2507 = CARTESIAN_POINT ( 'NONE',  ( 13.47500000000000142, 1.750000000000000000, -5.500000000000000000 ) ) ;
#2508 = CARTESIAN_POINT ( 'NONE',  ( 0.000000000000000000, 0.000000000000000000, -0.4000000000000000222 ) ) ;
#2509 = DIRECTION ( 'NONE',  ( 0.000000000000000000, 1.000000000000000000, 0.000000000000000000 ) ) ;
#2510 = ADVANCED_FACE ( 'NONE', ( #1114 ), #4820, .F. ) ;
#2511 = EDGE_LOOP ( 'NONE', ( #4404, #2585, #6521, #2836 ) ) ;
#2512 = EDGE_LOOP ( 'NONE', ( #491, #2397 ) ) ;
#2513 = DIRECTION ( 'NONE',  ( 0.000000000000000000, 0.000000000000000000, 1.000000000000000000 ) ) ;
#2514 = VECTOR ( 'NONE', #8705, 1000.000000000000000 ) ;
#2515 = AXIS2_PLACEMENT_3D ( 'NONE', #4058, #6275, #508 ) ;
#2516 = DIRECTION ( 'NONE',  ( -1.000000000000000000, 0.000000000000000000, 0.000000000000000000 ) ) ;
#2517 = EDGE_CURVE ( 'NONE', #738, #2043, #3263, .T. ) ;
#2518 = ORIENTED_EDGE ( 'NONE', *, *, #8605, .T. ) ;
#2519 = CARTESIAN_POINT ( 'NONE',  ( 3.889801647402000295, 1.250255048036000183, -0.4799866929830999829 ) ) ;
#2520 = B_SPLINE_CURVE_WITH_KNOTS ( 'NONE', 3,
 ( #3358, #559, #2083, #743, #9220, #5845 ),
 .UNSPECIFIED., .F., .F.,
 ( 4, 1, 1, 4 ),
 ( 0.000000000000000000, 0.3333333333333000081, 0.6666666666667000474, 1.000000000000000000 ),
 .UNSPECIFIED. ) ;
#2521 = EDGE_CURVE ( 'NONE', #7771, #3945, #3703, .T. ) ;
#2522 = ORIENTED_EDGE ( 'NONE', *, *, #7001, .F. ) ;
#2523 = LINE ( 'NONE', #3133, #2499 ) ;
#2524 = ORIENTED_EDGE ( 'NONE', *, *, #6152, .T. ) ;
#2525 = DIRECTION ( 'NONE',  ( -0.8090169943749183634, 0.000000000000000000, -0.5877852522925132162 ) ) ;
#2526 = CONICAL_SURFACE ( 'NONE', #5543, 9.974999999999999645, 0.7188299996214952969 ) ;
#2527 = DIRECTION ( 'NONE',  ( 1.000000000000000000, 0.000000000000000000, 0.000000000000000000 ) ) ;
#2528 = EDGE_CURVE ( 'NONE', #8194, #1079, #1853, .T. ) ;
#2529 = VERTEX_POINT ( 'NONE', #561 ) ;
#2530 = PLANE ( 'NONE',  #6889 ) ;
#2531 = AXIS2_PLACEMENT_3D ( 'NONE', #2057, #8591, #4309 ) ;
#2532 = DIRECTION ( 'NONE',  ( 0.000000000000000000, 0.000000000000000000, 1.000000000000000000 ) ) ;
#2533 = CARTESIAN_POINT ( 'NONE',  ( 13.47500000000000142, 1.750000000000000000, -5.299999999999999822 ) ) ;
#2534 = DIRECTION ( 'NONE',  ( 1.000000000000000000, 0.000000000000000000, 0.000000000000000000 ) ) ;
#2535 = VERTEX_POINT ( 'NONE', #3408 ) ;
#2536 = DIRECTION ( 'NONE',  ( 0.000000000000000000, 0.000000000000000000, -1.000000000000000000 ) ) ;
#2537 = VECTOR ( 'NONE', #5809, 1000.000000000000000 ) ;
#2538 = B_SPLINE_CURVE_WITH_KNOTS ( 'NONE', 3,
 ( #4427, #7295, #7993, #5934 ),
 .UNSPECIFIED., .F., .F.,
 ( 4, 4 ),
 ( 0.000000000000000000, 1.000000000000000000 ),
 .UNSPECIFIED. ) ;
#2539 = AXIS2_PLACEMENT_3D ( 'NONE', #5211, #1738, #8832 ) ;
#2540 = ORIENTED_EDGE ( 'NONE', *, *, #4251, .F. ) ;
#2541 = ORIENTED_EDGE ( 'NONE', *, *, #406, .T. ) ;
#2542 = CARTESIAN_POINT ( 'NONE',  ( 3.883173627254002724, -1.546082539360001284, -0.6477803820608004637 ) ) ;
#2543 = VERTEX_POINT ( 'NONE', #6277 ) ;
#2544 = AXIS2_PLACEMENT_3D ( 'NONE', #9217, #7022, #3452 ) ;
#2545 = FACE_OUTER_BOUND ( 'NONE', #8255, .T. ) ;
#2546 = CARTESIAN_POINT ( 'NONE',  ( 3.732976774534999986, 0.7731439798128999508, -0.4340881231982000044 ) ) ;
#2547 = CARTESIAN_POINT ( 'NONE',  ( -13.22500000000000142, 2.000000000000000000, -5.250000000000000000 ) ) ;
#2548 = VERTEX_POINT ( 'NONE', #9137 ) ;
#2549 = CARTESIAN_POINT ( 'NONE',  ( 0.000000000000000000, 0.000000000000000000, -0.2000000000000000111 ) ) ;
#2550 = LINE ( 'NONE', #6922, #5252 ) ;
#2551 = CIRCLE ( 'NONE', #4800, 0.3670873479290998609 ) ;
#2552 = ORIENTED_EDGE ( 'NONE', *, *, #4477, .T. ) ;
#2553 = EDGE_CURVE ( 'NONE', #1424, #2423, #4005, .T. ) ;
#2554 = CARTESIAN_POINT ( 'NONE',  ( -12.22499999999999964, 2.000000000000000000, -3.350000000000000089 ) ) ;
#2555 = EDGE_CURVE ( 'NONE', #9014, #8879, #1992, .T. ) ;
#2556 = CARTESIAN_POINT ( 'NONE',  ( -13.17815389352000111, -0.5000000000000000000, -4.238690869129999150 ) ) ;
#2557 = ORIENTED_EDGE ( 'NONE', *, *, #7839, .F. ) ;
#2558 = DIRECTION ( 'NONE',  ( 0.000000000000000000, 1.000000000000000000, 0.000000000000000000 ) ) ;
#2559 = DIRECTION ( 'NONE',  ( 0.000000000000000000, 1.000000000000000000, 0.000000000000000000 ) ) ;
#2560 = DIRECTION ( 'NONE',  ( 0.5591929034706739632, 0.000000000000000000, 0.8290375725550908070 ) ) ;
#2561 = CIRCLE ( 'NONE', #5566, 0.4500000000000004552 ) ;
#2562 = CARTESIAN_POINT ( 'NONE',  ( 3.881619859231999925, -1.285137373791000126, -0.4685476159079000058 ) ) ;
#2563 = CARTESIAN_POINT ( 'NONE',  ( 8.284120188299999299, -0.4159517489442000060, -4.000000000000000000 ) ) ;
#2564 = ORIENTED_EDGE ( 'NONE', *, *, #7344, .F. ) ;
#2565 = ORIENTED_EDGE ( 'NONE', *, *, #73, .T. ) ;
#2566 = DIRECTION ( 'NONE',  ( 0.000000000000000000, 0.000000000000000000, 1.000000000000000000 ) ) ;
#2567 = AXIS2_PLACEMENT_3D ( 'NONE', #8192, #8288, #6890 ) ;
#2568 = VECTOR ( 'NONE', #5661, 1000.000000000000000 ) ;
#2569 = CARTESIAN_POINT ( 'NONE',  ( 14.25000000000000000, -2.600000000000000089, 0.000000000000000000 ) ) ;
#2570 = ORIENTED_EDGE ( 'NONE', *, *, #8281, .F. ) ;
#2571 = EDGE_CURVE ( 'NONE', #684, #3421, #7118, .T. ) ;
#2572 = CARTESIAN_POINT ( 'NONE',  ( 3.934181823610000794, 1.113360580804999778, -0.6064435853722000003 ) ) ;
#2573 = VERTEX_POINT ( 'NONE', #832 ) ;
#2574 = LINE ( 'NONE', #8399, #9258 ) ;
#2575 = VERTEX_POINT ( 'NONE', #2084 ) ;
#2576 = DIRECTION ( 'NONE',  ( 0.9455185755993017471, 0.000000000000000000, -0.3255681544572005537 ) ) ;
#2577 = EDGE_CURVE ( 'NONE', #8078, #6802, #8576, .T. ) ;
#2578 = DIRECTION ( 'NONE',  ( 0.000000000000000000, 1.000000000000000000, 0.000000000000000000 ) ) ;
#2579 = B_SPLINE_CURVE_WITH_KNOTS ( 'NONE', 3,
 ( #208, #6492, #8828, #7374, #3006, #3804, #953, #3050 ),
 .UNSPECIFIED., .F., .F.,
 ( 4, 2, 2, 4 ),
 ( 0.000000000000000000, 0.4999999999999991118, 0.7499999999999995559, 1.000000000000000000 ),
 .UNSPECIFIED. ) ;
#2580 = ORIENTED_EDGE ( 'NONE', *, *, #4475, .T. ) ;
#2581 = CARTESIAN_POINT ( 'NONE',  ( 13.22500000000000142, -1.000000000000000000, -4.500000000000000000 ) ) ;
#2582 = LINE ( 'NONE', #9019, #1339 ) ;
#2583 = DIRECTION ( 'NONE',  ( 0.000000000000000000, 0.000000000000000000, 1.000000000000000000 ) ) ;
#2584 = CARTESIAN_POINT ( 'NONE',  ( -0.1465673690733000079, 6.203565687858000111, -4.200000000000000178 ) ) ;
#2585 = ORIENTED_EDGE ( 'NONE', *, *, #5326, .F. ) ;
#2586 = EDGE_CURVE ( 'NONE', #8745, #3953, #1528, .T. ) ;
#2587 = CARTESIAN_POINT ( 'NONE',  ( 0.000000000000000000, 0.000000000000000000, -1.100000000000000089 ) ) ;
#2588 = EDGE_CURVE ( 'NONE', #4191, #1626, #7169, .T. ) ;
#2589 = ORIENTED_EDGE ( 'NONE', *, *, #3943, .F. ) ;
#2590 = EDGE_LOOP ( 'NONE', ( #1462, #4842, #476, #5958 ) ) ;
#2591 = DIRECTION ( 'NONE',  ( 0.000000000000000000, 0.000000000000000000, -1.000000000000000000 ) ) ;
#2592 = EDGE_LOOP ( 'NONE', ( #3805, #8165, #5305, #2391 ) ) ;
#2593 = LINE ( 'NONE', #3247, #8258 ) ;
#2594 = DIRECTION ( 'NONE',  ( -0.8090169943749183634, 0.000000000000000000, -0.5877852522925132162 ) ) ;
#2595 = CARTESIAN_POINT ( 'NONE',  ( 0.000000000000000000, 5.750000000000000000, -4.200000000000000178 ) ) ;
#2596 = ORIENTED_EDGE ( 'NONE', *, *, #2406, .T. ) ;
#2597 = DIRECTION ( 'NONE',  ( 0.000000000000000000, 0.000000000000000000, -1.000000000000000000 ) ) ;
#2598 = ORIENTED_EDGE ( 'NONE', *, *, #2925, .T. ) ;
#2599 = CARTESIAN_POINT ( 'NONE',  ( 4.403105430786999896, -0.7149874937750000381, -1.140978902365999970 ) ) ;
#2600 = DIRECTION ( 'NONE',  ( 0.000000000000000000, 0.000000000000000000, 1.000000000000000000 ) ) ;
#2601 = VERTEX_POINT ( 'NONE', #6504 ) ;
#2602 = CARTESIAN_POINT ( 'NONE',  ( 0.000000000000000000, 6.500000000000000000, -4.200000000000000178 ) ) ;
#2603 = CARTESIAN_POINT ( 'NONE',  ( -9.500000000000000000, 7.500000000000000000, -0.2500000000000000000 ) ) ;
#2604 = DIRECTION ( 'NONE',  ( -0.8274912503663919283, -0.06104853953485939178, 0.5581498959846949992 ) ) ;
#2605 = CARTESIAN_POINT ( 'NONE',  ( 13.42499999999999893, -0.5000000000000000000, -4.450000000000000178 ) ) ;
#2606 = CARTESIAN_POINT ( 'NONE',  ( -11.00000000000000000, 3.500000000000000000, 0.000000000000000000 ) ) ;
#2607 = VERTEX_POINT ( 'NONE', #7081 ) ;
#2608 = VERTEX_POINT ( 'NONE', #84 ) ;
#2609 = DIRECTION ( 'NONE',  ( 1.000000000000000000, 0.000000000000000000, 0.000000000000000000 ) ) ;
#2610 = CARTESIAN_POINT ( 'NONE',  ( -13.22500000000000142, 1.750000000000000000, -5.250000000000000000 ) ) ;
#2611 = VERTEX_POINT ( 'NONE', #3680 ) ;
#2612 = CARTESIAN_POINT ( 'NONE',  ( 3.962327954248999973, 1.345210998313000061, -0.7049339018331000073 ) ) ;
#2613 = ORIENTED_EDGE ( 'NONE', *, *, #2264, .F. ) ;
#2614 = DIRECTION ( 'NONE',  ( 0.000000000000000000, 1.000000000000000000, 0.000000000000000000 ) ) ;
#2615 = ORIENTED_EDGE ( 'NONE', *, *, #6584, .T. ) ;
#2616 = CARTESIAN_POINT ( 'NONE',  ( -5.000000000000000000, -5.400000000000000355, -5.500000000000000000 ) ) ;
#2617 = EDGE_CURVE ( 'NONE', #6414, #405, #2217, .T. ) ;
#2618 = VECTOR ( 'NONE', #499, 1000.000000000000000 ) ;
#2619 = CIRCLE ( 'NONE', #3965, 0.6999999999999995115 ) ;
#2620 = CIRCLE ( 'NONE', #2308, 1.270000000000000240 ) ;
#2621 = VERTEX_POINT ( 'NONE', #6412 ) ;
#2622 = DIRECTION ( 'NONE',  ( 1.287199547385000108E-14, 1.000000000000000000, 0.000000000000000000 ) ) ;
#2623 = EDGE_CURVE ( 'NONE', #4183, #6749, #2934, .T. ) ;
#2624 = LINE ( 'NONE', #6854, #7183 ) ;
#2625 = FACE_OUTER_BOUND ( 'NONE', #3333, .T. ) ;
#2626 = FACE_OUTER_BOUND ( 'NONE', #6314, .T. ) ;
#2627 = CIRCLE ( 'NONE', #7725, 10.14999999999999503 ) ;
#2628 = ORIENTED_EDGE ( 'NONE', *, *, #2809, .F. ) ;
#2629 = EDGE_CURVE ( 'NONE', #958, #6598, #3590, .T. ) ;
#2630 = CARTESIAN_POINT ( 'NONE',  ( 15.84999999999999964, 1.750000000000000000, -5.299999999999999822 ) ) ;
#2631 = ORIENTED_EDGE ( 'NONE', *, *, #6775, .T. ) ;
#2632 = EDGE_LOOP ( 'NONE', ( #6915, #8695, #3082, #8043 ) ) ;
#2633 = AXIS2_PLACEMENT_3D ( 'NONE', #7041, #2766, #3372 ) ;
#2634 = EDGE_CURVE ( 'NONE', #5450, #4993, #6547, .T. ) ;
#2635 = CARTESIAN_POINT ( 'NONE',  ( 3.880335285876000739, -1.502093028330999225, -0.6181003594206996299 ) ) ;
#2636 = B_SPLINE_CURVE_WITH_KNOTS ( 'NONE', 3,
 ( #7670, #598, #3252, #1289, #4853, #3446, #1937, #8323, #3304 ),
 .UNSPECIFIED., .F., .F.,
 ( 4, 1, 1, 1, 1, 1, 4 ),
 ( 0.000000000000000000, 0.2499999999930865024, 0.3749999999965015207, 0.4999999999999165667, 0.6250000000031987746, 0.7500000000066137096, 1.000000000000000000 ),
 .UNSPECIFIED. ) ;
#2637 = VERTEX_POINT ( 'NONE', #5846 ) ;
#2638 = LINE ( 'NONE', #7610, #6772 ) ;
#2639 = LINE ( 'NONE', #397, #2998 ) ;
#2640 = EDGE_CURVE ( 'NONE', #8747, #1371, #5803, .T. ) ;
#2641 = LINE ( 'NONE', #1796, #3222 ) ;
#2642 = ORIENTED_EDGE ( 'NONE', *, *, #2121, .T. ) ;
#2643 = CARTESIAN_POINT ( 'NONE',  ( -11.07499999999999929, 2.500000000000000000, -0.9000000000000000222 ) ) ;
#2644 = LINE ( 'NONE', #5469, #302 ) ;
#2645 = ORIENTED_EDGE ( 'NONE', *, *, #2571, .T. ) ;
#2646 = DIRECTION ( 'NONE',  ( -1.000000000000000000, 0.000000000000000000, 0.000000000000000000 ) ) ;
#2647 = ADVANCED_FACE ( 'NONE', ( #2794 ), #4384, .F. ) ;
#2648 = DIRECTION ( 'NONE',  ( 0.3255681544571116248, 0.000000000000000000, 0.9455185755993322783 ) ) ;
#2649 = VERTEX_POINT ( 'NONE', #698 ) ;
#2650 = DIRECTION ( 'NONE',  ( 0.8290375725550501729, 0.000000000000000000, -0.5591929034707341373 ) ) ;
#2651 = CARTESIAN_POINT ( 'NONE',  ( 3.885980697393999872, 0.9245892021268000693, -0.6446799604715000021 ) ) ;
#2652 = CARTESIAN_POINT ( 'NONE',  ( 8.233871412147999891, -0.4241200672368000135, -3.966106772525000324 ) ) ;
#2653 = CARTESIAN_POINT ( 'NONE',  ( 3.900384804468999711, -0.9369334802349998936, -0.6639559802225000196 ) ) ;
#2654 = CARTESIAN_POINT ( 'NONE',  ( -12.72499999999999964, -0.5000000000000000000, -4.450000000000000178 ) ) ;
#2655 = CIRCLE ( 'NONE', #7897, 0.4799999999999999822 ) ;
#2656 = ORIENTED_EDGE ( 'NONE', *, *, #2448, .F. ) ;
#2657 = ORIENTED_EDGE ( 'NONE', *, *, #1954, .F. ) ;
#2658 = CARTESIAN_POINT ( 'NONE',  ( -11.57500000000000107, -1.600000000000000089, -1.100000000000000089 ) ) ;
#2659 = DIRECTION ( 'NONE',  ( 1.000000000000000000, 0.000000000000000000, 0.000000000000000000 ) ) ;
#2660 = VECTOR ( 'NONE', #1264, 1000.000000000000000 ) ;
#2661 = ORIENTED_EDGE ( 'NONE', *, *, #1542, .T. ) ;
#2662 = CARTESIAN_POINT ( 'NONE',  ( 3.889807638634000142, 1.258637164227000005, -0.4799949207834999787 ) ) ;
#2663 = DIRECTION ( 'NONE',  ( 0.000000000000000000, 1.000000000000000000, 0.000000000000000000 ) ) ;
#2664 = ORIENTED_EDGE ( 'NONE', *, *, #7064, .T. ) ;
#2665 = DIRECTION ( 'NONE',  ( 0.000000000000000000, 1.000000000000000000, 0.000000000000000000 ) ) ;
#2666 = ORIENTED_EDGE ( 'NONE', *, *, #179, .F. ) ;
#2667 = FACE_OUTER_BOUND ( 'NONE', #2632, .T. ) ;
#2668 = VECTOR ( 'NONE', #8322, 1000.000000000000114 ) ;
#2669 = ORIENTED_EDGE ( 'NONE', *, *, #9234, .T. ) ;
#2670 = CARTESIAN_POINT ( 'NONE',  ( 3.478035257803330449, 1.102397175930024176, -0.08335723978452991290 ) ) ;
#2671 = ADVANCED_FACE ( 'NONE', ( #129 ), #5663, .F. ) ;
#2672 = DIRECTION ( 'NONE',  ( 0.9455185755993017471, 0.000000000000000000, -0.3255681544572003872 ) ) ;
#2673 = LINE ( 'NONE', #2105, #3269 ) ;
#2674 = CARTESIAN_POINT ( 'NONE',  ( 3.952110450919000151, -1.254458537402999951, -0.3954394301994999528 ) ) ;
#2675 = VERTEX_POINT ( 'NONE', #4956 ) ;
#2676 = CARTESIAN_POINT ( 'NONE',  ( -11.00000000000000000, 3.500000000000000000, 0.000000000000000000 ) ) ;
#2677 = AXIS2_PLACEMENT_3D ( 'NONE', #3822, #7300, #2981 ) ;
#2678 = EDGE_LOOP ( 'NONE', ( #2468, #5520, #8151, #351, #3277, #6209, #7227, #6642 ) ) ;
#2679 = ORIENTED_EDGE ( 'NONE', *, *, #7055, .T. ) ;
#2680 = EDGE_CURVE ( 'NONE', #8752, #1538, #9221, .T. ) ;
#2681 = CARTESIAN_POINT ( 'NONE',  ( -7.744752884605897947, 0.6886680054189835420, -1.234529279974353466 ) ) ;
#2682 = ORIENTED_EDGE ( 'NONE', *, *, #7927, .F. ) ;
#2683 = CARTESIAN_POINT ( 'NONE',  ( -14.25000000000000000, -2.600000000000000089, -1.100000000000000089 ) ) ;
#2684 = LINE ( 'NONE', #643, #6160 ) ;
#2685 = CARTESIAN_POINT ( 'NONE',  ( 3.878888949504000205, -1.020319755455999955, -0.5782089489127999471 ) ) ;
#2686 = ORIENTED_EDGE ( 'NONE', *, *, #420, .F. ) ;
#2687 = VECTOR ( 'NONE', #7139, 1000.000000000000114 ) ;
#2688 = CARTESIAN_POINT ( 'NONE',  ( 13.34916573867999823, -2.500000000000000000, -1.100000000000000089 ) ) ;
#2689 = AXIS2_PLACEMENT_3D ( 'NONE', #736, #2209, #825 ) ;
#2690 = CARTESIAN_POINT ( 'NONE',  ( -13.42499999999999893, 0.7500000000000000000, -4.500000000000000000 ) ) ;
#2691 = EDGE_CURVE ( 'NONE', #5676, #2543, #9115, .T. ) ;
#2692 = VERTEX_POINT ( 'NONE', #8524 ) ;
#2693 = ADVANCED_FACE ( 'NONE', ( #7823 ), #1395, .T. ) ;
#2694 = B_SPLINE_CURVE_WITH_KNOTS ( 'NONE', 3,
 ( #3394, #1980, #9167, #7194 ),
 .UNSPECIFIED., .F., .F.,
 ( 4, 4 ),
 ( 0.000000000000000000, 1.000000000000000000 ),
 .UNSPECIFIED. ) ;
#2695 = CARTESIAN_POINT ( 'NONE',  ( 7.650725455797999786, -6.669999999999999929, -5.500000000000000000 ) ) ;
#2696 = VECTOR ( 'NONE', #458, 1000.000000000000000 ) ;
#2697 = DIRECTION ( 'NONE',  ( -0.000000000000000000, 1.000000000000000000, 0.000000000000000000 ) ) ;
#2698 = ORIENTED_EDGE ( 'NONE', *, *, #8621, .T. ) ;
#2699 = CARTESIAN_POINT ( 'NONE',  ( -8.273516791272999882, 1.750000000000000000, -1.369747470354000018 ) ) ;
#2700 = DIRECTION ( 'NONE',  ( -0.9063077870366585964, 0.000000000000000000, 0.4226182617406808451 ) ) ;
#2701 = CARTESIAN_POINT ( 'NONE',  ( 5.577410528076000240, -1.750000000000000000, 0.5999999999999999778 ) ) ;
#2702 = LINE ( 'NONE', #3457, #8634 ) ;
#2703 = ORIENTED_EDGE ( 'NONE', *, *, #6484, .T. ) ;
#2704 = VERTEX_POINT ( 'NONE', #7775 ) ;
#2705 = CARTESIAN_POINT ( 'NONE',  ( -9.500000000000000000, 7.500000000000000000, 0.000000000000000000 ) ) ;
#2706 = CIRCLE ( 'NONE', #4649, 10.14999999999999680 ) ;
#2707 = EDGE_CURVE ( 'NONE', #1410, #1691, #5821, .T. ) ;
#2708 = EDGE_CURVE ( 'NONE', #6857, #547, #3909, .T. ) ;
#2709 = EDGE_CURVE ( 'NONE', #2240, #5188, #2538, .T. ) ;
#2710 = DIRECTION ( 'NONE',  ( 0.000000000000000000, 1.000000000000000000, 0.000000000000000000 ) ) ;
#2711 = ORIENTED_EDGE ( 'NONE', *, *, #1678, .T. ) ;
#2712 = CARTESIAN_POINT ( 'NONE',  ( 3.962738965968000571, 1.170556841466000142, -0.6813980925311000636 ) ) ;
#2713 = CIRCLE ( 'NONE', #6163, 1.270000000000000240 ) ;
#2714 = CARTESIAN_POINT ( 'NONE',  ( 3.965211512013998796, -1.655974687453998229, -0.6219350424645002651 ) ) ;
#2715 = ORIENTED_EDGE ( 'NONE', *, *, #8312, .F. ) ;
#2716 = DIRECTION ( 'NONE',  ( -1.000000000000000000, 0.000000000000000000, 0.000000000000000000 ) ) ;
#2717 = VECTOR ( 'NONE', #4443, 1000.000000000000000 ) ;
#2718 = ORIENTED_EDGE ( 'NONE', *, *, #8187, .T. ) ;
#2719 = LINE ( 'NONE', #7094, #5030 ) ;
#2720 = AXIS2_PLACEMENT_3D ( 'NONE', #8942, #3958, #5431 ) ;
#2721 = CARTESIAN_POINT ( 'NONE',  ( -0.1465673690733000079, 6.318950303242000466, -4.299999999999999822 ) ) ;
#2722 = VERTEX_POINT ( 'NONE', #2266 ) ;
#2723 = AXIS2_PLACEMENT_3D ( 'NONE', #6094, #1766, #4677 ) ;
#2724 = CARTESIAN_POINT ( 'NONE',  ( 9.350000000000001421, -7.250000000000000000, -0.2500000000000000000 ) ) ;
#2725 = CIRCLE ( 'NONE', #7965, 0.6999999999999995115 ) ;
#2726 = CARTESIAN_POINT ( 'NONE',  ( -11.57500000000000107, -2.600000000000000089, 0.000000000000000000 ) ) ;
#2727 = LINE ( 'NONE', #9244, #6566 ) ;
#2728 = CARTESIAN_POINT ( 'NONE',  ( 10.80000000000000071, -8.000000000000000000, 0.000000000000000000 ) ) ;
#2729 = ORIENTED_EDGE ( 'NONE', *, *, #1034, .T. ) ;
#2730 = CARTESIAN_POINT ( 'NONE',  ( 3.902527212837000103, -1.291618480497000121, -0.4945528192802999268 ) ) ;
#2731 = ORIENTED_EDGE ( 'NONE', *, *, #3634, .F. ) ;
#2732 = EDGE_LOOP ( 'NONE', ( #6920, #4337, #4824, #7975 ) ) ;
#2733 = PLANE ( 'NONE',  #5096 ) ;
#2734 = ORIENTED_EDGE ( 'NONE', *, *, #5510, .T. ) ;
#2735 = CARTESIAN_POINT ( 'NONE',  ( 0.000000000000000000, 0.000000000000000000, -0.2000000000000000111 ) ) ;
#2736 = CARTESIAN_POINT ( 'NONE',  ( -0.2491314716374000149, 6.408693892986000229, -4.200000000000000178 ) ) ;
#2737 = LINE ( 'NONE', #5562, #688 ) ;
#2738 = ORIENTED_EDGE ( 'NONE', *, *, #8090, .T. ) ;
#2739 = FACE_OUTER_BOUND ( 'NONE', #6838, .T. ) ;
#2740 = DIRECTION ( 'NONE',  ( 0.000000000000000000, 1.000000000000000000, 0.000000000000000000 ) ) ;
#2741 = EDGE_CURVE ( 'NONE', #5482, #6660, #2402, .T. ) ;
#2742 = ORIENTED_EDGE ( 'NONE', *, *, #5238, .T. ) ;
#2743 = B_SPLINE_CURVE_WITH_KNOTS ( 'NONE', 3,
 ( #3301, #6308, #6170, #5608, #9032, #6215 ),
 .UNSPECIFIED., .F., .F.,
 ( 4, 1, 1, 4 ),
 ( 0.000000000000000000, 0.3333333333333000081, 0.6666666666667000474, 1.000000000000000000 ),
 .UNSPECIFIED. ) ;
#2744 = CARTESIAN_POINT ( 'NONE',  ( -12.77500000000000036, -1.550000000000000044, -1.100000000000000089 ) ) ;
#2745 = CARTESIAN_POINT ( 'NONE',  ( -0.4799007024065999882, 6.408693892986000229, -4.299999999999999822 ) ) ;
#2746 = ORIENTED_EDGE ( 'NONE', *, *, #6866, .F. ) ;
#2747 = EDGE_CURVE ( 'NONE', #8153, #6341, #2352, .T. ) ;
#2748 = CARTESIAN_POINT ( 'NONE',  ( 4.198451061900573045, -0.7300859619756049357, -1.002937787543119352 ) ) ;
#2749 = CARTESIAN_POINT ( 'NONE',  ( 3.716671441012999733, -0.7631008444281001113, -0.7519060802727000059 ) ) ;
#2750 = DIRECTION ( 'NONE',  ( -0.000000000000000000, 1.000000000000000000, 0.000000000000000000 ) ) ;
#2751 = DIRECTION ( 'NONE',  ( 0.000000000000000000, 0.000000000000000000, 1.000000000000000000 ) ) ;
#2752 = ORIENTED_EDGE ( 'NONE', *, *, #4362, .F. ) ;
#2753 = EDGE_CURVE ( 'NONE', #5456, #1263, #6783, .T. ) ;
#2754 = VERTEX_POINT ( 'NONE', #7387 ) ;
#2755 = CARTESIAN_POINT ( 'NONE',  ( -7.074501070631999511, -1.224574780638000071, -1.507620314629999791 ) ) ;
#2756 = EDGE_CURVE ( 'NONE', #18, #6683, #1660, .T. ) ;
#2757 = CARTESIAN_POINT ( 'NONE',  ( 12.22499999999999964, -2.000000000000000000, -5.500000000000000000 ) ) ;
#2758 = VERTEX_POINT ( 'NONE', #3161 ) ;
#2759 = CARTESIAN_POINT ( 'NONE',  ( 3.885414663343000008, 1.190453272339000002, -0.4722935419049999473 ) ) ;
#2760 = EDGE_CURVE ( 'NONE', #2692, #2269, #5223, .T. ) ;
#2761 = LINE ( 'NONE', #1535, #2870 ) ;
#2762 = EDGE_LOOP ( 'NONE', ( #802, #4607, #615, #9218 ) ) ;
#2763 = CARTESIAN_POINT ( 'NONE',  ( 12.72499999999999964, -8.397193073587999379, -1.100000000000000089 ) ) ;
#2764 = ADVANCED_FACE ( 'NONE', ( #6592 ), #8361, .F. ) ;
#2765 = EDGE_LOOP ( 'NONE', ( #459, #8640, #2445, #3808 ) ) ;
#2766 = DIRECTION ( 'NONE',  ( 0.5658830507186960457, 0.8244855201331929839, 0.000000000000000000 ) ) ;
#2767 = DIRECTION ( 'NONE',  ( -1.000000000000000000, 0.000000000000000000, 0.000000000000000000 ) ) ;
#2768 = VERTEX_POINT ( 'NONE', #3204 ) ;
#2769 = DIRECTION ( 'NONE',  ( 0.000000000000000000, 1.000000000000000000, 0.000000000000000000 ) ) ;
#2770 = EDGE_CURVE ( 'NONE', #4786, #8487, #7770, .T. ) ;
#2771 = DIRECTION ( 'NONE',  ( 0.000000000000000000, 1.000000000000000000, 0.000000000000000000 ) ) ;
#2772 = CARTESIAN_POINT ( 'NONE',  ( -12.97499999999999964, -2.500000000000000000, -0.9000000000000000222 ) ) ;
#2773 = ORIENTED_EDGE ( 'NONE', *, *, #7179, .T. ) ;
#2774 = VECTOR ( 'NONE', #4440, 1000.000000000000000 ) ;
#2775 = CARTESIAN_POINT ( 'NONE',  ( 3.954038739115999235, -1.346715226861000092, -0.6322952286287999435 ) ) ;
#2776 = ORIENTED_EDGE ( 'NONE', *, *, #8080, .T. ) ;
#2777 = FACE_OUTER_BOUND ( 'NONE', #1977, .T. ) ;
#2778 = VECTOR ( 'NONE', #4768, 1000.000000000000000 ) ;
#2779 = ORIENTED_EDGE ( 'NONE', *, *, #7234, .T. ) ;
#2780 = CARTESIAN_POINT ( 'NONE',  ( -13.22500000000000142, 0.7500000000000000000, -3.350000000000000089 ) ) ;
#2781 = LINE ( 'NONE', #8512, #8769 ) ;
#2782 = DIRECTION ( 'NONE',  ( 0.000000000000000000, 1.000000000000000000, 0.000000000000000000 ) ) ;
#2783 = ORIENTED_EDGE ( 'NONE', *, *, #8558, .T. ) ;
#2784 = DIRECTION ( 'NONE',  ( 0.000000000000000000, 0.000000000000000000, -1.000000000000000000 ) ) ;
#2785 = PLANE ( 'NONE',  #156 ) ;
#2786 = ORIENTED_EDGE ( 'NONE', *, *, #1863, .F. ) ;
#2787 = EDGE_CURVE ( 'NONE', #2758, #6683, #5176, .T. ) ;
#2788 = DIRECTION ( 'NONE',  ( 1.000000000000000000, 0.000000000000000000, 0.000000000000000000 ) ) ;
#2789 = ORIENTED_EDGE ( 'NONE', *, *, #3961, .F. ) ;
#2790 = CARTESIAN_POINT ( 'NONE',  ( -11.00000000000000000, -3.500000000000000000, 0.000000000000000000 ) ) ;
#2791 = EDGE_CURVE ( 'NONE', #5595, #5221, #965, .T. ) ;
#2792 = LINE ( 'NONE', #4245, #7130 ) ;
#2793 = CIRCLE ( 'NONE', #2942, 0.2500000000000002776 ) ;
#2794 = FACE_OUTER_BOUND ( 'NONE', #8550, .T. ) ;
#2795 = DIRECTION ( 'NONE',  ( -0.9134742449544117626, -0.4068965517241048269, 0.000000000000000000 ) ) ;
#2796 = ORIENTED_EDGE ( 'NONE', *, *, #2909, .F. ) ;
#2797 = ORIENTED_EDGE ( 'NONE', *, *, #2521, .F. ) ;
#2798 = DIRECTION ( 'NONE',  ( 1.000000000000000000, 0.000000000000000000, 0.000000000000000000 ) ) ;
#2799 = FACE_OUTER_BOUND ( 'NONE', #1913, .T. ) ;
#2800 = EDGE_LOOP ( 'NONE', ( #4077, #5147, #553, #3290 ) ) ;
#2801 = DIRECTION ( 'NONE',  ( 1.000000000000000000, 0.000000000000000000, 0.000000000000000000 ) ) ;
#2802 = DIRECTION ( 'NONE',  ( 1.000000000000000000, 0.000000000000000000, 0.000000000000000000 ) ) ;
#2803 = EDGE_CURVE ( 'NONE', #5716, #6254, #8750, .T. ) ;
#2804 = AXIS2_PLACEMENT_3D ( 'NONE', #1919, #6295, #7698 ) ;
#2805 = ORIENTED_EDGE ( 'NONE', *, *, #994, .F. ) ;
#2806 = CARTESIAN_POINT ( 'NONE',  ( 7.650725455797999786, 6.669999999999999929, 0.000000000000000000 ) ) ;
#2807 = ORIENTED_EDGE ( 'NONE', *, *, #5118, .F. ) ;
#2808 = FACE_OUTER_BOUND ( 'NONE', #1459, .T. ) ;
#2809 = EDGE_CURVE ( 'NONE', #5595, #1870, #8039, .T. ) ;
#2810 = CARTESIAN_POINT ( 'NONE',  ( -7.496946401247003067, -1.294861003582999937, -1.404031688129000255 ) ) ;
#2811 = ORIENTED_EDGE ( 'NONE', *, *, #2709, .T. ) ;
#2812 = ADVANCED_FACE ( 'NONE', ( #7429 ), #1011, .T. ) ;
#2813 = DIRECTION ( 'NONE',  ( -0.7537660547584518200, -0.6571428571428579168, 0.000000000000000000 ) ) ;
#2814 = AXIS2_PLACEMENT_3D ( 'NONE', #413, #4861, #5435 ) ;
#2815 = LINE ( 'NONE', #4930, #6406 ) ;
#2816 = DIRECTION ( 'NONE',  ( -0.8090169943749183634, 0.000000000000000000, -0.5877852522925132162 ) ) ;
#2817 = VERTEX_POINT ( 'NONE', #6730 ) ;
#2818 = CARTESIAN_POINT ( 'NONE',  ( 3.883716686055000089, -1.258300588425000033, -0.4721455567490999705 ) ) ;
#2819 = EDGE_CURVE ( 'NONE', #2072, #8557, #6028, .T. ) ;
#2820 = ORIENTED_EDGE ( 'NONE', *, *, #4734, .T. ) ;
#2821 = CARTESIAN_POINT ( 'NONE',  ( -8.046181011230126856, 0.6773322103896906032, -1.359502451925576283 ) ) ;
#2822 = ORIENTED_EDGE ( 'NONE', *, *, #2957, .F. ) ;
#2823 = CARTESIAN_POINT ( 'NONE',  ( -8.084413076152999977, -1.750000000000000000, -1.434861101244999881 ) ) ;
#2824 = CARTESIAN_POINT ( 'NONE',  ( 3.587358685508999834, -1.750000000000000000, -0.5739223415101999404 ) ) ;
#2825 = CARTESIAN_POINT ( 'NONE',  ( -7.290626424294999630, 1.224574780638000071, -1.433202387431999902 ) ) ;
#2826 = CARTESIAN_POINT ( 'NONE',  ( -9.350000000000001421, 5.750000000000000000, -0.5000000000000000000 ) ) ;
#2827 = AXIS2_PLACEMENT_3D ( 'NONE', #5942, #1758, #8806 ) ;
#2828 = ORIENTED_EDGE ( 'NONE', *, *, #5837, .F. ) ;
#2829 = CARTESIAN_POINT ( 'NONE',  ( 3.915009706889000185, 1.448398993457999939, -0.6083125524211000501 ) ) ;
#2830 = CARTESIAN_POINT ( 'NONE',  ( -0.1465673690733000079, 6.203565687858000111, -4.200000000000000178 ) ) ;
#2831 = CIRCLE ( 'NONE', #6000, 0.1500000000000000777 ) ;
#2832 = VECTOR ( 'NONE', #4510, 1000.000000000000000 ) ;
#2833 = EDGE_LOOP ( 'NONE', ( #2752, #7035, #8062 ) ) ;
#2834 = FACE_OUTER_BOUND ( 'NONE', #1884, .T. ) ;
#2835 = AXIS2_PLACEMENT_3D ( 'NONE', #5010, #4868, #4212 ) ;
#2836 = ORIENTED_EDGE ( 'NONE', *, *, #8598, .T. ) ;
#2837 = CARTESIAN_POINT ( 'NONE',  ( 11.00000000000000000, -7.799999999999999822, -5.500000000000000000 ) ) ;
#2838 = VECTOR ( 'NONE', #2597, 1000.000000000000000 ) ;
#2839 = CARTESIAN_POINT ( 'NONE',  ( -9.350000000000001421, 6.649999999999999467, -0.5000000000000000000 ) ) ;
#2840 = DIRECTION ( 'NONE',  ( 0.000000000000000000, -1.000000000000000000, 0.000000000000000000 ) ) ;
#2841 = DIRECTION ( 'NONE',  ( -0.9666350220178502317, -0.2561576354679870327, 0.000000000000000000 ) ) ;
#2842 = ORIENTED_EDGE ( 'NONE', *, *, #4424, .T. ) ;
#2843 = ORIENTED_EDGE ( 'NONE', *, *, #5678, .T. ) ;
#2844 = CARTESIAN_POINT ( 'NONE',  ( -5.000000000000000000, -4.129999999999999893, -5.500000000000000000 ) ) ;
#2845 = AXIS2_PLACEMENT_3D ( 'NONE', #4712, #5472, #7578 ) ;
#2846 = CIRCLE ( 'NONE', #1636, 0.2000000000000005107 ) ;
#2847 = ADVANCED_FACE ( 'NONE', ( #5136 ), #8889, .F. ) ;
#2848 = EDGE_CURVE ( 'NONE', #563, #6349, #3775, .T. ) ;
#2849 = DIRECTION ( 'NONE',  ( -0.9455185755993017471, 0.000000000000000000, 0.3255681544572003872 ) ) ;
#2850 = ORIENTED_EDGE ( 'NONE', *, *, #2056, .T. ) ;
#2851 = CARTESIAN_POINT ( 'NONE',  ( 3.908674204338999925, 1.071880829164000071, -0.5724884201422999475 ) ) ;
#2852 = CARTESIAN_POINT ( 'NONE',  ( -12.97499999999999964, 2.500000000000000000, -1.350000000000000089 ) ) ;
#2853 = ORIENTED_EDGE ( 'NONE', *, *, #5208, .F. ) ;
#2854 = CARTESIAN_POINT ( 'NONE',  ( -7.637973426245000752, 0.6991495612755999067, -1.059772259783000159 ) ) ;
#2855 = CIRCLE ( 'NONE', #21, 0.1085786437627001139 ) ;
#2856 = ORIENTED_EDGE ( 'NONE', *, *, #7133, .F. ) ;
#2857 = CARTESIAN_POINT ( 'NONE',  ( -7.446693922037005642, 1.272537065287998814, -1.457666627255999270 ) ) ;
#2858 = ADVANCED_FACE ( 'NONE', ( #9034 ), #7528, .F. ) ;
#2859 = CIRCLE ( 'NONE', #1215, 10.15000000000000213 ) ;
#2860 = CARTESIAN_POINT ( 'NONE',  ( -7.457514668713998596, -1.008260968425000348, -1.417609122480002037 ) ) ;
#2861 = ORIENTED_EDGE ( 'NONE', *, *, #7974, .T. ) ;
#2863 = CIRCLE ( 'NONE', #7484, 10.15000000000000036 ) ;
#2862 = CARTESIAN_POINT ( 'NONE',  ( 0.000000000000000000, 0.000000000000000000, -4.000000000000000000 ) ) ;
#2864 = VECTOR ( 'NONE', #6850, 1000.000000000000000 ) ;
#2865 = EDGE_CURVE ( 'NONE', #8487, #5665, #5468, .T. ) ;
#2866 = EDGE_CURVE ( 'NONE', #4379, #7527, #4143, .T. ) ;
#2867 = CARTESIAN_POINT ( 'NONE',  ( -6.720820407913000061, -1.229999999999999982, -1.375573369605999963 ) ) ;
#2868 = CARTESIAN_POINT ( 'NONE',  ( 13.35941545092999938, 0.5000000000000000000, -4.154167216782000516 ) ) ;
#2869 = ORIENTED_EDGE ( 'NONE', *, *, #7333, .T. ) ;
#2870 = VECTOR ( 'NONE', #4299, 1000.000000000000000 ) ;
#2871 = EDGE_CURVE ( 'NONE', #2529, #1165, #9126, .T. ) ;
#2872 = CARTESIAN_POINT ( 'NONE',  ( 3.946496928311999941, -1.368841704135000059, -0.6225664529214999243 ) ) ;
#2873 = AXIS2_PLACEMENT_3D ( 'NONE', #2090, #7828, #9270 ) ;
#2874 = ORIENTED_EDGE ( 'NONE', *, *, #288, .F. ) ;
#2875 = CIRCLE ( 'NONE', #2720, 0.2500000000000002220 ) ;
#2876 = MANIFOLD_SOLID_BREP ( 'c-bat-hld-013-smt-tr-b-3d.stp<1>', #4327 ) ;
#2877 = CARTESIAN_POINT ( 'NONE',  ( -13.42499999999999893, -2.000000000000000000, -1.350000000000000089 ) ) ;
#2878 = ORIENTED_EDGE ( 'NONE', *, *, #238, .F. ) ;
#2879 = EDGE_CURVE ( 'NONE', #5402, #2055, #7017, .T. ) ;
#2880 = CARTESIAN_POINT ( 'NONE',  ( 12.22499999999999964, 2.000000000000000000, -5.500000000000000000 ) ) ;
#2881 = DIRECTION ( 'NONE',  ( 0.4226182617406808451, 0.000000000000000000, 0.9063077870366585964 ) ) ;
#2882 = DIRECTION ( 'NONE',  ( -0.9455185755993018581, 0.000000000000000000, 0.3255681544571999431 ) ) ;
#2883 = FACE_OUTER_BOUND ( 'NONE', #3711, .T. ) ;
#2884 = ORIENTED_EDGE ( 'NONE', *, *, #4401, .T. ) ;
#2885 = CARTESIAN_POINT ( 'NONE',  ( 3.975013333829999773, 1.470066349264000038, -0.7614851879374000543 ) ) ;
#2886 = CARTESIAN_POINT ( 'NONE',  ( -14.25000000000000000, -3.500000000000000000, -5.500000000000000000 ) ) ;
#2887 = EDGE_CURVE ( 'NONE', #2043, #8914, #6966, .T. ) ;
#2888 = ORIENTED_EDGE ( 'NONE', *, *, #2390, .F. ) ;
#2889 = CARTESIAN_POINT ( 'NONE',  ( -7.703087057135999949, -2.500000000000000000, -1.248875974902999841 ) ) ;
#2890 = ORIENTED_EDGE ( 'NONE', *, *, #4079, .T. ) ;
#2891 = LINE ( 'NONE', #2790, #2568 ) ;
#2892 = DIRECTION ( 'NONE',  ( 0.000000000000000000, 1.000000000000000000, 0.000000000000000000 ) ) ;
#2893 = CARTESIAN_POINT ( 'NONE',  ( 14.25000000000000000, 2.000000000000000000, -5.500000000000000000 ) ) ;
#2894 = FACE_OUTER_BOUND ( 'NONE', #1943, .T. ) ;
#2895 = VERTEX_POINT ( 'NONE', #4807 ) ;
#2896 = DIRECTION ( 'NONE',  ( 1.000000000000000000, 0.000000000000000000, 0.000000000000000000 ) ) ;
#2897 = EDGE_CURVE ( 'NONE', #54, #9200, #1243, .T. ) ;
#2898 = CARTESIAN_POINT ( 'NONE',  ( -13.22500000000000142, -2.000000000000000000, -3.350000000000000089 ) ) ;
#2899 = DIRECTION ( 'NONE',  ( 1.000000000000000000, 0.000000000000000000, 0.000000000000000000 ) ) ;
#2900 = DIRECTION ( 'NONE',  ( 0.000000000000000000, -1.000000000000000000, 0.000000000000000000 ) ) ;
#2901 = PLANE ( 'NONE',  #8531 ) ;
#2902 = ORIENTED_EDGE ( 'NONE', *, *, #2741, .T. ) ;
#2903 = CARTESIAN_POINT ( 'NONE',  ( 3.681675853764827533, -0.7781602205769652114, -0.3634784633463983283 ) ) ;
#2904 = VERTEX_POINT ( 'NONE', #549 ) ;
#2905 = LINE ( 'NONE', #803, #3235 ) ;
#2906 = CARTESIAN_POINT ( 'NONE',  ( -7.360728583477994746, -1.151585900327998457, -1.467991456314999610 ) ) ;
#2907 = VERTEX_POINT ( 'NONE', #8424 ) ;
#2908 = CARTESIAN_POINT ( 'NONE',  ( 3.790307052044000091, -1.254458537402999951, -0.5129964806579999648 ) ) ;
#2909 = EDGE_CURVE ( 'NONE', #1700, #6818, #4733, .T. ) ;
#2910 = VERTEX_POINT ( 'NONE', #1844 ) ;
#2911 = CARTESIAN_POINT ( 'NONE',  ( 3.932231808657999483, -1.422375158184000066, -0.6426886809216000307 ) ) ;
#2912 = ORIENTED_EDGE ( 'NONE', *, *, #4230, .F. ) ;
#2913 = CARTESIAN_POINT ( 'NONE',  ( -9.650000000000000355, 6.649999999999999467, -0.2500000000000000000 ) ) ;
#2914 = CARTESIAN_POINT ( 'NONE',  ( -13.42499999999999893, -0.5000000000000000000, -4.450000000000000178 ) ) ;
#2915 = VERTEX_POINT ( 'NONE', #501 ) ;
#2916 = CARTESIAN_POINT ( 'NONE',  ( 3.749162084384000337, -1.750000000000000000, -0.4563652910517000394 ) ) ;
#2917 = DIRECTION ( 'NONE',  ( -0.9063077870366587074, 0.000000000000000000, 0.4226182617406808451 ) ) ;
#2918 = DIRECTION ( 'NONE',  ( -0.000000000000000000, 1.000000000000000000, 0.000000000000000000 ) ) ;
#2919 = EDGE_CURVE ( 'NONE', #6567, #3926, #6217, .T. ) ;
#2920 = CARTESIAN_POINT ( 'NONE',  ( -9.271763586287001147, 4.129999999999999893, -0.8000000000000000444 ) ) ;
#2921 = EDGE_LOOP ( 'NONE', ( #3230, #1389, #8409, #4236 ) ) ;
#2922 = CARTESIAN_POINT ( 'NONE',  ( 3.873604497514999689, 0.9785029387827000047, -0.6216277280294999485 ) ) ;
#2923 = CARTESIAN_POINT ( 'NONE',  ( 13.22500000000000142, -0.7500000000000000000, -3.350000000000000089 ) ) ;
#2924 = AXIS2_PLACEMENT_3D ( 'NONE', #9170, #4805, #3396 ) ;
#2925 = EDGE_CURVE ( 'NONE', #7492, #649, #3251, .T. ) ;
#2926 = ORIENTED_EDGE ( 'NONE', *, *, #8143, .T. ) ;
#2927 = VECTOR ( 'NONE', #2385, 1000.000000000000114 ) ;
#2928 = AXIS2_PLACEMENT_3D ( 'NONE', #7396, #974, #3827 ) ;
#2929 = ADVANCED_FACE ( 'NONE', ( #6123 ), #5039, .F. ) ;
#2930 = CARTESIAN_POINT ( 'NONE',  ( 3.806395389903996840, 1.030429921134000448, -0.3582801804461001605 ) ) ;
#2931 = ORIENTED_EDGE ( 'NONE', *, *, #7917, .T. ) ;
#2932 = DIRECTION ( 'NONE',  ( 0.000000000000000000, 1.000000000000000000, 0.000000000000000000 ) ) ;
#2933 = DIRECTION ( 'NONE',  ( -0.8290375725550501729, 0.000000000000000000, 0.5591929034707341373 ) ) ;
#2934 = LINE ( 'NONE', #4204, #6564 ) ;
#2935 = DIRECTION ( 'NONE',  ( -1.065814103639999953E-13, 0.000000000000000000, -1.000000000000000000 ) ) ;
#2936 = VECTOR ( 'NONE', #2935, 1000.000000000000000 ) ;
#2937 = FACE_OUTER_BOUND ( 'NONE', #4526, .T. ) ;
#2938 = AXIS2_PLACEMENT_3D ( 'NONE', #194, #1539, #5731 ) ;
#2939 = EDGE_CURVE ( 'NONE', #7546, #1079, #4707, .T. ) ;
#2940 = DIRECTION ( 'NONE',  ( 0.000000000000000000, 0.000000000000000000, -1.000000000000000000 ) ) ;
#2941 = DIRECTION ( 'NONE',  ( -0.3255681544572003872, 0.000000000000000000, -0.9455185755993017471 ) ) ;
#2942 = AXIS2_PLACEMENT_3D ( 'NONE', #3741, #7964, #3692 ) ;
#2943 = FACE_BOUND ( 'NONE', #5834, .T. ) ;
#2944 = CARTESIAN_POINT ( 'NONE',  ( -7.500949199034992354, 1.144478331339001009, -1.327952034793999703 ) ) ;
#2945 = LINE ( 'NONE', #8674, #3101 ) ;
#2946 = ORIENTED_EDGE ( 'NONE', *, *, #1201, .T. ) ;
#2947 = LINE ( 'NONE', #5815, #5648 ) ;
#2948 = CARTESIAN_POINT ( 'NONE',  ( 8.284120188299999299, 0.4159517489442000060, -4.000000000000000000 ) ) ;
#2949 = ORIENTED_EDGE ( 'NONE', *, *, #2273, .F. ) ;
#2950 = VECTOR ( 'NONE', #951, 1000.000000000000000 ) ;
#2951 = CARTESIAN_POINT ( 'NONE',  ( 13.22500000000000142, -1.000000000000000000, -3.600000000000000089 ) ) ;
#2952 = CARTESIAN_POINT ( 'NONE',  ( 4.291266850093000684, 1.750000000000000000, -1.306786416877000034 ) ) ;
#2953 = ORIENTED_EDGE ( 'NONE', *, *, #6947, .T. ) ;
#2954 = VECTOR ( 'NONE', #4312, 1000.000000000000000 ) ;
#2955 = CARTESIAN_POINT ( 'NONE',  ( 3.884921183323999827, -1.254369097079000017, -0.4737825596090000091 ) ) ;
#2956 = ORIENTED_EDGE ( 'NONE', *, *, #701, .F. ) ;
#2957 = EDGE_CURVE ( 'NONE', #2253, #4721, #451, .T. ) ;
#2958 = DIRECTION ( 'NONE',  ( 0.000000000000000000, 0.000000000000000000, -1.000000000000000000 ) ) ;
#2959 = PLANE ( 'NONE',  #1372 ) ;
#2960 = ORIENTED_EDGE ( 'NONE', *, *, #2787, .T. ) ;
#2961 = DIRECTION ( 'NONE',  ( 0.000000000000000000, -1.000000000000000000, 0.000000000000000000 ) ) ;
#2962 = CARTESIAN_POINT ( 'NONE',  ( 3.892886186977000396, 1.269035656033000059, -0.4840543857267000094 ) ) ;
#2963 = CARTESIAN_POINT ( 'NONE',  ( 8.641778518293998346, 0.1777966565218999928, -4.000000000000000000 ) ) ;
#2964 = LINE ( 'NONE', #733, #5022 ) ;
#2965 = ORIENTED_EDGE ( 'NONE', *, *, #2787, .F. ) ;
#2966 = DIRECTION ( 'NONE',  ( 1.000000000000000000, 0.000000000000000000, 0.000000000000000000 ) ) ;
#2967 = LINE ( 'NONE', #8698, #2089 ) ;
#2968 = VECTOR ( 'NONE', #1609, 1000.000000000000000 ) ;
#2969 = VECTOR ( 'NONE', #5698, 1000.000000000000000 ) ;
#2970 = ORIENTED_EDGE ( 'NONE', *, *, #8396, .F. ) ;
#2971 = EDGE_CURVE ( 'NONE', #4782, #9014, #5752, .T. ) ;
#2972 = CARTESIAN_POINT ( 'NONE',  ( 3.632300324296001026, 1.807300755070999854, -0.2748419357937002538 ) ) ;
#2973 = ORIENTED_EDGE ( 'NONE', *, *, #2465, .T. ) ;
#2974 = CARTESIAN_POINT ( 'NONE',  ( -7.637973426245000752, 1.750000000000000000, -1.059772259783000159 ) ) ;
#2975 = PLANE ( 'NONE',  #8485 ) ;
#2976 = DIRECTION ( 'NONE',  ( 0.5868168447381140185, 0.05737937123929140459, -0.8076840957254189934 ) ) ;
#2977 = VECTOR ( 'NONE', #1688, 1000.000000000000114 ) ;
#2978 = DIRECTION ( 'NONE',  ( 0.000000000000000000, 0.000000000000000000, 1.000000000000000000 ) ) ;
#2979 = EDGE_CURVE ( 'NONE', #5150, #496, #3834, .T. ) ;
#2980 = DIRECTION ( 'NONE',  ( -0.3251219746164809021, -0.05233595624293688880, -0.9442227752525448325 ) ) ;
#2981 = DIRECTION ( 'NONE',  ( 0.000000000000000000, 0.000000000000000000, -1.000000000000000000 ) ) ;
#2982 = LINE ( 'NONE', #2357, #1793 ) ;
#2983 = CARTESIAN_POINT ( 'NONE',  ( -12.72499999999999964, 0.7500000000000000000, -4.500000000000000000 ) ) ;
#2984 = CARTESIAN_POINT ( 'NONE',  ( -11.00000000000000000, 3.500000000000000000, -5.500000000000000000 ) ) ;
#2985 = FACE_BOUND ( 'NONE', #4635, .T. ) ;
#2986 = ADVANCED_FACE ( 'NONE', ( #9172 ), #3221, .F. ) ;
#2987 = ORIENTED_EDGE ( 'NONE', *, *, #9128, .F. ) ;
#2988 = CARTESIAN_POINT ( 'NONE',  ( 8.284120188299999299, 1.750000000000000000, -4.000000000000000000 ) ) ;
#2989 = VECTOR ( 'NONE', #7256, 1000.000000000000000 ) ;
#2990 = VECTOR ( 'NONE', #5129, 1000.000000000000000 ) ;
#2991 = EDGE_CURVE ( 'NONE', #6471, #8643, #9256, .T. ) ;
#2992 = CARTESIAN_POINT ( 'NONE',  ( 3.892738713611000101, -1.476368187747999938, -0.5969400526693999787 ) ) ;
#2993 = ORIENTED_EDGE ( 'NONE', *, *, #983, .T. ) ;
#2994 = CARTESIAN_POINT ( 'NONE',  ( 10.95083426132000071, -2.500000000000000000, -1.100000000000000089 ) ) ;
#2995 = LINE ( 'NONE', #720, #5811 ) ;
#2996 = ORIENTED_EDGE ( 'NONE', *, *, #3599, .F. ) ;
#2997 = CARTESIAN_POINT ( 'NONE',  ( 3.929008067849000252, -1.072572014144000052, -0.6631307528268000073 ) ) ;
#2998 = VECTOR ( 'NONE', #1187, 1000.000000000000000 ) ;
#2999 = ORIENTED_EDGE ( 'NONE', *, *, #2760, .F. ) ;
#3000 = DIRECTION ( 'NONE',  ( -0.000000000000000000, 1.000000000000000000, 0.000000000000000000 ) ) ;
#3001 = LINE ( 'NONE', #2914, #5725 ) ;
#3002 = VECTOR ( 'NONE', #1461, 1000.000000000000000 ) ;
#3003 = LINE ( 'NONE', #3093, #2367 ) ;
#3004 = CARTESIAN_POINT ( 'NONE',  ( 0.000000000000000000, 0.000000000000000000, -0.4000000000000000222 ) ) ;
#3005 = CARTESIAN_POINT ( 'NONE',  ( 3.895743635342999944, 1.249200446886999938, -0.4879873259963000143 ) ) ;
#3006 = CARTESIAN_POINT ( 'NONE',  ( -6.807951367226033668, -0.9136418944186806002, -1.344833486256493682 ) ) ;
#3007 = ORIENTED_EDGE ( 'NONE', *, *, #1891, .T. ) ;
#3008 = DIRECTION ( 'NONE',  ( 0.000000000000000000, 1.000000000000000000, 0.000000000000000000 ) ) ;
#3009 = VECTOR ( 'NONE', #236, 1000.000000000000000 ) ;
#3010 = CARTESIAN_POINT ( 'NONE',  ( 3.871208751481999943, 1.254458537402999951, -0.4542179554287000265 ) ) ;
#3011 = CIRCLE ( 'NONE', #5425, 0.2500000000000000000 ) ;
#3012 = ORIENTED_EDGE ( 'NONE', *, *, #6031, .T. ) ;
#3013 = ORIENTED_EDGE ( 'NONE', *, *, #7133, .T. ) ;
#3014 = CARTESIAN_POINT ( 'NONE',  ( 3.972541400551998336, 1.261326353517000287, -0.6387685018424006378 ) ) ;
#3015 = ORIENTED_EDGE ( 'NONE', *, *, #7976, .F. ) ;
#3016 = CARTESIAN_POINT ( 'NONE',  ( 7.179909470181000231, -6.669999999999999929, -0.4000000000000000222 ) ) ;
#3017 = CARTESIAN_POINT ( 'NONE',  ( -0.2491314716374000149, 6.203565687858000111, -4.299999999999999822 ) ) ;
#3018 = DIRECTION ( 'NONE',  ( -0.5877852522925132162, 0.000000000000000000, 0.8090169943749183634 ) ) ;
#3019 = CARTESIAN_POINT ( 'NONE',  ( -9.811345473480999502, 2.600000000000000089, 0.000000000000000000 ) ) ;
#3020 = EDGE_CURVE ( 'NONE', #8216, #2529, #8653, .T. ) ;
#3021 = CARTESIAN_POINT ( 'NONE',  ( 3.945908178184000192, -1.397383115537000009, -0.6450374442058999236 ) ) ;
#3022 = ORIENTED_EDGE ( 'NONE', *, *, #2497, .T. ) ;
#3023 = DIRECTION ( 'NONE',  ( 0.000000000000000000, 0.000000000000000000, 1.000000000000000000 ) ) ;
#3024 = EDGE_CURVE ( 'NONE', #4976, #8508, #6495, .T. ) ;
#3025 = PLANE ( 'NONE',  #8227 ) ;
#3026 = DIRECTION ( 'NONE',  ( -0.8088400402561222169, 0.02091427258646040566, -0.5876566875997020212 ) ) ;
#3027 = CARTESIAN_POINT ( 'NONE',  ( 13.34916573867999823, 2.000000000000000000, -1.100000000000000089 ) ) ;
#3028 = ADVANCED_FACE ( 'NONE', ( #2739 ), #5610, .T. ) ;
#3029 = CARTESIAN_POINT ( 'NONE',  ( -13.22500000000000142, -0.7500000000000000000, -3.350000000000000089 ) ) ;
#3030 = CARTESIAN_POINT ( 'NONE',  ( 3.967072123350533275, -1.188958740703858430, -0.6881871651257597255 ) ) ;
#3031 = CARTESIAN_POINT ( 'NONE',  ( 11.52500000000000036, -1.550000000000000044, -0.9000000000000000222 ) ) ;
#3032 = ADVANCED_FACE ( 'NONE', ( #5128 ), #6674, .T. ) ;
#3033 = ORIENTED_EDGE ( 'NONE', *, *, #7064, .F. ) ;
#3034 = DIRECTION ( 'NONE',  ( 0.000000000000000000, 1.000000000000000000, 0.000000000000000000 ) ) ;
#3035 = PLANE ( 'NONE',  #5570 ) ;
#3036 = EDGE_CURVE ( 'NONE', #4814, #1700, #6150, .T. ) ;
#3037 = ORIENTED_EDGE ( 'NONE', *, *, #6252, .T. ) ;
#3038 = CARTESIAN_POINT ( 'NONE',  ( 3.885264829533999986, 1.318547681336000199, -0.4720875160961000017 ) ) ;
#3039 = ADVANCED_FACE ( 'NONE', ( #5880 ), #8742, .T. ) ;
#3040 = CARTESIAN_POINT ( 'NONE',  ( -7.308766020979002853, -1.297563660946999597, -1.485883601440001200 ) ) ;
#3041 = VERTEX_POINT ( 'NONE', #3975 ) ;
#3042 = CARTESIAN_POINT ( 'NONE',  ( 3.872467554351000096, -1.236050824988999874, -0.4566806572359999872 ) ) ;
#3043 = EDGE_CURVE ( 'NONE', #3938, #7736, #5835, .T. ) ;
#3044 = ORIENTED_EDGE ( 'NONE', *, *, #1270, .T. ) ;
#3045 = DIRECTION ( 'NONE',  ( -1.000000000000000000, 0.000000000000000000, 0.000000000000000000 ) ) ;
#3046 = CARTESIAN_POINT ( 'NONE',  ( 7.179909470181000231, 6.669999999999999929, -0.4000000000000000222 ) ) ;
#3047 = CARTESIAN_POINT ( 'NONE',  ( 0.000000000000000000, 0.000000000000000000, -0.2000000000000000111 ) ) ;
#3048 = CARTESIAN_POINT ( 'NONE',  ( 3.716671441012999733, -1.750000000000000000, -0.7519060802727000059 ) ) ;
#3049 = CARTESIAN_POINT ( 'NONE',  ( -8.046383903201910215, 0.6903906458416206871, -1.095905465697173620 ) ) ;
#3050 = CARTESIAN_POINT ( 'NONE',  ( -6.720820407913000061, -1.219863181193999946, -1.375573369605999963 ) ) ;
#3051 = ORIENTED_EDGE ( 'NONE', *, *, #8767, .F. ) ;
#3052 = DIRECTION ( 'NONE',  ( -0.5877852522925132162, 0.000000000000000000, 0.8090169943749183634 ) ) ;
#3053 = LINE ( 'NONE', #1047, #1353 ) ;
#3054 = VERTEX_POINT ( 'NONE', #9011 ) ;
#3055 = ORIENTED_EDGE ( 'NONE', *, *, #6364, .F. ) ;
#3056 = DIRECTION ( 'NONE',  ( 0.3255681544572004427, 0.000000000000000000, 0.9455185755993018581 ) ) ;
#3057 = ORIENTED_EDGE ( 'NONE', *, *, #5389, .T. ) ;
#3058 = CARTESIAN_POINT ( 'NONE',  ( 14.25000000000000000, 2.000000000000000000, -5.500000000000000000 ) ) ;
#3059 = LINE ( 'NONE', #5220, #7566 ) ;
#3060 = ORIENTED_EDGE ( 'NONE', *, *, #5680, .F. ) ;
#3061 = DIRECTION ( 'NONE',  ( -0.8090169943749183634, 0.000000000000000000, -0.5877852522925132162 ) ) ;
#3062 = LINE ( 'NONE', #5275, #2314 ) ;
#3063 = CARTESIAN_POINT ( 'NONE',  ( 4.029572222758999622, -1.154273987372000043, -0.8183307417123000249 ) ) ;
#3064 = VECTOR ( 'NONE', #8842, 1000.000000000000000 ) ;
#3065 = ADVANCED_FACE ( 'NONE', ( #8696 ), #1558, .T. ) ;
#3066 = VECTOR ( 'NONE', #5262, 1000.000000000000000 ) ;
#3067 = CONICAL_SURFACE ( 'NONE', #1283, 9.974999999999999645, 0.7188299996214952969 ) ;
#3068 = ORIENTED_EDGE ( 'NONE', *, *, #7742, .T. ) ;
#3069 = CARTESIAN_POINT ( 'NONE',  ( -7.231854972343000121, 6.669999999999999929, -0.3565056556383999764 ) ) ;
#3070 = ADVANCED_FACE ( 'NONE', ( #8295 ), #2297, .F. ) ;
#3071 = CARTESIAN_POINT ( 'NONE',  ( -0.1465673690733000079, 6.706770816062999963, -4.200000000000000178 ) ) ;
#3072 = CARTESIAN_POINT ( 'NONE',  ( -7.650725455797999786, -6.669999999999999929, -5.500000000000000000 ) ) ;
#3073 = CARTESIAN_POINT ( 'NONE',  ( 3.566325669056999992, -1.257185961230000038, -0.5892037224545000340 ) ) ;
#3074 = CIRCLE ( 'NONE', #1133, 10.14999999999999680 ) ;
#3075 = DIRECTION ( 'NONE',  ( -0.3251219746163916402, 0.05233595624293861659, -0.9442227752525753637 ) ) ;
#3076 = DIRECTION ( 'NONE',  ( -0.9063077870366587074, 0.000000000000000000, -0.4226182617406809006 ) ) ;
#3077 = CARTESIAN_POINT ( 'NONE',  ( 8.314127490116948849, 5.908932442100089055, 0.000000000000000000 ) ) ;
#3078 = VERTEX_POINT ( 'NONE', #8028 ) ;
#3079 = CARTESIAN_POINT ( 'NONE',  ( 13.22500000000000142, 1.000000000000000000, -4.500000000000000000 ) ) ;
#3080 = CARTESIAN_POINT ( 'NONE',  ( 13.47500000000000142, 1.750000000000000000, -5.250000000000000000 ) ) ;
#3081 = AXIS2_PLACEMENT_3D ( 'NONE', #3712, #7327, #428 ) ;
#3082 = ORIENTED_EDGE ( 'NONE', *, *, #4189, .T. ) ;
#3083 = EDGE_CURVE ( 'NONE', #1693, #2575, #4731, .T. ) ;
#3084 = CARTESIAN_POINT ( 'NONE',  ( 3.877648349494999813, 1.485538455680999848, -0.5688001715411000747 ) ) ;
#3085 = CARTESIAN_POINT ( 'NONE',  ( -11.57500000000000107, -1.600000000000000089, 0.000000000000000000 ) ) ;
#3086 = ORIENTED_EDGE ( 'NONE', *, *, #8541, .T. ) ;
#3087 = EDGE_CURVE ( 'NONE', #5040, #7527, #3763, .T. ) ;
#3088 = CARTESIAN_POINT ( 'NONE',  ( 3.908463802286000544, -1.231980316740999948, -0.5027860879819999740 ) ) ;
#3089 = ADVANCED_FACE ( 'NONE', ( #2254 ), #867, .F. ) ;
#3090 = ORIENTED_EDGE ( 'NONE', *, *, #6689, .F. ) ;
#3091 = CARTESIAN_POINT ( 'NONE',  ( 3.889537737936000994, 1.492012779172000148, -0.6307557814840994981 ) ) ;
#3092 = CARTESIAN_POINT ( 'NONE',  ( -14.25000000000000000, -0.7500000000000000000, -3.600000000000000089 ) ) ;
#3093 = CARTESIAN_POINT ( 'NONE',  ( -9.599999999999999645, -8.000000000000000000, -5.500000000000000000 ) ) ;
#3094 = DIRECTION ( 'NONE',  ( 2.531625682536000208E-14, -1.000000000000000000, 0.000000000000000000 ) ) ;
#3095 = CYLINDRICAL_SURFACE ( 'NONE', #5023, 0.04999999999999969746 ) ;
#3096 = CIRCLE ( 'NONE', #1750, 0.2565331882505998973 ) ;
#3097 = ORIENTED_EDGE ( 'NONE', *, *, #8595, .T. ) ;
#3098 = DIRECTION ( 'NONE',  ( 1.000000000000000000, 0.000000000000000000, 0.000000000000000000 ) ) ;
#3099 = ADVANCED_FACE ( 'NONE', ( #5967 ), #956, .F. ) ;
#3100 = LINE ( 'NONE', #6630, #8085 ) ;
#3101 = VECTOR ( 'NONE', #7875, 1000.000000000000000 ) ;
#3102 = VERTEX_POINT ( 'NONE', #165 ) ;
#3103 = EDGE_CURVE ( 'NONE', #3586, #2817, #5210, .T. ) ;
#3104 = ORIENTED_EDGE ( 'NONE', *, *, #52, .F. ) ;
#3105 = CARTESIAN_POINT ( 'NONE',  ( 3.806395389904996929, 1.478487153674000076, -0.3582801804483002339 ) ) ;
#3106 = ORIENTED_EDGE ( 'NONE', *, *, #4398, .T. ) ;
#3107 = LINE ( 'NONE', #3857, #6010 ) ;
#3108 = LINE ( 'NONE', #5976, #3064 ) ;
#3109 = VERTEX_POINT ( 'NONE', #8073 ) ;
#3110 = AXIS2_PLACEMENT_3D ( 'NONE', #7862, #3544, #1477 ) ;
#3111 = DIRECTION ( 'NONE',  ( 0.5877852522925131051, 0.000000000000000000, -0.8090169943749183634 ) ) ;
#3112 = DIRECTION ( 'NONE',  ( -0.9063077870366585964, 0.000000000000000000, 0.4226182617406808451 ) ) ;
#3113 = CARTESIAN_POINT ( 'NONE',  ( 3.925149657605000009, -1.544409882163000125, -0.7004201082068000073 ) ) ;
#3114 = ORIENTED_EDGE ( 'NONE', *, *, #2819, .F. ) ;
#3115 =( BOUNDED_SURFACE ( )  B_SPLINE_SURFACE ( 3, 3, ( 
 ( #4390, #7000, #5597, #7960 ),
 ( #4884, #8455, #8406, #4839 ),
 ( #2185, #7747, #7304, #3689 ),
 ( #140, #5057, #578, #7697 ),
 ( #2013, #8719, #2275, #4126 ),
 ( #92, #5145, #1318, #8001 ),
 ( #1272, #3646, #1576, #2944 ) ),
 .UNSPECIFIED., .F., .F., .F. ) 
 B_SPLINE_SURFACE_WITH_KNOTS ( ( 4, 3, 4 ),
 ( 4, 4 ),
 ( 0.000000000000000000, 1.000000000000000000, 2.000000000000000000 ),
 ( 0.000000000000000000, 1.000000000000000000 ),
 .UNSPECIFIED. ) 
 GEOMETRIC_REPRESENTATION_ITEM ( )  RATIONAL_B_SPLINE_SURFACE ( (
 ( 1.435278429303000092, 1.208292588178999871, 1.208292588178999871, 1.435278429303000092),
 ( 1.034337099056000131, 0.8707591676657000512, 0.8707591676657000512, 1.034337099056000131),
 ( 1.034337099056000131, 0.8707591676657000512, 0.8707591676657000512, 1.034337099056000131),
 ( 1.435278429303000092, 1.208292588178999871, 1.208292588178999871, 1.435278429303000092),
 ( 1.034337099056000131, 0.8707591676657000512, 0.8707591676657000512, 1.034337099056000131),
 ( 1.034337099056000131, 0.8707591676657000512, 0.8707591676657000512, 1.034337099056000131),
 ( 1.435278429303000092, 1.208292588178999871, 1.208292588178999871, 1.435278429303000092) ) ) 
 REPRESENTATION_ITEM ( '' )  SURFACE ( )  );
#3116 = DIRECTION ( 'NONE',  ( 0.000000000000000000, 0.000000000000000000, -1.000000000000000000 ) ) ;
#3117 = DIRECTION ( 'NONE',  ( 0.000000000000000000, 0.000000000000000000, 1.000000000000000000 ) ) ;
#3118 = DIRECTION ( 'NONE',  ( 0.000000000000000000, 0.000000000000000000, -1.000000000000000000 ) ) ;
#3119 = LINE ( 'NONE', #2313, #6616 ) ;
#3120 = FACE_OUTER_BOUND ( 'NONE', #2126, .T. ) ;
#3121 = VECTOR ( 'NONE', #1807, 1000.000000000000000 ) ;
#3122 = CARTESIAN_POINT ( 'NONE',  ( 3.916745320954209575, -1.056736879858867884, -0.6288935517054567992 ) ) ;
#3123 = LINE ( 'NONE', #4581, #97 ) ;
#3124 = ORIENTED_EDGE ( 'NONE', *, *, #915, .T. ) ;
#3125 = DIRECTION ( 'NONE',  ( 0.000000000000000000, 1.000000000000000000, 0.000000000000000000 ) ) ;
#3126 = VECTOR ( 'NONE', #4812, 1000.000000000000000 ) ;
#3127 = CIRCLE ( 'NONE', #6878, 1.270000000000000240 ) ;
#3128 = CARTESIAN_POINT ( 'NONE',  ( 3.887824635470515044, -1.537652634323960488, -0.6472910601704983113 ) ) ;
#3129 = ORIENTED_EDGE ( 'NONE', *, *, #3546, .F. ) ;
#3130 = CARTESIAN_POINT ( 'NONE',  ( 3.946491838348000325, 1.368825270299000030, -0.6225410082972999692 ) ) ;
#3131 = AXIS2_PLACEMENT_3D ( 'NONE', #1970, #6201, #4883 ) ;
#3132 = ORIENTED_EDGE ( 'NONE', *, *, #2163, .F. ) ;
#3133 = CARTESIAN_POINT ( 'NONE',  ( -11.57500000000000107, -1.600000000000000089, 0.000000000000000000 ) ) ;
#3134 = AXIS2_PLACEMENT_3D ( 'NONE', #2844, #2088, #6416 ) ;
#3135 = ORIENTED_EDGE ( 'NONE', *, *, #2866, .F. ) ;
#3136 = ADVANCED_FACE ( 'NONE', ( #1645 ), #8250, .F. ) ;
#3137 = CARTESIAN_POINT ( 'NONE',  ( 3.908674384366999988, -1.071855695738999970, -0.5725076786538000340 ) ) ;
#3138 = AXIS2_PLACEMENT_3D ( 'NONE', #1848, #6830, #408 ) ;
#3139 = ORIENTED_EDGE ( 'NONE', *, *, #6937, .T. ) ;
#3140 = FACE_OUTER_BOUND ( 'NONE', #8680, .T. ) ;
#3141 = EDGE_CURVE ( 'NONE', #5933, #7591, #1822, .T. ) ;
#3142 = DIRECTION ( 'NONE',  ( 0.000000000000000000, 0.000000000000000000, -1.000000000000000000 ) ) ;
#3143 = EDGE_LOOP ( 'NONE', ( #8659, #917, #5199, #1134 ) ) ;
#3144 = LINE ( 'NONE', #7513, #4903 ) ;
#3145 = FACE_OUTER_BOUND ( 'NONE', #4359, .T. ) ;
#3146 = EDGE_CURVE ( 'NONE', #2197, #6186, #2179, .T. ) ;
#3147 = ORIENTED_EDGE ( 'NONE', *, *, #79, .F. ) ;
#3148 = CIRCLE ( 'NONE', #4961, 10.15000000000000036 ) ;
#3149 = DIRECTION ( 'NONE',  ( 1.115572941067000051E-14, -1.000000000000000000, 0.000000000000000000 ) ) ;
#3150 = ORIENTED_EDGE ( 'NONE', *, *, #1096, .T. ) ;
#3151 = VECTOR ( 'NONE', #2138, 1000.000000000000000 ) ;
#3152 = VERTEX_POINT ( 'NONE', #4219 ) ;
#3153 = ADVANCED_FACE ( 'NONE', ( #2808 ), #1362, .T. ) ;
#3154 = PLANE ( 'NONE',  #4339 ) ;
#3155 = VERTEX_POINT ( 'NONE', #1223 ) ;
#3156 = CARTESIAN_POINT ( 'NONE',  ( -14.25000000000000000, -3.500000000000000000, -38.18409399080999833 ) ) ;
#3157 = VECTOR ( 'NONE', #1617, 1000.000000000000000 ) ;
#3158 = ADVANCED_FACE ( 'NONE', ( #8538 ), #3472, .F. ) ;
#3159 = DIRECTION ( 'NONE',  ( 0.000000000000000000, 1.000000000000000000, 0.000000000000000000 ) ) ;
#3160 = ORIENTED_EDGE ( 'NONE', *, *, #3433, .T. ) ;
#3161 = CARTESIAN_POINT ( 'NONE',  ( 12.84005928412999964, 0.2500000000000000000, -3.513644639500000277 ) ) ;
#3162 = CARTESIAN_POINT ( 'NONE',  ( -12.84005928412999964, -0.2500000000000000000, -3.513644639500000277 ) ) ;
#3163 = CARTESIAN_POINT ( 'NONE',  ( 3.975849403734000198, -1.332781858466000058, -0.7530518531162000428 ) ) ;
#3164 = VECTOR ( 'NONE', #7250, 1000.000000000000114 ) ;
#3165 = VERTEX_POINT ( 'NONE', #1267 ) ;
#3166 = VECTOR ( 'NONE', #3179, 1000.000000000000000 ) ;
#3167 = CARTESIAN_POINT ( 'NONE',  ( 13.42499999999999893, -0.5000000000000000000, -4.450000000000000178 ) ) ;
#3168 = CARTESIAN_POINT ( 'NONE',  ( 3.892738713611000101, -1.476368187747999938, -0.5969400526693999787 ) ) ;
#3169 = AXIS2_PLACEMENT_3D ( 'NONE', #5362, #9030, #5312 ) ;
#3170 = CARTESIAN_POINT ( 'NONE',  ( 5.000000000000000000, 6.669999999999999929, -5.500000000000000000 ) ) ;
#3171 = CARTESIAN_POINT ( 'NONE',  ( 3.571173375659999483, 0.7773277494350000483, -0.5516451736566999609 ) ) ;
#3172 = LINE ( 'NONE', #274, #4097 ) ;
#3173 = CARTESIAN_POINT ( 'NONE',  ( 12.72499999999999964, -1.600000000000000089, -1.100000000000000089 ) ) ;
#3174 = CARTESIAN_POINT ( 'NONE',  ( -9.350000000000001421, 6.649999999999999467, -0.5000000000000000000 ) ) ;
#3175 = EDGE_CURVE ( 'NONE', #4514, #1888, #6384, .T. ) ;
#3176 = ORIENTED_EDGE ( 'NONE', *, *, #1208, .F. ) ;
#3177 = VERTEX_POINT ( 'NONE', #5541 ) ;
#3178 = CARTESIAN_POINT ( 'NONE',  ( 11.00000000000000000, -3.500000000000000000, -5.500000000000000000 ) ) ;
#3179 = DIRECTION ( 'NONE',  ( 0.000000000000000000, 1.000000000000000000, 0.000000000000000000 ) ) ;
#3180 = EDGE_LOOP ( 'NONE', ( #4490, #5579 ) ) ;
#3181 = CARTESIAN_POINT ( 'NONE',  ( 3.870474459830000047, 1.503912770776999919, -0.5840574726028999741 ) ) ;
#3182 = ORIENTED_EDGE ( 'NONE', *, *, #2879, .F. ) ;
#3183 = CARTESIAN_POINT ( 'NONE',  ( -7.149516520536000286, -1.440888592851001793, -1.523661389739999761 ) ) ;
#3184 = EDGE_LOOP ( 'NONE', ( #4022, #938, #591, #1586 ) ) ;
#3185 = CARTESIAN_POINT ( 'NONE',  ( 9.650000000000000355, -7.250000000000000000, -0.2500000000000000000 ) ) ;
#3186 = VERTEX_POINT ( 'NONE', #1312 ) ;
#3187 = CARTESIAN_POINT ( 'NONE',  ( 4.403105430786999896, 0.7149874937750000381, -1.140978902365999970 ) ) ;
#3188 = EDGE_CURVE ( 'NONE', #1295, #2575, #4167, .T. ) ;
#3189 = FACE_OUTER_BOUND ( 'NONE', #2139, .T. ) ;
#3190 = DIRECTION ( 'NONE',  ( 0.000000000000000000, 1.000000000000000000, 0.000000000000000000 ) ) ;
#3191 = CARTESIAN_POINT ( 'NONE',  ( -9.811345473480999502, -2.600000000000000089, -1.100000000000000089 ) ) ;
#3192 = LINE ( 'NONE', #8261, #6517 ) ;
#3193 = EDGE_LOOP ( 'NONE', ( #7457, #4770, #6222, #3389, #8218, #6454, #331, #5442, #4304, #5644 ) ) ;
#3194 = DIRECTION ( 'NONE',  ( 0.000000000000000000, 0.000000000000000000, -1.000000000000000000 ) ) ;
#3195 = ORIENTED_EDGE ( 'NONE', *, *, #7845, .T. ) ;
#3196 = EDGE_LOOP ( 'NONE', ( #4769, #1590, #258, #8460 ) ) ;
#3197 = EDGE_CURVE ( 'NONE', #8585, #5937, #2719, .T. ) ;
#3198 = DIRECTION ( 'NONE',  ( 0.000000000000000000, 0.000000000000000000, -1.000000000000000000 ) ) ;
#3199 = ORIENTED_EDGE ( 'NONE', *, *, #5060, .T. ) ;
#3200 = CARTESIAN_POINT ( 'NONE',  ( -10.25000000000000000, 6.349999999999999645, -0.5000000000000000000 ) ) ;
#3201 = FACE_OUTER_BOUND ( 'NONE', #4959, .T. ) ;
#3202 = CARTESIAN_POINT ( 'NONE',  ( 5.000000000000000000, 4.129999999999999893, -5.500000000000000000 ) ) ;
#3203 = ORIENTED_EDGE ( 'NONE', *, *, #123, .F. ) ;
#3204 = CARTESIAN_POINT ( 'NONE',  ( -9.350000000000001421, 5.750000000000000000, -0.5000000000000000000 ) ) ;
#3205 = CARTESIAN_POINT ( 'NONE',  ( 4.009635614422000671, -1.347055497296999915, -0.8004315713451000125 ) ) ;
#3206 = EDGE_CURVE ( 'NONE', #8366, #5293, #7692, .T. ) ;
#3207 = ORIENTED_EDGE ( 'NONE', *, *, #3462, .F. ) ;
#3208 = EDGE_CURVE ( 'NONE', #6818, #7832, #548, .T. ) ;
#3209 = CARTESIAN_POINT ( 'NONE',  ( 9.500000000000000000, -6.500000000000000000, 0.000000000000000000 ) ) ;
#3210 = CARTESIAN_POINT ( 'NONE',  ( -7.277603698116000608, -1.750000000000000000, -1.395381644408000055 ) ) ;
#3211 = CARTESIAN_POINT ( 'NONE',  ( 7.335983666414000126, -6.669999999999999929, -0.2688748888198999598 ) ) ;
#3212 = PLANE ( 'NONE',  #3244 ) ;
#3213 = CARTESIAN_POINT ( 'NONE',  ( -10.77614159057000087, -2.000000000000000000, -1.173853277176000187 ) ) ;
#3214 = CARTESIAN_POINT ( 'NONE',  ( 3.878888949504000205, -1.488597319349999948, -0.5782089489125999959 ) ) ;
#3215 = FACE_OUTER_BOUND ( 'NONE', #5602, .T. ) ;
#3216 = ORIENTED_EDGE ( 'NONE', *, *, #9128, .T. ) ;
#3217 = VECTOR ( 'NONE', #1274, 1000.000000000000000 ) ;
#3218 = ORIENTED_EDGE ( 'NONE', *, *, #2064, .F. ) ;
#3219 = DIRECTION ( 'NONE',  ( 0.000000000000000000, -1.000000000000000000, 0.000000000000000000 ) ) ;
#3220 = EDGE_CURVE ( 'NONE', #294, #3953, #1729, .T. ) ;
#3221 = B_SPLINE_SURFACE_WITH_KNOTS ( 'NONE', 3, 3, ( 
 ( #7067, #33, #5793, #3580, #6403 ),
 ( #9213, #7940, #3491, #4324, #2829 ),
 ( #7244, #2885, #4193, #2073, #2207 ),
 ( #7153, #8515, #685, #5655, #8608 ),
 ( #4946, #7893, #6356, #824, #2028 ),
 ( #2161, #7853, #7812, #1336, #1386 ),
 ( #1425, #646, #1468, #7198, #7110 ),
 ( #4237, #2124, #782, #8564, #4377 ),
 ( #4900, #3534, #2922, #3631, #7764 ) ),
 .UNSPECIFIED., .F., .F., .F.,
 ( 4, 1, 1, 1, 1, 1, 4 ),
 ( 4, 1, 4 ),
 ( 0.0001080651645830999998, 0.0003187235714745000233, 0.0004127842600630000219, 0.0005068449486515000206, 0.0006009056372399000558, 0.0006949663258283999461, 0.0009059943284576999758 ),
 ( -0.1570195170877999868, 0.5017760401852999763, 1.159714717461999944 ),
 .UNSPECIFIED. ) ;
#3222 = VECTOR ( 'NONE', #7015, 1000.000000000000000 ) ;
#3223 = CARTESIAN_POINT ( 'NONE',  ( 5.577410528076000240, -2.500000000000000000, 0.5999999999999999778 ) ) ;
#3224 = ORIENTED_EDGE ( 'NONE', *, *, #3569, .T. ) ;
#3225 = CARTESIAN_POINT ( 'NONE',  ( 3.888267521119999959, 1.245486082823999974, -0.4778784835502999928 ) ) ;
#3226 = VECTOR ( 'NONE', #5137, 1000.000000000000000 ) ;
#3227 = CIRCLE ( 'NONE', #7728, 0.7499999999999997780 ) ;
#3228 = ORIENTED_EDGE ( 'NONE', *, *, #7055, .F. ) ;
#3229 = DIRECTION ( 'NONE',  ( 0.000000000000000000, -1.000000000000000000, 0.000000000000000000 ) ) ;
#3230 = ORIENTED_EDGE ( 'NONE', *, *, #3620, .F. ) ;
#3231 = CARTESIAN_POINT ( 'NONE',  ( 4.025241040655383351, 1.253888985271658818, -0.8142819529471176931 ) ) ;
#3232 = VECTOR ( 'NONE', #7549, 1000.000000000000000 ) ;
#3233 = ORIENTED_EDGE ( 'NONE', *, *, #7012, .F. ) ;
#3234 = CARTESIAN_POINT ( 'NONE',  ( 14.25000000000000000, -2.600000000000000089, 0.000000000000000000 ) ) ;
#3235 = VECTOR ( 'NONE', #5771, 1000.000000000000000 ) ;
#3236 = DIRECTION ( 'NONE',  ( 1.000000000000000000, 0.000000000000000000, 0.000000000000000000 ) ) ;
#3237 = DIRECTION ( 'NONE',  ( 0.000000000000000000, 0.000000000000000000, 1.000000000000000000 ) ) ;
#3238 = FACE_OUTER_BOUND ( 'NONE', #7083, .T. ) ;
#3239 = ORIENTED_EDGE ( 'NONE', *, *, #8956, .T. ) ;
#3240 = CARTESIAN_POINT ( 'NONE',  ( 8.929632206074002099, 4.129999999999999893, -0.4439320435879000049 ) ) ;
#3241 = ADVANCED_FACE ( 'NONE', ( #2098 ), #99, .F. ) ;
#3242 = VERTEX_POINT ( 'NONE', #9151 ) ;
#3243 = ORIENTED_EDGE ( 'NONE', *, *, #7685, .F. ) ;
#3244 = AXIS2_PLACEMENT_3D ( 'NONE', #2506, #7536, #4671 ) ;
#3245 = CARTESIAN_POINT ( 'NONE',  ( 3.886703082657002373, -1.473718668217000038, -0.5707690355867995891 ) ) ;
#3246 = ORIENTED_EDGE ( 'NONE', *, *, #3341, .T. ) ;
#3247 = CARTESIAN_POINT ( 'NONE',  ( -12.94571384956000060, 0.5000000000000000000, -3.740221586259000031 ) ) ;
#3248 = CARTESIAN_POINT ( 'NONE',  ( 3.878474839888000236, 0.7589170748061000449, -0.6343490298142000494 ) ) ;
#3249 = LINE ( 'NONE', #2547, #5477 ) ;
#3250 = ORIENTED_EDGE ( 'NONE', *, *, #3903, .T. ) ;
#3251 = LINE ( 'NONE', #2643, #8489 ) ;
#3252 = CARTESIAN_POINT ( 'NONE',  ( 3.946094484159845539, 1.401414486190554642, -0.6646507951602126374 ) ) ;
#3253 = EDGE_CURVE ( 'NONE', #1801, #7946, #6339, .T. ) ;
#3254 = ORIENTED_EDGE ( 'NONE', *, *, #8729, .F. ) ;
#3255 = CYLINDRICAL_SURFACE ( 'NONE', #3279, 0.2999999999999999334 ) ;
#3256 = DIRECTION ( 'NONE',  ( -2.131628207280000159E-14, -1.000000000000000000, 0.000000000000000000 ) ) ;
#3257 = AXIS2_PLACEMENT_3D ( 'NONE', #8759, #3076, #8945 ) ;
#3258 = ORIENTED_EDGE ( 'NONE', *, *, #5824, .T. ) ;
#3259 = ADVANCED_FACE ( 'NONE', ( #670 ), #9238, .F. ) ;
#3260 = DIRECTION ( 'NONE',  ( 0.000000000000000000, 0.000000000000000000, 1.000000000000000000 ) ) ;
#3261 = CARTESIAN_POINT ( 'NONE',  ( -12.72499999999999964, -1.600000000000000089, -1.100000000000000089 ) ) ;
#3262 = CARTESIAN_POINT ( 'NONE',  ( -9.951004974372999357, 2.000000000000000000, -1.100000000000000089 ) ) ;
#3263 = LINE ( 'NONE', #3456, #1608 ) ;
#3264 = DIRECTION ( 'NONE',  ( -0.9803945787559743552, 0.1970443349753950579, 0.000000000000000000 ) ) ;
#3265 = ORIENTED_EDGE ( 'NONE', *, *, #2803, .F. ) ;
#3266 = ADVANCED_FACE ( 'NONE', ( #2667 ), #4783, .F. ) ;
#3267 = EDGE_LOOP ( 'NONE', ( #961, #390, #6846, #6743 ) ) ;
#3268 = DIRECTION ( 'NONE',  ( -1.000000000000000000, 0.000000000000000000, 0.000000000000000000 ) ) ;
#3269 = VECTOR ( 'NONE', #7971, 1000.000000000000000 ) ;
#3270 = CARTESIAN_POINT ( 'NONE',  ( -10.79215728752999937, -2.500000000000000000, -1.100000000000000089 ) ) ;
#3271 = ORIENTED_EDGE ( 'NONE', *, *, #7616, .T. ) ;
#3272 = CARTESIAN_POINT ( 'NONE',  ( 3.963388683056999984, 1.204070890162999952, -0.6442029079589000062 ) ) ;
#3273 = ADVANCED_FACE ( 'NONE', ( #6196 ), #5592, .F. ) ;
#3274 = CIRCLE ( 'NONE', #2827, 0.2285786437626997902 ) ;
#3275 = ORIENTED_EDGE ( 'NONE', *, *, #7693, .F. ) ;
#3276 = LINE ( 'NONE', #3881, #4911 ) ;
#3277 = ORIENTED_EDGE ( 'NONE', *, *, #1824, .T. ) ;
#3278 = DIRECTION ( 'NONE',  ( 0.3255681544572004427, 0.000000000000000000, 0.9455185755993018581 ) ) ;
#3279 = AXIS2_PLACEMENT_3D ( 'NONE', #8987, #3307, #9037 ) ;
#3280 = VECTOR ( 'NONE', #6343, 1000.000000000000000 ) ;
#3281 = CARTESIAN_POINT ( 'NONE',  ( 9.951004974372999357, -2.000000000000000000, -4.000000000000000000 ) ) ;
#3282 = EDGE_CURVE ( 'NONE', #5516, #6680, #4430, .T. ) ;
#3283 = ORIENTED_EDGE ( 'NONE', *, *, #7648, .F. ) ;
#3284 = CARTESIAN_POINT ( 'NONE',  ( 3.681675853765013162, 0.7781602205774502679, -0.3634784633466338621 ) ) ;
#3285 = VECTOR ( 'NONE', #5684, 1000.000000000000000 ) ;
#3286 = AXIS2_PLACEMENT_3D ( 'NONE', #1998, #5532, #3413 ) ;
#3287 = DIRECTION ( 'NONE',  ( 0.000000000000000000, 0.000000000000000000, -1.000000000000000000 ) ) ;
#3288 = DIRECTION ( 'NONE',  ( 0.3251219746163914737, -0.05233595624294860860, 0.9442227752525749196 ) ) ;
#3289 = CARTESIAN_POINT ( 'NONE',  ( -7.601927353273000065, -1.224574780638000071, -1.389470122414000031 ) ) ;
#3290 = ORIENTED_EDGE ( 'NONE', *, *, #420, .T. ) ;
#3291 = DIRECTION ( 'NONE',  ( 0.000000000000000000, -1.000000000000000000, 0.000000000000000000 ) ) ;
#3292 = AXIS2_PLACEMENT_3D ( 'NONE', #6362, #2788, #9132 ) ;
#3293 = CIRCLE ( 'NONE', #7795, 10.15000000000000213 ) ;
#3294 = EDGE_LOOP ( 'NONE', ( #7996, #1956, #8578, #8683 ) ) ;
#3295 = ORIENTED_EDGE ( 'NONE', *, *, #9025, .F. ) ;
#3296 = LINE ( 'NONE', #8169, #4039 ) ;
#3297 = ORIENTED_EDGE ( 'NONE', *, *, #2753, .F. ) ;
#3298 = CIRCLE ( 'NONE', #7941, 2.299999999999998934 ) ;
#3299 = CARTESIAN_POINT ( 'NONE',  ( -8.929632206074002099, -4.129999999999999893, -0.4439320435873999604 ) ) ;
#3300 = CARTESIAN_POINT ( 'NONE',  ( -13.35941545092999938, -0.5000000000000000000, -4.154167216782000516 ) ) ;
#3301 = CARTESIAN_POINT ( 'NONE',  ( 8.887243667190000806, -4.129999999999999893, -0.4000000000000000222 ) ) ;
#3302 = ORIENTED_EDGE ( 'NONE', *, *, #6937, .F. ) ;
#3303 = CARTESIAN_POINT ( 'NONE',  ( 9.951004974372999357, -2.000000000000000000, -1.100000000000000089 ) ) ;
#3304 = CARTESIAN_POINT ( 'NONE',  ( 3.892738713608999923, 1.032548887057000098, -0.5969400526672000717 ) ) ;
#3305 = VECTOR ( 'NONE', #29, 1000.000000000000000 ) ;
#3306 = ORIENTED_EDGE ( 'NONE', *, *, #5859, .T. ) ;
#3307 = DIRECTION ( 'NONE',  ( 0.000000000000000000, 1.000000000000000000, 0.000000000000000000 ) ) ;
#3308 = CARTESIAN_POINT ( 'NONE',  ( 5.000000000000000000, -6.669999999999999929, -4.000000000000000000 ) ) ;
#3309 = ORIENTED_EDGE ( 'NONE', *, *, #1029, .T. ) ;
#3310 = FACE_OUTER_BOUND ( 'NONE', #7763, .T. ) ;
#3311 = ADVANCED_FACE ( 'NONE', ( #7647 ), #7177, .F. ) ;
#3312 = LINE ( 'NONE', #2823, #3695 ) ;
#3313 = CARTESIAN_POINT ( 'NONE',  ( 13.22500000000000142, -1.000000000000000000, -4.500000000000000000 ) ) ;
#3314 = VECTOR ( 'NONE', #8916, 1000.000000000000114 ) ;
#3315 = DIRECTION ( 'NONE',  ( 1.000000000000000000, 0.000000000000000000, 0.000000000000000000 ) ) ;
#3316 = LINE ( 'NONE', #1115, #7421 ) ;
#3317 = ORIENTED_EDGE ( 'NONE', *, *, #5974, .T. ) ;
#3318 = ORIENTED_EDGE ( 'NONE', *, *, #863, .T. ) ;
#3319 = LINE ( 'NONE', #6188, #6909 ) ;
#3320 = AXIS2_PLACEMENT_3D ( 'NONE', #1118, #7637, #421 ) ;
#3321 = EDGE_CURVE ( 'NONE', #3102, #7185, #5062, .T. ) ;
#3322 = DIRECTION ( 'NONE',  ( 0.000000000000000000, 0.000000000000000000, -1.000000000000000000 ) ) ;
#3323 = EDGE_LOOP ( 'NONE', ( #7326, #7826, #2570, #4331 ) ) ;
#3324 = EDGE_CURVE ( 'NONE', #478, #3548, #4888, .T. ) ;
#3325 = CARTESIAN_POINT ( 'NONE',  ( 3.889235451549000189, 1.248159993292999870, -0.4792089263238999974 ) ) ;
#3326 = EDGE_CURVE ( 'NONE', #5516, #3853, #7908, .T. ) ;
#3327 = ORIENTED_EDGE ( 'NONE', *, *, #1559, .F. ) ;
#3328 = CARTESIAN_POINT ( 'NONE',  ( -10.80000000000000071, 8.000000000000000000, 0.000000000000000000 ) ) ;
#3329 = ORIENTED_EDGE ( 'NONE', *, *, #7895, .F. ) ;
#3330 = CARTESIAN_POINT ( 'NONE',  ( 0.000000000000000000, 0.000000000000000000, -0.5999999999999999778 ) ) ;
#3331 = LINE ( 'NONE', #3281, #9161 ) ;
#3332 = EDGE_CURVE ( 'NONE', #958, #8557, #7261, .T. ) ;
#3333 = EDGE_LOOP ( 'NONE', ( #610, #2731, #3228, #5374, #2820, #3203, #4683, #4041 ) ) ;
#3334 = EDGE_CURVE ( 'NONE', #2421, #8309, #3649, .T. ) ;
#3335 = DIRECTION ( 'NONE',  ( 0.000000000000000000, -1.000000000000000000, 0.000000000000000000 ) ) ;
#3336 = PLANE ( 'NONE',  #8823 ) ;
#3337 = CARTESIAN_POINT ( 'NONE',  ( 3.903367411824593347, -1.139566295236642102, -0.5128455011457128121 ) ) ;
#3338 = DIRECTION ( 'NONE',  ( -0.3255681544571116248, 0.000000000000000000, -0.9455185755993322783 ) ) ;
#3339 = ORIENTED_EDGE ( 'NONE', *, *, #8931, .F. ) ;
#3340 = CARTESIAN_POINT ( 'NONE',  ( 12.72499999999999964, -0.5000000000000000000, -4.450000000000000178 ) ) ;
#3341 = EDGE_CURVE ( 'NONE', #8437, #2259, #1493, .T. ) ;
#3342 = ORIENTED_EDGE ( 'NONE', *, *, #8353, .F. ) ;
#3343 = ORIENTED_EDGE ( 'NONE', *, *, #9072, .F. ) ;
#3344 = CARTESIAN_POINT ( 'NONE',  ( 10.80000000000000071, 8.000000000000000000, 0.000000000000000000 ) ) ;
#3345 = ORIENTED_EDGE ( 'NONE', *, *, #9060, .T. ) ;
#3346 = DIRECTION ( 'NONE',  ( -0.9063077870366587074, 0.000000000000000000, 0.4226182617406808451 ) ) ;
#3347 = CARTESIAN_POINT ( 'NONE',  ( -7.492923727317000626, -6.669999999999999929, -0.6644611246485000455 ) ) ;
#3348 = DIRECTION ( 'NONE',  ( 1.000000000000000000, 0.000000000000000000, 0.000000000000000000 ) ) ;
#3349 = ORIENTED_EDGE ( 'NONE', *, *, #2957, .T. ) ;
#3350 =( NAMED_UNIT ( * ) PLANE_ANGLE_UNIT ( ) SI_UNIT ( $, .RADIAN. ) );
#3351 = LINE ( 'NONE', #6173, #2838 ) ;
#3352 = VERTEX_POINT ( 'NONE', #1451 ) ;
#3353 = CARTESIAN_POINT ( 'NONE',  ( -7.506751777957999749, 1.224574780638000071, -1.358784460234000013 ) ) ;
#3354 = CARTESIAN_POINT ( 'NONE',  ( 3.888250914993999885, -1.480894823028999996, -0.5909754784101000080 ) ) ;
#3355 = ORIENTED_EDGE ( 'NONE', *, *, #5671, .F. ) ;
#3356 = CARTESIAN_POINT ( 'NONE',  ( -14.25000000000000000, -2.000000000000000000, -5.500000000000000000 ) ) ;
#3357 = DIRECTION ( 'NONE',  ( -0.000000000000000000, 1.000000000000000000, 0.000000000000000000 ) ) ;
#3358 = CARTESIAN_POINT ( 'NONE',  ( -7.650725455797999786, 6.669999999999999929, -0.8000000000000000444 ) ) ;
#3359 = CARTESIAN_POINT ( 'NONE',  ( 4.016088541209113849, -1.348908781755310926, -0.8048287829460928355 ) ) ;
#3360 = FACE_OUTER_BOUND ( 'NONE', #3471, .T. ) ;
#3361 = ORIENTED_EDGE ( 'NONE', *, *, #3596, .T. ) ;
#3362 = ORIENTED_EDGE ( 'NONE', *, *, #4595, .T. ) ;
#3363 = EDGE_CURVE ( 'NONE', #5973, #8275, #7286, .T. ) ;
#3364 = DIRECTION ( 'NONE',  ( -0.9134742449544117626, 0.4068965517241048269, 0.000000000000000000 ) ) ;
#3365 = ORIENTED_EDGE ( 'NONE', *, *, #7400, .T. ) ;
#3366 = CARTESIAN_POINT ( 'NONE',  ( 3.914430902719999494, 1.261226977211999944, -0.5123100934508000304 ) ) ;
#3367 = B_SPLINE_CURVE_WITH_KNOTS ( 'NONE', 3,
 ( #7485, #4004, #3354, #3168 ),
 .UNSPECIFIED., .F., .F.,
 ( 4, 4 ),
 ( 0.000000000000000000, 1.000000000000000000 ),
 .UNSPECIFIED. ) ;
#3368 = DIRECTION ( 'NONE',  ( 0.000000000000000000, -1.000000000000000000, 0.000000000000000000 ) ) ;
#3369 = ORIENTED_EDGE ( 'NONE', *, *, #1390, .F. ) ;
#3370 = DIRECTION ( 'NONE',  ( 0.000000000000000000, 0.000000000000000000, -1.000000000000000000 ) ) ;
#3371 = ORIENTED_EDGE ( 'NONE', *, *, #3462, .T. ) ;
#3372 = DIRECTION ( 'NONE',  ( 0.000000000000000000, 0.000000000000000000, -1.000000000000000000 ) ) ;
#3373 = EDGE_CURVE ( 'NONE', #6048, #1836, #2905, .T. ) ;
#3374 = VECTOR ( 'NONE', #5992, 1000.000000000000000 ) ;
#3375 = VECTOR ( 'NONE', #8140, 1000.000000000000000 ) ;
#3376 = EDGE_LOOP ( 'NONE', ( #7407, #8924, #6558, #5800 ) ) ;
#3377 = DIRECTION ( 'NONE',  ( 0.000000000000000000, 0.000000000000000000, -1.000000000000000000 ) ) ;
#3378 = B_SPLINE_CURVE_WITH_KNOTS ( 'NONE', 3,
 ( #2348, #8128, #7991, #1565, #174, #3016 ),
 .UNSPECIFIED., .F., .F.,
 ( 4, 1, 1, 4 ),
 ( 0.000000000000000000, 0.3333333333333000081, 0.6666666666667000474, 1.000000000000000000 ),
 .UNSPECIFIED. ) ;
#3379 = CARTESIAN_POINT ( 'NONE',  ( 9.228701740844998724, 4.129999999999999893, -0.04495529914462000065 ) ) ;
#3380 = EDGE_CURVE ( 'NONE', #3517, #8643, #2947, .T. ) ;
#3381 = DIRECTION ( 'NONE',  ( 0.000000000000000000, -1.000000000000000000, 0.000000000000000000 ) ) ;
#3382 = CARTESIAN_POINT ( 'NONE',  ( -12.94571384956000060, -0.5000000000000000000, -3.740221586259000031 ) ) ;
#3383 = ORIENTED_EDGE ( 'NONE', *, *, #281, .T. ) ;
#3384 = AXIS2_PLACEMENT_3D ( 'NONE', #4875, #4118, #6289 ) ;
#3385 = EDGE_CURVE ( 'NONE', #1450, #4786, #846, .T. ) ;
#3386 = LINE ( 'NONE', #6253, #2111 ) ;
#3387 = ORIENTED_EDGE ( 'NONE', *, *, #7556, .F. ) ;
#3388 = B_SPLINE_CURVE_WITH_KNOTS ( 'NONE', 3,
 ( #4061, #7627, #6324, #7584 ),
 .UNSPECIFIED., .F., .F.,
 ( 4, 4 ),
 ( 0.000000000000000000, 1.000000000000000000 ),
 .UNSPECIFIED. ) ;
#3389 = ORIENTED_EDGE ( 'NONE', *, *, #6762, .F. ) ;
#3390 = AXIS2_PLACEMENT_3D ( 'NONE', #7632, #7779, #3505 ) ;
#3391 = CARTESIAN_POINT ( 'NONE',  ( 3.916752254447998016, -1.577989735125999271, -0.6840563589933998934 ) ) ;
#3392 = ORIENTED_EDGE ( 'NONE', *, *, #8029, .T. ) ;
#3393 = EDGE_CURVE ( 'NONE', #2758, #746, #2793, .T. ) ;
#3394 = CARTESIAN_POINT ( 'NONE',  ( 3.878474839888000236, -0.9194165683759000229, -0.6343490298142999695 ) ) ;
#3395 = DIRECTION ( 'NONE',  ( -0.3255681544572004427, 0.000000000000000000, -0.9455185755993018581 ) ) ;
#3396 = DIRECTION ( 'NONE',  ( 0.000000000000000000, -1.000000000000000000, 0.000000000000000000 ) ) ;
#3397 = ORIENTED_EDGE ( 'NONE', *, *, #1894, .T. ) ;
#3398 = DIRECTION ( 'NONE',  ( 0.000000000000000000, -1.000000000000000000, 0.000000000000000000 ) ) ;
#3399 = LINE ( 'NONE', #8470, #5844 ) ;
#3400 = ADVANCED_FACE ( 'NONE', ( #7135 ), #4020, .T. ) ;
#3401 = ORIENTED_EDGE ( 'NONE', *, *, #9176, .T. ) ;
#3402 = DIRECTION ( 'NONE',  ( 0.8274912503663919283, 0.06104853953485939178, -0.5581498959846949992 ) ) ;
#3403 = CARTESIAN_POINT ( 'NONE',  ( 13.42499999999999893, -1.750000000000000000, -5.250000000000000000 ) ) ;
#3404 = EDGE_LOOP ( 'NONE', ( #2842, #4201, #6785, #7390 ) ) ;
#3405 = LINE ( 'NONE', #6832, #4973 ) ;
#3406 = CARTESIAN_POINT ( 'NONE',  ( -7.650725455797999786, -6.669999999999999929, 0.000000000000000000 ) ) ;
#3407 = DIRECTION ( 'NONE',  ( 1.000000000000000000, 0.000000000000000000, 0.000000000000000000 ) ) ;
#3408 = CARTESIAN_POINT ( 'NONE',  ( -5.000000000000000000, -4.129999999999999893, -5.500000000000000000 ) ) ;
#3409 = CARTESIAN_POINT ( 'NONE',  ( 7.650725455797999786, -6.669999999999999929, 0.000000000000000000 ) ) ;
#3410 = AXIS2_PLACEMENT_3D ( 'NONE', #7881, #4447, #851 ) ;
#3411 = VERTEX_POINT ( 'NONE', #3873 ) ;
#3412 = VERTEX_POINT ( 'NONE', #1812 ) ;
#3413 = DIRECTION ( 'NONE',  ( -0.9455185755993018581, 0.000000000000000000, 0.3255681544572003872 ) ) ;
#3414 = CARTESIAN_POINT ( 'NONE',  ( 0.000000000000000000, 0.000000000000000000, -0.5999999999999999778 ) ) ;
#3415 = CIRCLE ( 'NONE', #8053, 9.800000000000002487 ) ;
#3416 = EDGE_LOOP ( 'NONE', ( #7630, #7638, #4548, #1380, #4421, #3877, #5196, #4627, #1053 ) ) ;
#3417 = CARTESIAN_POINT ( 'NONE',  ( 3.912680177025000372, 1.235681748610999886, -0.5098845384748998955 ) ) ;
#3418 = CARTESIAN_POINT ( 'NONE',  ( 3.571173375659999483, -0.7773277494350000483, -0.5516451736566999609 ) ) ;
#3419 = ORIENTED_EDGE ( 'NONE', *, *, #5798, .T. ) ;
#3420 = CARTESIAN_POINT ( 'NONE',  ( 3.888072921461000142, -1.231026376706000125, -0.4774294940905999818 ) ) ;
#3421 = VERTEX_POINT ( 'NONE', #4584 ) ;
#3422 = CARTESIAN_POINT ( 'NONE',  ( -13.42499999999999893, -0.7500000000000000000, -3.600000000000000089 ) ) ;
#3423 = VECTOR ( 'NONE', #4909, 1000.000000000000000 ) ;
#3424 = ORIENTED_EDGE ( 'NONE', *, *, #4737, .F. ) ;
#3425 = CARTESIAN_POINT ( 'NONE',  ( -14.25000000000000000, 2.600000000000000089, 0.000000000000000000 ) ) ;
#3426 = DIRECTION ( 'NONE',  ( -1.000000000000000000, 0.000000000000000000, 0.000000000000000000 ) ) ;
#3427 = CARTESIAN_POINT ( 'NONE',  ( 3.892868140959185208, -1.190633895072002568, -0.4840295724877932138 ) ) ;
#3428 = DIRECTION ( 'NONE',  ( 0.000000000000000000, 0.000000000000000000, -1.000000000000000000 ) ) ;
#3429 = EDGE_CURVE ( 'NONE', #5075, #1557, #2482, .T. ) ;
#3430 = VERTEX_POINT ( 'NONE', #373 ) ;
#3431 = LINE ( 'NONE', #6298, #484 ) ;
#3432 = VECTOR ( 'NONE', #3402, 1000.000000000000114 ) ;
#3433 = EDGE_CURVE ( 'NONE', #8215, #8518, #9000, .T. ) ;
#3434 = VERTEX_POINT ( 'NONE', #1677 ) ;
#3435 = ORIENTED_EDGE ( 'NONE', *, *, #7912, .T. ) ;
#3436 = EDGE_CURVE ( 'NONE', #1004, #5133, #6698, .T. ) ;
#3437 = DIRECTION ( 'NONE',  ( -0.3251219746164809021, -0.05233595624293688880, -0.9442227752525448325 ) ) ;
#3438 = VERTEX_POINT ( 'NONE', #279 ) ;
#3439 = DIRECTION ( 'NONE',  ( 0.000000000000000000, 0.000000000000000000, 1.000000000000000000 ) ) ;
#3440 = DIRECTION ( 'NONE',  ( -0.7537660547584518200, 0.6571428571428579168, 0.000000000000000000 ) ) ;
#3441 = CARTESIAN_POINT ( 'NONE',  ( -10.25000000000000000, 6.349999999999999645, -0.5000000000000000000 ) ) ;
#3442 = VERTEX_POINT ( 'NONE', #419 ) ;
#3443 = CIRCLE ( 'NONE', #150, 0.4500000000000000111 ) ;
#3444 = DIRECTION ( 'NONE',  ( 0.000000000000000000, -1.000000000000000000, 1.740492656743000005E-14 ) ) ;
#3445 = VECTOR ( 'NONE', #6936, 1000.000000000000000 ) ;
#3446 = CARTESIAN_POINT ( 'NONE',  ( 3.967072128847487722, 1.188958739718872115, -0.6881871654836310137 ) ) ;
#3447 = EDGE_CURVE ( 'NONE', #669, #7597, #1073, .T. ) ;
#3448 = ORIENTED_EDGE ( 'NONE', *, *, #8949, .F. ) ;
#3449 = LINE ( 'NONE', #7977, #9269 ) ;
#3450 = VECTOR ( 'NONE', #2600, 1000.000000000000000 ) ;
#3451 = ADVANCED_FACE ( 'NONE', ( #233 ), #8903, .T. ) ;
#3452 = DIRECTION ( 'NONE',  ( 0.000000000000000000, 0.000000000000000000, 1.000000000000000000 ) ) ;
#3453 = ORIENTED_EDGE ( 'NONE', *, *, #2114, .F. ) ;
#3454 = CARTESIAN_POINT ( 'NONE',  ( -9.650000000000000355, 6.349999999999999645, -0.2500000000000000000 ) ) ;
#3455 = CARTESIAN_POINT ( 'NONE',  ( 14.25000000000000000, 3.500000000000000000, 0.000000000000000000 ) ) ;
#3456 = CARTESIAN_POINT ( 'NONE',  ( -10.52888579085999865, -2.000000000000000000, -4.000000000000000000 ) ) ;
#3457 = CARTESIAN_POINT ( 'NONE',  ( -12.77500000000000036, -1.550000000000000044, -1.100000000000000089 ) ) ;
#3458 = ORIENTED_EDGE ( 'NONE', *, *, #638, .T. ) ;
#3459 = ORIENTED_EDGE ( 'NONE', *, *, #8891, .F. ) ;
#3460 = CARTESIAN_POINT ( 'NONE',  ( 12.72499999999999964, -1.600000000000000089, 1.523975065412999985 ) ) ;
#3461 = AXIS2_PLACEMENT_3D ( 'NONE', #6353, #6400, #1981 ) ;
#3462 = EDGE_CURVE ( 'NONE', #6705, #8461, #8031, .T. ) ;
#3463 = DIRECTION ( 'NONE',  ( 0.000000000000000000, 0.000000000000000000, -1.000000000000000000 ) ) ;
#3464 = ORIENTED_EDGE ( 'NONE', *, *, #5391, .F. ) ;
#3465 = DIRECTION ( 'NONE',  ( 0.000000000000000000, 0.000000000000000000, -1.000000000000000000 ) ) ;
#3466 = CIRCLE ( 'NONE', #2404, 1.000000000000000000 ) ;
#3467 = DIRECTION ( 'NONE',  ( 0.000000000000000000, 0.000000000000000000, 1.000000000000000000 ) ) ;
#3468 = VERTEX_POINT ( 'NONE', #1025 ) ;
#3469 = CARTESIAN_POINT ( 'NONE',  ( -11.00000000000000000, -3.500000000000000000, -5.500000000000000000 ) ) ;
#3470 = VECTOR ( 'NONE', #7967, 1000.000000000000000 ) ;
#3471 = EDGE_LOOP ( 'NONE', ( #5000, #2960, #9113, #538 ) ) ;
#3472 = PLANE ( 'NONE',  #3384 ) ;
#3473 = LINE ( 'NONE', #4221, #170 ) ;
#3474 = ORIENTED_EDGE ( 'NONE', *, *, #8132, .T. ) ;
#3475 = AXIS2_PLACEMENT_3D ( 'NONE', #4630, #3322, #3364 ) ;
#3476 = PLANE ( 'NONE',  #8685 ) ;
#3477 = DIRECTION ( 'NONE',  ( -0.4226182617406808451, 0.000000000000000000, 0.9063077870366585964 ) ) ;
#3478 = DIRECTION ( 'NONE',  ( -1.000000000000000000, 0.000000000000000000, 0.000000000000000000 ) ) ;
#3479 = DIRECTION ( 'NONE',  ( 0.000000000000000000, 0.000000000000000000, -1.000000000000000000 ) ) ;
#3480 = EDGE_LOOP ( 'NONE', ( #8587, #7091, #9204, #6117 ) ) ;
#3481 = CARTESIAN_POINT ( 'NONE',  ( 3.946875856279999706, -1.390959697660999916, -0.6615096280118999417 ) ) ;
#3482 = ORIENTED_EDGE ( 'NONE', *, *, #4531, .T. ) ;
#3483 = ADVANCED_FACE ( 'NONE', ( #3790 ), #6654, .T. ) ;
#3484 = VERTEX_POINT ( 'NONE', #3079 ) ;
#3485 = LINE ( 'NONE', #6350, #3002 ) ;
#3486 = ORIENTED_EDGE ( 'NONE', *, *, #3494, .T. ) ;
#3487 = CYLINDRICAL_SURFACE ( 'NONE', #1799, 0.5000000000000004441 ) ;
#3488 = DIRECTION ( 'NONE',  ( 1.000000000000000000, 0.000000000000000000, 0.000000000000000000 ) ) ;
#3489 = LINE ( 'NONE', #7065, #4120 ) ;
#3490 = ORIENTED_EDGE ( 'NONE', *, *, #1875, .T. ) ;
#3491 = CARTESIAN_POINT ( 'NONE',  ( 3.908053257529999769, 1.501525257624999998, -0.6694208220583000024 ) ) ;
#3492 = DIRECTION ( 'NONE',  ( 0.000000000000000000, 0.000000000000000000, -1.000000000000000000 ) ) ;
#3493 = ORIENTED_EDGE ( 'NONE', *, *, #6100, .T. ) ;
#3494 = EDGE_CURVE ( 'NONE', #5350, #8518, #4434, .T. ) ;
#3495 = LINE ( 'NONE', #66, #3126 ) ;
#3496 = DIRECTION ( 'NONE',  ( 0.000000000000000000, 0.000000000000000000, -1.000000000000000000 ) ) ;
#3497 = VERTEX_POINT ( 'NONE', #7357 ) ;
#3498 = DIRECTION ( 'NONE',  ( -1.000000000000000000, 0.000000000000000000, 0.000000000000000000 ) ) ;
#3499 = PLANE ( 'NONE',  #6078 ) ;
#3500 = DIRECTION ( 'NONE',  ( -1.000000000000000000, 0.000000000000000000, 0.000000000000000000 ) ) ;
#3501 = DIRECTION ( 'NONE',  ( 0.000000000000000000, 0.000000000000000000, -1.000000000000000000 ) ) ;
#3502 = EDGE_CURVE ( 'NONE', #6700, #3586, #5947, .T. ) ;
#3503 = ORIENTED_EDGE ( 'NONE', *, *, #3324, .T. ) ;
#3504 = ORIENTED_EDGE ( 'NONE', *, *, #7480, .F. ) ;
#3505 = DIRECTION ( 'NONE',  ( 0.000000000000000000, 1.000000000000000000, 0.000000000000000000 ) ) ;
#3506 = EDGE_CURVE ( 'NONE', #4981, #5966, #6539, .T. ) ;
#3507 = CARTESIAN_POINT ( 'NONE',  ( 0.000000000000000000, 0.000000000000000000, -5.500000000000000000 ) ) ;
#3508 = ORIENTED_EDGE ( 'NONE', *, *, #5678, .F. ) ;
#3509 = CARTESIAN_POINT ( 'NONE',  ( 3.878474839888000236, 0.9194165683759000229, -0.6343490298142000494 ) ) ;
#3510 = DIRECTION ( 'NONE',  ( 0.000000000000000000, 0.000000000000000000, 1.000000000000000000 ) ) ;
#3511 = ORIENTED_EDGE ( 'NONE', *, *, #687, .T. ) ;
#3512 = CARTESIAN_POINT ( 'NONE',  ( -9.650000000000000355, 5.750000000000000000, -0.5000000000000000000 ) ) ;
#3513 = ADVANCED_FACE ( 'NONE', ( #6745 ), #2464, .F. ) ;
#3514 = ORIENTED_EDGE ( 'NONE', *, *, #1046, .T. ) ;
#3515 = DIRECTION ( 'NONE',  ( 0.000000000000000000, 1.000000000000000000, 0.000000000000000000 ) ) ;
#3516 = CARTESIAN_POINT ( 'NONE',  ( 9.271763586287001147, 4.129999999999999893, -4.000000000000000000 ) ) ;
#3517 = VERTEX_POINT ( 'NONE', #3178 ) ;
#3518 = CARTESIAN_POINT ( 'NONE',  ( -7.310160513561999807, -1.224574780638000071, -1.489933501968000007 ) ) ;
#3519 = CARTESIAN_POINT ( 'NONE',  ( 3.892738713663999928, -1.032548886273999988, -0.5969400532355999545 ) ) ;
#3520 = CARTESIAN_POINT ( 'NONE',  ( 4.291266850093000684, 1.750000000000000000, -1.306786416877000034 ) ) ;
#3521 = EDGE_LOOP ( 'NONE', ( #3090, #5609, #3459, #2451 ) ) ;
#3522 = AXIS2_PLACEMENT_3D ( 'NONE', #6493, #6448, #8606 ) ;
#3523 = AXIS2_PLACEMENT_3D ( 'NONE', #6204, #6057, #7464 ) ;
#3524 = CARTESIAN_POINT ( 'NONE',  ( 3.966242238967999878, -1.280523597354999987, -0.6478225492820000042 ) ) ;
#3525 = AXIS2_PLACEMENT_3D ( 'NONE', #3724, #1745, #5175 ) ;
#3526 = ORIENTED_EDGE ( 'NONE', *, *, #7816, .F. ) ;
#3527 = CARTESIAN_POINT ( 'NONE',  ( 7.179909470181000231, -6.669999999999999929, -0.4000000000000000222 ) ) ;
#3528 = AXIS2_PLACEMENT_3D ( 'NONE', #1254, #4106, #6977 ) ;
#3529 = EDGE_LOOP ( 'NONE', ( #5396, #3448, #5792, #8543 ) ) ;
#3530 = DIRECTION ( 'NONE',  ( 1.000000000000000000, 0.000000000000000000, 0.000000000000000000 ) ) ;
#3531 = CARTESIAN_POINT ( 'NONE',  ( -7.650725455797999786, -6.669999999999999929, -0.8000000000000000444 ) ) ;
#3532 = FACE_OUTER_BOUND ( 'NONE', #5173, .T. ) ;
#3533 = ORIENTED_EDGE ( 'NONE', *, *, #4815, .F. ) ;
#3534 = CARTESIAN_POINT ( 'NONE',  ( 3.883770492001000108, 0.9316063434303999413, -0.6442231197712000590 ) ) ;
#3535 = ADVANCED_FACE ( 'NONE', ( #6092 ), #6044, .T. ) ;
#3536 = CARTESIAN_POINT ( 'NONE',  ( -10.79215728752999937, -2.000000000000000000, -1.100000000000000089 ) ) ;
#3537 = AXIS2_PLACEMENT_3D ( 'NONE', #2549, #5423, #3398 ) ;
#3538 = ORIENTED_EDGE ( 'NONE', *, *, #238, .T. ) ;
#3539 = EDGE_CURVE ( 'NONE', #8275, #8938, #3980, .T. ) ;
#3540 = DIRECTION ( 'NONE',  ( -0.5591929034707241453, -5.703739320105151994E-15, -0.8290375725550571673 ) ) ;
#3541 = ORIENTED_EDGE ( 'NONE', *, *, #3596, .F. ) ;
#3542 = CARTESIAN_POINT ( 'NONE',  ( -11.57500000000000107, -2.600000000000000089, 1.523975065412999985 ) ) ;
#3543 = DIRECTION ( 'NONE',  ( 0.000000000000000000, 0.000000000000000000, -1.000000000000000000 ) ) ;
#3544 = DIRECTION ( 'NONE',  ( 0.000000000000000000, 0.000000000000000000, -1.000000000000000000 ) ) ;
#3545 = DIRECTION ( 'NONE',  ( 0.000000000000000000, -1.000000000000000000, 0.000000000000000000 ) ) ;
#3546 = EDGE_CURVE ( 'NONE', #6957, #927, #9239, .T. ) ;
#3547 = ORIENTED_EDGE ( 'NONE', *, *, #6370, .F. ) ;
#3548 = VERTEX_POINT ( 'NONE', #2705 ) ;
#3549 = FACE_OUTER_BOUND ( 'NONE', #512, .T. ) ;
#3550 = DIRECTION ( 'NONE',  ( -0.9063077870366588185, 0.000000000000000000, 0.4226182617406802899 ) ) ;
#3551 = EDGE_CURVE ( 'NONE', #5119, #6164, #4893, .T. ) ;
#3552 = ORIENTED_EDGE ( 'NONE', *, *, #4877, .F. ) ;
#3553 = CARTESIAN_POINT ( 'NONE',  ( 5.000000000000000000, -4.129999999999999893, -5.500000000000000000 ) ) ;
#3554 = FACE_OUTER_BOUND ( 'NONE', #5005, .T. ) ;
#3555 = VECTOR ( 'NONE', #1553, 1000.000000000000000 ) ;
#3556 = ADVANCED_FACE ( 'NONE', ( #4066 ), #9187, .F. ) ;
#3557 = EDGE_LOOP ( 'NONE', ( #2383, #1335, #2679, #427 ) ) ;
#3558 = CARTESIAN_POINT ( 'NONE',  ( 7.598039597647000321, 6.669999999999999929, -0.04538607021757999627 ) ) ;
#3559 = ORIENTED_EDGE ( 'NONE', *, *, #3875, .T. ) ;
#3560 = CARTESIAN_POINT ( 'NONE',  ( -7.314699584902998097, 1.076965417088999954, -1.503115922329999687 ) ) ;
#3561 = CARTESIAN_POINT ( 'NONE',  ( -7.060046313140998286, -1.140826018599000236, -1.554468452712999493 ) ) ;
#3562 = EDGE_CURVE ( 'NONE', #4111, #7088, #8389, .T. ) ;
#3563 = VERTEX_POINT ( 'NONE', #2755 ) ;
#3564 = LINE ( 'NONE', #4977, #8539 ) ;
#3565 = ADVANCED_FACE ( 'NONE', ( #660 ), #4914, .F. ) ;
#3566 = CIRCLE ( 'NONE', #2814, 0.2500000000000002220 ) ;
#3567 = CARTESIAN_POINT ( 'NONE',  ( -9.350000000000001421, 6.649999999999999467, -0.2500000000000000000 ) ) ;
#3568 = DIRECTION ( 'NONE',  ( -1.000000000000000000, 0.000000000000000000, 0.000000000000000000 ) ) ;
#3569 = EDGE_CURVE ( 'NONE', #7061, #5869, #2036, .T. ) ;
#3570 = ORIENTED_EDGE ( 'NONE', *, *, #6270, .F. ) ;
#3571 = CARTESIAN_POINT ( 'NONE',  ( 3.884712481772000015, -1.255458500005000033, -0.4735030342530999747 ) ) ;
#3572 = VERTEX_POINT ( 'NONE', #1210 ) ;
#3573 = DIRECTION ( 'NONE',  ( 0.000000000000000000, -1.000000000000000000, 0.000000000000000000 ) ) ;
#3574 = EDGE_LOOP ( 'NONE', ( #1864, #1880, #3996, #1119, #7365, #1562 ) ) ;
#3575 = LINE ( 'NONE', #1463, #3555 ) ;
#3576 = DIRECTION ( 'NONE',  ( 0.000000000000000000, 0.000000000000000000, 1.000000000000000000 ) ) ;
#3577 = DIRECTION ( 'NONE',  ( -0.000000000000000000, 1.000000000000000000, 0.000000000000000000 ) ) ;
#3578 = DIRECTION ( 'NONE',  ( 0.000000000000000000, -1.000000000000000000, 0.000000000000000000 ) ) ;
#3579 = EDGE_LOOP ( 'NONE', ( #4916, #902, #4400 ) ) ;
#3580 = CARTESIAN_POINT ( 'NONE',  ( 3.881211659373000167, 1.488733185250000091, -0.5897104284709000499 ) ) ;
#3581 = CARTESIAN_POINT ( 'NONE',  ( 11.52500000000000036, -1.550000000000000044, -1.100000000000000089 ) ) ;
#3582 = VECTOR ( 'NONE', #1293, 1000.000000000000000 ) ;
#3583 = VERTEX_POINT ( 'NONE', #1952 ) ;
#3584 = CARTESIAN_POINT ( 'NONE',  ( 3.871140306390001840, -0.9524829092183001444, -0.6312421745659003713 ) ) ;
#3585 = VECTOR ( 'NONE', #332, 1000.000000000000000 ) ;
#3586 = VERTEX_POINT ( 'NONE', #1351 ) ;
#3587 = CYLINDRICAL_SURFACE ( 'NONE', #8414, 0.2500000000000002220 ) ;
#3588 = AXIS2_PLACEMENT_3D ( 'NONE', #2690, #2256, #7894 ) ;
#3589 = PLANE ( 'NONE',  #1431 ) ;
#3590 = LINE ( 'NONE', #5047, #3714 ) ;
#3591 = CARTESIAN_POINT ( 'NONE',  ( -7.212490067225000523, 0.6991495612755999067, -1.206277929287999928 ) ) ;
#3592 = ORIENTED_EDGE ( 'NONE', *, *, #6422, .T. ) ;
#3593 = DIRECTION ( 'NONE',  ( -0.8090169943749183634, 0.000000000000000000, -0.5877852522925132162 ) ) ;
#3594 = B_SPLINE_CURVE_WITH_KNOTS ( 'NONE', 3,
 ( #4045, #498, #1144, #3347, #6214, #3531 ),
 .UNSPECIFIED., .F., .F.,
 ( 4, 1, 1, 4 ),
 ( 0.000000000000000000, 0.3333333333333000081, 0.6666666666667000474, 1.000000000000000000 ),
 .UNSPECIFIED. ) ;
#3595 = VECTOR ( 'NONE', #6023, 1000.000000000000000 ) ;
#3596 = EDGE_CURVE ( 'NONE', #8508, #4964, #6232, .T. ) ;
#3597 = AXIS2_PLACEMENT_3D ( 'NONE', #4995, #4282, #36 ) ;
#3598 = CARTESIAN_POINT ( 'NONE',  ( -7.650725455797999786, -6.669999999999999929, -0.8000000000000000444 ) ) ;
#3599 = EDGE_CURVE ( 'NONE', #9083, #4379, #5439, .T. ) ;
#3600 = CARTESIAN_POINT ( 'NONE',  ( 3.893589083621000313, 1.133806666152999965, -0.4974342214689000397 ) ) ;
#3601 = DIRECTION ( 'NONE',  ( -0.8314794192830787800, 0.000000000000000000, 0.5555555555555843350 ) ) ;
#3602 = VECTOR ( 'NONE', #7062, 1000.000000000000000 ) ;
#3603 = ORIENTED_EDGE ( 'NONE', *, *, #6019, .F. ) ;
#3604 = DIRECTION ( 'NONE',  ( 0.000000000000000000, -1.000000000000000000, 0.000000000000000000 ) ) ;
#3605 = ORIENTED_EDGE ( 'NONE', *, *, #404, .F. ) ;
#3606 = CARTESIAN_POINT ( 'NONE',  ( 9.014631941823999739, -4.129999999999999893, -0.2678610390391000240 ) ) ;
#3607 = EDGE_CURVE ( 'NONE', #4161, #3352, #5483, .T. ) ;
#3608 = VECTOR ( 'NONE', #3609, 1000.000000000000000 ) ;
#3609 = DIRECTION ( 'NONE',  ( 0.000000000000000000, 0.000000000000000000, -1.000000000000000000 ) ) ;
#3610 = EDGE_LOOP ( 'NONE', ( #3691, #2956, #81, #3147 ) ) ;
#3611 = ADVANCED_FACE ( 'NONE', ( #611 ), #7683, .F. ) ;
#3613 = AXIS2_PLACEMENT_3D ( 'NONE', #2178, #3593, #6463 ) ;
#3612 = CARTESIAN_POINT ( 'NONE',  ( 11.57500000000000107, -2.600000000000000089, -1.100000000000000089 ) ) ;
#3614 = AXIS2_PLACEMENT_3D ( 'NONE', #6910, #8411, #1975 ) ;
#3615 = DIRECTION ( 'NONE',  ( 0.000000000000000000, 0.000000000000000000, 1.000000000000000000 ) ) ;
#3616 = VERTEX_POINT ( 'NONE', #1162 ) ;
#3617 = VECTOR ( 'NONE', #7913, 1000.000000000000000 ) ;
#3618 = ADVANCED_FACE ( 'NONE', ( #4015 ), #9095, .F. ) ;
#3619 = CARTESIAN_POINT ( 'NONE',  ( -0.2491314716374000149, 6.883052867344999548, -4.200000000000000178 ) ) ;
#3620 = EDGE_CURVE ( 'NONE', #3616, #5221, #3319, .T. ) ;
#3621 = ORIENTED_EDGE ( 'NONE', *, *, #3429, .T. ) ;
#3622 = VECTOR ( 'NONE', #3498, 1000.000000000000000 ) ;
#3623 = DIRECTION ( 'NONE',  ( -0.5877852522925136602, 0.000000000000000000, 0.8090169943749179193 ) ) ;
#3624 = EDGE_CURVE ( 'NONE', #8309, #2050, #4771, .T. ) ;
#3625 = ORIENTED_EDGE ( 'NONE', *, *, #5167, .F. ) ;
#3626 = LINE ( 'NONE', #8602, #6550 ) ;
#3627 = CARTESIAN_POINT ( 'NONE',  ( -7.993682753327758128, 0.6925511501783951918, -1.070451642701829131 ) ) ;
#3628 = DIRECTION ( 'NONE',  ( 0.000000000000000000, 0.000000000000000000, -1.000000000000000000 ) ) ;
#3629 = CARTESIAN_POINT ( 'NONE',  ( -6.785934038804433577, 1.122596022019127115, -1.564677084726170619 ) ) ;
#3630 = EDGE_LOOP ( 'NONE', ( #3547, #2850, #2656, #8008 ) ) ;
#3631 = CARTESIAN_POINT ( 'NONE',  ( 3.881066472251999855, 1.020051467500000086, -0.5895129504358000982 ) ) ;
#3632 = ADVANCED_FACE ( 'NONE', ( #7727 ), #613, .F. ) ;
#3633 = DIRECTION ( 'NONE',  ( 0.000000000000000000, -1.000000000000000000, 0.000000000000000000 ) ) ;
#3634 = EDGE_CURVE ( 'NONE', #5495, #7811, #565, .T. ) ;
#3635 = EDGE_LOOP ( 'NONE', ( #3987, #5171, #604, #587, #1414, #4902 ) ) ;
#3636 = CARTESIAN_POINT ( 'NONE',  ( 3.964725773369002670, 0.8432057568810999992, -0.6280112138909000885 ) ) ;
#3637 = ORIENTED_EDGE ( 'NONE', *, *, #1533, .F. ) ;
#3638 = LINE ( 'NONE', #2171, #1971 ) ;
#3639 = FACE_OUTER_BOUND ( 'NONE', #5626, .T. ) ;
#3640 = DIRECTION ( 'NONE',  ( -0.3255681544572004427, 0.000000000000000000, -0.9455185755993018581 ) ) ;
#3641 = DIRECTION ( 'NONE',  ( -1.000000000000000000, 0.000000000000000000, 0.000000000000000000 ) ) ;
#3642 = DIRECTION ( 'NONE',  ( 0.000000000000000000, 1.000000000000000000, 0.000000000000000000 ) ) ;
#3643 = DIRECTION ( 'NONE',  ( 0.000000000000000000, 1.000000000000000000, 0.000000000000000000 ) ) ;
#3644 = DIRECTION ( 'NONE',  ( 0.000000000000000000, 1.000000000000000000, 0.000000000000000000 ) ) ;
#3645 = CARTESIAN_POINT ( 'NONE',  ( 0.000000000000000000, 6.500000000000000000, -4.200000000000000178 ) ) ;
#3646 = CARTESIAN_POINT ( 'NONE',  ( -7.446693922037005642, 1.176612495988000218, -1.457666627255999270 ) ) ;
#3647 = CARTESIAN_POINT ( 'NONE',  ( -0.2491314716374000149, 6.203565687858000111, -4.200000000000000178 ) ) ;
#3648 = ORIENTED_EDGE ( 'NONE', *, *, #9022, .F. ) ;
#3649 = LINE ( 'NONE', #6513, #8641 ) ;
#3650 = ORIENTED_EDGE ( 'NONE', *, *, #5743, .T. ) ;
#3651 = DIRECTION ( 'NONE',  ( -3.324545602354999830E-14, -1.000000000000000000, -2.285625101619000023E-14 ) ) ;
#3652 = DIRECTION ( 'NONE',  ( 0.9455185755993017471, 0.000000000000000000, -0.3255681544572004427 ) ) ;
#3653 = ORIENTED_EDGE ( 'NONE', *, *, #6489, .F. ) ;
#3654 = EDGE_CURVE ( 'NONE', #6079, #1407, #4158, .T. ) ;
#3655 = CARTESIAN_POINT ( 'NONE',  ( 3.851599862105000049, -1.524392326043999990, -0.5568114688697000103 ) ) ;
#3656 = ORIENTED_EDGE ( 'NONE', *, *, #9229, .F. ) ;
#3657 = DIRECTION ( 'NONE',  ( -0.3255681544572004427, 0.000000000000000000, -0.9455185755993018581 ) ) ;
#3658 = ADVANCED_FACE ( 'NONE', ( #1399 ), #9227, .F. ) ;
#3659 = LINE ( 'NONE', #773, #9159 ) ;
#3660 = PLANE ( 'NONE',  #5686 ) ;
#3661 = DIRECTION ( 'NONE',  ( 0.9068615986927948125, 0.4214285714285972984, 0.000000000000000000 ) ) ;
#3662 = CARTESIAN_POINT ( 'NONE',  ( 3.888048357070000183, 1.230992269934999994, -0.4773956841072000135 ) ) ;
#3663 = CARTESIAN_POINT ( 'NONE',  ( -13.34916573867999823, -2.000000000000000000, -1.100000000000000089 ) ) ;
#3664 = EDGE_CURVE ( 'NONE', #6186, #2197, #6140, .T. ) ;
#3665 = VECTOR ( 'NONE', #6767, 1000.000000000000000 ) ;
#3666 = CARTESIAN_POINT ( 'NONE',  ( -7.184055952936136968, 0.6886680054186380406, -1.427592716234402648 ) ) ;
#3667 = ORIENTED_EDGE ( 'NONE', *, *, #3197, .F. ) ;
#3668 = CARTESIAN_POINT ( 'NONE',  ( -14.25000000000000000, 2.600000000000000089, 0.000000000000000000 ) ) ;
#3669 = FACE_BOUND ( 'NONE', #6912, .T. ) ;
#3670 = AXIS2_PLACEMENT_3D ( 'NONE', #4765, #3357, #6881 ) ;
#3671 = EDGE_LOOP ( 'NONE', ( #4854, #181, #9129, #2302, #5459, #5540, #4758, #3972, #2155 ) ) ;
#3672 = VECTOR ( 'NONE', #5436, 1000.000000000000000 ) ;
#3673 = VECTOR ( 'NONE', #3868, 1000.000000000000000 ) ;
#3674 = ADVANCED_FACE ( 'NONE', ( #2219 ), #5763, .F. ) ;
#3675 = CARTESIAN_POINT ( 'NONE',  ( 3.860489838736998802, 1.288717742593000759, -0.4401334671809003507 ) ) ;
#3676 = VERTEX_POINT ( 'NONE', #131 ) ;
#3677 = CARTESIAN_POINT ( 'NONE',  ( 0.2877275027216000258, 6.408693892986000229, -4.200000000000000178 ) ) ;
#3678 = EDGE_CURVE ( 'NONE', #7356, #1790, #4338, .T. ) ;
#3679 = FACE_BOUND ( 'NONE', #8458, .T. ) ;
#3680 = CARTESIAN_POINT ( 'NONE',  ( 12.22499999999999964, -2.000000000000000000, -3.350000000000000089 ) ) ;
#3681 = CARTESIAN_POINT ( 'NONE',  ( -15.84999999999999964, 1.750000000000000000, -5.500000000000000000 ) ) ;
#3682 = VECTOR ( 'NONE', #891, 1000.000000000000000 ) ;
#3683 = CARTESIAN_POINT ( 'NONE',  ( -7.569370537827000867, 1.224574780638000071, -1.294918264854000078 ) ) ;
#3684 = UNCERTAINTY_MEASURE_WITH_UNIT (LENGTH_MEASURE( 1.000000000000000082E-05 ), #4754, 'distance_accuracy_value', 'NONE');
#3685 = LINE ( 'NONE', #4341, #5246 ) ;
#3686 = CARTESIAN_POINT ( 'NONE',  ( 7.650725455797999786, 6.669999999999999929, -0.8000000000000000444 ) ) ;
#3687 = VECTOR ( 'NONE', #5189, 1000.000000000000000 ) ;
#3688 = FACE_OUTER_BOUND ( 'NONE', #7131, .T. ) ;
#3689 = CARTESIAN_POINT ( 'NONE',  ( -7.105026660317002474, 1.471080675627998824, -1.464279097598001789 ) ) ;
#3690 = CARTESIAN_POINT ( 'NONE',  ( -9.599999999999999645, -8.000000000000000000, -5.500000000000000000 ) ) ;
#3691 = ORIENTED_EDGE ( 'NONE', *, *, #288, .T. ) ;
#3692 = DIRECTION ( 'NONE',  ( -0.4226182617406838427, 0.000000000000000000, 0.9063077870366573752 ) ) ;
#3693 = LINE ( 'NONE', #4544, #2717 ) ;
#3694 = ORIENTED_EDGE ( 'NONE', *, *, #3794, .F. ) ;
#3695 = VECTOR ( 'NONE', #6182, 1000.000000000000000 ) ;
#3696 = DIRECTION ( 'NONE',  ( -3.469446951953614189E-14, 0.000000000000000000, 1.000000000000000000 ) ) ;
#3697 = CARTESIAN_POINT ( 'NONE',  ( -7.290626424294999630, -1.224574780638000071, -1.433202387431999902 ) ) ;
#3698 = ORIENTED_EDGE ( 'NONE', *, *, #8177, .F. ) ;
#3699 = AXIS2_PLACEMENT_3D ( 'NONE', #898, #3615, #6482 ) ;
#3700 = CARTESIAN_POINT ( 'NONE',  ( 3.861309073726999941, -1.006086873107999935, -0.5452785839525000622 ) ) ;
#3701 = ORIENTED_EDGE ( 'NONE', *, *, #6872, .T. ) ;
#3702 = CYLINDRICAL_SURFACE ( 'NONE', #5222, 2.100000000000000089 ) ;
#3703 = CIRCLE ( 'NONE', #8517, 0.4799999999999999822 ) ;
#3704 = ADVANCED_FACE ( 'NONE', ( #5051 ), #7123, .T. ) ;
#3705 = CARTESIAN_POINT ( 'NONE',  ( 9.500000000000000000, -6.500000000000000000, -0.2500000000000000000 ) ) ;
#3706 = LINE ( 'NONE', #110, #2832 ) ;
#3707 = CARTESIAN_POINT ( 'NONE',  ( 3.878474839888000236, 1.750000000000000000, -0.6343490298142000494 ) ) ;
#3708 = CARTESIAN_POINT ( 'NONE',  ( 8.321865051926907952, -0.4093856838475683491, -4.000000000000000000 ) ) ;
#3709 = CARTESIAN_POINT ( 'NONE',  ( 8.592816210701970547, 0.2529447477697102098, -4.000000000000000000 ) ) ;
#3710 = CARTESIAN_POINT ( 'NONE',  ( 9.811345473480999502, -2.600000000000000089, 0.000000000000000000 ) ) ;
#3711 = EDGE_LOOP ( 'NONE', ( #5088, #7704, #3051, #6777 ) ) ;
#3712 = CARTESIAN_POINT ( 'NONE',  ( 5.000000000000000000, 5.400000000000000355, -5.500000000000000000 ) ) ;
#3713 = PLANE ( 'NONE',  #8988 ) ;
#3714 = VECTOR ( 'NONE', #1347, 1000.000000000000000 ) ;
#3715 = EDGE_CURVE ( 'NONE', #7738, #59, #8708, .T. ) ;
#3716 = CIRCLE ( 'NONE', #2515, 0.2500000000000000000 ) ;
#3717 = ORIENTED_EDGE ( 'NONE', *, *, #2528, .F. ) ;
#3718 = ADVANCED_FACE ( 'NONE', ( #3549 ), #86, .T. ) ;
#3719 = VERTEX_POINT ( 'NONE', #8580 ) ;
#3720 = ADVANCED_FACE ( 'NONE', ( #2937 ), #7167, .F. ) ;
#3721 = DIRECTION ( 'NONE',  ( -0.5591929034707342483, 0.000000000000000000, -0.8290375725550502839 ) ) ;
#3722 = ORIENTED_EDGE ( 'NONE', *, *, #5506, .T. ) ;
#3723 = LINE ( 'NONE', #8794, #3912 ) ;
#3724 = CARTESIAN_POINT ( 'NONE',  ( -9.347891700981998397, 0.5000000000000000000, -4.489958769831999597 ) ) ;
#3725 = CARTESIAN_POINT ( 'NONE',  ( 9.350000000000001421, -7.250000000000000000, -0.2500000000000000000 ) ) ;
#3726 = VECTOR ( 'NONE', #3287, 1000.000000000000000 ) ;
#3727 = DIRECTION ( 'NONE',  ( 1.000000000000000000, 0.000000000000000000, 0.000000000000000000 ) ) ;
#3728 = CARTESIAN_POINT ( 'NONE',  ( -8.273516791272999882, 0.6729456716339999867, -1.369747470354000018 ) ) ;
#3729 = ADVANCED_FACE ( 'NONE', ( #5805 ), #5007, .F. ) ;
#3730 = ORIENTED_EDGE ( 'NONE', *, *, #3363, .T. ) ;
#3731 = ADVANCED_FACE ( 'NONE', ( #7254 ), #8666, .T. ) ;
#3733 = CARTESIAN_POINT ( 'NONE',  ( -12.22499999999999964, -2.000000000000000000, -3.350000000000000089 ) ) ;
#3732 = VECTOR ( 'NONE', #1917, 1000.000000000000000 ) ;
#3734 = LINE ( 'NONE', #8045, #2989 ) ;
#3735 = CARTESIAN_POINT ( 'NONE',  ( -13.22500000000000142, -2.000000000000000000, -3.350000000000000089 ) ) ;
#3736 = CARTESIAN_POINT ( 'NONE',  ( 3.519872454889827029, 0.7823439901994809764, -0.4810355138048749701 ) ) ;
#3737 = CARTESIAN_POINT ( 'NONE',  ( -5.000000000000000000, -4.129999999999999893, -4.000000000000000000 ) ) ;
#3738 = CARTESIAN_POINT ( 'NONE',  ( 3.946094479686594880, -1.401414484293498575, -0.6646507952591201862 ) ) ;
#3739 = DIRECTION ( 'NONE',  ( 0.9063077870366587074, 0.000000000000000000, 0.4226182617406808451 ) ) ;
#3740 = VERTEX_POINT ( 'NONE', #3683 ) ;
#3741 = CARTESIAN_POINT ( 'NONE',  ( 12.94571384956000060, 0.2500000000000000000, -3.740221586259000031 ) ) ;
#3742 = VECTOR ( 'NONE', #2941, 1000.000000000000114 ) ;
#3743 = EDGE_CURVE ( 'NONE', #1004, #3926, #9268, .T. ) ;
#3744 = AXIS2_PLACEMENT_3D ( 'NONE', #3010, #2487, #348 ) ;
#3745 = CARTESIAN_POINT ( 'NONE',  ( -13.42499999999999893, -1.750000000000000000, -5.250000000000000000 ) ) ;
#3746 = ORIENTED_EDGE ( 'NONE', *, *, #6569, .F. ) ;
#3747 = ADVANCED_FACE ( 'NONE', ( #1441 ), #747, .F. ) ;
#3748 = CARTESIAN_POINT ( 'NONE',  ( -12.72499999999999964, -2.600000000000000089, -1.100000000000000089 ) ) ;
#3749 = AXIS2_PLACEMENT_3D ( 'NONE', #1473, #1294, #5659 ) ;
#3750 = CARTESIAN_POINT ( 'NONE',  ( 14.25000000000000000, -3.500000000000000000, -5.500000000000000000 ) ) ;
#3751 = ORIENTED_EDGE ( 'NONE', *, *, #5085, .T. ) ;
#3752 = CARTESIAN_POINT ( 'NONE',  ( 3.872872633324000002, -1.044118021492000059, -0.5222074916194000549 ) ) ;
#3753 = AXIS2_PLACEMENT_3D ( 'NONE', #8318, #1056, #1100 ) ;
#3754 = ORIENTED_EDGE ( 'NONE', *, *, #7296, .F. ) ;
#3755 = DIRECTION ( 'NONE',  ( 1.000000000000000000, 0.000000000000000000, 0.000000000000000000 ) ) ;
#3756 = LINE ( 'NONE', #68, #5413 ) ;
#3757 = AXIS2_PLACEMENT_3D ( 'NONE', #4435, #5283, #3783 ) ;
#3758 = LINE ( 'NONE', #6574, #2977 ) ;
#3759 = CARTESIAN_POINT ( 'NONE',  ( -13.42499999999999893, -1.000000000000000000, -4.500000000000000000 ) ) ;
#3760 = FACE_OUTER_BOUND ( 'NONE', #3143, .T. ) ;
#3761 = DIRECTION ( 'NONE',  ( 0.000000000000000000, 1.000000000000000000, 0.000000000000000000 ) ) ;
#3762 = ORIENTED_EDGE ( 'NONE', *, *, #977, .T. ) ;
#3763 = LINE ( 'NONE', #1600, #3977 ) ;
#3764 = VECTOR ( 'NONE', #1625, 1000.000000000000000 ) ;
#3765 = CYLINDRICAL_SURFACE ( 'NONE', #5706, 10.14999999999999858 ) ;
#3766 = ADVANCED_FACE ( 'NONE', ( #48 ), #7906, .T. ) ;
#3767 = CIRCLE ( 'NONE', #2113, 0.4200000000000000955 ) ;
#3768 = ORIENTED_EDGE ( 'NONE', *, *, #5344, .T. ) ;
#3769 = ORIENTED_EDGE ( 'NONE', *, *, #2004, .T. ) ;
#3770 = CARTESIAN_POINT ( 'NONE',  ( 3.889537737936000994, -1.016904295633999977, -0.6307557814840994981 ) ) ;
#3771 = VERTEX_POINT ( 'NONE', #5095 ) ;
#3772 = PLANE ( 'NONE',  #6764 ) ;
#3773 = CARTESIAN_POINT ( 'NONE',  ( -9.271763586287001147, 4.129999999999999893, -4.000000000000000000 ) ) ;
#3774 = ORIENTED_EDGE ( 'NONE', *, *, #8678, .F. ) ;
#3775 = LINE ( 'NONE', #6638, #280 ) ;
#3776 = LINE ( 'NONE', #3162, #991 ) ;
#3777 = CARTESIAN_POINT ( 'NONE',  ( 3.974929531987999809, -1.469960156289999986, -0.7613526591268000576 ) ) ;
#3778 = ADVANCED_FACE ( 'NONE', ( #1530 ), #9079, .F. ) ;
#3779 = ORIENTED_EDGE ( 'NONE', *, *, #8132, .F. ) ;
#3780 = CARTESIAN_POINT ( 'NONE',  ( 13.22500000000000142, 1.000000000000000000, -3.600000000000000089 ) ) ;
#3781 = DIRECTION ( 'NONE',  ( 1.000000000000000000, 0.000000000000000000, 0.000000000000000000 ) ) ;
#3782 = EDGE_CURVE ( 'NONE', #1182, #3412, #4033, .T. ) ;
#3783 = DIRECTION ( 'NONE',  ( 1.000000000000000000, 0.000000000000000000, 0.000000000000000000 ) ) ;
#3784 = CARTESIAN_POINT ( 'NONE',  ( -0.2491314716374000149, 6.883052867344999548, -4.200000000000000178 ) ) ;
#3785 = CARTESIAN_POINT ( 'NONE',  ( -12.72499999999999964, 0.5000000000000000000, -4.450000000000000178 ) ) ;
#3786 = CARTESIAN_POINT ( 'NONE',  ( 3.972763058393326663, -1.254068364791647516, -0.6941019095700768915 ) ) ;
#3787 = CARTESIAN_POINT ( 'NONE',  ( -13.34916573867999823, -2.500000000000000000, -1.100000000000000089 ) ) ;
#3788 = EDGE_CURVE ( 'NONE', #7777, #2907, #2307, .T. ) ;
#3789 = ORIENTED_EDGE ( 'NONE', *, *, #1533, .T. ) ;
#3790 = FACE_OUTER_BOUND ( 'NONE', #6499, .T. ) ;
#3791 = DIRECTION ( 'NONE',  ( -1.387778780781444413E-14, 0.000000000000000000, -1.000000000000000000 ) ) ;
#3792 = EDGE_LOOP ( 'NONE', ( #38, #56, #9052, #6887 ) ) ;
#3793 = CARTESIAN_POINT ( 'NONE',  ( 3.886296872444999995, 1.267599306033999840, -0.4751684461073000243 ) ) ;
#3794 = EDGE_CURVE ( 'NONE', #1602, #7016, #2863, .T. ) ;
#3795 = CARTESIAN_POINT ( 'NONE',  ( -9.350000000000001421, 5.750000000000000000, -0.2500000000000000000 ) ) ;
#3796 = ORIENTED_EDGE ( 'NONE', *, *, #6252, .F. ) ;
#3797 = B_SPLINE_CURVE_WITH_KNOTS ( 'NONE', 3,
 ( #9249, #4894, #4986, #2821, #7804, #5649, #7705, #1379, #4231, #8462, #7104, #4089, #541, #2681, #728 ),
 .UNSPECIFIED., .F., .F.,
 ( 4, 1, 2, 2, 2, 2, 2, 4 ),
 ( 0.000000000000000000, 0.1249999999999998612, 0.1874999999999992784, 0.2499999999999986677, 0.4999999999999973355, 0.6249999999999967804, 0.7499999999999962252, 1.000000000000000000 ),
 .UNSPECIFIED. ) ;
#3798 = CARTESIAN_POINT ( 'NONE',  ( 3.908160001746999956, -1.145943376199000108, -0.5156221386561999909 ) ) ;
#3799 = ORIENTED_EDGE ( 'NONE', *, *, #1775, .T. ) ;
#3800 = CARTESIAN_POINT ( 'NONE',  ( 3.894707640993002151, 1.466623417217000513, -0.5816469415314997615 ) ) ;
#3801 = FACE_OUTER_BOUND ( 'NONE', #6154, .T. ) ;
#3802 = CARTESIAN_POINT ( 'NONE',  ( 13.02132084152999880, -0.2500000000000000000, -3.429120987151999866 ) ) ;
#3803 = CARTESIAN_POINT ( 'NONE',  ( -12.22499999999999964, -2.000000000000000000, -5.500000000000000000 ) ) ;
#3804 = CARTESIAN_POINT ( 'NONE',  ( -6.741410115145053616, -1.051542907591041187, -1.368173522032072986 ) ) ;
#3805 = ORIENTED_EDGE ( 'NONE', *, *, #5692, .F. ) ;
#3806 = DIRECTION ( 'NONE',  ( 0.9063077870366587074, 0.000000000000000000, 0.4226182617406808451 ) ) ;
#3807 = PLANE ( 'NONE',  #3744 ) ;
#3808 = ORIENTED_EDGE ( 'NONE', *, *, #3502, .F. ) ;
#3809 = ORIENTED_EDGE ( 'NONE', *, *, #4002, .F. ) ;
#3810 = CARTESIAN_POINT ( 'NONE',  ( 3.885199379198299940, -1.004093628427996654, -0.6242813951013239659 ) ) ;
#3811 = ORIENTED_EDGE ( 'NONE', *, *, #2809, .T. ) ;
#3812 = CARTESIAN_POINT ( 'NONE',  ( 11.52500000000000036, -2.500000000000000000, -1.100000000000000089 ) ) ;
#3813 = CARTESIAN_POINT ( 'NONE',  ( 8.233871412147999891, -0.4241200672368000135, -3.966106772525000324 ) ) ;
#3814 = ORIENTED_EDGE ( 'NONE', *, *, #2991, .F. ) ;
#3815 = CARTESIAN_POINT ( 'NONE',  ( -9.650000000000000355, 6.649999999999999467, -0.2500000000000000000 ) ) ;
#3816 = CYLINDRICAL_SURFACE ( 'NONE', #2176, 10.14999999999999858 ) ;
#3817 = CARTESIAN_POINT ( 'NONE',  ( 3.945820024388999592, -1.111202060647999978, -0.6449384980169000636 ) ) ;
#3818 = AXIS2_PLACEMENT_3D ( 'NONE', #7810, #822, #5035 ) ;
#3819 = VECTOR ( 'NONE', #4265, 1000.000000000000000 ) ;
#3820 = VECTOR ( 'NONE', #6727, 1000.000000000000000 ) ;
#3821 = ORIENTED_EDGE ( 'NONE', *, *, #4808, .T. ) ;
#3822 = CARTESIAN_POINT ( 'NONE',  ( 13.42499999999999893, -2.500000000000000000, -1.350000000000000089 ) ) ;
#3823 = LINE ( 'NONE', #2223, #3742 ) ;
#3824 = LINE ( 'NONE', #8046, #4819 ) ;
#3825 = ADVANCED_FACE ( 'NONE', ( #6784 ), #4568, .F. ) ;
#3826 = DIRECTION ( 'NONE',  ( 0.3255681544572004427, 0.000000000000000000, 0.9455185755993018581 ) ) ;
#3827 = DIRECTION ( 'NONE',  ( 1.000000000000000000, 0.000000000000000000, 0.000000000000000000 ) ) ;
#3828 = DIRECTION ( 'NONE',  ( 0.000000000000000000, 0.000000000000000000, -1.000000000000000000 ) ) ;
#3829 = PLANE ( 'NONE',  #542 ) ;
#3830 = ORIENTED_EDGE ( 'NONE', *, *, #4870, .F. ) ;
#3831 = CARTESIAN_POINT ( 'NONE',  ( -0.1465673690733000079, 6.408693892986000229, -4.299999999999999822 ) ) ;
#3832 = EDGE_CURVE ( 'NONE', #4550, #8216, #4052, .T. ) ;
#3833 = LINE ( 'NONE', #6561, #928 ) ;
#3834 = CIRCLE ( 'NONE', #6835, 0.3000000000000008771 ) ;
#3835 = ORIENTED_EDGE ( 'NONE', *, *, #6373, .T. ) ;
#3836 = EDGE_CURVE ( 'NONE', #6219, #5773, #2449, .T. ) ;
#3837 = CARTESIAN_POINT ( 'NONE',  ( 12.22499999999999964, 2.000000000000000000, -3.350000000000000089 ) ) ;
#3838 = DIRECTION ( 'NONE',  ( 0.000000000000000000, -1.000000000000000000, 0.000000000000000000 ) ) ;
#3839 = ORIENTED_EDGE ( 'NONE', *, *, #5912, .T. ) ;
#3840 = CARTESIAN_POINT ( 'NONE',  ( 3.962743187696999847, -1.170537886414000139, -0.6814555275175999682 ) ) ;
#3841 = EDGE_CURVE ( 'NONE', #125, #6501, #2636, .T. ) ;
#3842 = VERTEX_POINT ( 'NONE', #6311 ) ;
#3843 = EDGE_CURVE ( 'NONE', #7755, #5299, #2550, .T. ) ;
#3844 = CARTESIAN_POINT ( 'NONE',  ( 3.716671441012999733, 0.7631008444281001113, -0.7519060802727000059 ) ) ;
#3845 = FACE_OUTER_BOUND ( 'NONE', #5508, .T. ) ;
#3846 = LINE ( 'NONE', #6624, #7623 ) ;
#3847 = CARTESIAN_POINT ( 'NONE',  ( -9.413005331873000259, -2.500000000000000000, -4.679062484950999412 ) ) ;
#3848 = CARTESIAN_POINT ( 'NONE',  ( -7.703087057135999949, 0.6886680054189000533, -1.248875974902999841 ) ) ;
#3849 = AXIS2_PLACEMENT_3D ( 'NONE', #2763, #7786, #571 ) ;
#3850 = EDGE_LOOP ( 'NONE', ( #3964, #2296, #2437, #5165 ) ) ;
#3851 = DIRECTION ( 'NONE',  ( 0.000000000000000000, 0.000000000000000000, 1.000000000000000000 ) ) ;
#3852 = VECTOR ( 'NONE', #4391, 1000.000000000000000 ) ;
#3853 = VERTEX_POINT ( 'NONE', #5565 ) ;
#3854 = ORIENTED_EDGE ( 'NONE', *, *, #4738, .T. ) ;
#3855 = DIRECTION ( 'NONE',  ( 0.000000000000000000, 0.000000000000000000, -1.000000000000000000 ) ) ;
#3856 = ORIENTED_EDGE ( 'NONE', *, *, #2939, .F. ) ;
#3857 = CARTESIAN_POINT ( 'NONE',  ( -13.22500000000000142, 0.7500000000000000000, -3.350000000000000089 ) ) ;
#3858 = DIRECTION ( 'NONE',  ( 0.000000000000000000, -1.000000000000000000, 0.000000000000000000 ) ) ;
#3859 = ORIENTED_EDGE ( 'NONE', *, *, #7523, .T. ) ;
#3860 = VECTOR ( 'NONE', #1147, 1000.000000000000000 ) ;
#3861 = DIRECTION ( 'NONE',  ( -0.8090169943749183634, 0.000000000000000000, -0.5877852522925132162 ) ) ;
#3862 = DIRECTION ( 'NONE',  ( 0.000000000000000000, 1.000000000000000000, 0.000000000000000000 ) ) ;
#3863 = ORIENTED_EDGE ( 'NONE', *, *, #5101, .F. ) ;
#3864 = DIRECTION ( 'NONE',  ( 0.000000000000000000, 0.000000000000000000, 1.000000000000000000 ) ) ;
#3865 = CARTESIAN_POINT ( 'NONE',  ( -6.873064998116178437, -0.9031603385642111848, -1.533937201377045811 ) ) ;
#3866 = CARTESIAN_POINT ( 'NONE',  ( 13.42499999999999893, -0.5000000000000000000, -4.500000000000000000 ) ) ;
#3867 = CARTESIAN_POINT ( 'NONE',  ( 9.500000000000000000, -5.500000000000000000, 0.000000000000000000 ) ) ;
#3868 = DIRECTION ( 'NONE',  ( 0.000000000000000000, 1.000000000000000000, 0.000000000000000000 ) ) ;
#3869 = CARTESIAN_POINT ( 'NONE',  ( 9.500000000000000000, -5.500000000000000000, 0.000000000000000000 ) ) ;
#3870 = CARTESIAN_POINT ( 'NONE',  ( 3.878474839888000236, -0.7589170748061000449, -0.6343490298142000494 ) ) ;
#3871 = ORIENTED_EDGE ( 'NONE', *, *, #5593, .F. ) ;
#3872 = ORIENTED_EDGE ( 'NONE', *, *, #3332, .T. ) ;
#3873 = CARTESIAN_POINT ( 'NONE',  ( -12.72499999999999964, -2.600000000000000089, 0.000000000000000000 ) ) ;
#3874 = VECTOR ( 'NONE', #4667, 1000.000000000000000 ) ;
#3875 = EDGE_CURVE ( 'NONE', #2904, #4940, #502, .T. ) ;
#3876 = DIRECTION ( 'NONE',  ( 0.000000000000000000, 0.000000000000000000, 1.000000000000000000 ) ) ;
#3877 = ORIENTED_EDGE ( 'NONE', *, *, #1151, .T. ) ;
#3878 = CARTESIAN_POINT ( 'NONE',  ( -7.757056910125004201, -0.6886680054189001643, -1.230292664232832234 ) ) ;
#3879 = AXIS2_PLACEMENT_3D ( 'NONE', #6622, #3000, #948 ) ;
#3880 = VERTEX_POINT ( 'NONE', #6266 ) ;
#3881 = CARTESIAN_POINT ( 'NONE',  ( -8.084413076152999977, 0.6729456716339999867, -1.434861101244999881 ) ) ;
#3882 = AXIS2_PLACEMENT_3D ( 'NONE', #4722, #1857, #8440 ) ;
#3883 = ORIENTED_EDGE ( 'NONE', *, *, #8193, .F. ) ;
#3884 = CARTESIAN_POINT ( 'NONE',  ( 3.911476724831000507, -1.248405956590999955, -0.5069861335543999203 ) ) ;
#3885 = EDGE_CURVE ( 'NONE', #1704, #776, #7331, .T. ) ;
#3886 = VECTOR ( 'NONE', #1653, 1000.000000000000000 ) ;
#3887 = EDGE_LOOP ( 'NONE', ( #8428, #8793, #9147, #4248 ) ) ;
#3888 = PLANE ( 'NONE',  #3879 ) ;
#3889 = CARTESIAN_POINT ( 'NONE',  ( 5.000000000000000000, 5.400000000000000355, -5.500000000000000000 ) ) ;
#3890 = CARTESIAN_POINT ( 'NONE',  ( 12.72499999999999964, -0.5000000000000000000, -4.450000000000000178 ) ) ;
#3891 = ADVANCED_FACE ( 'NONE', ( #402 ), #2029, .T. ) ;
#3892 = CARTESIAN_POINT ( 'NONE',  ( -7.277603698116000608, -1.750000000000000000, -1.395381644408000055 ) ) ;
#3893 = PLANE ( 'NONE',  #6379 ) ;
#3894 = EDGE_LOOP ( 'NONE', ( #6998, #4444, #209, #9093 ) ) ;
#3895 = VECTOR ( 'NONE', #8589, 1000.000000000000000 ) ;
#3896 = EDGE_CURVE ( 'NONE', #2253, #6414, #3351, .T. ) ;
#3897 = CARTESIAN_POINT ( 'NONE',  ( 0.000000000000000000, 0.000000000000000000, -4.000000000000000000 ) ) ;
#3898 = ORIENTED_EDGE ( 'NONE', *, *, #6136, .F. ) ;
#3899 = AXIS2_PLACEMENT_3D ( 'NONE', #6443, #1281, #4185 ) ;
#3900 = ORIENTED_EDGE ( 'NONE', *, *, #8893, .F. ) ;
#3901 = DIRECTION ( 'NONE',  ( 0.000000000000000000, -1.000000000000000000, 0.000000000000000000 ) ) ;
#3902 = ORIENTED_EDGE ( 'NONE', *, *, #5151, .T. ) ;
#3903 = EDGE_CURVE ( 'NONE', #4166, #5127, #6126, .T. ) ;
#3904 = CARTESIAN_POINT ( 'NONE',  ( 3.587358685508999834, -1.750000000000000000, -0.5739223415101999404 ) ) ;
#3905 = VECTOR ( 'NONE', #7006, 1000.000000000000000 ) ;
#3906 = CARTESIAN_POINT ( 'NONE',  ( 4.200533337093697028, 0.7296306874520330776, -1.004342299894544155 ) ) ;
#3907 = DIRECTION ( 'NONE',  ( 1.000000000000000000, 0.000000000000000000, 0.000000000000000000 ) ) ;
#3908 = ORIENTED_EDGE ( 'NONE', *, *, #1400, .F. ) ;
#3909 = LINE ( 'NONE', #5979, #4923 ) ;
#3910 = CARTESIAN_POINT ( 'NONE',  ( 0.000000000000000000, 0.000000000000000000, -0.2000000000000000111 ) ) ;
#3911 = CARTESIAN_POINT ( 'NONE',  ( 11.32499999999999929, -2.000000000000000000, -1.350000000000000089 ) ) ;
#3912 = VECTOR ( 'NONE', #4470, 1000.000000000000000 ) ;
#3913 = VERTEX_POINT ( 'NONE', #9081 ) ;
#3914 = AXIS2_PLACEMENT_3D ( 'NONE', #3414, #1999, #4963 ) ;
#3915 = DIRECTION ( 'NONE',  ( 0.000000000000000000, -1.000000000000000000, 0.000000000000000000 ) ) ;
#3916 = CARTESIAN_POINT ( 'NONE',  ( -12.77500000000000036, -2.500000000000000000, -1.100000000000000089 ) ) ;
#3917 = VECTOR ( 'NONE', #2069, 1000.000000000000000 ) ;
#3918 = CYLINDRICAL_SURFACE ( 'NONE', #329, 0.7499999999999997780 ) ;
#3919 = FACE_OUTER_BOUND ( 'NONE', #3184, .T. ) ;
#3920 = DIRECTION ( 'NONE',  ( 1.000000000000000000, 0.000000000000000000, 0.000000000000000000 ) ) ;
#3921 = DIRECTION ( 'NONE',  ( 1.000000000000000000, 0.000000000000000000, 0.000000000000000000 ) ) ;
#3922 = PLANE ( 'NONE',  #6826 ) ;
#3923 = ORIENTED_EDGE ( 'NONE', *, *, #3607, .F. ) ;
#3924 = CARTESIAN_POINT ( 'NONE',  ( -7.310160513561999807, -1.224574780638000071, -1.489933501968000007 ) ) ;
#3925 = DIRECTION ( 'NONE',  ( -1.000000000000000000, 0.000000000000000000, 0.000000000000000000 ) ) ;
#3926 = VERTEX_POINT ( 'NONE', #7573 ) ;
#3927 = CARTESIAN_POINT ( 'NONE',  ( 3.944837528312999719, 1.106269513097999813, -0.6832019503460999843 ) ) ;
#3928 = ORIENTED_EDGE ( 'NONE', *, *, #5167, .T. ) ;
#3929 = DIRECTION ( 'NONE',  ( 0.000000000000000000, 1.000000000000000000, 0.000000000000000000 ) ) ;
#3930 = ORIENTED_EDGE ( 'NONE', *, *, #6136, .T. ) ;
#3931 = CARTESIAN_POINT ( 'NONE',  ( 3.936660835879546738, 0.9700801719339444684, -0.7120872727570564109 ) ) ;
#3932 = ORIENTED_EDGE ( 'NONE', *, *, #1604, .T. ) ;
#3933 = CARTESIAN_POINT ( 'NONE',  ( 3.888327256579001912, 1.603767302493998237, -0.6466964306758004044 ) ) ;
#3934 = CYLINDRICAL_SURFACE ( 'NONE', #145, 0.6999999999999992895 ) ;
#3935 = CARTESIAN_POINT ( 'NONE',  ( 3.900384804468999711, -1.571983594570999898, -0.6639559802226000507 ) ) ;
#3936 = DIRECTION ( 'NONE',  ( 1.000000000000000000, 0.000000000000000000, 0.000000000000000000 ) ) ;
#3937 = EDGE_CURVE ( 'NONE', #7806, #1410, #3399, .T. ) ;
#3938 = VERTEX_POINT ( 'NONE', #4901 ) ;
#3939 = CARTESIAN_POINT ( 'NONE',  ( 9.014631942087000027, 4.129999999999999893, -0.5321389613899999427 ) ) ;
#3940 = EDGE_CURVE ( 'NONE', #5983, #219, #2644, .T. ) ;
#3941 = ORIENTED_EDGE ( 'NONE', *, *, #2000, .F. ) ;
#3942 = EDGE_LOOP ( 'NONE', ( #4001, #712, #8872, #4561 ) ) ;
#3943 = EDGE_CURVE ( 'NONE', #6810, #9039, #7018, .T. ) ;
#3944 = CARTESIAN_POINT ( 'NONE',  ( 13.17815389352000111, 0.5000000000000000000, -4.238690869129999150 ) ) ;
#3945 = VERTEX_POINT ( 'NONE', #5424 ) ;
#3946 = DIRECTION ( 'NONE',  ( 1.000000000000000000, 0.000000000000000000, 0.000000000000000000 ) ) ;
#3947 = CARTESIAN_POINT ( 'NONE',  ( 10.95083426132000071, -2.000000000000000000, -1.100000000000000089 ) ) ;
#3948 = CARTESIAN_POINT ( 'NONE',  ( 3.892738714387999899, 1.476368189164000144, -0.5969400531709000424 ) ) ;
#3949 = ORIENTED_EDGE ( 'NONE', *, *, #4746, .F. ) ;
#3950 = CARTESIAN_POINT ( 'NONE',  ( 3.467025163284000122, 1.270000000000000018, -0.06803713375174000322 ) ) ;
#3951 = CARTESIAN_POINT ( 'NONE',  ( 5.000000000000000000, -6.669999999999999929, -4.000000000000000000 ) ) ;
#3952 = EDGE_CURVE ( 'NONE', #6229, #762, #7766, .T. ) ;
#3953 = VERTEX_POINT ( 'NONE', #6824 ) ;
#3954 = CYLINDRICAL_SURFACE ( 'NONE', #7476, 0.5000000000000004441 ) ;
#3955 = EDGE_CURVE ( 'NONE', #5127, #520, #8984, .T. ) ;
#3956 = FACE_OUTER_BOUND ( 'NONE', #5388, .T. ) ;
#3957 = ORIENTED_EDGE ( 'NONE', *, *, #4587, .F. ) ;
#3958 = DIRECTION ( 'NONE',  ( -1.000000000000000000, 0.000000000000000000, 0.000000000000000000 ) ) ;
#3959 = CARTESIAN_POINT ( 'NONE',  ( -8.314127490116948849, -5.908932442100089055, 0.000000000000000000 ) ) ;
#3960 = CARTESIAN_POINT ( 'NONE',  ( -11.52500000000000036, -2.600000000000000089, -5.500000000000000000 ) ) ;
#3961 = EDGE_CURVE ( 'NONE', #7915, #2722, #1890, .T. ) ;
#3962 = CARTESIAN_POINT ( 'NONE',  ( -9.350000000000001421, 5.750000000000000000, -0.5000000000000000000 ) ) ;
#3963 = LINE ( 'NONE', #8337, #4577 ) ;
#3964 = ORIENTED_EDGE ( 'NONE', *, *, #5453, .T. ) ;
#3965 = AXIS2_PLACEMENT_3D ( 'NONE', #1920, #5354, #6809 ) ;
#3966 = VERTEX_POINT ( 'NONE', #1845 ) ;
#3967 = DIRECTION ( 'NONE',  ( 0.000000000000000000, -1.000000000000000000, 0.000000000000000000 ) ) ;
#3968 = CARTESIAN_POINT ( 'NONE',  ( 4.403105430786999896, 1.750000000000000000, -1.140978902365999970 ) ) ;
#3969 = EDGE_LOOP ( 'NONE', ( #7990, #5787, #3387, #7515 ) ) ;
#3970 = CARTESIAN_POINT ( 'NONE',  ( 3.959656735327000465, 1.184396885161999924, -0.6394618026672999056 ) ) ;
#3971 = AXIS2_PLACEMENT_3D ( 'NONE', #7539, #5381, #7723 ) ;
#3972 = ORIENTED_EDGE ( 'NONE', *, *, #6959, .F. ) ;
#3973 = CARTESIAN_POINT ( 'NONE',  ( 3.817274285189999894, 1.254458537402999951, -0.4934036389148999668 ) ) ;
#3974 = ORIENTED_EDGE ( 'NONE', *, *, #5238, .F. ) ;
#3975 = CARTESIAN_POINT ( 'NONE',  ( 7.650725455797999786, 6.669999999999999929, -4.000000000000000000 ) ) ;
#3976 = CARTESIAN_POINT ( 'NONE',  ( -6.720820407913000061, -1.219863181193999946, -1.375573369605999963 ) ) ;
#3977 = VECTOR ( 'NONE', #4515, 1000.000000000000000 ) ;
#3978 = ORIENTED_EDGE ( 'NONE', *, *, #8306, .F. ) ;
#3979 = CARTESIAN_POINT ( 'NONE',  ( 3.749162084384000337, -1.750000000000000000, -0.4563652910517000394 ) ) ;
#3980 = CIRCLE ( 'NONE', #2183, 0.1085786437627001139 ) ;
#3981 = DIRECTION ( 'NONE',  ( -1.000000000000000000, 0.000000000000000000, 0.000000000000000000 ) ) ;
#3982 = DIRECTION ( 'NONE',  ( 1.000000000000000000, 0.000000000000000000, 0.000000000000000000 ) ) ;
#3983 = CARTESIAN_POINT ( 'NONE',  ( -13.17815389352000111, 0.5000000000000000000, -4.238690869129999150 ) ) ;
#3984 = EDGE_LOOP ( 'NONE', ( #3538, #2807, #7681, #1350 ) ) ;
#3985 = B_SPLINE_CURVE_WITH_KNOTS ( 'NONE', 3,
 ( #1834, #1093, #536, #3939, #3240, #8971 ),
 .UNSPECIFIED., .F., .F.,
 ( 4, 1, 1, 4 ),
 ( 0.000000000000000000, 0.3333333333333000081, 0.6666666666667000474, 1.000000000000000000 ),
 .UNSPECIFIED. ) ;
#3986 = DIRECTION ( 'NONE',  ( -0.9803945787559743552, 0.1970443349753950579, 0.000000000000000000 ) ) ;
#3987 = ORIENTED_EDGE ( 'NONE', *, *, #5590, .T. ) ;
#3988 = EDGE_CURVE ( 'NONE', #3740, #6279, #2396, .T. ) ;
#3989 = VERTEX_POINT ( 'NONE', #1193 ) ;
#3990 = VECTOR ( 'NONE', #7372, 1000.000000000000000 ) ;
#3991 = CARTESIAN_POINT ( 'NONE',  ( 3.902445767599997506, -1.457777011571000481, -0.5913582419015995795 ) ) ;
#3992 = ORIENTED_EDGE ( 'NONE', *, *, #3436, .T. ) ;
#3993 = CARTESIAN_POINT ( 'NONE',  ( -8.887243667190000806, -4.129999999999999893, -0.4000000000000000222 ) ) ;
#3994 = LINE ( 'NONE', #5514, #5999 ) ;
#3995 = LINE ( 'NONE', #3441, #6975 ) ;
#3996 = ORIENTED_EDGE ( 'NONE', *, *, #6256, .F. ) ;
#3997 = DIRECTION ( 'NONE',  ( 0.000000000000000000, 1.000000000000000000, 0.000000000000000000 ) ) ;
#3998 = EDGE_CURVE ( 'NONE', #4308, #6048, #6736, .T. ) ;
#3999 = DIRECTION ( 'NONE',  ( -0.9455185755993017471, 0.000000000000000000, 0.3255681544572005537 ) ) ;
#4000 = EDGE_CURVE ( 'NONE', #2915, #6749, #2373, .T. ) ;
#4001 = ORIENTED_EDGE ( 'NONE', *, *, #2577, .T. ) ;
#4002 = EDGE_CURVE ( 'NONE', #3572, #1385, #6358, .T. ) ;
#4003 = FACE_OUTER_BOUND ( 'NONE', #1005, .T. ) ;
#4004 = CARTESIAN_POINT ( 'NONE',  ( 3.883634760652999951, -1.484982507123000062, -0.5847409711971000013 ) ) ;
#4005 = CIRCLE ( 'NONE', #8812, 2.299999999999998934 ) ;
#4006 = VERTEX_POINT ( 'NONE', #5836 ) ;
#4007 = CARTESIAN_POINT ( 'NONE',  ( -12.94571384956000060, 0.5000000000000000000, -3.740221586259000031 ) ) ;
#4008 = CARTESIAN_POINT ( 'NONE',  ( -9.650000000000000355, 6.349999999999999645, -0.5000000000000000000 ) ) ;
#4009 = DIRECTION ( 'NONE',  ( 0.000000000000000000, 0.000000000000000000, -1.000000000000000000 ) ) ;
#4010 = CARTESIAN_POINT ( 'NONE',  ( -9.650000000000000355, 6.649999999999999467, -0.5000000000000000000 ) ) ;
#4011 = DIRECTION ( 'NONE',  ( 0.000000000000000000, -1.000000000000000000, 0.000000000000000000 ) ) ;
#4012 = ADVANCED_FACE ( 'NONE', ( #3669, #8654 ), #5038, .T. ) ;
#4013 = ORIENTED_EDGE ( 'NONE', *, *, #5643, .F. ) ;
#4014 = ORIENTED_EDGE ( 'NONE', *, *, #2390, .T. ) ;
#4015 = FACE_OUTER_BOUND ( 'NONE', #7876, .T. ) ;
#4016 = EDGE_CURVE ( 'NONE', #3583, #563, #5547, .T. ) ;
#4017 = CARTESIAN_POINT ( 'NONE',  ( 14.25000000000000000, -2.600000000000000089, 0.000000000000000000 ) ) ;
#4018 = ORIENTED_EDGE ( 'NONE', *, *, #4251, .T. ) ;
#4019 = CARTESIAN_POINT ( 'NONE',  ( 3.890289986060999627, 1.255744802511999936, -0.4806568348791999679 ) ) ;
#4020 =( BOUNDED_SURFACE ( )  B_SPLINE_SURFACE ( 3, 3, ( 
 ( #7835, #2857, #6559, #8724 ),
 ( #5903, #6609, #2278, #2142 ),
 ( #8762, #2319, #5148, #8588 ),
 ( #4442, #3560, #8005, #5015 ),
 ( #4305, #1580, #1408, #6426 ),
 ( #4260, #8859, #4543, #8191 ),
 ( #980, #6796, #5241, #6138 ) ),
 .UNSPECIFIED., .F., .F., .F. ) 
 B_SPLINE_SURFACE_WITH_KNOTS ( ( 4, 3, 4 ),
 ( 4, 4 ),
 ( 0.000000000000000000, 1.000000000000000000, 2.000000000000000000 ),
 ( 0.000000000000000000, 1.000000000000000000 ),
 .UNSPECIFIED. ) 
 GEOMETRIC_REPRESENTATION_ITEM ( )  RATIONAL_B_SPLINE_SURFACE ( (
 ( 1.435278429303000092, 1.208292588178999871, 1.208292588178999871, 1.435278429303000092),
 ( 1.034337099056000131, 0.8707591676657000512, 0.8707591676657000512, 1.034337099056000131),
 ( 1.034337099056000131, 0.8707591676657000512, 0.8707591676657000512, 1.034337099056000131),
 ( 1.435278429303000092, 1.208292588178999871, 1.208292588178999871, 1.435278429303000092),
 ( 1.034337099056000131, 0.8707591676657000512, 0.8707591676657000512, 1.034337099056000131),
 ( 1.034337099056000131, 0.8707591676657000512, 0.8707591676657000512, 1.034337099056000131),
 ( 1.435278429303000092, 1.208292588178999871, 1.208292588178999871, 1.435278429303000092) ) ) 
 REPRESENTATION_ITEM ( '' )  SURFACE ( )  );
#4021 = AXIS2_PLACEMENT_3D ( 'NONE', #6834, #2456, #2415 ) ;
#4022 = ORIENTED_EDGE ( 'NONE', *, *, #8598, .F. ) ;
#4023 = CARTESIAN_POINT ( 'NONE',  ( 3.305221764409000063, 1.270000000000000018, -0.1855941842102000194 ) ) ;
#4024 = ADVANCED_FACE ( 'NONE', ( #8516 ), #4378, .T. ) ;
#4025 = ORIENTED_EDGE ( 'NONE', *, *, #7051, .T. ) ;
#4026 = DIRECTION ( 'NONE',  ( -0.3255681544572003872, 0.000000000000000000, -0.9455185755993017471 ) ) ;
#4027 = VECTOR ( 'NONE', #5073, 1000.000000000000000 ) ;
#4028 = CIRCLE ( 'NONE', #8972, 0.6999999999999992895 ) ;
#4029 = DIRECTION ( 'NONE',  ( 0.000000000000000000, 1.000000000000000000, 0.000000000000000000 ) ) ;
#4030 = ORIENTED_EDGE ( 'NONE', *, *, #8300, .F. ) ;
#4031 = CARTESIAN_POINT ( 'NONE',  ( 4.403105430786999896, 0.7149874937750000381, -1.140978902365999970 ) ) ;
#4032 = VECTOR ( 'NONE', #4644, 1000.000000000000000 ) ;
#4033 = CIRCLE ( 'NONE', #5090, 0.2500000000000000000 ) ;
#4034 = CARTESIAN_POINT ( 'NONE',  ( 3.892738714387999899, 1.476368189164000144, -0.5969400531709000424 ) ) ;
#4035 = CARTESIAN_POINT ( 'NONE',  ( -9.350000000000001421, 6.649999999999999467, -0.2500000000000000000 ) ) ;
#4036 = PLANE ( 'NONE',  #91 ) ;
#4037 = ORIENTED_EDGE ( 'NONE', *, *, #5568, .T. ) ;
#4038 = LINE ( 'NONE', #1135, #5729 ) ;
#4039 = VECTOR ( 'NONE', #1741, 1000.000000000000000 ) ;
#4040 = ORIENTED_EDGE ( 'NONE', *, *, #7616, .F. ) ;
#4041 = ORIENTED_EDGE ( 'NONE', *, *, #742, .F. ) ;
#4042 = CARTESIAN_POINT ( 'NONE',  ( -11.00000000000000000, -8.000000000000000000, -38.18409399080999833 ) ) ;
#4043 = ORIENTED_EDGE ( 'NONE', *, *, #8733, .F. ) ;
#4044 = DIRECTION ( 'NONE',  ( -0.000000000000000000, 1.000000000000000000, 0.000000000000000000 ) ) ;
#4045 = CARTESIAN_POINT ( 'NONE',  ( -7.179909470181000231, -6.669999999999999929, -0.4000000000000000222 ) ) ;
#4046 = CARTESIAN_POINT ( 'NONE',  ( -7.310160513561999807, -1.224574780638000071, -1.489933501968000007 ) ) ;
#4047 = ORIENTED_EDGE ( 'NONE', *, *, #6124, .F. ) ;
#4048 = EDGE_CURVE ( 'NONE', #4730, #6994, #77, .T. ) ;
#4049 = CARTESIAN_POINT ( 'NONE',  ( 4.040278238763000296, 0.9194165683759000229, -0.5167919793556999819 ) ) ;
#4050 = VECTOR ( 'NONE', #1795, 1000.000000000000000 ) ;
#4051 = ORIENTED_EDGE ( 'NONE', *, *, #4870, .T. ) ;
#4052 = CIRCLE ( 'NONE', #8, 0.4500000000000007327 ) ;
#4053 = CARTESIAN_POINT ( 'NONE',  ( 13.12697540696999887, -0.2500000000000000000, -3.655697933911000064 ) ) ;
#4054 = AXIS2_PLACEMENT_3D ( 'NONE', #9012, #2578, #5144 ) ;
#4055 = DIRECTION ( 'NONE',  ( 0.5877852522925136602, 0.000000000000000000, -0.8090169943749180304 ) ) ;
#4056 = ORIENTED_EDGE ( 'NONE', *, *, #1770, .F. ) ;
#4057 = DIRECTION ( 'NONE',  ( 0.000000000000000000, 0.000000000000000000, 1.000000000000000000 ) ) ;
#4058 = CARTESIAN_POINT ( 'NONE',  ( -13.22500000000000142, 0.7500000000000000000, -4.500000000000000000 ) ) ;
#4059 = CARTESIAN_POINT ( 'NONE',  ( 4.403105430786999896, -1.750000000000000000, -1.140978902365999970 ) ) ;
#4060 = VECTOR ( 'NONE', #7090, 1000.000000000000000 ) ;
#4061 = CARTESIAN_POINT ( 'NONE',  ( 3.878888949504000205, 1.020319755455999955, -0.5782089489127000270 ) ) ;
#4062 = FACE_OUTER_BOUND ( 'NONE', #7346, .T. ) ;
#4063 = EDGE_CURVE ( 'NONE', #7061, #5716, #5656, .T. ) ;
#4064 = VERTEX_POINT ( 'NONE', #7854 ) ;
#4065 = EDGE_LOOP ( 'NONE', ( #213, #8265, #7272, #2230, #5751, #2645, #9033, #6200, #6444 ) ) ;
#4066 = FACE_OUTER_BOUND ( 'NONE', #7778, .T. ) ;
#4067 = VECTOR ( 'NONE', #2849, 1000.000000000000114 ) ;
#4068 = AXIS2_PLACEMENT_3D ( 'NONE', #42, #4151, #5001 ) ;
#4069 = CARTESIAN_POINT ( 'NONE',  ( 9.951004974372999357, 2.000000000000000000, -4.000000000000000000 ) ) ;
#4070 = EDGE_CURVE ( 'NONE', #125, #4279, #8463, .T. ) ;
#4071 = ORIENTED_EDGE ( 'NONE', *, *, #4980, .F. ) ;
#4072 = CARTESIAN_POINT ( 'NONE',  ( 3.970703218327999551, 1.222590241398000099, -0.6912283800469000150 ) ) ;
#4073 = CARTESIAN_POINT ( 'NONE',  ( -13.42499999999999893, 2.000000000000000000, -1.350000000000000089 ) ) ;
#4074 = EDGE_CURVE ( 'NONE', #3442, #7386, #8229, .T. ) ;
#4075 = ORIENTED_EDGE ( 'NONE', *, *, #3494, .F. ) ;
#4076 = DIRECTION ( 'NONE',  ( 0.000000000000000000, 0.000000000000000000, 1.000000000000000000 ) ) ;
#4077 = ORIENTED_EDGE ( 'NONE', *, *, #7740, .F. ) ;
#4078 = CARTESIAN_POINT ( 'NONE',  ( 8.314612078983641297, -5.908376601563647412, 0.000000000000000000 ) ) ;
#4079 = EDGE_CURVE ( 'NONE', #5133, #8752, #784, .T. ) ;
#4080 = ORIENTED_EDGE ( 'NONE', *, *, #6076, .F. ) ;
#4081 = DIRECTION ( 'NONE',  ( 1.000000000000000000, 0.000000000000000000, 0.000000000000000000 ) ) ;
#4082 = FACE_OUTER_BOUND ( 'NONE', #3480, .T. ) ;
#4083 = DIRECTION ( 'NONE',  ( 0.000000000000000000, 0.000000000000000000, -1.000000000000000000 ) ) ;
#4084 = CARTESIAN_POINT ( 'NONE',  ( -14.25000000000000000, 3.500000000000000000, -5.500000000000000000 ) ) ;
#4085 = ORIENTED_EDGE ( 'NONE', *, *, #4310, .F. ) ;
#4086 = CARTESIAN_POINT ( 'NONE',  ( -9.271763586287001147, 4.129999999999999893, -0.8000000000000000444 ) ) ;
#4087 = ORIENTED_EDGE ( 'NONE', *, *, #3832, .F. ) ;
#4088 = VERTEX_POINT ( 'NONE', #2830 ) ;
#4089 = CARTESIAN_POINT ( 'NONE',  ( -7.849462869146051958, 0.6868100226287610077, -1.235969957290324883 ) ) ;
#4090 = ORIENTED_EDGE ( 'NONE', *, *, #5118, .T. ) ;
#4091 = CARTESIAN_POINT ( 'NONE',  ( -7.363988414985000119, 1.224574780638000071, -1.312755966964999965 ) ) ;
#4092 = CARTESIAN_POINT ( 'NONE',  ( -9.500000000000000000, 7.500000000000000000, 0.000000000000000000 ) ) ;
#4093 = CARTESIAN_POINT ( 'NONE',  ( 10.95083426132000071, 2.000000000000000000, -1.100000000000000089 ) ) ;
#4094 = VERTEX_POINT ( 'NONE', #3536 ) ;
#4095 = DIRECTION ( 'NONE',  ( 0.000000000000000000, 0.000000000000000000, 1.000000000000000000 ) ) ;
#4096 = DIRECTION ( 'NONE',  ( 0.000000000000000000, 0.000000000000000000, -1.000000000000000000 ) ) ;
#4097 = VECTOR ( 'NONE', #8097, 1000.000000000000000 ) ;
#4098 = EDGE_LOOP ( 'NONE', ( #483, #6264, #2387, #7660 ) ) ;
#4099 = CARTESIAN_POINT ( 'NONE',  ( -7.650725455797999786, 6.669999999999999929, -4.000000000000000000 ) ) ;
#4100 = DIRECTION ( 'NONE',  ( 0.000000000000000000, 1.000000000000000000, 0.000000000000000000 ) ) ;
#4101 = ORIENTED_EDGE ( 'NONE', *, *, #2925, .F. ) ;
#4102 = CYLINDRICAL_SURFACE ( 'NONE', #6323, 0.5199999999999996847 ) ;
#4103 = PLANE ( 'NONE',  #3670 ) ;
#4104 = CARTESIAN_POINT ( 'NONE',  ( -14.25000000000000000, -2.000000000000000000, -1.100000000000000089 ) ) ;
#4105 = DIRECTION ( 'NONE',  ( -0.8090169943749183634, 0.000000000000000000, -0.5877852522925132162 ) ) ;
#4106 = DIRECTION ( 'NONE',  ( -0.4226182617406808451, 0.000000000000000000, 0.9063077870366587074 ) ) ;
#4107 = ORIENTED_EDGE ( 'NONE', *, *, #2428, .T. ) ;
#4108 = ORIENTED_EDGE ( 'NONE', *, *, #227, .F. ) ;
#4109 = DIRECTION ( 'NONE',  ( 0.000000000000000000, 0.000000000000000000, -1.000000000000000000 ) ) ;
#4110 = CARTESIAN_POINT ( 'NONE',  ( -13.47500000000000142, 1.750000000000000000, -5.299999999999999822 ) ) ;
#4111 = VERTEX_POINT ( 'NONE', #4325 ) ;
#4112 = EDGE_CURVE ( 'NONE', #995, #6987, #2967, .T. ) ;
#4113 = CARTESIAN_POINT ( 'NONE',  ( 3.946427580971000104, 1.139938724954999927, -0.6224573325423999881 ) ) ;
#4114 = CARTESIAN_POINT ( 'NONE',  ( 3.869937187413001300, -1.254458537402999507, -0.4551418008018999761 ) ) ;
#4115 = EDGE_LOOP ( 'NONE', ( #6634, #4811, #806, #5356 ) ) ;
#4116 = LINE ( 'NONE', #3469, #7902 ) ;
#4117 = ORIENTED_EDGE ( 'NONE', *, *, #2680, .F. ) ;
#4118 = DIRECTION ( 'NONE',  ( 0.000000000000000000, 0.000000000000000000, 1.000000000000000000 ) ) ;
#4119 = ADVANCED_FACE ( 'NONE', ( #1338 ), #1426, .F. ) ;
#4120 = VECTOR ( 'NONE', #2159, 1000.000000000000000 ) ;
#4121 = ADVANCED_FACE ( 'NONE', ( #6404, #7200 ), #2785, .T. ) ;
#4122 = CIRCLE ( 'NONE', #8010, 1.270000000000000240 ) ;
#4123 = VECTOR ( 'NONE', #7677, 1000.000000000000000 ) ;
#4124 = ORIENTED_EDGE ( 'NONE', *, *, #1417, .T. ) ;
#4125 = LINE ( 'NONE', #5640, #7635 ) ;
#4126 = CARTESIAN_POINT ( 'NONE',  ( -7.456013767405998749, 1.471080675627998824, -1.343424544718999636 ) ) ;
#4127 = CARTESIAN_POINT ( 'NONE',  ( 3.896580500232474709, -1.046314440833603809, -0.5843251243037232978 ) ) ;
#4128 = CARTESIAN_POINT ( 'NONE',  ( 3.892868140906935448, -1.318283179785956216, -0.4840295724161138846 ) ) ;
#4129 = AXIS2_PLACEMENT_3D ( 'NONE', #6413, #5715, #8577 ) ;
#4130 = ORIENTED_EDGE ( 'NONE', *, *, #1383, .F. ) ;
#4131 = EDGE_CURVE ( 'NONE', #1165, #2489, #457, .T. ) ;
#4132 = CARTESIAN_POINT ( 'NONE',  ( 7.650725455797999786, -6.669999999999999929, -4.000000000000000000 ) ) ;
#4133 = ADVANCED_FACE ( 'NONE', ( #9257 ), #2125, .F. ) ;
#4134 = ORIENTED_EDGE ( 'NONE', *, *, #588, .T. ) ;
#4135 = ORIENTED_EDGE ( 'NONE', *, *, #6719, .F. ) ;
#4136 = AXIS2_PLACEMENT_3D ( 'NONE', #3831, #3219, #8145 ) ;
#4137 = CARTESIAN_POINT ( 'NONE',  ( -10.79215728752999937, 2.000000000000000000, -1.100000000000000089 ) ) ;
#4138 = VERTEX_POINT ( 'NONE', #2886 ) ;
#4139 = LINE ( 'NONE', #7013, #5558 ) ;
#4140 = LINE ( 'NONE', #5607, #5103 ) ;
#4141 = DIRECTION ( 'NONE',  ( -0.08715574274765398866, 0.000000000000000000, 0.9961946980917458783 ) ) ;
#4142 = ORIENTED_EDGE ( 'NONE', *, *, #5197, .F. ) ;
#4143 = LINE ( 'NONE', #4852, #7910 ) ;
#4144 = EDGE_CURVE ( 'NONE', #8358, #2423, #2162, .T. ) ;
#4145 = DIRECTION ( 'NONE',  ( 0.000000000000000000, 0.000000000000000000, 1.000000000000000000 ) ) ;
#4146 = ORIENTED_EDGE ( 'NONE', *, *, #2555, .T. ) ;
#4147 = AXIS2_PLACEMENT_3D ( 'NONE', #8068, #6575, #6445 ) ;
#4148 = CARTESIAN_POINT ( 'NONE',  ( 12.84005928412999964, 0.2500000000000000000, -3.513644639500000277 ) ) ;
#4149 = PLANE ( 'NONE',  #7801 ) ;
#4150 = EDGE_LOOP ( 'NONE', ( #9266, #3863, #4349, #2711 ) ) ;
#4151 = DIRECTION ( 'NONE',  ( -0.5364737559171040004, 0.4086220918438980276, 0.7383927784514909831 ) ) ;
#4152 = CARTESIAN_POINT ( 'NONE',  ( 9.271763586287001147, 4.129999999999999893, -4.000000000000000000 ) ) ;
#4153 = DIRECTION ( 'NONE',  ( 1.000000000000000000, 0.000000000000000000, 0.000000000000000000 ) ) ;
#4154 = DIRECTION ( 'NONE',  ( 0.000000000000000000, -1.000000000000000000, 0.000000000000000000 ) ) ;
#4155 = AXIS2_PLACEMENT_3D ( 'NONE', #5737, #5069, #8593 ) ;
#4156 = ORIENTED_EDGE ( 'NONE', *, *, #7436, .F. ) ;
#4157 = VERTEX_POINT ( 'NONE', #6017 ) ;
#4158 = LINE ( 'NONE', #6328, #899 ) ;
#4159 = CARTESIAN_POINT ( 'NONE',  ( -15.84999999999999964, -1.750000000000000000, -5.299999999999999822 ) ) ;
#4160 = CIRCLE ( 'NONE', #1754, 0.7499999999999997780 ) ;
#4161 = VERTEX_POINT ( 'NONE', #8164 ) ;
#4162 = CARTESIAN_POINT ( 'NONE',  ( -11.57500000000000107, -2.600000000000000089, -1.100000000000000089 ) ) ;
#4163 = CARTESIAN_POINT ( 'NONE',  ( 3.957208942551003528, -0.6925308923978005238, -0.7220402837647995620 ) ) ;
#4164 = ORIENTED_EDGE ( 'NONE', *, *, #2770, .T. ) ;
#4165 = FACE_OUTER_BOUND ( 'NONE', #9029, .T. ) ;
#4166 = VERTEX_POINT ( 'NONE', #1003 ) ;
#4167 = LINE ( 'NONE', #4836, #9232 ) ;
#4168 = VECTOR ( 'NONE', #8844, 1000.000000000000000 ) ;
#4169 = EDGE_CURVE ( 'NONE', #6957, #4550, #4517, .T. ) ;
#4170 = AXIS2_PLACEMENT_3D ( 'NONE', #6157, #7463, #7414 ) ;
#4171 = CARTESIAN_POINT ( 'NONE',  ( -7.500949199034992354, -1.304671229936999577, -1.327952034793999703 ) ) ;
#4172 = EDGE_LOOP ( 'NONE', ( #3503, #2779 ) ) ;
#4173 = DIRECTION ( 'NONE',  ( 0.2401820393463940106, -0.9127036682612768015, -0.3305822165782914546 ) ) ;
#4174 = DIRECTION ( 'NONE',  ( 1.000000000000000000, 0.000000000000000000, 0.000000000000000000 ) ) ;
#4175 = CIRCLE ( 'NONE', #7781, 0.5199999999999997957 ) ;
#4176 = CARTESIAN_POINT ( 'NONE',  ( 3.881619859231999925, -1.223779701015999866, -0.4685476159079000058 ) ) ;
#4177 = LINE ( 'NONE', #3520, #6817 ) ;
#4178 = ORIENTED_EDGE ( 'NONE', *, *, #1438, .F. ) ;
#4179 = EDGE_CURVE ( 'NONE', #4496, #762, #5395, .T. ) ;
#4180 = CARTESIAN_POINT ( 'NONE',  ( 3.909949752990999450, -1.270952398080000156, -0.5048547588135999797 ) ) ;
#4181 = VECTOR ( 'NONE', #7181, 1000.000000000000000 ) ;
#4182 = ORIENTED_EDGE ( 'NONE', *, *, #8281, .T. ) ;
#4183 = VERTEX_POINT ( 'NONE', #300 ) ;
#4184 = ADVANCED_FACE ( 'NONE', ( #5969 ), #3713, .F. ) ;
#4185 = DIRECTION ( 'NONE',  ( -0.8090169943749183634, 0.000000000000000000, -0.5877852522925132162 ) ) ;
#4186 = ORIENTED_EDGE ( 'NONE', *, *, #4685, .F. ) ;
#4187 = DIRECTION ( 'NONE',  ( 0.000000000000000000, 0.000000000000000000, 1.000000000000000000 ) ) ;
#4188 = DIRECTION ( 'NONE',  ( 0.000000000000000000, -1.000000000000000000, -2.153851683884999951E-14 ) ) ;
#4189 = EDGE_CURVE ( 'NONE', #478, #334, #3053, .T. ) ;
#4190 = CARTESIAN_POINT ( 'NONE',  ( -12.22499999999999964, 2.000000000000000000, -5.500000000000000000 ) ) ;
#4191 = VERTEX_POINT ( 'NONE', #8074 ) ;
#4192 = VECTOR ( 'NONE', #5586, 1000.000000000000000 ) ;
#4193 = CARTESIAN_POINT ( 'NONE',  ( 3.948343007925000148, 1.437560771600999932, -0.7206326533849000127 ) ) ;
#4194 = AXIS2_PLACEMENT_3D ( 'NONE', #8609, #6497, #1470 ) ;
#4195 = CARTESIAN_POINT ( 'NONE',  ( -14.25000000000000000, -2.000000000000000000, -5.500000000000000000 ) ) ;
#4196 = ORIENTED_EDGE ( 'NONE', *, *, #8612, .F. ) ;
#4197 = FACE_OUTER_BOUND ( 'NONE', #7471, .T. ) ;
#4198 = ADVANCED_FACE ( 'NONE', ( #5265 ), #1692, .T. ) ;
#4199 = AXIS2_PLACEMENT_3D ( 'NONE', #4700, #1695, #6914 ) ;
#4200 = CARTESIAN_POINT ( 'NONE',  ( 3.858370348279997586, -0.9446242374830000621, -0.6130208233870001466 ) ) ;
#4201 = ORIENTED_EDGE ( 'NONE', *, *, #2121, .F. ) ;
#4202 = DIRECTION ( 'NONE',  ( 0.8290375725550501729, 0.000000000000000000, -0.5591929034707341373 ) ) ;
#4203 = LINE ( 'NONE', #6276, #8315 ) ;
#4204 = CARTESIAN_POINT ( 'NONE',  ( -13.22500000000000142, 1.000000000000000000, -4.500000000000000000 ) ) ;
#4205 = CARTESIAN_POINT ( 'NONE',  ( -13.42499999999999893, -2.000000000000000000, -5.250000000000000000 ) ) ;
#4206 = ORIENTED_EDGE ( 'NONE', *, *, #2324, .F. ) ;
#4207 = ORIENTED_EDGE ( 'NONE', *, *, #2634, .F. ) ;
#4208 = DIRECTION ( 'NONE',  ( -1.000000000000000000, 0.000000000000000000, 0.000000000000000000 ) ) ;
#4209 = VECTOR ( 'NONE', #8465, 1000.000000000000000 ) ;
#4210 = LINE ( 'NONE', #614, #1969 ) ;
#4211 = ORIENTED_EDGE ( 'NONE', *, *, #6093, .T. ) ;
#4212 = DIRECTION ( 'NONE',  ( -0.9455185755993017471, 0.000000000000000000, 0.3255681544572004427 ) ) ;
#4213 = CIRCLE ( 'NONE', #8568, 0.03542486889354002494 ) ;
#4214 = DIRECTION ( 'NONE',  ( -0.7537660547584518200, 0.6571428571428579168, 0.000000000000000000 ) ) ;
#4215 = ORIENTED_EDGE ( 'NONE', *, *, #7895, .T. ) ;
#4216 = DIRECTION ( 'NONE',  ( 0.000000000000000000, -1.000000000000000000, 0.000000000000000000 ) ) ;
#4217 = CIRCLE ( 'NONE', #8570, 0.2000000000000005107 ) ;
#4218 = VERTEX_POINT ( 'NONE', #4462 ) ;
#4219 = CARTESIAN_POINT ( 'NONE',  ( 3.878474839888000236, 1.750000000000000000, -0.6343490298142000494 ) ) ;
#4220 = AXIS2_PLACEMENT_3D ( 'NONE', #4575, #7435, #8331 ) ;
#4221 = CARTESIAN_POINT ( 'NONE',  ( 13.22500000000000142, 2.000000000000000000, -5.250000000000000000 ) ) ;
#4222 = EDGE_LOOP ( 'NONE', ( #828, #4867, #1631, #8226 ) ) ;
#4223 = LINE ( 'NONE', #3612, #301 ) ;
#4224 = ADVANCED_FACE ( 'NONE', ( #4557 ), #257, .T. ) ;
#4225 = PLANE ( 'NONE',  #2066 ) ;
#4226 = CARTESIAN_POINT ( 'NONE',  ( 3.892738713611000101, -1.476368187747999938, -0.5969400526693999787 ) ) ;
#4227 = ORIENTED_EDGE ( 'NONE', *, *, #1400, .T. ) ;
#4228 = CARTESIAN_POINT ( 'NONE',  ( 3.870448271573000198, -1.503979827261000102, -0.5841131694827000898 ) ) ;
#4229 = ORIENTED_EDGE ( 'NONE', *, *, #2153, .T. ) ;
#4230 = EDGE_CURVE ( 'NONE', #2607, #6283, #3293, .T. ) ;
#4231 = CARTESIAN_POINT ( 'NONE',  ( -7.916573050239158249, 0.6847142749582397769, -1.255155524267611566 ) ) ;
#4232 = ORIENTED_EDGE ( 'NONE', *, *, #6270, .T. ) ;
#4233 = CARTESIAN_POINT ( 'NONE',  ( 0.000000000000000000, 0.000000000000000000, 0.000000000000000000 ) ) ;
#4234 = LINE ( 'NONE', #7850, #4412 ) ;
#4235 = CARTESIAN_POINT ( 'NONE',  ( -13.35941545092999938, -0.5000000000000000000, -4.154167216782000516 ) ) ;
#4236 = ORIENTED_EDGE ( 'NONE', *, *, #6206, .F. ) ;
#4237 = CARTESIAN_POINT ( 'NONE',  ( 3.937135079394000314, 0.9439312156268000464, -0.7118466054451999536 ) ) ;
#4238 = DIRECTION ( 'NONE',  ( 0.000000000000000000, -1.000000000000000000, 0.000000000000000000 ) ) ;
#4239 = ADVANCED_FACE ( 'NONE', ( #7466 ), #3765, .F. ) ;
#4240 = ORIENTED_EDGE ( 'NONE', *, *, #1108, .F. ) ;
#4241 = ADVANCED_FACE ( 'NONE', ( #957 ), #3807, .T. ) ;
#4242 = CARTESIAN_POINT ( 'NONE',  ( -0.1465673690733000079, 6.706770816062999963, -4.299999999999999822 ) ) ;
#4243 = ORIENTED_EDGE ( 'NONE', *, *, #2629, .T. ) ;
#4244 = DIRECTION ( 'NONE',  ( 0.5591929034707342483, -3.845107024415711652E-15, 0.8290375725550502839 ) ) ;
#4245 = CARTESIAN_POINT ( 'NONE',  ( 14.25000000000000000, -3.500000000000000000, 0.000000000000000000 ) ) ;
#4246 = DIRECTION ( 'NONE',  ( 0.000000000000000000, -1.000000000000000000, 0.000000000000000000 ) ) ;
#4247 = DIRECTION ( 'NONE',  ( -1.000000000000000000, 0.000000000000000000, 0.000000000000000000 ) ) ;
#4248 = ORIENTED_EDGE ( 'NONE', *, *, #5590, .F. ) ;
#4249 = VERTEX_POINT ( 'NONE', #8789 ) ;
#4250 = DIRECTION ( 'NONE',  ( 0.5591929034707342483, 0.000000000000000000, 0.8290375725550502839 ) ) ;
#4251 = EDGE_CURVE ( 'NONE', #1843, #4266, #6721, .T. ) ;
#4252 = EDGE_CURVE ( 'NONE', #8289, #8809, #3100, .T. ) ;
#4253 = LINE ( 'NONE', #7125, #4067 ) ;
#4254 = ORIENTED_EDGE ( 'NONE', *, *, #8328, .T. ) ;
#4255 = FACE_OUTER_BOUND ( 'NONE', #6794, .T. ) ;
#4256 = CARTESIAN_POINT ( 'NONE',  ( 3.873972856203375059, 0.7470630608770664205, -0.9684129042044641311 ) ) ;
#4257 = ORIENTED_EDGE ( 'NONE', *, *, #2707, .T. ) ;
#4258 = CARTESIAN_POINT ( 'NONE',  ( -7.637973426245000752, -2.500000000000000000, -1.059772259783000159 ) ) ;
#4259 = EDGE_LOOP ( 'NONE', ( #8417, #3482, #1453, #1928 ) ) ;
#4260 = CARTESIAN_POINT ( 'NONE',  ( -7.226614307856996433, 1.196316167347999393, -1.514170704746998775 ) ) ;
#4261 = PLANE ( 'NONE',  #4346 ) ;
#4262 = VERTEX_POINT ( 'NONE', #5881 ) ;
#4263 = CARTESIAN_POINT ( 'NONE',  ( -0.2491314716374000149, 6.318950303242000466, -4.200000000000000178 ) ) ;
#4264 = DIRECTION ( 'NONE',  ( 0.000000000000000000, 0.000000000000000000, 1.000000000000000000 ) ) ;
#4265 = DIRECTION ( 'NONE',  ( 0.000000000000000000, 0.000000000000000000, 1.000000000000000000 ) ) ;
#4266 = VERTEX_POINT ( 'NONE', #8743 ) ;
#4267 = AXIS2_PLACEMENT_3D ( 'NONE', #218, #8173, #6682 ) ;
#4268 = VECTOR ( 'NONE', #5455, 1000.000000000000000 ) ;
#4269 = CARTESIAN_POINT ( 'NONE',  ( 3.877873684385999553, -1.317769572711000148, -0.4606153218892000134 ) ) ;
#4270 = VECTOR ( 'NONE', #1157, 1000.000000000000000 ) ;
#4271 = ORIENTED_EDGE ( 'NONE', *, *, #4882, .T. ) ;
#4272 = CARTESIAN_POINT ( 'NONE',  ( -14.25000000000000000, -3.500000000000000000, -38.18409399080999833 ) ) ;
#4273 = VECTOR ( 'NONE', #3545, 1000.000000000000000 ) ;
#4274 = EDGE_LOOP ( 'NONE', ( #6346, #2027, #2165, #1280, #2540, #4631 ) ) ;
#4275 = DIRECTION ( 'NONE',  ( 0.000000000000000000, 0.000000000000000000, 1.000000000000000000 ) ) ;
#4276 = FACE_OUTER_BOUND ( 'NONE', #5365, .T. ) ;
#4277 = CARTESIAN_POINT ( 'NONE',  ( -7.375274144453999092, -1.229999999999999982, -1.679037217087999911 ) ) ;
#4278 = CARTESIAN_POINT ( 'NONE',  ( -6.918786530446009664, 0.8466678159791892755, -1.518069219005509396 ) ) ;
#4279 = VERTEX_POINT ( 'NONE', #6061 ) ;
#4280 = DIRECTION ( 'NONE',  ( -1.000000000000000000, 0.000000000000000000, 0.000000000000000000 ) ) ;
#4281 = ADVANCED_FACE ( 'NONE', ( #5168 ), #8030, .F. ) ;
#4282 = DIRECTION ( 'NONE',  ( 0.7071067811865475727, 0.7071067811865475727, 0.000000000000000000 ) ) ;
#4283 = EDGE_CURVE ( 'NONE', #5040, #8557, #2846, .T. ) ;
#4284 = VECTOR ( 'NONE', #400, 1000.000000000000000 ) ;
#4285 = ORIENTED_EDGE ( 'NONE', *, *, #4520, .T. ) ;
#4286 = CARTESIAN_POINT ( 'NONE',  ( 3.878145937651999997, -1.029385801597000105, -0.5591955464194996450 ) ) ;
#4287 = ORIENTED_EDGE ( 'NONE', *, *, #5853, .F. ) ;
#4288 = EDGE_CURVE ( 'NONE', #4500, #6166, #913, .T. ) ;
#4289 = CARTESIAN_POINT ( 'NONE',  ( -11.00000000000000000, -6.599999999999999645, 0.000000000000000000 ) ) ;
#4290 = PLANE ( 'NONE',  #6673 ) ;
#4291 = DIRECTION ( 'NONE',  ( 0.000000000000000000, 0.000000000000000000, -1.000000000000000000 ) ) ;
#4292 = CARTESIAN_POINT ( 'NONE',  ( 7.650725455797999786, 6.669999999999999929, -5.500000000000000000 ) ) ;
#4293 = ORIENTED_EDGE ( 'NONE', *, *, #2380, .F. ) ;
#4294 = CARTESIAN_POINT ( 'NONE',  ( 8.324453148972999372, -0.004903451899607999716, -3.785961335781999892 ) ) ;
#4295 = ADVANCED_FACE ( 'NONE', ( #1923 ), #4743, .T. ) ;
#4296 = FACE_OUTER_BOUND ( 'NONE', #3404, .T. ) ;
#4297 = LINE ( 'NONE', #6376, #1935 ) ;
#4298 = EDGE_CURVE ( 'NONE', #8747, #1761, #1788, .T. ) ;
#4299 = DIRECTION ( 'NONE',  ( 0.000000000000000000, 0.000000000000000000, 1.000000000000000000 ) ) ;
#4300 = CIRCLE ( 'NONE', #3699, 1.270000000000000240 ) ;
#4301 = VERTEX_POINT ( 'NONE', #7518 ) ;
#4302 = LINE ( 'NONE', #1537, #2058 ) ;
#4303 = EDGE_CURVE ( 'NONE', #2488, #2102, #7047, .T. ) ;
#4304 = ORIENTED_EDGE ( 'NONE', *, *, #186, .T. ) ;
#4305 = CARTESIAN_POINT ( 'NONE',  ( -7.256803458481003055, 1.151585900327998457, -1.503775746565997773 ) ) ;
#4306 = AXIS2_PLACEMENT_3D ( 'NONE', #4258, #7132, #3604 ) ;
#4307 = CARTESIAN_POINT ( 'NONE',  ( 12.22499999999999964, 2.000000000000000000, -3.350000000000000089 ) ) ;
#4308 = VERTEX_POINT ( 'NONE', #5505 ) ;
#4309 = DIRECTION ( 'NONE',  ( -0.5591929034707342483, 0.000000000000000000, -0.8290375725550502839 ) ) ;
#4310 = EDGE_CURVE ( 'NONE', #5066, #4519, #389, .T. ) ;
#4311 = AXIS2_PLACEMENT_3D ( 'NONE', #2893, #8663, #7252 ) ;
#4312 = DIRECTION ( 'NONE',  ( 0.000000000000000000, 1.000000000000000000, 0.000000000000000000 ) ) ;
#4313 = ORIENTED_EDGE ( 'NONE', *, *, #2897, .T. ) ;
#4314 = CARTESIAN_POINT ( 'NONE',  ( 3.929017718833999862, -1.436338874877000071, -0.6631436441109999080 ) ) ;
#4315 = B_SPLINE_CURVE_WITH_KNOTS ( 'NONE', 3,
 ( #5314, #921, #6636, #7385 ),
 .UNSPECIFIED., .F., .F.,
 ( 4, 4 ),
 ( 0.000000000000000000, 1.000000000000000000 ),
 .UNSPECIFIED. ) ;
#4316 = VERTEX_POINT ( 'NONE', #2630 ) ;
#4317 = DIRECTION ( 'NONE',  ( 1.000000000000000000, 0.000000000000000000, 0.000000000000000000 ) ) ;
#4318 = ORIENTED_EDGE ( 'NONE', *, *, #1824, .F. ) ;
#4319 = CARTESIAN_POINT ( 'NONE',  ( 0.000000000000000000, 0.000000000000000000, -4.000000000000000000 ) ) ;
#4320 = DIRECTION ( 'NONE',  ( 0.000000000000000000, -1.000000000000000000, 0.000000000000000000 ) ) ;
#4321 = PLANE ( 'NONE',  #5481 ) ;
#4322 = DIRECTION ( 'NONE',  ( 1.000000000000000000, 0.000000000000000000, 0.000000000000000000 ) ) ;
#4323 = ORIENTED_EDGE ( 'NONE', *, *, #6756, .T. ) ;
#4324 = CARTESIAN_POINT ( 'NONE',  ( 3.909805527089000421, 1.463812737890999971, -0.6286475137313000117 ) ) ;
#4325 = CARTESIAN_POINT ( 'NONE',  ( -6.246799180380000038, -8.000000000000000000, 0.000000000000000000 ) ) ;
#4326 = AXIS2_PLACEMENT_3D ( 'NONE', #2331, #4452, #1637 ) ;
#4327 = CLOSED_SHELL ( 'NONE', ( #1939, #7517, #4831, #8376, #5555, #4184, #3065, #5795, #2847, #3891, #391, #1882, #4281, #3311, #5807, #1927, #8077, #926, #3632, #5335, #7320, #6607, #2241, #8364, #6439, #4024, #5339, #1194, #3400, #246, #4590, #6534, #3766, #1442, #5155, #695, #8114, #5625, #7867, #770, #4467, #3565, #6828, #1995, #1638, #6611, #3483, #3153, #6014, #6389, #8390, #352, #3032, #7086, #763, #8373, #8059, #4486, #4985, #3704, #6997, #7274, #8551, #5491, #2647, #1787, #6199, #1101, #6039, #5215, #7458, #7745, #5214, #4925, #1664, #108, #4012, #3099, #2127, #9163, #8547, #881, #4224, #2929, #4121, #1092, #168, #9184, #8673, #6359, #3618, #4693, #2074, #9241, #3731, #5027, #7173, #7866, #7393, #8374, #3825, #6331, #7959, #6089, #340, #7765, #3718, #9116, #5494, #4198, #648, #2671, #3451, #6382, #3720, #8974, #4448, #869, #5816, #4295, #8147, #5377, #6321, #2693, #8011, #8644, #808, #7165, #132, #4351, #650, #5755, #8824, #816, #6655, #7688, #9016, #2229, #2510, #7751, #1313, #1268, #8788, #5683, #724, #3266, #3556, #7058, #452, #2474, #661, #1086, #9223, #1548, #4682, #6806, #8427, #7228, #4859, #7559, #3158, #4119, #5638, #299, #8071, #8675, #6438, #8818, #3535, #6377, #5457, #7614, #6658, #1588, #4133, #6594, #2044, #3273, #583, #4239, #5285, #9001, #3513, #9004, #4567, #3241, #8339, #9, #8610, #7923, #63, #8014, #2414, #5620, #3729, #3089, #829, #7269, #7113, #1163, #6768, #2812, #5386, #415, #1723, #3070, #4241, #5968, #6520, #5578, #2764, #7, #2986, #5449, #8507, #2436, #6312, #4437, #5094, #6949, #6481, #8726, #6644, #3778, #3658, #3747, #4529, #4948, #3039, #537, #3674, #8198, #710, #1814, #7154, #719, #2329, #139, #1768, #5157, #8904, #8883, #6752, #2115, #1224, #7005, #2858, #6540, #6886, #3136, #4996, #7643, #9007, #8874, #2347, #3028, #148, #5347, #2438, #8837, #3611, #1635, #4582, #6984, #3259, #7790, #8500 ) ) ;
#4328 = ORIENTED_EDGE ( 'NONE', *, *, #6315, .F. ) ;
#4329 = CARTESIAN_POINT ( 'NONE',  ( 3.916854306168999322, -0.9307253199419001088, -0.6841524342750001653 ) ) ;
#4330 = VECTOR ( 'NONE', #3377, 1000.000000000000000 ) ;
#4331 = ORIENTED_EDGE ( 'NONE', *, *, #6100, .F. ) ;
#4332 = DIRECTION ( 'NONE',  ( 0.000000000000000000, 0.000000000000000000, -1.000000000000000000 ) ) ;
#4333 = AXIS2_PLACEMENT_3D ( 'NONE', #7246, #647, #7942 ) ;
#4334 = CARTESIAN_POINT ( 'NONE',  ( -5.000000000000000000, -5.400000000000000355, -5.500000000000000000 ) ) ;
#4335 = CARTESIAN_POINT ( 'NONE',  ( -13.02132084152999880, -0.5000000000000000000, -3.429120987151999866 ) ) ;
#4336 = CARTESIAN_POINT ( 'NONE',  ( -11.07499999999999929, 2.500000000000000000, -0.9000000000000000222 ) ) ;
#4337 = ORIENTED_EDGE ( 'NONE', *, *, #1967, .T. ) ;
#4338 = LINE ( 'NONE', #3728, #4637 ) ;
#4339 = AXIS2_PLACEMENT_3D ( 'NONE', #4042, #3901, #3198 ) ;
#4340 = PRODUCT_DEFINITION_CONTEXT ( 'detailed design', #7077, 'design' ) ;
#4341 = CARTESIAN_POINT ( 'NONE',  ( 13.42499999999999893, 1.000000000000000000, -3.600000000000000089 ) ) ;
#4342 = DIRECTION ( 'NONE',  ( 0.000000000000000000, 0.000000000000000000, 1.000000000000000000 ) ) ;
#4343 = CARTESIAN_POINT ( 'NONE',  ( -9.271690348168998952, -4.129967376926000355, -9.162897193881999248E-05 ) ) ;
#4344 = EDGE_CURVE ( 'NONE', #958, #8809, #4217, .T. ) ;
#4345 = DIRECTION ( 'NONE',  ( 0.000000000000000000, 0.000000000000000000, -1.000000000000000000 ) ) ;
#4346 = AXIS2_PLACEMENT_3D ( 'NONE', #7836, #2767, #1409 ) ;
#4347 = EDGE_LOOP ( 'NONE', ( #5289, #354, #3511, #3526, #4196, #4603 ) ) ;
#4348 = LINE ( 'NONE', #6511, #1907 ) ;
#4349 = ORIENTED_EDGE ( 'NONE', *, *, #8454, .F. ) ;
#4350 = CARTESIAN_POINT ( 'NONE',  ( 10.80000000000000071, 8.000000000000000000, -5.500000000000000000 ) ) ;
#4351 = ADVANCED_FACE ( 'NONE', ( #4651 ), #7603, .F. ) ;
#4352 = DIRECTION ( 'NONE',  ( -1.000000000000000000, 0.000000000000000000, 0.000000000000000000 ) ) ;
#4353 = ORIENTED_EDGE ( 'NONE', *, *, #1375, .T. ) ;
#4354 = EDGE_CURVE ( 'NONE', #7185, #7425, #6113, .T. ) ;
#4355 = FACE_OUTER_BOUND ( 'NONE', #2077, .T. ) ;
#4356 = VECTOR ( 'NONE', #1679, 1000.000000000000000 ) ;
#4357 = CARTESIAN_POINT ( 'NONE',  ( -7.374033688578988333, -1.200858714328998378, -1.463410141230998995 ) ) ;
#4358 = APPLICATION_CONTEXT ( 'automotive_design' ) ;
#4359 = EDGE_LOOP ( 'NONE', ( #5639, #2703, #4018, #2080, #7837, #8741, #7093, #3097 ) ) ;
#4360 = VECTOR ( 'NONE', #4714, 1000.000000000000000 ) ;
#4361 = CARTESIAN_POINT ( 'NONE',  ( 3.877876559324000105, -1.268037326094999973, -0.4641291646185000119 ) ) ;
#4362 = EDGE_CURVE ( 'NONE', #7016, #7243, #3985, .T. ) ;
#4363 = AXIS2_PLACEMENT_3D ( 'NONE', #1258, #6467, #3550 ) ;
#4364 = ORIENTED_EDGE ( 'NONE', *, *, #8665, .F. ) ;
#4365 = EDGE_CURVE ( 'NONE', #7832, #8464, #4779, .T. ) ;
#4366 = DIRECTION ( 'NONE',  ( 0.000000000000000000, -1.000000000000000000, 0.000000000000000000 ) ) ;
#4367 = AXIS2_PLACEMENT_3D ( 'NONE', #4091, #8219, #545 ) ;
#4368 = EDGE_CURVE ( 'NONE', #9117, #5127, #3386, .T. ) ;
#4369 = DIRECTION ( 'NONE',  ( 0.000000000000000000, 0.000000000000000000, -1.000000000000000000 ) ) ;
#4370 = EDGE_CURVE ( 'NONE', #7497, #4157, #4038, .T. ) ;
#4371 = FACE_OUTER_BOUND ( 'NONE', #1398, .T. ) ;
#4372 = LINE ( 'NONE', #1641, #1902 ) ;
#4373 = CARTESIAN_POINT ( 'NONE',  ( -8.152571268977037988, 0.6845577698345254314, -1.177053188916929782 ) ) ;
#4374 = CARTESIAN_POINT ( 'NONE',  ( 3.732976774534999986, 0.7731439798128999508, -0.4340881231982000044 ) ) ;
#4375 = CARTESIAN_POINT ( 'NONE',  ( 0.000000000000000000, 5.750000000000000000, -4.000000000000000000 ) ) ;
#4376 = ORIENTED_EDGE ( 'NONE', *, *, #4478, .T. ) ;
#4377 = CARTESIAN_POINT ( 'NONE',  ( 3.914928756125000131, 1.060421709244999899, -0.6082127932530999592 ) ) ;
#4378 = PLANE ( 'NONE',  #2689 ) ;
#4379 = VERTEX_POINT ( 'NONE', #2676 ) ;
#4380 = CARTESIAN_POINT ( 'NONE',  ( 3.880320082974000329, -1.006621663420000479, -0.6182581488970001482 ) ) ;
#4381 = ORIENTED_EDGE ( 'NONE', *, *, #1756, .T. ) ;
#4382 = CARTESIAN_POINT ( 'NONE',  ( 9.500000000000000000, -7.500000000000000000, 0.000000000000000000 ) ) ;
#4383 = CARTESIAN_POINT ( 'NONE',  ( -13.47500000000000142, -2.500000000000000000, -5.250000000000000000 ) ) ;
#4384 = PLANE ( 'NONE',  #4311 ) ;
#4385 = CARTESIAN_POINT ( 'NONE',  ( -7.118942322046724058, 0.6991495612751565947, -1.238489001113845633 ) ) ;
#4386 = CARTESIAN_POINT ( 'NONE',  ( 3.888747811965000079, -1.471360604862000043, -0.5730114811908000316 ) ) ;
#4387 = DIRECTION ( 'NONE',  ( -1.000000000000000000, 0.000000000000000000, 0.000000000000000000 ) ) ;
#4388 = CARTESIAN_POINT ( 'NONE',  ( -6.785934038804681379, -1.122596022019070716, -1.564677084726080691 ) ) ;
#4389 = CARTESIAN_POINT ( 'NONE',  ( -9.951004974372999357, 2.000000000000000000, -4.000000000000000000 ) ) ;
#4390 = CARTESIAN_POINT ( 'NONE',  ( -7.243498353379991705, 1.200858714328998378, -1.508357061649999942 ) ) ;
#4391 = DIRECTION ( 'NONE',  ( 0.000000000000000000, -1.000000000000000000, 0.000000000000000000 ) ) ;
#4392 = ORIENTED_EDGE ( 'NONE', *, *, #4144, .T. ) ;
#4393 = DIRECTION ( 'NONE',  ( 0.000000000000000000, -1.000000000000000000, 0.000000000000000000 ) ) ;
#4394 = EDGE_CURVE ( 'NONE', #567, #8921, #5867, .T. ) ;
#4395 = FACE_OUTER_BOUND ( 'NONE', #4259, .T. ) ;
#4396 = ORIENTED_EDGE ( 'NONE', *, *, #3146, .F. ) ;
#4397 = CARTESIAN_POINT ( 'NONE',  ( -14.25000000000000000, 2.600000000000000089, 0.000000000000000000 ) ) ;
#4398 = EDGE_CURVE ( 'NONE', #2055, #6683, #7817, .T. ) ;
#4399 = DIRECTION ( 'NONE',  ( -1.000000000000000000, 0.000000000000000000, 0.000000000000000000 ) ) ;
#4400 = ORIENTED_EDGE ( 'NONE', *, *, #775, .T. ) ;
#4401 = EDGE_CURVE ( 'NONE', #6283, #6229, #1276, .T. ) ;
#4402 = CARTESIAN_POINT ( 'NONE',  ( 3.893593247710999794, -1.202854002607999906, -0.4822081200539000134 ) ) ;
#4403 = EDGE_CURVE ( 'NONE', #3352, #3616, #584, .T. ) ;
#4404 = ORIENTED_EDGE ( 'NONE', *, *, #3988, .F. ) ;
#4405 = PLANE ( 'NONE',  #1646 ) ;
#4406 = FACE_OUTER_BOUND ( 'NONE', #8238, .T. ) ;
#4407 = CARTESIAN_POINT ( 'NONE',  ( 3.858351648391999511, 0.9448568088639003326, -0.6129252464301998549 ) ) ;
#4408 = EDGE_CURVE ( 'NONE', #2434, #5006, #3431, .T. ) ;
#4409 = DIRECTION ( 'NONE',  ( 0.000000000000000000, 0.000000000000000000, 1.000000000000000000 ) ) ;
#4410 = CARTESIAN_POINT ( 'NONE',  ( -7.964264401083453571, 0.6936123315216252694, -1.059165912427800560 ) ) ;
#4411 = CARTESIAN_POINT ( 'NONE',  ( -9.811345473480999502, -2.600000000000000089, -1.100000000000000089 ) ) ;
#4412 = VECTOR ( 'NONE', #1422, 1000.000000000000000 ) ;
#4413 = DIRECTION ( 'NONE',  ( -0.9455185755993017471, 0.000000000000000000, 0.3255681544572003872 ) ) ;
#4414 = ORIENTED_EDGE ( 'NONE', *, *, #2887, .T. ) ;
#4415 = CARTESIAN_POINT ( 'NONE',  ( 13.22500000000000142, 0.5000000000000000000, -4.500000000000000000 ) ) ;
#4416 = EDGE_CURVE ( 'NONE', #6857, #6980, #1324, .T. ) ;
#4417 = CARTESIAN_POINT ( 'NONE',  ( 12.77500000000000036, -1.550000000000000044, -5.500000000000000000 ) ) ;
#4418 = AXIS2_PLACEMENT_3D ( 'NONE', #1423, #7108, #1384 ) ;
#4419 = VERTEX_POINT ( 'NONE', #8552 ) ;
#4420 = AXIS2_PLACEMENT_3D ( 'NONE', #3910, #2978, #1748 ) ;
#4421 = ORIENTED_EDGE ( 'NONE', *, *, #6208, .T. ) ;
#4422 = CARTESIAN_POINT ( 'NONE',  ( 3.957208942550997310, 1.816386182405000493, -0.7220402837648000061 ) ) ;
#4423 = ORIENTED_EDGE ( 'NONE', *, *, #2114, .T. ) ;
#4424 = EDGE_CURVE ( 'NONE', #5482, #4500, #7186, .T. ) ;
#4425 = CARTESIAN_POINT ( 'NONE',  ( 12.72499999999999964, -2.600000000000000089, 0.000000000000000000 ) ) ;
#4426 = DIRECTION ( 'NONE',  ( 0.000000000000000000, -1.000000000000000000, 0.000000000000000000 ) ) ;
#4427 = CARTESIAN_POINT ( 'NONE',  ( 3.878474839888000236, 1.589500506429999849, -0.6343490298144000006 ) ) ;
#4428 =( NAMED_UNIT ( * ) PLANE_ANGLE_UNIT ( ) SI_UNIT ( $, .RADIAN. ) );
#4429 = DIRECTION ( 'NONE',  ( 0.000000000000000000, 1.000000000000000000, 0.000000000000000000 ) ) ;
#4430 = B_SPLINE_CURVE_WITH_KNOTS ( 'NONE', 3,
 ( #4922, #7788, #4078, #6946 ),
 .UNSPECIFIED., .F., .F.,
 ( 4, 4 ),
 ( 0.000000000000000000, 1.000000000000000000 ),
 .UNSPECIFIED. ) ;
#4431 = EDGE_LOOP ( 'NONE', ( #6033, #5323, #4130, #2987, #2598, #8170, #6774, #4735 ) ) ;
#4432 = CARTESIAN_POINT ( 'NONE',  ( -9.811345473480999502, -2.600000000000000089, 0.000000000000000000 ) ) ;
#4433 = DIRECTION ( 'NONE',  ( 0.000000000000000000, -1.000000000000000000, 0.000000000000000000 ) ) ;
#4434 = CIRCLE ( 'NONE', #1733, 0.4500000000000000111 ) ;
#4435 = CARTESIAN_POINT ( 'NONE',  ( -0.2491314716374000149, 6.318950303242000466, -4.299999999999999822 ) ) ;
#4436 = FACE_OUTER_BOUND ( 'NONE', #6027, .T. ) ;
#4437 = ADVANCED_FACE ( 'NONE', ( #768 ), #8763, .T. ) ;
#4438 = DIRECTION ( 'NONE',  ( 1.000000000000000000, 0.000000000000000000, 0.000000000000000000 ) ) ;
#4439 = DIRECTION ( 'NONE',  ( 0.000000000000000000, -1.000000000000000000, 0.000000000000000000 ) ) ;
#4440 = DIRECTION ( 'NONE',  ( 0.000000000000000000, 1.000000000000000000, 0.000000000000000000 ) ) ;
#4441 = ORIENTED_EDGE ( 'NONE', *, *, #5519, .T. ) ;
#4442 = CARTESIAN_POINT ( 'NONE',  ( -7.308766020979002853, 1.151585900328001344, -1.485883601440001200 ) ) ;
#4443 = DIRECTION ( 'NONE',  ( -1.000000000000000000, 0.000000000000000000, 0.000000000000000000 ) ) ;
#4444 = ORIENTED_EDGE ( 'NONE', *, *, #8036, .T. ) ;
#4445 = VECTOR ( 'NONE', #7980, 1000.000000000000000 ) ;
#4446 = CARTESIAN_POINT ( 'NONE',  ( 3.894880084167000156, 1.311605647004000064, -0.4853141880303999955 ) ) ;
#4447 = DIRECTION ( 'NONE',  ( 1.000000000000000000, 0.000000000000000000, 0.000000000000000000 ) ) ;
#4448 = ADVANCED_FACE ( 'NONE', ( #6568 ), #8016, .F. ) ;
#4449 = ORIENTED_EDGE ( 'NONE', *, *, #5041, .T. ) ;
#4450 = CARTESIAN_POINT ( 'NONE',  ( 3.884930692065999835, -1.254458560522999866, -0.4737942716776000207 ) ) ;
#4451 = ORIENTED_EDGE ( 'NONE', *, *, #7506, .T. ) ;
#4452 = DIRECTION ( 'NONE',  ( 1.000000000000000000, 0.000000000000000000, 0.000000000000000000 ) ) ;
#4453 = VECTOR ( 'NONE', #5528, 999.9999999999998863 ) ;
#4454 = DIRECTION ( 'NONE',  ( 1.421085471519999938E-13, 0.000000000000000000, -1.000000000000000000 ) ) ;
#4455 = CARTESIAN_POINT ( 'NONE',  ( 3.894773922998999272, 1.042457615242998514, -0.5814785519531995295 ) ) ;
#4456 = LINE ( 'NONE', #2916, #6870 ) ;
#4457 = CARTESIAN_POINT ( 'NONE',  ( -13.35941545092999938, -0.5000000000000000000, -4.154167216782000516 ) ) ;
#4458 = CARTESIAN_POINT ( 'NONE',  ( -9.350000000000001421, 7.250000000000000000, -0.2500000000000000000 ) ) ;
#4459 = EDGE_CURVE ( 'NONE', #4906, #3616, #1684, .T. ) ;
#4460 = ORIENTED_EDGE ( 'NONE', *, *, #7358, .F. ) ;
#4461 = CARTESIAN_POINT ( 'NONE',  ( -0.4799007024065999882, 6.318950303242000466, -4.299999999999999822 ) ) ;
#4462 = CARTESIAN_POINT ( 'NONE',  ( 3.749162084384000337, 1.750000000000000000, -0.4563652910517000394 ) ) ;
#4463 = AXIS2_PLACEMENT_3D ( 'NONE', #5353, #3237, #4691 ) ;
#4464 = EDGE_CURVE ( 'NONE', #1165, #3186, #3331, .T. ) ;
#4465 = ORIENTED_EDGE ( 'NONE', *, *, #401, .T. ) ;
#4466 = VERTEX_POINT ( 'NONE', #1172 ) ;
#4467 = ADVANCED_FACE ( 'NONE', ( #430 ), #4640, .F. ) ;
#4468 = FACE_OUTER_BOUND ( 'NONE', #4065, .T. ) ;
#4469 = EDGE_LOOP ( 'NONE', ( #8113, #8082, #1167, #3625 ) ) ;
#4470 = DIRECTION ( 'NONE',  ( -1.000000000000000000, 0.000000000000000000, 0.000000000000000000 ) ) ;
#4471 = DIRECTION ( 'NONE',  ( 1.000000000000000000, 0.000000000000000000, 0.000000000000000000 ) ) ;
#4472 = VECTOR ( 'NONE', #600, 1000.000000000000000 ) ;
#4473 = CARTESIAN_POINT ( 'NONE',  ( 13.02132084152999880, -0.2500000000000000000, -3.429120987151999866 ) ) ;
#4474 = VECTOR ( 'NONE', #3075, 1000.000000000000227 ) ;
#4475 = EDGE_CURVE ( 'NONE', #1079, #445, #8912, .T. ) ;
#4476 = CARTESIAN_POINT ( 'NONE',  ( 4.009494591580000211, -1.160933585375000021, -0.8002727604246000492 ) ) ;
#4477 = EDGE_CURVE ( 'NONE', #3497, #1552, #8252, .T. ) ;
#4478 = EDGE_CURVE ( 'NONE', #3468, #4138, #1774, .T. ) ;
#4479 = ORIENTED_EDGE ( 'NONE', *, *, #662, .F. ) ;
#4481 = CARTESIAN_POINT ( 'NONE',  ( 13.22500000000000142, -1.750000000000000000, -5.250000000000000000 ) ) ;
#4480 = VECTOR ( 'NONE', #5998, 1000.000000000000000 ) ;
#4482 = AXIS2_PLACEMENT_3D ( 'NONE', #6549, #3642, #7827 ) ;
#4483 = DIRECTION ( 'NONE',  ( 0.000000000000000000, 0.000000000000000000, -1.000000000000000000 ) ) ;
#4484 = FACE_OUTER_BOUND ( 'NONE', #9185, .T. ) ;
#4485 = FACE_OUTER_BOUND ( 'NONE', #6383, .T. ) ;
#4486 = ADVANCED_FACE ( 'NONE', ( #7503 ), #7595, .T. ) ;
#4487 = DIRECTION ( 'NONE',  ( 0.000000000000000000, -1.000000000000000000, 0.000000000000000000 ) ) ;
#4488 = DIRECTION ( 'NONE',  ( 0.000000000000000000, 0.000000000000000000, 1.000000000000000000 ) ) ;
#4489 = CARTESIAN_POINT ( 'NONE',  ( -13.42499999999999893, 1.000000000000000000, -3.600000000000000089 ) ) ;
#4490 = ORIENTED_EDGE ( 'NONE', *, *, #7966, .T. ) ;
#4491 = DIRECTION ( 'NONE',  ( -1.000000000000000000, 0.000000000000000000, 0.000000000000000000 ) ) ;
#4492 = B_SPLINE_CURVE_WITH_KNOTS ( 'NONE', 3,
 ( #497, #8269, #1840, #7568, #3299, #3993 ),
 .UNSPECIFIED., .F., .F.,
 ( 4, 1, 1, 4 ),
 ( 0.000000000000000000, 0.3333333333333000081, 0.6666666666667000474, 1.000000000000000000 ),
 .UNSPECIFIED. ) ;
#4493 = VECTOR ( 'NONE', #8313, 1000.000000000000000 ) ;
#4494 = VECTOR ( 'NONE', #3633, 1000.000000000000000 ) ;
#4495 = CARTESIAN_POINT ( 'NONE',  ( 3.887824635499053549, 1.537652634399471197, -0.6472910602086092702 ) ) ;
#4496 = VERTEX_POINT ( 'NONE', #1823 ) ;
#4497 = CARTESIAN_POINT ( 'NONE',  ( 3.932234486062000212, 1.422338470593000004, -0.6426391228418000257 ) ) ;
#4498 = AXIS2_PLACEMENT_3D ( 'NONE', #4855, #5827, #857 ) ;
#4499 = CARTESIAN_POINT ( 'NONE',  ( -7.226614307856996433, -1.252833393926999772, -1.514170704746998775 ) ) ;
#4500 = VERTEX_POINT ( 'NONE', #5349 ) ;
#4501 = CARTESIAN_POINT ( 'NONE',  ( 3.970980593184000096, -1.219803455672999970, -0.7155558684273999326 ) ) ;
#4502 = EDGE_CURVE ( 'NONE', #500, #1424, #5448, .T. ) ;
#4503 = AXIS2_PLACEMENT_3D ( 'NONE', #8511, #4942, #5699 ) ;
#4504 = EDGE_LOOP ( 'NONE', ( #2011, #4, #6672, #471, #350, #4051, #3104, #6338 ) ) ;
#4505 = EDGE_CURVE ( 'NONE', #6978, #5188, #8125, .T. ) ;
#4506 = CARTESIAN_POINT ( 'NONE',  ( -14.25000000000000000, -3.500000000000000000, -5.500000000000000000 ) ) ;
#4507 = B_SPLINE_CURVE_WITH_KNOTS ( 'NONE', 3,
 ( #8946, #3077, #5944, #936 ),
 .UNSPECIFIED., .F., .F.,
 ( 4, 4 ),
 ( 0.000000000000000000, 1.000000000000000000 ),
 .UNSPECIFIED. ) ;
#4508 = DIRECTION ( 'NONE',  ( 0.000000000000000000, -1.000000000000000000, 0.000000000000000000 ) ) ;
#4509 = VECTOR ( 'NONE', #3142, 1000.000000000000000 ) ;
#4510 = DIRECTION ( 'NONE',  ( 0.000000000000000000, -1.000000000000000000, 0.000000000000000000 ) ) ;
#4511 = DIRECTION ( 'NONE',  ( 0.000000000000000000, -1.000000000000000000, 0.000000000000000000 ) ) ;
#4512 = CARTESIAN_POINT ( 'NONE',  ( 8.606979463758221982, -0.2416662739362156753, -4.000000000000000000 ) ) ;
#4513 = CARTESIAN_POINT ( 'NONE',  ( 13.47500000000000142, -2.500000000000000000, -5.250000000000000000 ) ) ;
#4514 = VERTEX_POINT ( 'NONE', #3976 ) ;
#4515 = DIRECTION ( 'NONE',  ( 0.000000000000000000, -1.000000000000000000, 0.000000000000000000 ) ) ;
#4516 = AXIS2_PLACEMENT_3D ( 'NONE', #6858, #9114, #3291 ) ;
#4517 = LINE ( 'NONE', #7986, #8841 ) ;
#4518 = VECTOR ( 'NONE', #5573, 1000.000000000000000 ) ;
#4519 = VERTEX_POINT ( 'NONE', #6151 ) ;
#4520 = EDGE_CURVE ( 'NONE', #7492, #8925, #8103, .T. ) ;
#4521 = ORIENTED_EDGE ( 'NONE', *, *, #4704, .F. ) ;
#4522 = CARTESIAN_POINT ( 'NONE',  ( 3.632300324292000226, 0.7016163197384995831, -0.2748419357882999070 ) ) ;
#4523 = EDGE_LOOP ( 'NONE', ( #6861, #7896, #2048, #3957 ) ) ;
#4524 = DIRECTION ( 'NONE',  ( 0.000000000000000000, 0.000000000000000000, -1.000000000000000000 ) ) ;
#4525 = CARTESIAN_POINT ( 'NONE',  ( 3.900384804469999800, 0.9369334802347999425, -0.6639559802218000240 ) ) ;
#4526 = EDGE_LOOP ( 'NONE', ( #3799, #4687, #6868, #6143 ) ) ;
#4527 = CARTESIAN_POINT ( 'NONE',  ( 3.952110450919000151, 1.254458537402999951, -0.3954394301994999528 ) ) ;
#4528 = FACE_OUTER_BOUND ( 'NONE', #7905, .T. ) ;
#4529 = ADVANCED_FACE ( 'NONE', ( #8757 ), #6790, .T. ) ;
#4530 = CARTESIAN_POINT ( 'NONE',  ( 3.972179530881999820, -1.254091339121000015, -0.6732216302268000385 ) ) ;
#4531 = EDGE_CURVE ( 'NONE', #6961, #8637, #2413, .T. ) ;
#4532 = ORIENTED_EDGE ( 'NONE', *, *, #5907, .F. ) ;
#4533 = CARTESIAN_POINT ( 'NONE',  ( 12.97499999999999964, -2.000000000000000000, -1.350000000000000089 ) ) ;
#4534 = LINE ( 'NONE', #6600, #620 ) ;
#4535 = LINE ( 'NONE', #5183, #632 ) ;
#4536 = LINE ( 'NONE', #973, #4970 ) ;
#4537 = LINE ( 'NONE', #1020, #3121 ) ;
#4538 = CARTESIAN_POINT ( 'NONE',  ( 12.72499999999999964, -0.5000000000000000000, -4.450000000000000178 ) ) ;
#4539 = DIRECTION ( 'NONE',  ( 0.000000000000000000, -1.000000000000000000, 0.000000000000000000 ) ) ;
#4540 = EDGE_CURVE ( 'NONE', #8998, #4937, #2455, .T. ) ;
#4541 = VERTEX_POINT ( 'NONE', #3027 ) ;
#4542 = ORIENTED_EDGE ( 'NONE', *, *, #7809, .T. ) ;
#4543 = CARTESIAN_POINT ( 'NONE',  ( -7.060046313140998286, 1.140826018599000236, -1.554468452712999493 ) ) ;
#4544 = CARTESIAN_POINT ( 'NONE',  ( -0.2491314716374000149, 6.408693892986000229, -4.299999999999999822 ) ) ;
#4545 = ORIENTED_EDGE ( 'NONE', *, *, #3654, .T. ) ;
#4546 = CARTESIAN_POINT ( 'NONE',  ( -9.350000000000001421, 6.349999999999999645, -0.2500000000000000000 ) ) ;
#4547 = LINE ( 'NONE', #3795, #6702 ) ;
#4548 = ORIENTED_EDGE ( 'NONE', *, *, #9072, .T. ) ;
#4549 = CARTESIAN_POINT ( 'NONE',  ( 3.946432662077999698, -1.139922270700000073, -0.6224827663390999355 ) ) ;
#4550 = VERTEX_POINT ( 'NONE', #7303 ) ;
#4551 = CARTESIAN_POINT ( 'NONE',  ( -7.212490067225000523, 1.750000000000000000, -1.206277929287999928 ) ) ;
#4552 = CARTESIAN_POINT ( 'NONE',  ( 3.733053406463000989, -1.649482844887000033, -0.3023968232940002498 ) ) ;
#4553 = CARTESIAN_POINT ( 'NONE',  ( 8.345709992843000080, 0.4241200672368000135, -3.800299258013999815 ) ) ;
#4554 = PLANE ( 'NONE',  #4170 ) ;
#4555 = FACE_OUTER_BOUND ( 'NONE', #6280, .T. ) ;
#4556 = ORIENTED_EDGE ( 'NONE', *, *, #2327, .T. ) ;
#4557 = FACE_OUTER_BOUND ( 'NONE', #8446, .T. ) ;
#4558 = EDGE_LOOP ( 'NONE', ( #6753, #1292, #2666, #7468, #3207, #3648, #7121, #4895, #7368 ) ) ;
#4559 = ORIENTED_EDGE ( 'NONE', *, *, #6942, .F. ) ;
#4560 = CARTESIAN_POINT ( 'NONE',  ( 3.888248258867000651, -1.603549415951000645, -0.6466252040115002542 ) ) ;
#4561 = ORIENTED_EDGE ( 'NONE', *, *, #6756, .F. ) ;
#4562 = DIRECTION ( 'NONE',  ( -0.8088400402561499725, -0.02091427258645869869, -0.5876566875996639405 ) ) ;
#4563 = DIRECTION ( 'NONE',  ( -0.000000000000000000, 1.000000000000000000, 0.000000000000000000 ) ) ;
#4564 = ORIENTED_EDGE ( 'NONE', *, *, #7379, .T. ) ;
#4565 = DIRECTION ( 'NONE',  ( 0.000000000000000000, 0.000000000000000000, -1.000000000000000000 ) ) ;
#4566 = PRODUCT_CONTEXT ( 'NONE', #4358, 'mechanical' ) ;
#4567 = ADVANCED_FACE ( 'NONE', ( #2359 ), #228, .T. ) ;
#4568 = PLANE ( 'NONE',  #1630 ) ;
#4569 = CIRCLE ( 'NONE', #3522, 1.000000000000000000 ) ;
#4570 = AXIS2_PLACEMENT_3D ( 'NONE', #6041, #1712, #4626 ) ;
#4571 = VECTOR ( 'NONE', #462, 1000.000000000000000 ) ;
#4572 = ORIENTED_EDGE ( 'NONE', *, *, #7809, .F. ) ;
#4573 = LINE ( 'NONE', #6081, #6876 ) ;
#4574 = CARTESIAN_POINT ( 'NONE',  ( -13.22500000000000142, -2.600000000000000089, -5.500000000000000000 ) ) ;
#4575 = CARTESIAN_POINT ( 'NONE',  ( -9.500000000000000000, 6.500000000000000000, 0.000000000000000000 ) ) ;
#4576 = CARTESIAN_POINT ( 'NONE',  ( 3.457502817664415584, 0.8133842257498851147, -0.3955971729357714572 ) ) ;
#4577 = VECTOR ( 'NONE', #7585, 1000.000000000000000 ) ;
#4578 = CARTESIAN_POINT ( 'NONE',  ( 0.000000000000000000, 6.500000000000000000, -4.200000000000000178 ) ) ;
#4579 = VECTOR ( 'NONE', #3515, 1000.000000000000000 ) ;
#4580 = FACE_OUTER_BOUND ( 'NONE', #1245, .T. ) ;
#4581 = CARTESIAN_POINT ( 'NONE',  ( -9.599999999999999645, -8.000000000000000000, -5.500000000000000000 ) ) ;
#4582 = ADVANCED_FACE ( 'NONE', ( #320, #4436 ), #8139, .T. ) ;
#4583 = VERTEX_POINT ( 'NONE', #1067 ) ;
#4584 = CARTESIAN_POINT ( 'NONE',  ( 14.25000000000000000, -2.000000000000000000, -5.500000000000000000 ) ) ;
#4585 = CARTESIAN_POINT ( 'NONE',  ( -13.22500000000000142, 2.000000000000000000, -5.250000000000000000 ) ) ;
#4586 = AXIS2_PLACEMENT_3D ( 'NONE', #5581, #2566, #2041 ) ;
#4587 = EDGE_CURVE ( 'NONE', #4906, #5595, #4536, .T. ) ;
#4588 = ORIENTED_EDGE ( 'NONE', *, *, #22, .T. ) ;
#4589 = CARTESIAN_POINT ( 'NONE',  ( 3.870367030301999911, 1.283488341521000109, -0.4532432191488000028 ) ) ;
#4590 = ADVANCED_FACE ( 'NONE', ( #3919 ), #6007, .F. ) ;
#4591 = ORIENTED_EDGE ( 'NONE', *, *, #5948, .T. ) ;
#4592 = CARTESIAN_POINT ( 'NONE',  ( -7.110084788002998479, -1.154288557693000206, -1.537238824090998657 ) ) ;
#4593 = ORIENTED_EDGE ( 'NONE', *, *, #4699, .F. ) ;
#4594 = CARTESIAN_POINT ( 'NONE',  ( 3.896650342580000093, -1.020614265409000021, -0.6208236566474000240 ) ) ;
#4595 = EDGE_CURVE ( 'NONE', #4157, #5869, #3119, .T. ) ;
#4596 = ORIENTED_EDGE ( 'NONE', *, *, #5064, .T. ) ;
#4597 = CARTESIAN_POINT ( 'NONE',  ( 3.902963027750000258, 1.592119621168001764, -0.6662013541650003701 ) ) ;
#4598 = DIRECTION ( 'NONE',  ( 0.000000000000000000, 1.000000000000000000, 0.000000000000000000 ) ) ;
#4599 = DIRECTION ( 'NONE',  ( 1.000000000000000000, 0.000000000000000000, 0.000000000000000000 ) ) ;
#4600 = DIRECTION ( 'NONE',  ( -0.8090169943749183634, 0.000000000000000000, -0.5877852522925132162 ) ) ;
#4601 = CARTESIAN_POINT ( 'NONE',  ( 13.34916573867999823, 2.500000000000000000, -1.100000000000000089 ) ) ;
#4602 = VECTOR ( 'NONE', #1412, 1000.000000000000000 ) ;
#4603 = ORIENTED_EDGE ( 'NONE', *, *, #7701, .F. ) ;
#4604 = DIRECTION ( 'NONE',  ( 0.000000000000000000, 1.000000000000000000, 0.000000000000000000 ) ) ;
#4605 = AXIS2_PLACEMENT_3D ( 'NONE', #55, #755, #2276 ) ;
#4606 = ORIENTED_EDGE ( 'NONE', *, *, #4063, .T. ) ;
#4607 = ORIENTED_EDGE ( 'NONE', *, *, #2405, .F. ) ;
#4608 = CARTESIAN_POINT ( 'NONE',  ( 3.860224622434999198, -1.517425820357000354, -0.5897446520774998202 ) ) ;
#4609 = EDGE_LOOP ( 'NONE', ( #5559, #4847, #5682, #3762, #2401, #196, #1103, #7159 ) ) ;
#4610 = CARTESIAN_POINT ( 'NONE',  ( -7.650725455797999786, -6.669999999999999929, -4.000000000000000000 ) ) ;
#4611 = DIRECTION ( 'NONE',  ( -0.9455185755993017471, 0.000000000000000000, 0.3255681544572005537 ) ) ;
#4612 = PLANE ( 'NONE',  #6075 ) ;
#4613 = ORIENTED_EDGE ( 'NONE', *, *, #7606, .T. ) ;
#4614 = VECTOR ( 'NONE', #5274, 1000.000000000000000 ) ;
#4615 = CARTESIAN_POINT ( 'NONE',  ( 12.84005928412999964, 0.2500000000000000000, -3.513644639500000277 ) ) ;
#4616 = DIRECTION ( 'NONE',  ( 0.000000000000000000, 0.000000000000000000, 1.000000000000000000 ) ) ;
#4617 = CARTESIAN_POINT ( 'NONE',  ( 3.907926300105999839, -1.007387195536000091, -0.6691751800299999831 ) ) ;
#4618 = ORIENTED_EDGE ( 'NONE', *, *, #1029, .F. ) ;
#4619 = CARTESIAN_POINT ( 'NONE',  ( -6.246799180380000038, 8.000000000000000000, 0.000000000000000000 ) ) ;
#4620 = LINE ( 'NONE', #5522, #2696 ) ;
#4621 = VECTOR ( 'NONE', #7322, 1000.000000000000000 ) ;
#4622 = CYLINDRICAL_SURFACE ( 'NONE', #1815, 10.14999999999999858 ) ;
#4623 = DIRECTION ( 'NONE',  ( 0.000000000000000000, -1.000000000000000000, 0.000000000000000000 ) ) ;
#4624 = CYLINDRICAL_SURFACE ( 'NONE', #8770, 0.4199999999999998179 ) ;
#4625 = CARTESIAN_POINT ( 'NONE',  ( 3.946019817331665180, -1.107209392077748156, -0.6645641134264949068 ) ) ;
#4626 = DIRECTION ( 'NONE',  ( 0.000000000000000000, 1.000000000000000000, 0.000000000000000000 ) ) ;
#4627 = ORIENTED_EDGE ( 'NONE', *, *, #1648, .T. ) ;
#4628 = DIRECTION ( 'NONE',  ( -0.000000000000000000, 1.000000000000000000, 0.000000000000000000 ) ) ;
#4629 = AXIS2_PLACEMENT_3D ( 'NONE', #4533, #5985, #796 ) ;
#4630 = CARTESIAN_POINT ( 'NONE',  ( 0.000000000000000000, 0.000000000000000000, -0.8000000000000000444 ) ) ;
#4631 = ORIENTED_EDGE ( 'NONE', *, *, #7855, .T. ) ;
#4632 = EDGE_CURVE ( 'NONE', #2425, #2407, #5989, .T. ) ;
#4633 = CARTESIAN_POINT ( 'NONE',  ( 3.913714461267999933, 1.267603429191999975, -0.5113169769372000184 ) ) ;
#4634 = VECTOR ( 'NONE', #2283, 1000.000000000000000 ) ;
#4635 = EDGE_LOOP ( 'NONE', ( #2522, #3318, #4675, #1178 ) ) ;
#4636 = PLANE ( 'NONE',  #2195 ) ;
#4637 = VECTOR ( 'NONE', #2980, 1000.000000000000114 ) ;
#4638 = ORIENTED_EDGE ( 'NONE', *, *, #4401, .F. ) ;
#4639 = EDGE_CURVE ( 'NONE', #5893, #7811, #535, .T. ) ;
#4640 = PLANE ( 'NONE',  #7073 ) ;
#4641 = EDGE_CURVE ( 'NONE', #5482, #8285, #8047, .T. ) ;
#4642 = AXIS2_PLACEMENT_3D ( 'NONE', #7158, #2697, #40 ) ;
#4643 = EDGE_LOOP ( 'NONE', ( #9010, #3397, #6813, #4396 ) ) ;
#4644 = DIRECTION ( 'NONE',  ( 1.000000000000000000, 0.000000000000000000, 0.000000000000000000 ) ) ;
#4645 = FACE_OUTER_BOUND ( 'NONE', #7491, .T. ) ;
#4646 = DIRECTION ( 'NONE',  ( 0.000000000000000000, 0.000000000000000000, 1.000000000000000000 ) ) ;
#4647 = FACE_OUTER_BOUND ( 'NONE', #6319, .T. ) ;
#4648 = ORIENTED_EDGE ( 'NONE', *, *, #5226, .F. ) ;
#4649 = AXIS2_PLACEMENT_3D ( 'NONE', #8172, #1841, #9076 ) ;
#4650 = EDGE_CURVE ( 'NONE', #2112, #4976, #367, .T. ) ;
#4651 = FACE_OUTER_BOUND ( 'NONE', #2040, .T. ) ;
#4652 = EDGE_CURVE ( 'NONE', #4541, #8518, #6602, .T. ) ;
#4653 = ORIENTED_EDGE ( 'NONE', *, *, #7344, .T. ) ;
#4654 = AXIS2_PLACEMENT_3D ( 'NONE', #5100, #7958, #617 ) ;
#4655 = ORIENTED_EDGE ( 'NONE', *, *, #6518, .T. ) ;
#4656 = CARTESIAN_POINT ( 'NONE',  ( 3.878228760369001105, -1.479355826453001788, -0.5590542156584002997 ) ) ;
#4657 = ORIENTED_EDGE ( 'NONE', *, *, #9064, .T. ) ;
#4658 = PLANE ( 'NONE',  #9174 ) ;
#4659 = AXIS2_PLACEMENT_3D ( 'NONE', #195, #2368, #5243 ) ;
#4660 = LINE ( 'NONE', #2443, #4050 ) ;
#4661 = LINE ( 'NONE', #5466, #1427 ) ;
#4662 = ORIENTED_EDGE ( 'NONE', *, *, #5219, .F. ) ;
#4663 = CARTESIAN_POINT ( 'NONE',  ( -9.951004974372999357, -2.000000000000000000, -4.000000000000000000 ) ) ;
#4664 = DIRECTION ( 'NONE',  ( -1.000000000000000000, 0.000000000000000000, 0.000000000000000000 ) ) ;
#4665 = AXIS2_PLACEMENT_3D ( 'NONE', #216, #6589, #8660 ) ;
#4666 = ORIENTED_EDGE ( 'NONE', *, *, #8023, .T. ) ;
#4667 = DIRECTION ( 'NONE',  ( 0.000000000000000000, -1.000000000000000000, 0.000000000000000000 ) ) ;
#4668 = CARTESIAN_POINT ( 'NONE',  ( -12.97499999999999964, -2.500000000000000000, -0.9000000000000000222 ) ) ;
#4669 = ORIENTED_EDGE ( 'NONE', *, *, #2571, .F. ) ;
#4670 = LINE ( 'NONE', #3356, #486 ) ;
#4671 = DIRECTION ( 'NONE',  ( 0.000000000000000000, 1.000000000000000000, 0.000000000000000000 ) ) ;
#4672 = DIRECTION ( 'NONE',  ( 0.000000000000000000, 0.000000000000000000, -1.000000000000000000 ) ) ;
#4673 = DIRECTION ( 'NONE',  ( 0.000000000000000000, -1.000000000000000000, 0.000000000000000000 ) ) ;
#4674 = DIRECTION ( 'NONE',  ( 0.000000000000000000, -1.000000000000000000, 0.000000000000000000 ) ) ;
#4675 = ORIENTED_EDGE ( 'NONE', *, *, #8304, .F. ) ;
#4676 = CARTESIAN_POINT ( 'NONE',  ( -15.84999999999999964, -2.500000000000000000, -5.500000000000000000 ) ) ;
#4677 = DIRECTION ( 'NONE',  ( 0.000000000000000000, -1.000000000000000000, 0.000000000000000000 ) ) ;
#4678 = ORIENTED_EDGE ( 'NONE', *, *, #1863, .T. ) ;
#4679 = CARTESIAN_POINT ( 'NONE',  ( 3.959722877682999798, 1.324229090523999952, -0.6395461879858999055 ) ) ;
#4680 = ORIENTED_EDGE ( 'NONE', *, *, #988, .F. ) ;
#4681 = CARTESIAN_POINT ( 'NONE',  ( -7.148559728572003280, -1.281723703936000769, -1.560322462532000243 ) ) ;
#4682 = ADVANCED_FACE ( 'NONE', ( #4485 ), #7351, .T. ) ;
#4683 = ORIENTED_EDGE ( 'NONE', *, *, #8204, .F. ) ;
#4684 = CARTESIAN_POINT ( 'NONE',  ( -12.72499999999999964, -2.600000000000000089, -1.100000000000000089 ) ) ;
#4685 = EDGE_CURVE ( 'NONE', #1410, #1888, #1672, .T. ) ;
#4686 = CARTESIAN_POINT ( 'NONE',  ( 3.982404207343640756, 1.467119382637381619, -0.7673574458065285375 ) ) ;
#4687 = ORIENTED_EDGE ( 'NONE', *, *, #6244, .F. ) ;
#4688 = CARTESIAN_POINT ( 'NONE',  ( -12.22499999999999964, 2.000000000000000000, -5.500000000000000000 ) ) ;
#4689 = EDGE_CURVE ( 'NONE', #6839, #5393, #146, .T. ) ;
#4690 = LINE ( 'NONE', #5500, #6572 ) ;
#4691 = DIRECTION ( 'NONE',  ( 1.000000000000000000, 0.000000000000000000, 0.000000000000000000 ) ) ;
#4692 = DIRECTION ( 'NONE',  ( -0.000000000000000000, 1.000000000000000000, 0.000000000000000000 ) ) ;
#4693 = ADVANCED_FACE ( 'NONE', ( #4395 ), #3035, .F. ) ;
#4694 = ORIENTED_EDGE ( 'NONE', *, *, #4759, .T. ) ;
#4695 = EDGE_CURVE ( 'NONE', #2439, #2637, #894, .T. ) ;
#4696 = CARTESIAN_POINT ( 'NONE',  ( -8.929632206357000612, 4.129999999999999893, -0.4439320438809000180 ) ) ;
#4697 = EDGE_LOOP ( 'NONE', ( #3114, #1499, #1676, #5105, #1846, #4968, #2033, #3872 ) ) ;
#4698 = EDGE_LOOP ( 'NONE', ( #1095, #9066, #7399, #8452 ) ) ;
#4699 = EDGE_CURVE ( 'NONE', #1603, #5279, #5945, .T. ) ;
#4700 = CARTESIAN_POINT ( 'NONE',  ( -7.800757503472999232, -1.750000000000000000, -1.532531547581999831 ) ) ;
#4701 = ORIENTED_EDGE ( 'NONE', *, *, #714, .F. ) ;
#4702 = CARTESIAN_POINT ( 'NONE',  ( 13.42499999999999893, 2.000000000000000000, -5.250000000000000000 ) ) ;
#4703 = DIRECTION ( 'NONE',  ( 0.9455185755993017471, 0.000000000000000000, -0.3255681544572003872 ) ) ;
#4704 = EDGE_CURVE ( 'NONE', #3242, #5427, #8256, .T. ) ;
#4705 = LINE ( 'NONE', #7570, #8624 ) ;
#4706 = ORIENTED_EDGE ( 'NONE', *, *, #3624, .F. ) ;
#4707 = LINE ( 'NONE', #7572, #709 ) ;
#4708 = DIRECTION ( 'NONE',  ( 0.3255681544572004427, 0.000000000000000000, 0.9455185755993018581 ) ) ;
#4709 = VERTEX_POINT ( 'NONE', #941 ) ;
#4710 = CARTESIAN_POINT ( 'NONE',  ( -7.158662165802999411, -1.224574780638000071, -1.383455464291999837 ) ) ;
#4711 = EDGE_CURVE ( 'NONE', #449, #6697, #1518, .T. ) ;
#4712 = CARTESIAN_POINT ( 'NONE',  ( 12.72499999999999964, -2.600000000000000089, 1.523975065412999985 ) ) ;
#4713 = EDGE_LOOP ( 'NONE', ( #1275, #7602, #9102, #1007 ) ) ;
#4714 = DIRECTION ( 'NONE',  ( 0.000000000000000000, 1.000000000000000000, 0.000000000000000000 ) ) ;
#4715 = CARTESIAN_POINT ( 'NONE',  ( -9.650000000000000355, 7.250000000000000000, -0.2500000000000000000 ) ) ;
#4716 = DIRECTION ( 'NONE',  ( -0.000000000000000000, 1.000000000000000000, 0.000000000000000000 ) ) ;
#4717 = VECTOR ( 'NONE', #5378, 1000.000000000000000 ) ;
#4718 = DIRECTION ( 'NONE',  ( 0.000000000000000000, 0.000000000000000000, -1.000000000000000000 ) ) ;
#4719 = PLANE ( 'NONE',  #8325 ) ;
#4720 = VECTOR ( 'NONE', #3338, 1000.000000000000227 ) ;
#4721 = VERTEX_POINT ( 'NONE', #5863 ) ;
#4722 = CARTESIAN_POINT ( 'NONE',  ( 13.35941545092999938, -0.7500000000000000000, -4.500000000000000000 ) ) ;
#4723 = VECTOR ( 'NONE', #3159, 1000.000000000000000 ) ;
#4724 = DIRECTION ( 'NONE',  ( 0.000000000000000000, 0.000000000000000000, -1.000000000000000000 ) ) ;
#4725 = ORIENTED_EDGE ( 'NONE', *, *, #5783, .T. ) ;
#4726 = CARTESIAN_POINT ( 'NONE',  ( 3.954796671477999848, 1.374168447358999900, -0.6956402256578999577 ) ) ;
#4727 = VECTOR ( 'NONE', #1854, 1000.000000000000000 ) ;
#4728 = ORIENTED_EDGE ( 'NONE', *, *, #8497, .F. ) ;
#4729 = CARTESIAN_POINT ( 'NONE',  ( -7.277603698116000608, 1.750000000000000000, -1.395381644408000055 ) ) ;
#4730 = VERTEX_POINT ( 'NONE', #8148 ) ;
#4731 = LINE ( 'NONE', #4415, #848 ) ;
#4732 = CARTESIAN_POINT ( 'NONE',  ( -9.223901616752998578, -2.500000000000000000, -4.744176115842999586 ) ) ;
#4733 = CIRCLE ( 'NONE', #5645, 10.14999999999999680 ) ;
#4734 = EDGE_CURVE ( 'NONE', #8487, #26, #8765, .T. ) ;
#4735 = ORIENTED_EDGE ( 'NONE', *, *, #7347, .T. ) ;
#4736 = DIRECTION ( 'NONE',  ( 0.3255681544572003872, 0.000000000000000000, 0.9455185755993017471 ) ) ;
#4737 = EDGE_CURVE ( 'NONE', #2488, #3880, #5108, .T. ) ;
#4738 = EDGE_CURVE ( 'NONE', #6166, #6414, #3693, .T. ) ;
#4739 = CARTESIAN_POINT ( 'NONE',  ( 9.014631942059999403, 4.129999999999999893, -0.2678610386531000143 ) ) ;
#4740 = CARTESIAN_POINT ( 'NONE',  ( -9.179185367155000108, 0.5271572148129000102, -4.000000000000000000 ) ) ;
#4741 = CARTESIAN_POINT ( 'NONE',  ( 11.07499999999999929, 2.600000000000000089, -5.500000000000000000 ) ) ;
#4742 = ORIENTED_EDGE ( 'NONE', *, *, #1714, .F. ) ;
#4743 = CYLINDRICAL_SURFACE ( 'NONE', #6148, 0.2500000000000002776 ) ;
#4744 = ORIENTED_EDGE ( 'NONE', *, *, #6893, .T. ) ;
#4745 = EDGE_LOOP ( 'NONE', ( #6130, #4178, #1037, #7066, #4229, #6831, #9175, #1328, #5781, #6844 ) ) ;
#4746 = EDGE_CURVE ( 'NONE', #125, #5188, #1265, .T. ) ;
#4747 = AXIS2_PLACEMENT_3D ( 'NONE', #5303, #1829, #3982 ) ;
#4748 = FACE_OUTER_BOUND ( 'NONE', #5444, .T. ) ;
#4749 = ORIENTED_EDGE ( 'NONE', *, *, #7839, .T. ) ;
#4750 = LINE ( 'NONE', #446, #7225 ) ;
#4751 = CARTESIAN_POINT ( 'NONE',  ( 10.95083426132000071, 2.500000000000000000, -1.100000000000000089 ) ) ;
#4752 = FACE_OUTER_BOUND ( 'NONE', #1719, .T. ) ;
#4753 = ORIENTED_EDGE ( 'NONE', *, *, #977, .F. ) ;
#4754 =( LENGTH_UNIT ( ) NAMED_UNIT ( * ) SI_UNIT ( .MILLI., .METRE. ) );
#4755 = CARTESIAN_POINT ( 'NONE',  ( -8.750000000000000000, 6.349999999999999645, -0.5000000000000000000 ) ) ;
#4756 = EDGE_CURVE ( 'NONE', #4987, #8179, #2280, .T. ) ;
#4757 = EDGE_CURVE ( 'NONE', #2649, #3572, #3833, .T. ) ;
#4758 = ORIENTED_EDGE ( 'NONE', *, *, #588, .F. ) ;
#4759 = EDGE_CURVE ( 'NONE', #5253, #6810, #6669, .T. ) ;
#4760 = LINE ( 'NONE', #2599, #3432 ) ;
#4761 = LINE ( 'NONE', #2502, #2377 ) ;
#4762 = VECTOR ( 'NONE', #2976, 1000.000000000000000 ) ;
#4763 = ORIENTED_EDGE ( 'NONE', *, *, #4980, .T. ) ;
#4764 = DIRECTION ( 'NONE',  ( 0.000000000000000000, -1.000000000000000000, 0.000000000000000000 ) ) ;
#4765 = CARTESIAN_POINT ( 'NONE',  ( -8.750000000000000000, 6.649999999999999467, -0.5000000000000000000 ) ) ;
#4766 = LINE ( 'NONE', #5617, #8163 ) ;
#4767 = CYLINDRICAL_SURFACE ( 'NONE', #8355, 0.5000000000000004441 ) ;
#4768 = DIRECTION ( 'NONE',  ( 0.000000000000000000, -1.000000000000000000, 0.000000000000000000 ) ) ;
#4769 = ORIENTED_EDGE ( 'NONE', *, *, #7405, .F. ) ;
#4770 = ORIENTED_EDGE ( 'NONE', *, *, #1512, .F. ) ;
#4771 = LINE ( 'NONE', #2658, #3445 ) ;
#4772 = B_SPLINE_CURVE_WITH_KNOTS ( 'NONE', 3,
 ( #9089, #606, #4818, #6133 ),
 .UNSPECIFIED., .F., .F.,
 ( 4, 4 ),
 ( 0.000000000000000000, 1.000000000000000000 ),
 .UNSPECIFIED. ) ;
#4773 = EDGE_CURVE ( 'NONE', #6857, #2573, #98, .T. ) ;
#4774 = FACE_OUTER_BOUND ( 'NONE', #3416, .T. ) ;
#4775 = EDGE_LOOP ( 'NONE', ( #3392, #9261, #653, #6711 ) ) ;
#4776 = CARTESIAN_POINT ( 'NONE',  ( 3.911064877967000086, 1.279755133679000068, -0.5076492122500000370 ) ) ;
#4777 = VECTOR ( 'NONE', #5286, 1000.000000000000000 ) ;
#4779 = B_SPLINE_CURVE_WITH_KNOTS ( 'NONE', 3,
 ( #8359, #4696, #7658, #1234, #6161, #4086 ),
 .UNSPECIFIED., .F., .F.,
 ( 4, 1, 1, 4 ),
 ( 0.000000000000000000, 0.3333333333333000081, 0.6666666666667000474, 1.000000000000000000 ),
 .UNSPECIFIED. ) ;
#4778 = CARTESIAN_POINT ( 'NONE',  ( 7.650725455797999786, 6.669999999999999929, -0.8000000000000000444 ) ) ;
#4780 = ORIENTED_EDGE ( 'NONE', *, *, #4398, .F. ) ;
#4781 = PLANE ( 'NONE',  #3849 ) ;
#4782 = VERTEX_POINT ( 'NONE', #8813 ) ;
#4783 = CYLINDRICAL_SURFACE ( 'NONE', #5786, 1.000000000000000000 ) ;
#4784 = CIRCLE ( 'NONE', #748, 0.09999999999999965861 ) ;
#4785 = AXIS2_PLACEMENT_3D ( 'NONE', #1781, #1734, #4599 ) ;
#4786 = VERTEX_POINT ( 'NONE', #2948 ) ;
#4787 = FACE_OUTER_BOUND ( 'NONE', #1284, .T. ) ;
#4788 = AXIS2_PLACEMENT_3D ( 'NONE', #9243, #6342, #6480 ) ;
#4789 = VECTOR ( 'NONE', #7712, 1000.000000000000000 ) ;
#4790 = DIRECTION ( 'NONE',  ( 0.000000000000000000, 0.000000000000000000, -1.000000000000000000 ) ) ;
#4791 = CARTESIAN_POINT ( 'NONE',  ( 11.32499999999999929, -2.500000000000000000, -1.350000000000000089 ) ) ;
#4792 = DIRECTION ( 'NONE',  ( 0.4226182617406808451, 0.000000000000000000, -0.9063077870366585964 ) ) ;
#4793 = ORIENTED_EDGE ( 'NONE', *, *, #8291, .T. ) ;
#4794 = DIRECTION ( 'NONE',  ( 0.4226182617406838427, 0.000000000000000000, 0.9063077870366573752 ) ) ;
#4795 = AXIS2_PLACEMENT_3D ( 'NONE', #6129, #6221, #4055 ) ;
#4796 = VECTOR ( 'NONE', #1878, 1000.000000000000000 ) ;
#4797 = ORIENTED_EDGE ( 'NONE', *, *, #2497, .F. ) ;
#4798 = VERTEX_POINT ( 'NONE', #6613 ) ;
#4799 = CARTESIAN_POINT ( 'NONE',  ( 3.896580491669308532, 1.046314410630755143, -0.5843251517239054227 ) ) ;
#4800 = AXIS2_PLACEMENT_3D ( 'NONE', #7525, #2594, #5363 ) ;
#4801 = ORIENTED_EDGE ( 'NONE', *, *, #3841, .T. ) ;
#4802 = VECTOR ( 'NONE', #1196, 1000.000000000000000 ) ;
#4803 = CARTESIAN_POINT ( 'NONE',  ( -8.929632206060000854, -4.129999999999999893, -0.3560679564272999920 ) ) ;
#4804 = CARTESIAN_POINT ( 'NONE',  ( 11.32499999999999929, 2.500000000000000000, -0.9000000000000000222 ) ) ;
#4805 = DIRECTION ( 'NONE',  ( 0.000000000000000000, 0.000000000000000000, -1.000000000000000000 ) ) ;
#4806 = ORIENTED_EDGE ( 'NONE', *, *, #4641, .T. ) ;
#4807 = CARTESIAN_POINT ( 'NONE',  ( 8.284120188299999299, -0.4159517489442000060, -4.000000000000000000 ) ) ;
#4808 = EDGE_CURVE ( 'NONE', #2072, #3054, #6168, .T. ) ;
#4809 = CARTESIAN_POINT ( 'NONE',  ( 8.641778518293998346, -1.750000000000000000, -4.000000000000000000 ) ) ;
#4810 = EDGE_CURVE ( 'NONE', #1207, #5110, #8105, .T. ) ;
#4811 = ORIENTED_EDGE ( 'NONE', *, *, #4298, .F. ) ;
#4812 = DIRECTION ( 'NONE',  ( 0.000000000000000000, 0.000000000000000000, -1.000000000000000000 ) ) ;
#4813 = LINE ( 'NONE', #3403, #8241 ) ;
#4814 = VERTEX_POINT ( 'NONE', #515 ) ;
#4815 = EDGE_CURVE ( 'NONE', #5872, #7605, #1955, .T. ) ;
#4816 = LINE ( 'NONE', #1066, #6923 ) ;
#4817 = LINE ( 'NONE', #6973, #2969 ) ;
#4818 = CARTESIAN_POINT ( 'NONE',  ( 3.875589785903829743, -0.7475616948791662386, -0.9706384170116166832 ) ) ;
#4819 = VECTOR ( 'NONE', #319, 1000.000000000000000 ) ;
#4820 = PLANE ( 'NONE',  #6560 ) ;
#4821 = LINE ( 'NONE', #6884, #4727 ) ;
#4822 = ORIENTED_EDGE ( 'NONE', *, *, #482, .T. ) ;
#4823 = EDGE_CURVE ( 'NONE', #5070, #7750, #2467, .T. ) ;
#4824 = ORIENTED_EDGE ( 'NONE', *, *, #3940, .F. ) ;
#4825 = CARTESIAN_POINT ( 'NONE',  ( -14.25000000000000000, 3.500000000000000000, 0.000000000000000000 ) ) ;
#4826 = VECTOR ( 'NONE', #3876, 1000.000000000000000 ) ;
#4827 = VECTOR ( 'NONE', #9180, 1000.000000000000000 ) ;
#4828 = PLANE ( 'NONE',  #3320 ) ;
#4829 = VERTEX_POINT ( 'NONE', #7588 ) ;
#4830 = CARTESIAN_POINT ( 'NONE',  ( 3.967214715955000415, 1.188804230325000155, -0.7109074199896000534 ) ) ;
#4831 = ADVANCED_FACE ( 'NONE', ( #8905 ), #1906, .F. ) ;
#4832 = CARTESIAN_POINT ( 'NONE',  ( 3.316231858928028409, -1.106580945552274153, -0.2009142902425723187 ) ) ;
#4833 = ORIENTED_EDGE ( 'NONE', *, *, #7974, .F. ) ;
#4834 = CARTESIAN_POINT ( 'NONE',  ( 8.324453148972999372, 0.004903451899607999716, -3.785961335781999892 ) ) ;
#4835 = ORIENTED_EDGE ( 'NONE', *, *, #3253, .F. ) ;
#4836 = CARTESIAN_POINT ( 'NONE',  ( 13.42499999999999893, 0.5000000000000000000, -4.450000000000000178 ) ) ;
#4837 = ORIENTED_EDGE ( 'NONE', *, *, #1765, .F. ) ;
#4838 = LINE ( 'NONE', #4031, #6 ) ;
#4839 = CARTESIAN_POINT ( 'NONE',  ( -7.003068614626996258, 1.320012808054998654, -1.499386068126000726 ) ) ;
#4840 = DIRECTION ( 'NONE',  ( 1.000000000000000000, 0.000000000000000000, 0.000000000000000000 ) ) ;
#4841 = DIRECTION ( 'NONE',  ( 0.000000000000000000, 1.000000000000000000, 0.000000000000000000 ) ) ;
#4842 = ORIENTED_EDGE ( 'NONE', *, *, #1262, .F. ) ;
#4843 = DIRECTION ( 'NONE',  ( 0.000000000000000000, 0.000000000000000000, -1.000000000000000000 ) ) ;
#4844 = ORIENTED_EDGE ( 'NONE', *, *, #6208, .F. ) ;
#4845 = ORIENTED_EDGE ( 'NONE', *, *, #6762, .T. ) ;
#4846 = DIRECTION ( 'NONE',  ( -1.000000000000000000, 0.000000000000000000, 0.000000000000000000 ) ) ;
#4847 = ORIENTED_EDGE ( 'NONE', *, *, #2341, .T. ) ;
#4848 = DIRECTION ( 'NONE',  ( 0.000000000000000000, 1.000000000000000000, 0.000000000000000000 ) ) ;
#4849 = DIRECTION ( 'NONE',  ( 0.000000000000000000, 1.000000000000000000, 0.000000000000000000 ) ) ;
#4850 = CARTESIAN_POINT ( 'NONE',  ( 13.22500000000000142, 1.000000000000000000, -3.600000000000000089 ) ) ;
#4851 = ORIENTED_EDGE ( 'NONE', *, *, #2220, .F. ) ;
#4852 = CARTESIAN_POINT ( 'NONE',  ( -11.00000000000000000, 3.500000000000000000, 0.000000000000000000 ) ) ;
#4853 = CARTESIAN_POINT ( 'NONE',  ( 3.972763064234174912, 1.254068364782389366, -0.6941019100915868378 ) ) ;
#4854 = ORIENTED_EDGE ( 'NONE', *, *, #9131, .T. ) ;
#4855 = CARTESIAN_POINT ( 'NONE',  ( 5.577410528076000240, -2.500000000000000000, 0.5999999999999999778 ) ) ;
#4856 = CARTESIAN_POINT ( 'NONE',  ( -7.650725455797999786, -6.669999999999999929, 0.000000000000000000 ) ) ;
#4857 = ORIENTED_EDGE ( 'NONE', *, *, #8612, .T. ) ;
#4858 = CARTESIAN_POINT ( 'NONE',  ( 11.57500000000000107, -1.600000000000000089, -1.100000000000000089 ) ) ;
#4859 = ADVANCED_FACE ( 'NONE', ( #4774 ), #4828, .F. ) ;
#4860 = LINE ( 'NONE', #2652, #987 ) ;
#4861 = DIRECTION ( 'NONE',  ( 0.000000000000000000, -1.000000000000000000, 0.000000000000000000 ) ) ;
#4862 = LINE ( 'NONE', #9092, #6385 ) ;
#4863 = ORIENTED_EDGE ( 'NONE', *, *, #1546, .F. ) ;
#4864 = VERTEX_POINT ( 'NONE', #3270 ) ;
#4865 = DIRECTION ( 'NONE',  ( -0.9455185755993017471, 0.000000000000000000, 0.3255681544572005537 ) ) ;
#4866 = CARTESIAN_POINT ( 'NONE',  ( -8.750000000000000000, 6.649999999999999467, -0.2500000000000000000 ) ) ;
#4867 = ORIENTED_EDGE ( 'NONE', *, *, #2224, .F. ) ;
#4868 = DIRECTION ( 'NONE',  ( 0.3255681544572004427, 0.000000000000000000, 0.9455185755993018581 ) ) ;
#4869 = CARTESIAN_POINT ( 'NONE',  ( 3.305221764409000063, -1.256642108036000183, -0.1855941842102000194 ) ) ;
#4870 = EDGE_CURVE ( 'NONE', #4111, #3676, #1164, .T. ) ;
#4871 = AXIS2_PLACEMENT_3D ( 'NONE', #7890, #2918, #72 ) ;
#4872 = VERTEX_POINT ( 'NONE', #6748 ) ;
#4873 = CARTESIAN_POINT ( 'NONE',  ( 4.403105430786999896, -0.7149874937750000381, -1.140978902365999970 ) ) ;
#4874 = ORIENTED_EDGE ( 'NONE', *, *, #3788, .F. ) ;
#4875 = CARTESIAN_POINT ( 'NONE',  ( -12.22499999999999964, -8.397193073587999379, -3.350000000000000089 ) ) ;
#4876 = AXIS2_PLACEMENT_3D ( 'NONE', #7938, #9254, #8651 ) ;
#4877 = EDGE_CURVE ( 'NONE', #8464, #7315, #7222, .T. ) ;
#4878 = VECTOR ( 'NONE', #9265, 1000.000000000000000 ) ;
#4879 = VECTOR ( 'NONE', #7626, 1000.000000000000000 ) ;
#4880 = FACE_OUTER_BOUND ( 'NONE', #2170, .T. ) ;
#4881 = ORIENTED_EDGE ( 'NONE', *, *, #8845, .F. ) ;
#4882 = EDGE_CURVE ( 'NONE', #8820, #6749, #7543, .T. ) ;
#4883 = DIRECTION ( 'NONE',  ( 0.9455185755993018581, 0.000000000000000000, -0.3255681544572004982 ) ) ;
#4884 = CARTESIAN_POINT ( 'NONE',  ( -7.226614307856996433, 1.252833393926999772, -1.514170704746998775 ) ) ;
#4885 = CARTESIAN_POINT ( 'NONE',  ( -13.22500000000000142, 2.000000000000000000, -3.350000000000000089 ) ) ;
#4886 = DIRECTION ( 'NONE',  ( 0.000000000000000000, 0.000000000000000000, -1.000000000000000000 ) ) ;
#4887 = ORIENTED_EDGE ( 'NONE', *, *, #4408, .T. ) ;
#4888 = CIRCLE ( 'NONE', #8021, 1.000000000000000000 ) ;
#4889 = CARTESIAN_POINT ( 'NONE',  ( 3.859921187777999751, -1.504452575164999972, -0.5433438672554999904 ) ) ;
#4890 = EDGE_CURVE ( 'NONE', #445, #8809, #8952, .T. ) ;
#4891 = EDGE_LOOP ( 'NONE', ( #283, #3814, #3458, #5689 ) ) ;
#4892 = ORIENTED_EDGE ( 'NONE', *, *, #3788, .T. ) ;
#4893 = CIRCLE ( 'NONE', #6245, 0.2500000000000002220 ) ;
#4894 = CARTESIAN_POINT ( 'NONE',  ( -8.077376317676508322, 0.6740784018475648454, -1.414424870734330320 ) ) ;
#4895 = ORIENTED_EDGE ( 'NONE', *, *, #5982, .T. ) ;
#4896 = LINE ( 'NONE', #2824, #8098 ) ;
#4897 = CARTESIAN_POINT ( 'NONE',  ( -11.57500000000000107, -1.600000000000000089, -1.100000000000000089 ) ) ;
#4898 = DIRECTION ( 'NONE',  ( -1.000000000000000000, 0.000000000000000000, 0.000000000000000000 ) ) ;
#4899 = ORIENTED_EDGE ( 'NONE', *, *, #4070, .T. ) ;
#4900 = CARTESIAN_POINT ( 'NONE',  ( 3.892474940383999993, 0.9094446655033999738, -0.6520347371004999726 ) ) ;
#4901 = CARTESIAN_POINT ( 'NONE',  ( -11.52500000000000036, -2.500000000000000000, -0.9000000000000000222 ) ) ;
#4902 = ORIENTED_EDGE ( 'NONE', *, *, #8722, .F. ) ;
#4903 = VECTOR ( 'NONE', #2583, 1000.000000000000000 ) ;
#4904 = LINE ( 'NONE', #554, #2366 ) ;
#4905 = DIRECTION ( 'NONE',  ( 0.000000000000000000, 1.000000000000000000, 0.000000000000000000 ) ) ;
#4906 = VERTEX_POINT ( 'NONE', #5387 ) ;
#4907 = CARTESIAN_POINT ( 'NONE',  ( -13.22500000000000142, 0.5000000000000000000, -4.500000000000000000 ) ) ;
#4908 = CARTESIAN_POINT ( 'NONE',  ( -13.22500000000000142, -1.750000000000000000, -5.250000000000000000 ) ) ;
#4909 = DIRECTION ( 'NONE',  ( 0.000000000000000000, -1.000000000000000000, 0.000000000000000000 ) ) ;
#4910 = LINE ( 'NONE', #3681, #8774 ) ;
#4911 = VECTOR ( 'NONE', #6754, 1000.000000000000000 ) ;
#4912 = VERTEX_POINT ( 'NONE', #2610 ) ;
#4913 = ORIENTED_EDGE ( 'NONE', *, *, #6347, .T. ) ;
#4914 = PLANE ( 'NONE',  #3390 ) ;
#4915 = DIRECTION ( 'NONE',  ( 0.000000000000000000, -1.000000000000000000, 0.000000000000000000 ) ) ;
#4916 = ORIENTED_EDGE ( 'NONE', *, *, #5197, .T. ) ;
#4917 = CARTESIAN_POINT ( 'NONE',  ( -12.72499999999999964, -2.600000000000000089, 0.000000000000000000 ) ) ;
#4918 = CARTESIAN_POINT ( 'NONE',  ( -9.271763586287001147, -4.129999999999999893, -5.500000000000000000 ) ) ;
#4919 = EDGE_LOOP ( 'NONE', ( #3139, #8953, #8363, #2856 ) ) ;
#4920 = CARTESIAN_POINT ( 'NONE',  ( -11.57500000000000107, -2.600000000000000089, -1.100000000000000089 ) ) ;
#4921 = ORIENTED_EDGE ( 'NONE', *, *, #2919, .F. ) ;
#4922 = CARTESIAN_POINT ( 'NONE',  ( 9.271763586287001147, -4.129999999999999893, 0.000000000000000000 ) ) ;
#4923 = VECTOR ( 'NONE', #312, 1000.000000000000000 ) ;
#4924 = VECTOR ( 'NONE', #1873, 1000.000000000000000 ) ;
#4925 = ADVANCED_FACE ( 'NONE', ( #8242 ), #7496, .F. ) ;
#4926 = CARTESIAN_POINT ( 'NONE',  ( -7.314699584902998097, -1.076965417088999954, -1.503115922329999687 ) ) ;
#4927 = ORIENTED_EDGE ( 'NONE', *, *, #474, .F. ) ;
#4928 = CARTESIAN_POINT ( 'NONE',  ( 0.000000000000000000, 0.000000000000000000, -0.5000000000000000000 ) ) ;
#4929 = EDGE_CURVE ( 'NONE', #1397, #4829, #333, .T. ) ;
#4930 = CARTESIAN_POINT ( 'NONE',  ( -0.1465673690733000079, 6.408693892986000229, -4.200000000000000178 ) ) ;
#4931 = CARTESIAN_POINT ( 'NONE',  ( -11.00000000000000000, -6.599999999999999645, 0.000000000000000000 ) ) ;
#4932 = VERTEX_POINT ( 'NONE', #7684 ) ;
#4933 =( BOUNDED_SURFACE ( )  B_SPLINE_SURFACE ( 3, 3, ( 
 ( #1307, #519, #1261, #5490 ),
 ( #4163, #6239, #6763, #4114 ),
 ( #293, #8875, #5257, #342 ),
 ( #7037, #1687, #8345, #569 ),
 ( #8116, #4552, #2430, #5301 ),
 ( #8157, #2714, #1732, #5587 ),
 ( #1040, #6991, #7640, #1910 ) ),
 .UNSPECIFIED., .F., .F., .T. ) 
 B_SPLINE_SURFACE_WITH_KNOTS ( ( 4, 3, 4 ),
 ( 4, 4 ),
 ( 0.000000000000000000, 1.000000000000000000, 2.000000000000000000 ),
 ( 0.000000000000000000, 1.000000000000000000 ),
 .UNSPECIFIED. ) 
 GEOMETRIC_REPRESENTATION_ITEM ( )  RATIONAL_B_SPLINE_SURFACE ( (
 ( 2.041266749410000081, 1.943128890436000011, 1.943128890436000011, 2.041266749410000081),
 ( 0.7027864134310000122, 0.6689985932209999708, 0.6689985932209999708, 0.7027864134310000122),
 ( 0.7027864134310000122, 0.6689985932209999708, 0.6689985932209999708, 0.7027864134310000122),
 ( 2.041266749410000081, 1.943128890436000011, 1.943128890436000011, 2.041266749410000081),
 ( 0.7027864134310000122, 0.6689985932209999708, 0.6689985932209999708, 0.7027864134310000122),
 ( 0.7027864134310000122, 0.6689985932209999708, 0.6689985932209999708, 0.7027864134310000122),
 ( 2.041266749410000081, 1.943128890436000011, 1.943128890436000011, 2.041266749410000081) ) ) 
 REPRESENTATION_ITEM ( '' )  SURFACE ( )  );
#4934 = EDGE_CURVE ( 'NONE', #4984, #3155, #5486, .T. ) ;
#4935 = CARTESIAN_POINT ( 'NONE',  ( 3.868536603291999665, -1.274638899778000045, -0.4512624168972999561 ) ) ;
#4936 = AXIS2_PLACEMENT_3D ( 'NONE', #6999, #4736, #3335 ) ;
#4937 = VERTEX_POINT ( 'NONE', #5340 ) ;
#4938 = AXIS2_PLACEMENT_3D ( 'NONE', #7615, #4708, #3999 ) ;
#4939 = CARTESIAN_POINT ( 'NONE',  ( 3.881619859231999925, 1.223779701014999777, -0.4685476159076000235 ) ) ;
#4940 = VERTEX_POINT ( 'NONE', #6797 ) ;
#4941 = EDGE_CURVE ( 'NONE', #7682, #8326, #8393, .T. ) ;
#4942 = DIRECTION ( 'NONE',  ( 0.000000000000000000, 0.000000000000000000, -1.000000000000000000 ) ) ;
#4943 = CARTESIAN_POINT ( 'NONE',  ( 14.25000000000000000, 2.000000000000000000, -1.100000000000000089 ) ) ;
#4944 = DIRECTION ( 'NONE',  ( 0.000000000000000000, 1.000000000000000000, 0.000000000000000000 ) ) ;
#4945 = EDGE_LOOP ( 'NONE', ( #6934, #4655, #7122, #7622 ) ) ;
#4946 = CARTESIAN_POINT ( 'NONE',  ( 4.039765558153000313, 1.253859707800000001, -0.8286147776034000767 ) ) ;
#4947 = VECTOR ( 'NONE', #6675, 1000.000000000000000 ) ;
#4948 = ADVANCED_FACE ( 'NONE', ( #1075 ), #374, .T. ) ;
#4949 = DIRECTION ( 'NONE',  ( 0.000000000000000000, 0.000000000000000000, 1.000000000000000000 ) ) ;
#4950 = ORIENTED_EDGE ( 'NONE', *, *, #2450, .F. ) ;
#4951 = VECTOR ( 'NONE', #4905, 1000.000000000000000 ) ;
#4952 = LINE ( 'NONE', #8571, #4951 ) ;
#4953 = ORIENTED_EDGE ( 'NONE', *, *, #5101, .T. ) ;
#4954 = CARTESIAN_POINT ( 'NONE',  ( -11.07499999999999929, 2.500000000000000000, -0.9000000000000000222 ) ) ;
#4955 = CARTESIAN_POINT ( 'NONE',  ( -13.42499999999999893, -2.500000000000000000, -3.350000000000000089 ) ) ;
#4956 = CARTESIAN_POINT ( 'NONE',  ( -11.00000000000000000, -3.500000000000000000, 0.000000000000000000 ) ) ;
#4957 = CARTESIAN_POINT ( 'NONE',  ( -11.52500000000000036, -1.550000000000000044, -1.100000000000000089 ) ) ;
#4958 = VERTEX_POINT ( 'NONE', #3968 ) ;
#4959 = EDGE_LOOP ( 'NONE', ( #2853, #8033, #8212, #527, #5654, #7500, #9179, #4845 ) ) ;
#4960 = DIRECTION ( 'NONE',  ( 0.000000000000000000, 0.000000000000000000, 1.000000000000000000 ) ) ;
#4961 = AXIS2_PLACEMENT_3D ( 'NONE', #779, #3628, #3440 ) ;
#4962 = B_SPLINE_CURVE_WITH_KNOTS ( 'NONE', 3,
 ( #2963, #5832, #3709, #6577, #5878, #8740, #5164, #1597, #436 ),
 .UNSPECIFIED., .F., .F.,
 ( 4, 1, 2, 2, 4 ),
 ( 0.000000000000000000, 0.2500000000000014433, 0.3750000000000061617, 0.5000000000000108802, 1.000000000000000000 ),
 .UNSPECIFIED. ) ;
#4963 = DIRECTION ( 'NONE',  ( 0.000000000000000000, 1.000000000000000000, 0.000000000000000000 ) ) ;
#4964 = VERTEX_POINT ( 'NONE', #6842 ) ;
#4965 = CARTESIAN_POINT ( 'NONE',  ( 3.870859485094999997, 1.005132247202000118, -0.5846052197613998969 ) ) ;
#4966 = VECTOR ( 'NONE', #6691, 1000.000000000000000 ) ;
#4967 = FACE_BOUND ( 'NONE', #8504, .T. ) ;
#4968 = ORIENTED_EDGE ( 'NONE', *, *, #9189, .T. ) ;
#4969 = CARTESIAN_POINT ( 'NONE',  ( -15.84999999999999964, 1.750000000000000000, -5.500000000000000000 ) ) ;
#4970 = VECTOR ( 'NONE', #5284, 1000.000000000000000 ) ;
#4971 = ORIENTED_EDGE ( 'NONE', *, *, #4131, .T. ) ;
#4972 = DIRECTION ( 'NONE',  ( 0.000000000000000000, 1.000000000000000000, 0.000000000000000000 ) ) ;
#4973 = VECTOR ( 'NONE', #3260, 1000.000000000000000 ) ;
#4974 = B_SPLINE_CURVE_WITH_KNOTS ( 'NONE', 3,
 ( #5236, #3122, #4625, #3030, #3786, #5900, #3738, #5380, #6741 ),
 .UNSPECIFIED., .F., .F.,
 ( 4, 1, 1, 1, 1, 1, 4 ),
 ( 0.000000000000000000, 0.2499999999928630423, 0.3749999999961224906, 0.4999999999995149436, 0.6250000000031731284, 0.7500000000068312023, 1.000000000000000000 ),
 .UNSPECIFIED. ) ;
#4975 = CARTESIAN_POINT ( 'NONE',  ( 6.246799180380000038, 8.000000000000000000, -4.000000000000000000 ) ) ;
#4976 = VERTEX_POINT ( 'NONE', #6141 ) ;
#4977 = CARTESIAN_POINT ( 'NONE',  ( 11.52500000000000036, -2.500000000000000000, -1.100000000000000089 ) ) ;
#4978 = CARTESIAN_POINT ( 'NONE',  ( 3.716671441012999733, 1.750000000000000000, -0.7519060802727000059 ) ) ;
#4979 = DIRECTION ( 'NONE',  ( 0.5877852522925131051, 0.000000000000000000, -0.8090169943749183634 ) ) ;
#4980 = EDGE_CURVE ( 'NONE', #5872, #1392, #9002, .T. ) ;
#4981 = VERTEX_POINT ( 'NONE', #3598 ) ;
#4982 = CARTESIAN_POINT ( 'NONE',  ( 3.944913788860000103, -1.402495129699999898, -0.6833872897189998685 ) ) ;
#4983 = EDGE_CURVE ( 'NONE', #6660, #2269, #4210, .T. ) ;
#4984 = VERTEX_POINT ( 'NONE', #1401 ) ;
#4985 = ADVANCED_FACE ( 'NONE', ( #4296 ), #566, .T. ) ;
#4986 = CARTESIAN_POINT ( 'NONE',  ( -8.063939742528374310, 0.6757362451396914382, -1.385595174317825418 ) ) ;
#4987 = VERTEX_POINT ( 'NONE', #5009 ) ;
#4988 = CARTESIAN_POINT ( 'NONE',  ( -13.47500000000000142, -1.750000000000000000, -5.500000000000000000 ) ) ;
#4989 = CARTESIAN_POINT ( 'NONE',  ( -8.887243667190000806, 4.129999999999999893, -0.4000000000000000222 ) ) ;
#4990 = LINE ( 'NONE', #593, #1062 ) ;
#4991 = EDGE_CURVE ( 'NONE', #7176, #5130, #8441, .T. ) ;
#4992 = PLANE ( 'NONE',  #3818 ) ;
#4993 = VERTEX_POINT ( 'NONE', #9228 ) ;
#4994 = CARTESIAN_POINT ( 'NONE',  ( 10.95083426132000071, -2.000000000000000000, -1.100000000000000089 ) ) ;
#4995 = CARTESIAN_POINT ( 'NONE',  ( -11.00000000000000000, -6.599999999999999645, -38.18409399080999833 ) ) ;
#4996 = ADVANCED_FACE ( 'NONE', ( #2136 ), #7168, .F. ) ;
#4997 = VERTEX_POINT ( 'NONE', #2757 ) ;
#4998 = EDGE_CURVE ( 'NONE', #4798, #6618, #7868, .T. ) ;
#4999 = CARTESIAN_POINT ( 'NONE',  ( -12.72499999999999964, -8.397193073587999379, -1.100000000000000089 ) ) ;
#5000 = ORIENTED_EDGE ( 'NONE', *, *, #5371, .F. ) ;
#5001 = DIRECTION ( 'NONE',  ( -0.8090169943749183634, 0.000000000000000000, -0.5877852522925131051 ) ) ;
#5002 = DIRECTION ( 'NONE',  ( -0.5591929034707342483, 0.000000000000000000, -0.8290375725550502839 ) ) ;
#5003 = CARTESIAN_POINT ( 'NONE',  ( 13.47500000000000142, 1.750000000000000000, -5.250000000000000000 ) ) ;
#5004 = DIRECTION ( 'NONE',  ( 0.000000000000000000, 0.000000000000000000, -1.000000000000000000 ) ) ;
#5005 = EDGE_LOOP ( 'NONE', ( #7695, #7669, #1344, #7030 ) ) ;
#5006 = VERTEX_POINT ( 'NONE', #749 ) ;
#5007 = PLANE ( 'NONE',  #1654 ) ;
#5008 = EDGE_CURVE ( 'NONE', #7174, #7185, #2408, .T. ) ;
#5009 = CARTESIAN_POINT ( 'NONE',  ( -13.22500000000000142, 2.000000000000000000, -5.250000000000000000 ) ) ;
#5010 = CARTESIAN_POINT ( 'NONE',  ( -7.290626424294999630, -1.224574780638000071, -1.433202387431999902 ) ) ;
#5011 = DIRECTION ( 'NONE',  ( 1.000000000000000000, 0.000000000000000000, 0.000000000000000000 ) ) ;
#5012 = ORIENTED_EDGE ( 'NONE', *, *, #5277, .T. ) ;
#5013 = LINE ( 'NONE', #7961, #2199 ) ;
#5014 = ORIENTED_EDGE ( 'NONE', *, *, #5415, .F. ) ;
#5015 = CARTESIAN_POINT ( 'NONE',  ( -7.280520213861001011, 0.9780688856472006254, -1.403851821158999646 ) ) ;
#5016 = CARTESIAN_POINT ( 'NONE',  ( -7.557971813094999547, -1.129136753219998512, -1.308317574190999810 ) ) ;
#5017 = EDGE_LOOP ( 'NONE', ( #1771, #4572, #8868 ) ) ;
#5018 = LINE ( 'NONE', #6516, #4181 ) ;
#5019 = DIRECTION ( 'NONE',  ( 1.000000000000000000, 0.000000000000000000, 0.000000000000000000 ) ) ;
#5020 = DIRECTION ( 'NONE',  ( 0.000000000000000000, 1.000000000000000000, 0.000000000000000000 ) ) ;
#5021 = ORIENTED_EDGE ( 'NONE', *, *, #5536, .F. ) ;
#5022 = VECTOR ( 'NONE', #3578, 1000.000000000000000 ) ;
#5023 = AXIS2_PLACEMENT_3D ( 'NONE', #4513, #3761, #5965 ) ;
#5024 = CARTESIAN_POINT ( 'NONE',  ( 3.877635299391000157, -1.485586841976999972, -0.5688361005441999740 ) ) ;
#5025 = CIRCLE ( 'NONE', #5484, 0.7499999999999997780 ) ;
#5026 = EDGE_LOOP ( 'NONE', ( #5534, #7096, #7052, #7056, #3343, #2007 ) ) ;
#5027 = ADVANCED_FACE ( 'NONE', ( #5764 ), #6770, .F. ) ;
#5028 = DIRECTION ( 'NONE',  ( -3.552713678800000476E-14, 0.000000000000000000, -1.000000000000000000 ) ) ;
#5029 = AXIS2_PLACEMENT_3D ( 'NONE', #1948, #511, #4674 ) ;
#5030 = VECTOR ( 'NONE', #4026, 1000.000000000000114 ) ;
#5031 = ORIENTED_EDGE ( 'NONE', *, *, #8592, .F. ) ;
#5032 = DIRECTION ( 'NONE',  ( 0.000000000000000000, -1.000000000000000000, 0.000000000000000000 ) ) ;
#5033 = LINE ( 'NONE', #7849, #6908 ) ;
#5034 = PLANE ( 'NONE',  #4871 ) ;
#5035 = DIRECTION ( 'NONE',  ( 0.000000000000000000, 0.000000000000000000, -1.000000000000000000 ) ) ;
#5036 = ORIENTED_EDGE ( 'NONE', *, *, #1429, .F. ) ;
#5037 = DIRECTION ( 'NONE',  ( -0.9455185755993020802, 0.000000000000000000, 0.3255681544571995545 ) ) ;
#5038 = PLANE ( 'NONE',  #4333 ) ;
#5039 = CONICAL_SURFACE ( 'NONE', #3537, 9.974999999999999645, 0.7188299996214952969 ) ;
#5040 = VERTEX_POINT ( 'NONE', #1443 ) ;
#5041 = EDGE_CURVE ( 'NONE', #4316, #1142, #663, .T. ) ;
#5042 =( BOUNDED_SURFACE ( )  B_SPLINE_SURFACE ( 3, 3, ( 
 ( #5260, #6011, #4407, #252 ),
 ( #8876, #5829, #5204, #7979 ),
 ( #4455, #906, #2292, #7277 ),
 ( #8826, #8117, #2431, #5302 ) ),
 .UNSPECIFIED., .F., .F., .F. ) 
 B_SPLINE_SURFACE_WITH_KNOTS ( ( 4, 4 ),
 ( 4, 4 ),
 ( 0.001066276850791000050, 0.001136800475861000003 ),
 ( -0.1589200491661999781, 1.156791811691999960 ),
 .UNSPECIFIED. ) 
 GEOMETRIC_REPRESENTATION_ITEM ( )  RATIONAL_B_SPLINE_SURFACE ( (
 ( 1.015516505408999848, 0.9668237889970000554, 0.9667451530046999864, 1.015280597433000143),
 ( 1.015743024613000145, 0.9663394628742000281, 0.9662596789067999792, 1.015503672710999838),
 ( 1.016020667046000137, 0.9657458289545000074, 0.9656646379250000134, 1.015777093957000110),
 ( 1.016325678066000160, 0.9650936776039000797, 0.9650109408110000286, 1.016077467686999913) ) ) 
 REPRESENTATION_ITEM ( '' )  SURFACE ( )  );
#5043 = PLANE ( 'NONE',  #2544 ) ;
#5044 = ORIENTED_EDGE ( 'NONE', *, *, #4365, .F. ) ;
#5045 = CARTESIAN_POINT ( 'NONE',  ( 4.291266850093000684, -1.750000000000000000, -1.306786416877000034 ) ) ;
#5046 = DIRECTION ( 'NONE',  ( -0.5591929034707342483, 0.000000000000000000, -0.8290375725550502839 ) ) ;
#5047 = CARTESIAN_POINT ( 'NONE',  ( 10.80000000000000071, 8.000000000000000000, -5.500000000000000000 ) ) ;
#5048 = CARTESIAN_POINT ( 'NONE',  ( -6.720820407912900585, 1.133077577874828989, -1.375573369606043261 ) ) ;
#5049 = EDGE_CURVE ( 'NONE', #6700, #7597, #49, .T. ) ;
#5050 = ORIENTED_EDGE ( 'NONE', *, *, #9106, .T. ) ;
#5051 = FACE_OUTER_BOUND ( 'NONE', #1740, .T. ) ;
#5052 = EDGE_CURVE ( 'NONE', #1856, #8326, #9168, .T. ) ;
#5053 = CARTESIAN_POINT ( 'NONE',  ( -8.967661230918000825, 0.5307663039246000025, -4.000000000000000000 ) ) ;
#5054 = CARTESIAN_POINT ( 'NONE',  ( 3.929019777859000140, 1.072622925275000139, -0.6630561866983000208 ) ) ;
#5055 = CARTESIAN_POINT ( 'NONE',  ( 3.716671441012999733, 0.7631008444281001113, -0.7519060802727000059 ) ) ;
#5056 = VECTOR ( 'NONE', #4399, 1000.000000000000000 ) ;
#5057 = CARTESIAN_POINT ( 'NONE',  ( -7.314699584902998097, 1.372184144186001875, -1.503115922329999687 ) ) ;
#5058 = EDGE_LOOP ( 'NONE', ( #7317, #2999, #6621, #6718 ) ) ;
#5059 = LINE ( 'NONE', #3647, #2351 ) ;
#5060 = EDGE_CURVE ( 'NONE', #2910, #409, #5668, .T. ) ;
#5061 = ORIENTED_EDGE ( 'NONE', *, *, #4941, .T. ) ;
#5062 = LINE ( 'NONE', #57, #8168 ) ;
#5063 = VECTOR ( 'NONE', #3, 1000.000000000000000 ) ;
#5064 = EDGE_CURVE ( 'NONE', #3468, #5180, #6417, .T. ) ;
#5065 = FACE_OUTER_BOUND ( 'NONE', #1195, .T. ) ;
#5066 = VERTEX_POINT ( 'NONE', #4159 ) ;
#5067 = CARTESIAN_POINT ( 'NONE',  ( -5.000000000000000000, 4.129999999999999893, -4.000000000000000000 ) ) ;
#5068 = AXIS2_PLACEMENT_3D ( 'NONE', #4335, #7208, #2840 ) ;
#5069 = DIRECTION ( 'NONE',  ( 0.000000000000000000, -1.000000000000000000, 0.000000000000000000 ) ) ;
#5070 = VERTEX_POINT ( 'NONE', #5584 ) ;
#5071 = CARTESIAN_POINT ( 'NONE',  ( 3.934193073511999206, -1.395571022886999968, -0.6064775495980999631 ) ) ;
#5072 = VERTEX_POINT ( 'NONE', #7729 ) ;
#5073 = DIRECTION ( 'NONE',  ( 0.9063077870366585964, 0.000000000000000000, 0.4226182617406808451 ) ) ;
#5074 = DIRECTION ( 'NONE',  ( -0.000000000000000000, 1.000000000000000000, 0.000000000000000000 ) ) ;
#5075 = VERTEX_POINT ( 'NONE', #1304 ) ;
#5076 = DIRECTION ( 'NONE',  ( 1.000000000000000000, 0.000000000000000000, 0.000000000000000000 ) ) ;
#5077 = CARTESIAN_POINT ( 'NONE',  ( 3.888101413616999569, 1.277860180568999970, -0.4774687101804000466 ) ) ;
#5078 = CARTESIAN_POINT ( 'NONE',  ( -7.277603698116000608, -0.6886680054189000533, -1.395381644408000055 ) ) ;
#5079 = LINE ( 'NONE', #2920, #5319 ) ;
#5080 = VERTEX_POINT ( 'NONE', #2042 ) ;
#5081 = DIRECTION ( 'NONE',  ( 0.000000000000000000, -1.000000000000000000, 0.000000000000000000 ) ) ;
#5082 = CARTESIAN_POINT ( 'NONE',  ( 3.878888949504000205, 1.488597319349999948, -0.5782089489127999471 ) ) ;
#5083 = AXIS2_PLACEMENT_3D ( 'NONE', #4053, #7532, #363 ) ;
#5084 = EDGE_LOOP ( 'NONE', ( #1621, #6363, #6722, #1570 ) ) ;
#5085 = EDGE_CURVE ( 'NONE', #1968, #59, #2260, .T. ) ;
#5086 = CARTESIAN_POINT ( 'NONE',  ( 3.806395389904998705, 1.254458537404001373, -0.3582801804471999474 ) ) ;
#5087 = AXIS2_PLACEMENT_3D ( 'NONE', #2908, #5774, #4173 ) ;
#5088 = ORIENTED_EDGE ( 'NONE', *, *, #6985, .F. ) ;
#5089 = LINE ( 'NONE', #8037, #3164 ) ;
#5090 = AXIS2_PLACEMENT_3D ( 'NONE', #5227, #6685, #5981 ) ;
#5091 = DIRECTION ( 'NONE',  ( 0.000000000000000000, 0.000000000000000000, 1.000000000000000000 ) ) ;
#5092 = CARTESIAN_POINT ( 'NONE',  ( -14.25000000000000000, 2.000000000000000000, -1.100000000000000089 ) ) ;
#5093 = CARTESIAN_POINT ( 'NONE',  ( 11.52500000000000036, -1.550000000000000044, -0.9000000000000000222 ) ) ;
#5094 = ADVANCED_FACE ( 'NONE', ( #2799 ), #8530, .F. ) ;
#5095 = CARTESIAN_POINT ( 'NONE',  ( -10.77614159057000087, 2.000000000000000000, -1.173853277176000187 ) ) ;
#5096 = AXIS2_PLACEMENT_3D ( 'NONE', #4272, #3573, #24 ) ;
#5097 = DIRECTION ( 'NONE',  ( 1.000000000000000000, 0.000000000000000000, 0.000000000000000000 ) ) ;
#5098 = EDGE_CURVE ( 'NONE', #9144, #5660, #4253, .T. ) ;
#5099 = CARTESIAN_POINT ( 'NONE',  ( -7.069182008486022184, -0.7183874134196275296, -1.466389104628677664 ) ) ;
#5100 = CARTESIAN_POINT ( 'NONE',  ( 0.000000000000000000, 0.000000000000000000, -5.500000000000000000 ) ) ;
#5101 = EDGE_CURVE ( 'NONE', #6924, #219, #7909, .T. ) ;
#5102 = LINE ( 'NONE', #2227, #1925 ) ;
#5103 = VECTOR ( 'NONE', #7150, 1000.000000000000000 ) ;
#5104 = CARTESIAN_POINT ( 'NONE',  ( -9.350000000000001421, 7.250000000000000000, -0.5000000000000000000 ) ) ;
#5105 = ORIENTED_EDGE ( 'NONE', *, *, #8017, .F. ) ;
#5106 = DIRECTION ( 'NONE',  ( 0.000000000000000000, -1.000000000000000000, 0.000000000000000000 ) ) ;
#5107 = CIRCLE ( 'NONE', #7504, 1.270000000000000240 ) ;
#5108 = LINE ( 'NONE', #1581, #3470 ) ;
#5109 = EDGE_CURVE ( 'NONE', #8745, #7201, #1227, .T. ) ;
#5110 = VERTEX_POINT ( 'NONE', #1532 ) ;
#5111 = PLANE ( 'NONE',  #2079 ) ;
#5112 = AXIS2_PLACEMENT_3D ( 'NONE', #888, #3826, #6692 ) ;
#5113 = LINE ( 'NONE', #3750, #2954 ) ;
#5114 = VERTEX_POINT ( 'NONE', #8802 ) ;
#5115 = VECTOR ( 'NONE', #2398, 1000.000000000000000 ) ;
#5116 = CARTESIAN_POINT ( 'NONE',  ( 3.932222784744000776, -1.086535987636999989, -0.6426765787935999619 ) ) ;
#5117 = VECTOR ( 'NONE', #8622, 1000.000000000000000 ) ;
#5118 = EDGE_CURVE ( 'NONE', #9083, #8723, #1483, .T. ) ;
#5119 = VERTEX_POINT ( 'NONE', #4481 ) ;
#5120 = CARTESIAN_POINT ( 'NONE',  ( 11.52500000000000036, -2.500000000000000000, -1.100000000000000089 ) ) ;
#5121 = CARTESIAN_POINT ( 'NONE',  ( -14.25000000000000000, 3.500000000000000000, -38.18409399080999833 ) ) ;
#5122 = ORIENTED_EDGE ( 'NONE', *, *, #9119, .F. ) ;
#5123 = CARTESIAN_POINT ( 'NONE',  ( -7.703087057135999949, -0.6886680054189000533, -1.248875974902999841 ) ) ;
#5124 = CARTESIAN_POINT ( 'NONE',  ( 3.881619859231999925, 1.223779701014999777, -0.4685476159076000235 ) ) ;
#5125 = CARTESIAN_POINT ( 'NONE',  ( 13.22500000000000142, 1.000000000000000000, -3.600000000000000089 ) ) ;
#5126 = CARTESIAN_POINT ( 'NONE',  ( 13.22500000000000142, 2.000000000000000000, -3.350000000000000089 ) ) ;
#5127 = VERTEX_POINT ( 'NONE', #8712 ) ;
#5128 = FACE_OUTER_BOUND ( 'NONE', #377, .T. ) ;
#5129 = DIRECTION ( 'NONE',  ( 1.000000000000000000, 0.000000000000000000, 0.000000000000000000 ) ) ;
#5130 = VERTEX_POINT ( 'NONE', #3733 ) ;
#5131 = ORIENTED_EDGE ( 'NONE', *, *, #6357, .F. ) ;
#5132 = CARTESIAN_POINT ( 'NONE',  ( 3.957208942546996955, 0.6925308923979005549, -0.7220402837594005474 ) ) ;
#5133 = VERTEX_POINT ( 'NONE', #8093 ) ;
#5134 = CARTESIAN_POINT ( 'NONE',  ( -13.42499999999999893, 0.7500000000000000000, -3.350000000000000089 ) ) ;
#5135 = DIRECTION ( 'NONE',  ( 0.000000000000000000, 0.000000000000000000, 1.000000000000000000 ) ) ;
#5136 = FACE_OUTER_BOUND ( 'NONE', #3630, .T. ) ;
#5137 = DIRECTION ( 'NONE',  ( 0.000000000000000000, 0.000000000000000000, -1.000000000000000000 ) ) ;
#5138 = CARTESIAN_POINT ( 'NONE',  ( -13.42499999999999893, 1.750000000000000000, -5.250000000000000000 ) ) ;
#5139 = ORIENTED_EDGE ( 'NONE', *, *, #3843, .F. ) ;
#5140 = LINE ( 'NONE', #8850, #1924 ) ;
#5141 = EDGE_CURVE ( 'NONE', #1236, #8330, #3685, .T. ) ;
#5142 = FACE_OUTER_BOUND ( 'NONE', #3942, .T. ) ;
#5143 = CARTESIAN_POINT ( 'NONE',  ( 5.290378320102999687, 1.212606927920000022, 0.6633938490505000285 ) ) ;
#5144 = DIRECTION ( 'NONE',  ( 0.000000000000000000, 0.000000000000000000, 1.000000000000000000 ) ) ;
#5145 = CARTESIAN_POINT ( 'NONE',  ( -7.480839441234001796, 1.281723703936000769, -1.445909382126998599 ) ) ;
#5146 = CARTESIAN_POINT ( 'NONE',  ( 7.231854972965999551, 6.669999999999999929, -0.3565056551165999843 ) ) ;
#5147 = ORIENTED_EDGE ( 'NONE', *, *, #4773, .F. ) ;
#5148 = CARTESIAN_POINT ( 'NONE',  ( -7.457514668713998596, 1.008260968425000348, -1.417609122480002037 ) ) ;
#5149 = CARTESIAN_POINT ( 'NONE',  ( -8.201002534124672394, -0.6811343871470001421, -1.223762986808067721 ) ) ;
#5150 = VERTEX_POINT ( 'NONE', #8044 ) ;
#5151 = EDGE_CURVE ( 'NONE', #6618, #5066, #8668, .T. ) ;
#5152 = CARTESIAN_POINT ( 'NONE',  ( 10.87500000000000000, 2.000000000000000000, -4.000000000000000000 ) ) ;
#5153 = CARTESIAN_POINT ( 'NONE',  ( -7.557971813094999547, -1.320012808054998654, -1.308317574190999810 ) ) ;
#5154 = EDGE_LOOP ( 'NONE', ( #7689, #4101, #4285, #277 ) ) ;
#5155 = ADVANCED_FACE ( 'NONE', ( #7955 ), #7255, .F. ) ;
#5156 = CARTESIAN_POINT ( 'NONE',  ( 3.887496921207999723, -1.058797908065999938, -0.5430348183740999479 ) ) ;
#5157 = ADVANCED_FACE ( 'NONE', ( #2310 ), #6688, .T. ) ;
#5158 = ORIENTED_EDGE ( 'NONE', *, *, #6929, .T. ) ;
#5159 = CARTESIAN_POINT ( 'NONE',  ( 3.883216332409999971, 1.546302173382000600, -0.6479071256629002074 ) ) ;
#5160 = CYLINDRICAL_SURFACE ( 'NONE', #1808, 0.4799999999999999822 ) ;
#5161 = DIRECTION ( 'NONE',  ( -0.000000000000000000, 1.000000000000000000, 0.000000000000000000 ) ) ;
#5162 = DIRECTION ( 'NONE',  ( -0.8090169943749183634, 0.000000000000000000, -0.5877852522925132162 ) ) ;
#5163 = CARTESIAN_POINT ( 'NONE',  ( -8.119570180506714863, 0.6865958225924674307, -1.147287237714020414 ) ) ;
#5164 = CARTESIAN_POINT ( 'NONE',  ( 8.429490228679258124, 0.3761374887292748825, -4.000000000000000000 ) ) ;
#5165 = ORIENTED_EDGE ( 'NONE', *, *, #6032, .F. ) ;
#5166 = CARTESIAN_POINT ( 'NONE',  ( 3.878474839888000236, -2.500000000000000000, -0.6343490298142000494 ) ) ;
#5167 = EDGE_CURVE ( 'NONE', #6229, #4932, #1623, .T. ) ;
#5168 = FACE_OUTER_BOUND ( 'NONE', #7381, .T. ) ;
#5169 = ORIENTED_EDGE ( 'NONE', *, *, #6060, .F. ) ;
#5170 = AXIS2_PLACEMENT_3D ( 'NONE', #85, #3641, #5804 ) ;
#5171 = ORIENTED_EDGE ( 'NONE', *, *, #7575, .F. ) ;
#5172 = FACE_OUTER_BOUND ( 'NONE', #2511, .T. ) ;
#5173 = EDGE_LOOP ( 'NONE', ( #2262, #9121, #5122, #4725 ) ) ;
#5174 = LINE ( 'NONE', #5134, #7510 ) ;
#5175 = DIRECTION ( 'NONE',  ( -0.9998544706657865877, -0.01705982091464314232, 0.000000000000000000 ) ) ;
#5176 = LINE ( 'NONE', #4615, #2210 ) ;
#5177 = CARTESIAN_POINT ( 'NONE',  ( 10.80000000000000071, -7.799999999999999822, -38.18409399080999833 ) ) ;
#5178 = CARTESIAN_POINT ( 'NONE',  ( 4.039550450652000357, -1.253860118183999894, -0.8284239974689000530 ) ) ;
#5179 = AXIS2_PLACEMENT_3D ( 'NONE', #3422, #7739, #9103 ) ;
#5180 = VERTEX_POINT ( 'NONE', #836 ) ;
#5181 = CARTESIAN_POINT ( 'NONE',  ( 5.000000000000000000, -5.400000000000000355, -5.500000000000000000 ) ) ;
#5182 = CARTESIAN_POINT ( 'NONE',  ( 13.47500000000000142, -1.750000000000000000, -5.500000000000000000 ) ) ;
#5183 = CARTESIAN_POINT ( 'NONE',  ( -15.84999999999999964, 1.750000000000000000, -5.299999999999999822 ) ) ;
#5184 = CARTESIAN_POINT ( 'NONE',  ( 3.316231858928313514, 1.106580945552300133, -0.2009142902429648936 ) ) ;
#5185 = DIRECTION ( 'NONE',  ( 0.000000000000000000, 1.000000000000000000, 0.000000000000000000 ) ) ;
#5186 = FACE_OUTER_BOUND ( 'NONE', #5554, .T. ) ;
#5187 = FACE_OUTER_BOUND ( 'NONE', #2212, .T. ) ;
#5188 = VERTEX_POINT ( 'NONE', #1571 ) ;
#5189 = DIRECTION ( 'NONE',  ( 1.000000000000000000, 0.000000000000000000, 0.000000000000000000 ) ) ;
#5190 = EDGE_CURVE ( 'NONE', #1626, #4316, #6552, .T. ) ;
#5191 = DIRECTION ( 'NONE',  ( 0.9134742449544117626, 0.4068965517241048269, 0.000000000000000000 ) ) ;
#5192 = VERTEX_POINT ( 'NONE', #3780 ) ;
#5193 = AXIS2_PLACEMENT_3D ( 'NONE', #6766, #8160, #6012 ) ;
#5194 = CARTESIAN_POINT ( 'NONE',  ( 3.908720156942000479, 1.286736131390000093, -0.5044076382982999318 ) ) ;
#5195 = DIRECTION ( 'NONE',  ( 0.2401820393466963799, -0.9127036682610870644, -0.3305822165785955447 ) ) ;
#5196 = ORIENTED_EDGE ( 'NONE', *, *, #5690, .F. ) ;
#5197 = EDGE_CURVE ( 'NONE', #6402, #5268, #2356, .T. ) ;
#5198 = CARTESIAN_POINT ( 'NONE',  ( 3.946799115446000705, -1.117776987869999905, -0.6614115275991000464 ) ) ;
#5199 = ORIENTED_EDGE ( 'NONE', *, *, #8665, .T. ) ;
#5200 = CARTESIAN_POINT ( 'NONE',  ( 3.870543937487999298, 1.510931167274000009, -0.6046963857593997682 ) ) ;
#5201 = CIRCLE ( 'NONE', #4605, 0.4500000000000000111 ) ;
#5202 = EDGE_CURVE ( 'NONE', #8135, #2754, #771, .T. ) ;
#5203 = CARTESIAN_POINT ( 'NONE',  ( 7.335983667910999984, 6.669999999999999929, -0.5311251150912000840 ) ) ;
#5204 = CARTESIAN_POINT ( 'NONE',  ( 3.871109384531000952, 0.9527098686834998276, -0.6311302818884004795 ) ) ;
#5205 = CARTESIAN_POINT ( 'NONE',  ( -11.52500000000000036, -1.550000000000000044, -1.100000000000000089 ) ) ;
#5206 = CARTESIAN_POINT ( 'NONE',  ( 11.00000000000000000, 3.500000000000000000, -38.18409399080999833 ) ) ;
#5207 = CARTESIAN_POINT ( 'NONE',  ( 0.000000000000000000, 0.000000000000000000, -4.299999999999999822 ) ) ;
#5208 = EDGE_CURVE ( 'NONE', #1182, #4829, #5140, .T. ) ;
#5209 = ORIENTED_EDGE ( 'NONE', *, *, #4048, .T. ) ;
#5210 = LINE ( 'NONE', #1865, #1139 ) ;
#5211 = CARTESIAN_POINT ( 'NONE',  ( -13.47500000000000142, -1.750000000000000000, -5.250000000000000000 ) ) ;
#5212 = ORIENTED_EDGE ( 'NONE', *, *, #1449, .F. ) ;
#5213 = ORIENTED_EDGE ( 'NONE', *, *, #6825, .F. ) ;
#5214 = ADVANCED_FACE ( 'NONE', ( #5851 ), #2409, .F. ) ;
#5215 = ADVANCED_FACE ( 'NONE', ( #224 ), #5808, .F. ) ;
#5216 = CARTESIAN_POINT ( 'NONE',  ( 12.77500000000000036, -1.550000000000000044, -0.9000000000000000222 ) ) ;
#5217 = ORIENTED_EDGE ( 'NONE', *, *, #4998, .F. ) ;
#5218 = CARTESIAN_POINT ( 'NONE',  ( -12.77500000000000036, -2.500000000000000000, -1.100000000000000089 ) ) ;
#5219 = EDGE_CURVE ( 'NONE', #8590, #8079, #2505, .T. ) ;
#5220 = CARTESIAN_POINT ( 'NONE',  ( 13.35941545092999938, 0.5000000000000000000, -4.154167216782000516 ) ) ;
#5221 = VERTEX_POINT ( 'NONE', #1752 ) ;
#5222 = AXIS2_PLACEMENT_3D ( 'NONE', #7072, #6571, #1940 ) ;
#5223 = LINE ( 'NONE', #1059, #585 ) ;
#5224 = CIRCLE ( 'NONE', #8381, 0.2500000000000000000 ) ;
#5225 = SHAPE_DEFINITION_REPRESENTATION ( #5915, #525 ) ;
#5226 = EDGE_CURVE ( 'NONE', #4249, #8179, #5471, .T. ) ;
#5227 = CARTESIAN_POINT ( 'NONE',  ( -13.22500000000000142, -0.7500000000000000000, -4.500000000000000000 ) ) ;
#5228 = ORIENTED_EDGE ( 'NONE', *, *, #5202, .T. ) ;
#5230 = CARTESIAN_POINT ( 'NONE',  ( -7.492897247693075080, 6.669999999999999929, -0.1355613749932551293 ) ) ;
#5229 = CIRCLE ( 'NONE', #1780, 0.2999999999999995448 ) ;
#5231 = VECTOR ( 'NONE', #1303, 999.9999999999997726 ) ;
#5232 = LINE ( 'NONE', #1669, #6597 ) ;
#5233 = CARTESIAN_POINT ( 'NONE',  ( 10.87500000000000000, 2.000000000000000000, -4.000000000000000000 ) ) ;
#5234 = DIRECTION ( 'NONE',  ( -1.000000000000000000, 0.000000000000000000, 0.000000000000000000 ) ) ;
#5235 = DIRECTION ( 'NONE',  ( 0.5591929034707342483, 0.000000000000000000, 0.8290375725550502839 ) ) ;
#5236 = CARTESIAN_POINT ( 'NONE',  ( 3.892738713663999928, -1.032548886273999988, -0.5969400532355999545 ) ) ;
#5237 = PLANE ( 'NONE',  #1876 ) ;
#5238 = EDGE_CURVE ( 'NONE', #2425, #7562, #7621, .T. ) ;
#5239 = EDGE_LOOP ( 'NONE', ( #441, #5723, #3722, #3978 ) ) ;
#5240 = VERTEX_POINT ( 'NONE', #1064 ) ;
#5241 = CARTESIAN_POINT ( 'NONE',  ( -7.110084788002998479, 1.294861003582999937, -1.537238824090998657 ) ) ;
#5242 = VECTOR ( 'NONE', #1109, 1000.000000000000114 ) ;
#5243 = DIRECTION ( 'NONE',  ( 0.000000000000000000, 1.000000000000000000, 0.000000000000000000 ) ) ;
#5244 = ORIENTED_EDGE ( 'NONE', *, *, #361, .T. ) ;
#5245 = FACE_OUTER_BOUND ( 'NONE', #1594, .T. ) ;
#5246 = VECTOR ( 'NONE', #3116, 1000.000000000000000 ) ;
#5247 = DIRECTION ( 'NONE',  ( 0.000000000000000000, 0.000000000000000000, -1.000000000000000000 ) ) ;
#5248 = ORIENTED_EDGE ( 'NONE', *, *, #7680, .F. ) ;
#5249 = CARTESIAN_POINT ( 'NONE',  ( 3.877907386181000060, -1.240932147463999824, -0.4641714752360999729 ) ) ;
#5250 = CIRCLE ( 'NONE', #7805, 0.5000000000000008882 ) ;
#5251 = EDGE_CURVE ( 'NONE', #3078, #7859, #5372, .T. ) ;
#5252 = VECTOR ( 'NONE', #1148, 1000.000000000000000 ) ;
#5253 = VERTEX_POINT ( 'NONE', #8136 ) ;
#5254 = VECTOR ( 'NONE', #492, 1000.000000000000000 ) ;
#5255 = LINE ( 'NONE', #8115, #7329 ) ;
#5256 = EDGE_CURVE ( 'NONE', #6676, #1142, #8228, .T. ) ;
#5257 = CARTESIAN_POINT ( 'NONE',  ( 3.816266316237999501, -1.053022080618999379, -0.3655321306808000936 ) ) ;
#5258 = VECTOR ( 'NONE', #5916, 1000.000000000000000 ) ;
#5259 = B_SPLINE_CURVE_WITH_KNOTS ( 'NONE', 3,
 ( #5885, #8081, #6500, #8034 ),
 .UNSPECIFIED., .F., .F.,
 ( 4, 4 ),
 ( 0.000000000000000000, 1.000000000000000000 ),
 .UNSPECIFIED. ) ;
#5260 = CARTESIAN_POINT ( 'NONE',  ( 3.878228760369001105, 1.029561248353000114, -0.5590542156584002997 ) ) ;
#5261 = LINE ( 'NONE', #1782, #1160 ) ;
#5262 = DIRECTION ( 'NONE',  ( 0.000000000000000000, 0.000000000000000000, 1.000000000000000000 ) ) ;
#5263 = ORIENTED_EDGE ( 'NONE', *, *, #3208, .T. ) ;
#5264 = VECTOR ( 'NONE', #4387, 1000.000000000000000 ) ;
#5265 = FACE_OUTER_BOUND ( 'NONE', #5708, .T. ) ;
#5266 = EDGE_CURVE ( 'NONE', #3719, #449, #2452, .T. ) ;
#5267 = AXIS2_PLACEMENT_3D ( 'NONE', #6601, #3118, #5988 ) ;
#5268 = VERTEX_POINT ( 'NONE', #6874 ) ;
#5269 = ORIENTED_EDGE ( 'NONE', *, *, #1707, .T. ) ;
#5270 = EDGE_CURVE ( 'NONE', #1081, #4419, #9084, .T. ) ;
#5271 = ORIENTED_EDGE ( 'NONE', *, *, #2394, .T. ) ;
#5272 = DIRECTION ( 'NONE',  ( -1.000000000000000000, 0.000000000000000000, 0.000000000000000000 ) ) ;
#5273 = ORIENTED_EDGE ( 'NONE', *, *, #5219, .T. ) ;
#5274 = DIRECTION ( 'NONE',  ( -1.000000000000000000, 0.000000000000000000, 0.000000000000000000 ) ) ;
#5275 = CARTESIAN_POINT ( 'NONE',  ( 13.42499999999999893, -2.000000000000000000, -1.350000000000000089 ) ) ;
#5276 = CARTESIAN_POINT ( 'NONE',  ( 0.000000000000000000, 0.000000000000000000, -0.8000000000000000444 ) ) ;
#5277 = EDGE_CURVE ( 'NONE', #18, #5402, #2221, .T. ) ;
#5278 = EDGE_CURVE ( 'NONE', #5040, #3054, #4573, .T. ) ;
#5279 = VERTEX_POINT ( 'NONE', #5281 ) ;
#5280 = EDGE_CURVE ( 'NONE', #3563, #8938, #2831, .T. ) ;
#5281 = CARTESIAN_POINT ( 'NONE',  ( 3.892738713611000101, -1.476368187747999938, -0.5969400526693999787 ) ) ;
#5282 = CARTESIAN_POINT ( 'NONE',  ( 12.22499999999999964, -2.000000000000000000, -5.500000000000000000 ) ) ;
#5283 = DIRECTION ( 'NONE',  ( -0.000000000000000000, 1.000000000000000000, 0.000000000000000000 ) ) ;
#5284 = DIRECTION ( 'NONE',  ( -1.000000000000000000, 0.000000000000000000, 0.000000000000000000 ) ) ;
#5285 = ADVANCED_FACE ( 'NONE', ( #6735 ), #317, .F. ) ;
#5286 = DIRECTION ( 'NONE',  ( 0.000000000000000000, 0.000000000000000000, -1.000000000000000000 ) ) ;
#5287 = CARTESIAN_POINT ( 'NONE',  ( 5.000000000000000000, 4.129999999999999893, -5.500000000000000000 ) ) ;
#5288 = CARTESIAN_POINT ( 'NONE',  ( -0.1465673690733000079, 6.203565687858000111, -4.200000000000000178 ) ) ;
#5289 = ORIENTED_EDGE ( 'NONE', *, *, #7693, .T. ) ;
#5290 = CARTESIAN_POINT ( 'NONE',  ( -9.350000000000001421, 6.649999999999999467, -0.5000000000000000000 ) ) ;
#5291 = EDGE_CURVE ( 'NONE', #2488, #1295, #455, .T. ) ;
#5292 = CARTESIAN_POINT ( 'NONE',  ( 3.885199379210318327, 1.504823446528222197, -0.6242813952066197380 ) ) ;
#5293 = VERTEX_POINT ( 'NONE', #4619 ) ;
#5294 = CARTESIAN_POINT ( 'NONE',  ( 3.887180059519999453, 1.450207553371000158, -0.5425705650890000342 ) ) ;
#5295 = ORIENTED_EDGE ( 'NONE', *, *, #7618, .F. ) ;
#5296 = FACE_OUTER_BOUND ( 'NONE', #6096, .T. ) ;
#5297 = ORIENTED_EDGE ( 'NONE', *, *, #3794, .T. ) ;
#5298 = CARTESIAN_POINT ( 'NONE',  ( 3.943331034414000680, -1.254324545858000128, -0.5634013583072000619 ) ) ;
#5299 = VERTEX_POINT ( 'NONE', #8327 ) ;
#5300 = LINE ( 'NONE', #8019, #7187 ) ;
#5301 = CARTESIAN_POINT ( 'NONE',  ( 3.869937187413001300, -1.254458537402999507, -0.4551418008018999761 ) ) ;
#5302 = CARTESIAN_POINT ( 'NONE',  ( 3.916752254447998016, 0.9309273396791998278, -0.6840563589928998489 ) ) ;
#5303 = CARTESIAN_POINT ( 'NONE',  ( 9.650000000000000355, -5.750000000000000000, -0.5000000000000000000 ) ) ;
#5304 = CYLINDRICAL_SURFACE ( 'NONE', #3523, 0.7499999999999997780 ) ;
#5305 = ORIENTED_EDGE ( 'NONE', *, *, #1375, .F. ) ;
#5306 = CARTESIAN_POINT ( 'NONE',  ( 5.000000000000000000, -5.400000000000000355, -5.500000000000000000 ) ) ;
#5307 = PRODUCT_DEFINITION ( 'UNKNOWN', '', #392, #4340 ) ;
#5308 = ORIENTED_EDGE ( 'NONE', *, *, #1775, .F. ) ;
#5309 = VERTEX_POINT ( 'NONE', #3353 ) ;
#5310 = CARTESIAN_POINT ( 'NONE',  ( 13.34916573867999823, -2.500000000000000000, -1.100000000000000089 ) ) ;
#5311 = ORIENTED_EDGE ( 'NONE', *, *, #5704, .T. ) ;
#5312 = DIRECTION ( 'NONE',  ( 0.000000000000000000, 0.000000000000000000, -1.000000000000000000 ) ) ;
#5313 = DIRECTION ( 'NONE',  ( 0.000000000000000000, -1.000000000000000000, 0.000000000000000000 ) ) ;
#5314 = CARTESIAN_POINT ( 'NONE',  ( 3.900384804468999711, -1.571983594570999898, -0.6639559802226000507 ) ) ;
#5315 = ORIENTED_EDGE ( 'NONE', *, *, #8829, .F. ) ;
#5316 = DIRECTION ( 'NONE',  ( 0.000000000000000000, 0.000000000000000000, -1.000000000000000000 ) ) ;
#5317 = CARTESIAN_POINT ( 'NONE',  ( 3.467025163284000122, 1.252458338414000005, -0.06803713375174000322 ) ) ;
#5318 = CARTESIAN_POINT ( 'NONE',  ( 3.892389532996999968, -0.9096727155895000250, -0.6519592623459999903 ) ) ;
#5319 = VECTOR ( 'NONE', #8562, 1000.000000000000000 ) ;
#5320 = EDGE_CURVE ( 'NONE', #8051, #8442, #7483, .T. ) ;
#5321 = VECTOR ( 'NONE', #8920, 1000.000000000000000 ) ;
#5322 = AXIS2_PLACEMENT_3D ( 'NONE', #4383, #2892, #7992 ) ;
#5323 = ORIENTED_EDGE ( 'NONE', *, *, #2224, .T. ) ;
#5324 = CARTESIAN_POINT ( 'NONE',  ( 11.57500000000000107, -1.600000000000000089, -1.100000000000000089 ) ) ;
#5325 = DIRECTION ( 'NONE',  ( 0.000000000000000000, 1.000000000000000000, 0.000000000000000000 ) ) ;
#5326 = EDGE_CURVE ( 'NONE', #5309, #3740, #4784, .T. ) ;
#5327 = FACE_OUTER_BOUND ( 'NONE', #7589, .T. ) ;
#5328 = DIRECTION ( 'NONE',  ( 0.000000000000000000, -1.000000000000000000, 0.000000000000000000 ) ) ;
#5329 = AXIS2_PLACEMENT_3D ( 'NONE', #7824, #46, #5664 ) ;
#5330 = DIRECTION ( 'NONE',  ( -0.8290375725550501729, 0.000000000000000000, 0.5591929034707342483 ) ) ;
#5331 = MECHANICAL_DESIGN_GEOMETRIC_PRESENTATION_REPRESENTATION (  '', ( #6529 ), #7583 ) ;
#5332 = PLANE ( 'NONE',  #579 ) ;
#5333 = CYLINDRICAL_SURFACE ( 'NONE', #5636, 0.2999999999999999334 ) ;
#5334 = ORIENTED_EDGE ( 'NONE', *, *, #3832, .T. ) ;
#5335 = ADVANCED_FACE ( 'NONE', ( #4003 ), #3954, .T. ) ;
#5336 = VERTEX_POINT ( 'NONE', #6786 ) ;
#5337 = DIRECTION ( 'NONE',  ( 0.000000000000000000, -1.000000000000000000, 0.000000000000000000 ) ) ;
#5338 = B_SPLINE_CURVE_WITH_KNOTS ( 'NONE', 3,
 ( #7652, #7599, #4739, #1230, #3379, #7258 ),
 .UNSPECIFIED., .F., .F.,
 ( 4, 1, 1, 4 ),
 ( 0.000000000000000000, 0.3333333333333000081, 0.6666666666667000474, 1.000000000000000000 ),
 .UNSPECIFIED. ) ;
#5339 = ADVANCED_FACE ( 'NONE', ( #407 ), #3255, .F. ) ;
#5340 = CARTESIAN_POINT ( 'NONE',  ( 11.32499999999999929, 2.500000000000000000, -0.9000000000000000222 ) ) ;
#5341 = VECTOR ( 'NONE', #2419, 1000.000000000000000 ) ;
#5342 = ORIENTED_EDGE ( 'NONE', *, *, #8230, .T. ) ;
#5343 = CARTESIAN_POINT ( 'NONE',  ( 3.908488410884000341, 1.437378298142999888, -0.5722436166929999457 ) ) ;
#5344 = EDGE_CURVE ( 'NONE', #2201, #1832, #4760, .T. ) ;
#5345 = ORIENTED_EDGE ( 'NONE', *, *, #8006, .F. ) ;
#5346 = DIRECTION ( 'NONE',  ( -0.8090169943749098147, -3.184271374627229656E-14, -0.5877852522925248735 ) ) ;
#5347 = ADVANCED_FACE ( 'NONE', ( #9130 ), #4405, .F. ) ;
#5348 = ORIENTED_EDGE ( 'NONE', *, *, #705, .T. ) ;
#5349 = CARTESIAN_POINT ( 'NONE',  ( -0.2491314716374000149, 6.883052867344999548, -4.299999999999999822 ) ) ;
#5350 = VERTEX_POINT ( 'NONE', #107 ) ;
#5351 = CARTESIAN_POINT ( 'NONE',  ( 13.42499999999999893, 1.000000000000000000, -4.500000000000000000 ) ) ;
#5352 = FACE_OUTER_BOUND ( 'NONE', #5770, .T. ) ;
#5353 = CARTESIAN_POINT ( 'NONE',  ( 0.000000000000000000, 0.000000000000000000, 0.000000000000000000 ) ) ;
#5354 = DIRECTION ( 'NONE',  ( 0.000000000000000000, 1.000000000000000000, 0.000000000000000000 ) ) ;
#5355 = VECTOR ( 'NONE', #1544, 1000.000000000000000 ) ;
#5356 = ORIENTED_EDGE ( 'NONE', *, *, #6551, .F. ) ;
#5357 = DIRECTION ( 'NONE',  ( 0.000000000000000000, -1.000000000000000000, 0.000000000000000000 ) ) ;
#5358 = VERTEX_POINT ( 'NONE', #2695 ) ;
#5359 = ORIENTED_EDGE ( 'NONE', *, *, #8432, .F. ) ;
#5360 = DIRECTION ( 'NONE',  ( -1.000000000000000000, 0.000000000000000000, 0.000000000000000000 ) ) ;
#5361 = EDGE_LOOP ( 'NONE', ( #2005, #5902, #7887, #3769 ) ) ;
#5362 = CARTESIAN_POINT ( 'NONE',  ( -9.350000000000001421, 6.349999999999999645, -0.5000000000000000000 ) ) ;
#5363 = DIRECTION ( 'NONE',  ( -0.5877852522925132162, 0.000000000000000000, 0.8090169943749184744 ) ) ;
#5364 = CARTESIAN_POINT ( 'NONE',  ( -0.1465673690733000079, 6.408693892986000229, -4.200000000000000178 ) ) ;
#5365 = EDGE_LOOP ( 'NONE', ( #4927, #7235, #2023, #1233 ) ) ;
#5366 = VECTOR ( 'NONE', #4565, 1000.000000000000000 ) ;
#5367 =( NAMED_UNIT ( * ) SI_UNIT ( $, .STERADIAN. ) SOLID_ANGLE_UNIT ( ) );
#5368 = VECTOR ( 'NONE', #9156, 1000.000000000000000 ) ;
#5369 = CARTESIAN_POINT ( 'NONE',  ( 3.909809385364000356, -1.463709190517999970, -0.6285402400278999879 ) ) ;
#5370 = ORIENTED_EDGE ( 'NONE', *, *, #3782, .T. ) ;
#5371 = EDGE_CURVE ( 'NONE', #2758, #7700, #6361, .T. ) ;
#5372 = LINE ( 'NONE', #5324, #7203 ) ;
#5373 = DIRECTION ( 'NONE',  ( 0.000000000000000000, -1.000000000000000000, 0.000000000000000000 ) ) ;
#5374 = ORIENTED_EDGE ( 'NONE', *, *, #2865, .F. ) ;
#5375 = VECTOR ( 'NONE', #6951, 1000.000000000000000 ) ;
#5376 = FACE_OUTER_BOUND ( 'NONE', #8205, .T. ) ;
#5377 = ADVANCED_FACE ( 'NONE', ( #2198 ), #5569, .F. ) ;
#5378 = DIRECTION ( 'NONE',  ( 0.000000000000000000, 0.000000000000000000, -1.000000000000000000 ) ) ;
#5379 = CARTESIAN_POINT ( 'NONE',  ( -12.84005928412999964, 0.2500000000000000000, -3.513644639500000277 ) ) ;
#5380 = CARTESIAN_POINT ( 'NONE',  ( 3.916762237928567369, -1.452163163842236759, -0.6289160932556341344 ) ) ;
#5381 = DIRECTION ( 'NONE',  ( 0.9063077870366587074, 0.000000000000000000, -0.4226182617406809006 ) ) ;
#5382 = ORIENTED_EDGE ( 'NONE', *, *, #4520, .F. ) ;
#5383 = ORIENTED_EDGE ( 'NONE', *, *, #8491, .T. ) ;
#5384 = DIRECTION ( 'NONE',  ( 1.000000000000000000, 0.000000000000000000, 0.000000000000000000 ) ) ;
#5385 = VECTOR ( 'NONE', #149, 1000.000000000000000 ) ;
#5386 = ADVANCED_FACE ( 'NONE', ( #8473 ), #7273, .T. ) ;
#5387 = CARTESIAN_POINT ( 'NONE',  ( 9.650000000000000355, -7.250000000000000000, -0.2500000000000000000 ) ) ;
#5388 = EDGE_LOOP ( 'NONE', ( #4887, #4124, #3060, #4678 ) ) ;
#5389 = EDGE_CURVE ( 'NONE', #4798, #6980, #1211, .T. ) ;
#5390 = CARTESIAN_POINT ( 'NONE',  ( 3.970979594481999442, 1.219813589413999866, -0.7154673977977000776 ) ) ;
#5391 = EDGE_CURVE ( 'NONE', #1072, #4730, #7021, .T. ) ;
#5392 = CIRCLE ( 'NONE', #8545, 0.03542486889354002494 ) ;
#5393 = VERTEX_POINT ( 'NONE', #2031 ) ;
#5394 = LINE ( 'NONE', #6801, #575 ) ;
#5395 = CIRCLE ( 'NONE', #7339, 1.270000000000000240 ) ;
#5396 = ORIENTED_EDGE ( 'NONE', *, *, #3903, .F. ) ;
#5397 = DIRECTION ( 'NONE',  ( 0.000000000000000000, 0.000000000000000000, 1.000000000000000000 ) ) ;
#5398 = CARTESIAN_POINT ( 'NONE',  ( 14.25000000000000000, 3.500000000000000000, -5.500000000000000000 ) ) ;
#5399 = EDGE_CURVE ( 'NONE', #6193, #5600, #814, .T. ) ;
#5400 = EDGE_CURVE ( 'NONE', #306, #8078, #7715, .T. ) ;
#5401 = VECTOR ( 'NONE', #5557, 1000.000000000000000 ) ;
#5402 = VERTEX_POINT ( 'NONE', #2245 ) ;
#5403 = EDGE_CURVE ( 'NONE', #2675, #582, #4904, .T. ) ;
#5404 = DIRECTION ( 'NONE',  ( 1.000000000000000000, 0.000000000000000000, 0.000000000000000000 ) ) ;
#5405 = CARTESIAN_POINT ( 'NONE',  ( 14.25000000000000000, -3.500000000000000000, -38.18409399080999833 ) ) ;
#5406 = CARTESIAN_POINT ( 'NONE',  ( 7.650725455797999786, -6.669999999999999929, -5.500000000000000000 ) ) ;
#5407 = CARTESIAN_POINT ( 'NONE',  ( 5.577410528076000240, 1.750000000000000000, 0.5999999999999999778 ) ) ;
#5408 = ORIENTED_EDGE ( 'NONE', *, *, #1488, .T. ) ;
#5409 = CIRCLE ( 'NONE', #4503, 10.15000000000000036 ) ;
#5410 = CARTESIAN_POINT ( 'NONE',  ( 9.650000000000000355, -5.750000000000000000, -0.5000000000000000000 ) ) ;
#5411 = EDGE_CURVE ( 'NONE', #2214, #4872, #3449, .T. ) ;
#5412 = EDGE_LOOP ( 'NONE', ( #6614, #3302, #2393, #8370 ) ) ;
#5413 = VECTOR ( 'NONE', #4369, 1000.000000000000000 ) ;
#5414 = ORIENTED_EDGE ( 'NONE', *, *, #4370, .F. ) ;
#5415 = EDGE_CURVE ( 'NONE', #2259, #669, #6316, .T. ) ;
#5416 = DIRECTION ( 'NONE',  ( 1.000000000000000000, 0.000000000000000000, 0.000000000000000000 ) ) ;
#5417 = VERTEX_POINT ( 'NONE', #2744 ) ;
#5418 = PLANE ( 'NONE',  #5583 ) ;
#5419 = VECTOR ( 'NONE', #3925, 1000.000000000000000 ) ;
#5420 = LINE ( 'NONE', #4804, #7202 ) ;
#5421 = DIRECTION ( 'NONE',  ( 0.9134742449544117626, 0.4068965517241048269, 0.000000000000000000 ) ) ;
#5422 = ORIENTED_EDGE ( 'NONE', *, *, #4354, .F. ) ;
#5423 = DIRECTION ( 'NONE',  ( 0.000000000000000000, 0.000000000000000000, 1.000000000000000000 ) ) ;
#5424 = CARTESIAN_POINT ( 'NONE',  ( 3.305221764409000063, -1.270000000000000018, -0.1855941842102000194 ) ) ;
#5425 = AXIS2_PLACEMENT_3D ( 'NONE', #6025, #396, #8929 ) ;
#5426 = B_SPLINE_CURVE_WITH_KNOTS ( 'NONE', 3,
 ( #2806, #3558, #5769, #2140, #5146, #94 ),
 .UNSPECIFIED., .F., .F.,
 ( 4, 1, 1, 4 ),
 ( 0.000000000000000000, 0.3333333333333000081, 0.6666666666667000474, 1.000000000000000000 ),
 .UNSPECIFIED. ) ;
#5427 = VERTEX_POINT ( 'NONE', #5613 ) ;
#5428 = DIRECTION ( 'NONE',  ( 0.000000000000000000, 0.000000000000000000, -1.000000000000000000 ) ) ;
#5429 = CARTESIAN_POINT ( 'NONE',  ( 6.246799180380000038, -8.000000000000000000, -4.000000000000000000 ) ) ;
#5430 = ORIENTED_EDGE ( 'NONE', *, *, #7680, .T. ) ;
#5432 = B_SPLINE_CURVE_WITH_KNOTS ( 'NONE', 3,
 ( #2370, #8768, #985, #850, #3878, #6615 ),
 .UNSPECIFIED., .F., .F.,
 ( 4, 2, 4 ),
 ( 0.000000000000000000, 0.5000000000000000000, 1.000000000000000000 ),
 .UNSPECIFIED. ) ;
#5431 = DIRECTION ( 'NONE',  ( 0.000000000000000000, 0.000000000000000000, 1.000000000000000000 ) ) ;
#5433 = CARTESIAN_POINT ( 'NONE',  ( 13.42499999999999893, -0.7500000000000000000, -3.350000000000000089 ) ) ;
#5434 = CARTESIAN_POINT ( 'NONE',  ( -8.750000000000000000, 6.349999999999999645, -0.2500000000000000000 ) ) ;
#5435 = DIRECTION ( 'NONE',  ( 0.000000000000000000, 0.000000000000000000, -1.000000000000000000 ) ) ;
#5436 = DIRECTION ( 'NONE',  ( 0.000000000000000000, -1.000000000000000000, 0.000000000000000000 ) ) ;
#5437 = ORIENTED_EDGE ( 'NONE', *, *, #133, .F. ) ;
#5438 = VERTEX_POINT ( 'NONE', #1550 ) ;
#5439 = LINE ( 'NONE', #4825, #7931 ) ;
#5440 = EDGE_CURVE ( 'NONE', #8938, #8275, #2855, .T. ) ;
#5441 = DIRECTION ( 'NONE',  ( -1.000000000000000000, 0.000000000000000000, 0.000000000000000000 ) ) ;
#5442 = ORIENTED_EDGE ( 'NONE', *, *, #4882, .F. ) ;
#5443 = CARTESIAN_POINT ( 'NONE',  ( 3.954032579719000129, 1.346701820845999986, -0.6322684982327000380 ) ) ;
#5444 = EDGE_LOOP ( 'NONE', ( #3932, #5927, #4186, #8791 ) ) ;
#5445 = DIRECTION ( 'NONE',  ( 0.000000000000000000, -1.000000000000000000, 0.000000000000000000 ) ) ;
#5446 = EDGE_LOOP ( 'NONE', ( #6570, #8810, #8686, #4851, #7641, #7646, #8619, #8092 ) ) ;
#5447 = DIRECTION ( 'NONE',  ( 0.000000000000000000, -1.000000000000000000, 0.000000000000000000 ) ) ;
#5448 = LINE ( 'NONE', #8203, #2864 ) ;
#5449 = ADVANCED_FACE ( 'NONE', ( #4197 ), #3702, .F. ) ;
#5450 = VERTEX_POINT ( 'NONE', #651 ) ;
#5451 = DIRECTION ( 'NONE',  ( 1.000000000000000000, 0.000000000000000000, 0.000000000000000000 ) ) ;
#5452 = DIRECTION ( 'NONE',  ( 0.000000000000000000, 1.000000000000000000, 0.000000000000000000 ) ) ;
#5453 = EDGE_CURVE ( 'NONE', #7946, #7031, #3495, .T. ) ;
#5454 = DIRECTION ( 'NONE',  ( 0.000000000000000000, 1.000000000000000000, 0.000000000000000000 ) ) ;
#5455 = DIRECTION ( 'NONE',  ( 0.000000000000000000, -1.000000000000000000, 0.000000000000000000 ) ) ;
#5456 = VERTEX_POINT ( 'NONE', #2913 ) ;
#5457 = ADVANCED_FACE ( 'NONE', ( #1246 ), #6526, .F. ) ;
#5458 = DIRECTION ( 'NONE',  ( 0.000000000000000000, 0.000000000000000000, 1.000000000000000000 ) ) ;
#5459 = ORIENTED_EDGE ( 'NONE', *, *, #4704, .T. ) ;
#5460 = ORIENTED_EDGE ( 'NONE', *, *, #8595, .F. ) ;
#5461 = DIRECTION ( 'NONE',  ( -0.9455185755993018581, 0.000000000000000000, 0.3255681544572003872 ) ) ;
#5462 = ORIENTED_EDGE ( 'NONE', *, *, #3385, .F. ) ;
#5463 = EDGE_CURVE ( 'NONE', #6656, #5600, #8822, .T. ) ;
#5464 = DIRECTION ( 'NONE',  ( 0.000000000000000000, 0.000000000000000000, -1.000000000000000000 ) ) ;
#5465 = CARTESIAN_POINT ( 'NONE',  ( 14.25000000000000000, 3.500000000000000000, 0.000000000000000000 ) ) ;
#5466 = CARTESIAN_POINT ( 'NONE',  ( 13.47500000000000142, -1.750000000000000000, -5.500000000000000000 ) ) ;
#5467 = VERTEX_POINT ( 'NONE', #4551 ) ;
#5468 = LINE ( 'NONE', #8934, #2668 ) ;
#5469 = CARTESIAN_POINT ( 'NONE',  ( -11.57500000000000107, -2.600000000000000089, -1.100000000000000089 ) ) ;
#5470 = VERTEX_POINT ( 'NONE', #3187 ) ;
#5471 = LINE ( 'NONE', #2554, #7182 ) ;
#5472 = DIRECTION ( 'NONE',  ( -1.000000000000000000, 0.000000000000000000, 0.000000000000000000 ) ) ;
#5473 = ORIENTED_EDGE ( 'NONE', *, *, #8667, .T. ) ;
#5474 = LINE ( 'NONE', #1111, #8869 ) ;
#5475 = CARTESIAN_POINT ( 'NONE',  ( -7.212490067225000523, -1.229999999999999982, -1.206277929287999928 ) ) ;
#5476 = CARTESIAN_POINT ( 'NONE',  ( -10.79215728752999937, -2.500000000000000000, -1.100000000000000089 ) ) ;
#5477 = VECTOR ( 'NONE', #9124, 1000.000000000000000 ) ;
#5478 = CARTESIAN_POINT ( 'NONE',  ( 14.25000000000000000, 3.500000000000000000, 0.000000000000000000 ) ) ;
#5479 = PLANE ( 'NONE',  #6528 ) ;
#5480 = ORIENTED_EDGE ( 'NONE', *, *, #5849, .F. ) ;
#5481 = AXIS2_PLACEMENT_3D ( 'NONE', #9210, #3577, #5652 ) ;
#5482 = VERTEX_POINT ( 'NONE', #341 ) ;
#5483 = LINE ( 'NONE', #8287, #8540 ) ;
#5484 = AXIS2_PLACEMENT_3D ( 'NONE', #4578, #7438, #6183 ) ;
#5485 = B_SPLINE_SURFACE_WITH_KNOTS ( 'NONE', 3, 3, ( 
 ( #4589, #1584, #6750, #2323, #6703, #7450 ),
 ( #239, #3038, #6657, #5294, #3084, #3181 ),
 ( #1543, #4446, #896, #5343, #1627, #6047 ),
 ( #3793, #197, #5952, #8815, #4497, #8107 ),
 ( #5908, #5194, #284, #3130, #8864, #2422 ),
 ( #8150, #4776, #6284, #5443, #9098, #4726 ),
 ( #2662, #7639, #9051, #4679, #1214, #2612 ),
 ( #8344, #4633, #1769, #6799, #6988, #6192 ),
 ( #4019, #3366, #7590, #9145, #1166, #8245 ),
 ( #1860, #6892, #7498, #6097, #5488, #8395 ),
 ( #1120, #1077, #1909, #376, #4072, #5390 ),
 ( #7687, #6940, #568, #3272, #472, #4830 ),
 ( #2519, #3417, #8955, #3970, #2712, #6845 ),
 ( #3325, #423, #518, #6236, #1818, #5535 ),
 ( #3225, #7545, #9005, #4113, #8196, #3927 ),
 ( #6144, #1957, #1260, #2572, #8290, #5054 ),
 ( #6334, #5724, #7911, #2851, #5672, #7869 ),
 ( #7216, #2759, #3600, #2092, #8583, #4965 ),
 ( #2045, #1306, #8488, #2182, #9231, #7783 ) ),
 .UNSPECIFIED., .F., .F., .F.,
 ( 4, 1, 1, 1, 1, 1, 1, 1, 1, 1, 1, 1, 1, 1, 1, 1, 4 ),
 ( 4, 1, 1, 4 ),
 ( 9.863293965603000147E-05, 0.0001268181067095999824, 0.0001368710565699999843, 0.0001418975315002000124, 0.0001469240064303999863, 0.0001494372438954000098, 0.0001519504813604999967, 0.0001544637188255999836, 0.0001569769562906999977, 0.0001594901937558000117, 0.0001620034312208999986, 0.0001645166686860000127, 0.0001670299061510999996, 0.0001720563810813000006, 0.0001770828560115000015, 0.0001871358058717999858, 0.0002149826983264000249 ),
 ( -0.03265546162807999447, 0.4059523991230999940, 0.6089386989634999470, 0.8706897811750000660 ),
 .UNSPECIFIED. ) ;
#5486 = LINE ( 'NONE', #8342, #3166 ) ;
#5487 = ORIENTED_EDGE ( 'NONE', *, *, #1879, .F. ) ;
#5488 = CARTESIAN_POINT ( 'NONE',  ( 3.972112576476000356, 1.254171786616999906, -0.6929686084238000365 ) ) ;
#5489 = AXIS2_PLACEMENT_3D ( 'NONE', #2654, #8284, #7679 ) ;
#5490 = CARTESIAN_POINT ( 'NONE',  ( 3.869937187412998636, -1.254458537402999951, -0.4551418008018999206 ) ) ;
#5491 = ADVANCED_FACE ( 'NONE', ( #5873 ), #1686, .F. ) ;
#5492 = ORIENTED_EDGE ( 'NONE', *, *, #6893, .F. ) ;
#5493 = CARTESIAN_POINT ( 'NONE',  ( 3.892858156419999993, -1.239812141570999948, -0.4840158049737999790 ) ) ;
#5494 = ADVANCED_FACE ( 'NONE', ( #6053 ), #8915, .F. ) ;
#5495 = VERTEX_POINT ( 'NONE', #3844 ) ;
#5496 = CARTESIAN_POINT ( 'NONE',  ( -6.720820407913000061, -1.219863181193999946, -1.375573369605999963 ) ) ;
#5497 = VECTOR ( 'NONE', #5081, 1000.000000000000000 ) ;
#5498 = VERTEX_POINT ( 'NONE', #6008 ) ;
#5499 = CARTESIAN_POINT ( 'NONE',  ( -7.637973426245000752, -1.750000000000000000, -1.059772259783000159 ) ) ;
#5500 = CARTESIAN_POINT ( 'NONE',  ( -7.637973426245000752, -0.6991495612755999067, -1.059772259783000159 ) ) ;
#5501 = CARTESIAN_POINT ( 'NONE',  ( -9.811345473480999502, 2.600000000000000089, 0.000000000000000000 ) ) ;
#5502 = CARTESIAN_POINT ( 'NONE',  ( 5.000000000000000000, -6.669999999999999929, -5.500000000000000000 ) ) ;
#5503 = EDGE_CURVE ( 'NONE', #4138, #582, #2429, .T. ) ;
#5504 = EDGE_LOOP ( 'NONE', ( #5882, #4392, #5605, #5970 ) ) ;
#5505 = CARTESIAN_POINT ( 'NONE',  ( 3.878888949504000205, 1.020319755455999955, -0.5782089489127000270 ) ) ;
#5506 = EDGE_CURVE ( 'NONE', #8311, #6541, #1591, .T. ) ;
#5507 = ORIENTED_EDGE ( 'NONE', *, *, #1320, .F. ) ;
#5508 = EDGE_LOOP ( 'NONE', ( #8423, #7576, #3362, #1235 ) ) ;
#5509 = AXIS2_PLACEMENT_3D ( 'NONE', #3697, #1455, #3652 ) ;
#5510 = EDGE_CURVE ( 'NONE', #1856, #8051, #1038, .T. ) ;
#5511 = CARTESIAN_POINT ( 'NONE',  ( -6.720820407913000061, -2.500000000000000000, -1.375573369605999963 ) ) ;
#5512 = ORIENTED_EDGE ( 'NONE', *, *, #7120, .F. ) ;
#5513 = DIRECTION ( 'NONE',  ( -0.4226182617406808451, 0.000000000000000000, -0.9063077870366585964 ) ) ;
#5514 = CARTESIAN_POINT ( 'NONE',  ( -9.179185367155000108, -0.5271572148129000102, -4.000000000000000000 ) ) ;
#5515 = LINE ( 'NONE', #6919, #9067 ) ;
#5516 = VERTEX_POINT ( 'NONE', #6761 ) ;
#5517 = DIRECTION ( 'NONE',  ( 0.9455185755993017471, 0.000000000000000000, -0.3255681544572005537 ) ) ;
#5518 = AXIS2_PLACEMENT_3D ( 'NONE', #4834, #9009, #9101 ) ;
#5519 = EDGE_CURVE ( 'NONE', #8330, #3484, #203, .T. ) ;
#5520 = ORIENTED_EDGE ( 'NONE', *, *, #4759, .F. ) ;
#5521 = DIRECTION ( 'NONE',  ( -0.5877852522925132162, 0.000000000000000000, 0.8090169943749183634 ) ) ;
#5522 = CARTESIAN_POINT ( 'NONE',  ( -13.42499999999999893, 2.000000000000000000, -5.250000000000000000 ) ) ;
#5523 = VECTOR ( 'NONE', #5316, 1000.000000000000000 ) ;
#5524 = EDGE_LOOP ( 'NONE', ( #3789, #959, #5551, #4591 ) ) ;
#5525 = DIRECTION ( 'NONE',  ( 0.9455185755993018581, 0.000000000000000000, -0.3255681544572000541 ) ) ;
#5526 = DIRECTION ( 'NONE',  ( 0.000000000000000000, 1.000000000000000000, 0.000000000000000000 ) ) ;
#5527 = FACE_OUTER_BOUND ( 'NONE', #6336, .T. ) ;
#5528 = DIRECTION ( 'NONE',  ( 0.9998544706657866987, -0.01705982091463974573, 0.000000000000000000 ) ) ;
#5529 = DIRECTION ( 'NONE',  ( 1.000000000000000000, 0.000000000000000000, 0.000000000000000000 ) ) ;
#5530 = ORIENTED_EDGE ( 'NONE', *, *, #1140, .T. ) ;
#5531 = ORIENTED_EDGE ( 'NONE', *, *, #7907, .T. ) ;
#5532 = DIRECTION ( 'NONE',  ( 0.3255681544572004427, 0.000000000000000000, 0.9455185755993018581 ) ) ;
#5533 = DIRECTION ( 'NONE',  ( 0.000000000000000000, 1.000000000000000000, 0.000000000000000000 ) ) ;
#5534 = ORIENTED_EDGE ( 'NONE', *, *, #4416, .F. ) ;
#5535 = CARTESIAN_POINT ( 'NONE',  ( 3.954702611341000651, 1.134448024580000158, -0.6955235056067999855 ) ) ;
#5536 = EDGE_CURVE ( 'NONE', #7031, #2439, #5300, .T. ) ;
#5537 = CARTESIAN_POINT ( 'NONE',  ( 3.351904150863525889, -0.9828241191916268216, -0.2502420531754477317 ) ) ;
#5538 = ORIENTED_EDGE ( 'NONE', *, *, #2791, .T. ) ;
#5539 = DIRECTION ( 'NONE',  ( -0.5364737559171040004, 0.4086220918438980276, 0.7383927784514909831 ) ) ;
#5540 = ORIENTED_EDGE ( 'NONE', *, *, #1833, .T. ) ;
#5541 = CARTESIAN_POINT ( 'NONE',  ( -13.42499999999999893, 0.7500000000000000000, -3.350000000000000089 ) ) ;
#5542 = VECTOR ( 'NONE', #5521, 1000.000000000000000 ) ;
#5543 = AXIS2_PLACEMENT_3D ( 'NONE', #3047, #7238, #859 ) ;
#5544 = ORIENTED_EDGE ( 'NONE', *, *, #9056, .T. ) ;
#5545 = CARTESIAN_POINT ( 'NONE',  ( 3.467025163283938838, 1.175080732361513336, -0.06803713375165912347 ) ) ;
#5546 = VECTOR ( 'NONE', #5404, 1000.000000000000000 ) ;
#5547 = CIRCLE ( 'NONE', #1495, 0.4500000000000007327 ) ;
#5548 = DIRECTION ( 'NONE',  ( 0.000000000000000000, 0.000000000000000000, 1.000000000000000000 ) ) ;
#5549 = DIRECTION ( 'NONE',  ( 0.000000000000000000, -1.000000000000000000, 0.000000000000000000 ) ) ;
#5550 = CARTESIAN_POINT ( 'NONE',  ( -11.07499999999999929, -2.000000000000000000, -1.199999999999999956 ) ) ;
#5551 = ORIENTED_EDGE ( 'NONE', *, *, #1370, .T. ) ;
#5552 = DIRECTION ( 'NONE',  ( 0.000000000000000000, 0.000000000000000000, -1.000000000000000000 ) ) ;
#5553 = VECTOR ( 'NONE', #9260, 1000.000000000000000 ) ;
#5554 = EDGE_LOOP ( 'NONE', ( #4666, #493, #1696, #4025, #7038, #4227, #1825, #4323, #4215, #3900, #8286, #2664, #7334, #3295, #375, #767, #7191, #3258, #2248, #6804, #2884, #3928, #9158, #7247, #1094, #6042, #9050, #7885 ) ) ;
#5555 = ADVANCED_FACE ( 'NONE', ( #5914 ), #3888, .T. ) ;
#5556 = ORIENTED_EDGE ( 'NONE', *, *, #7530, .F. ) ;
#5557 = DIRECTION ( 'NONE',  ( 0.000000000000000000, 1.000000000000000000, 0.000000000000000000 ) ) ;
#5558 = VECTOR ( 'NONE', #2024, 1000.000000000000000 ) ;
#5559 = ORIENTED_EDGE ( 'NONE', *, *, #811, .T. ) ;
#5560 = FACE_OUTER_BOUND ( 'NONE', #422, .T. ) ;
#5561 = CARTESIAN_POINT ( 'NONE',  ( 3.881619859231999925, 1.285137373791000126, -0.4685476159079000058 ) ) ;
#5562 = CARTESIAN_POINT ( 'NONE',  ( 4.403105430786999896, -1.750000000000000000, -1.140978902365999970 ) ) ;
#5563 = ORIENTED_EDGE ( 'NONE', *, *, #6093, .F. ) ;
#5564 = DIRECTION ( 'NONE',  ( -1.000000000000000000, 0.000000000000000000, 0.000000000000000000 ) ) ;
#5565 = CARTESIAN_POINT ( 'NONE',  ( 8.887243667190000806, -4.129999999999999893, -0.4000000000000000222 ) ) ;
#5566 = AXIS2_PLACEMENT_3D ( 'NONE', #2852, #666, #3601 ) ;
#5567 = EDGE_LOOP ( 'NONE', ( #4047, #7726, #2613 ) ) ;
#5568 = EDGE_CURVE ( 'NONE', #4496, #155, #8206, .T. ) ;
#5569 = CYLINDRICAL_SURFACE ( 'NONE', #603, 0.5000000000000004441 ) ;
#5570 = AXIS2_PLACEMENT_3D ( 'NONE', #8679, #1027, #5996 ) ;
#5571 = CARTESIAN_POINT ( 'NONE',  ( -7.179909470181000231, -6.669999999999999929, -0.4000000000000000222 ) ) ;
#5572 = EDGE_LOOP ( 'NONE', ( #1127, #3854, #6351, #1564, #1242, #2479, #5473, #6927, #2642 ) ) ;
#5573 = DIRECTION ( 'NONE',  ( 0.000000000000000000, -1.000000000000000000, 0.000000000000000000 ) ) ;
#5574 = FACE_OUTER_BOUND ( 'NONE', #232, .T. ) ;
#5575 = VECTOR ( 'NONE', #82, 1000.000000000000000 ) ;
#5576 = DIRECTION ( 'NONE',  ( 0.000000000000000000, -1.000000000000000000, 0.000000000000000000 ) ) ;
#5577 = CARTESIAN_POINT ( 'NONE',  ( 12.97499999999999964, -2.500000000000000000, -0.9000000000000000222 ) ) ;
#5578 = ADVANCED_FACE ( 'NONE', ( #3140 ), #2208, .F. ) ;
#5579 = ORIENTED_EDGE ( 'NONE', *, *, #3988, .T. ) ;
#5580 = ORIENTED_EDGE ( 'NONE', *, *, #627, .T. ) ;
#5581 = CARTESIAN_POINT ( 'NONE',  ( -9.500000000000000000, 6.500000000000000000, -0.2500000000000000000 ) ) ;
#5582 = EDGE_CURVE ( 'NONE', #4266, #4218, #5255, .T. ) ;
#5583 = AXIS2_PLACEMENT_3D ( 'NONE', #1099, #355, #3946 ) ;
#5584 = CARTESIAN_POINT ( 'NONE',  ( 13.42499999999999893, 2.000000000000000000, -1.350000000000000089 ) ) ;
#5585 = ORIENTED_EDGE ( 'NONE', *, *, #7281, .T. ) ;
#5586 = DIRECTION ( 'NONE',  ( 0.000000000000000000, 1.000000000000000000, 0.000000000000000000 ) ) ;
#5587 = CARTESIAN_POINT ( 'NONE',  ( 3.869937187413001300, -1.254458537402999507, -0.4551418008018999761 ) ) ;
#5588 = ORIENTED_EDGE ( 'NONE', *, *, #7245, .F. ) ;
#5589 = CARTESIAN_POINT ( 'NONE',  ( 3.881619859231999925, -1.285137373791000126, -0.4685476159079000058 ) ) ;
#5590 = EDGE_CURVE ( 'NONE', #8585, #5467, #1190, .T. ) ;
#5591 = VERTEX_POINT ( 'NONE', #485 ) ;
#5592 = CYLINDRICAL_SURFACE ( 'NONE', #6990, 1.270000000000000240 ) ;
#5593 = EDGE_CURVE ( 'NONE', #3442, #7497, #1871, .T. ) ;
#5594 = CARTESIAN_POINT ( 'NONE',  ( -7.480839441234001796, -1.167425857339000173, -1.445909382126998599 ) ) ;
#5595 = VERTEX_POINT ( 'NONE', #2724 ) ;
#5596 = CARTESIAN_POINT ( 'NONE',  ( -9.350000000000001421, 7.250000000000000000, -0.5000000000000000000 ) ) ;
#5597 = CARTESIAN_POINT ( 'NONE',  ( -7.110084788002998479, 1.154288557693000206, -1.537238824090998657 ) ) ;
#5598 = LINE ( 'NONE', #9061, #5679 ) ;
#5599 = LINE ( 'NONE', #17, #1282 ) ;
#5600 = VERTEX_POINT ( 'NONE', #3979 ) ;
#5601 = CARTESIAN_POINT ( 'NONE',  ( 3.955936438440999847, -1.364775433536999927, -0.6729517136832000590 ) ) ;
#5602 = EDGE_LOOP ( 'NONE', ( #6395, #2134, #3424, #1123, #8243, #2150, #7534, #1326 ) ) ;
#5603 = ORIENTED_EDGE ( 'NONE', *, *, #7954, .T. ) ;
#5604 = CARTESIAN_POINT ( 'NONE',  ( 15.84999999999999964, -1.750000000000000000, -5.500000000000000000 ) ) ;
#5605 = ORIENTED_EDGE ( 'NONE', *, *, #2553, .F. ) ;
#5606 = CARTESIAN_POINT ( 'NONE',  ( -13.35941545092999938, 0.5000000000000000000, -4.154167216782000516 ) ) ;
#5607 = CARTESIAN_POINT ( 'NONE',  ( -9.350000000000001421, 5.750000000000000000, -0.2500000000000000000 ) ) ;
#5608 = CARTESIAN_POINT ( 'NONE',  ( 9.142804233483001752, -4.129999999999999893, -0.6654734797176000693 ) ) ;
#5609 = ORIENTED_EDGE ( 'NONE', *, *, #2062, .T. ) ;
#5610 = PLANE ( 'NONE',  #7423 ) ;
#5611 = CARTESIAN_POINT ( 'NONE',  ( 12.97499999999999964, -2.500000000000000000, -1.350000000000000089 ) ) ;
#5612 = ORIENTED_EDGE ( 'NONE', *, *, #6152, .F. ) ;
#5613 = CARTESIAN_POINT ( 'NONE',  ( 9.811345473480999502, 2.600000000000000089, 0.000000000000000000 ) ) ;
#5614 = CARTESIAN_POINT ( 'NONE',  ( 8.324453148972999372, -0.004903451899607999716, -3.785961335781999892 ) ) ;
#5615 = ORIENTED_EDGE ( 'NONE', *, *, #3743, .F. ) ;
#5616 = DIRECTION ( 'NONE',  ( 0.000000000000000000, -1.000000000000000000, 0.000000000000000000 ) ) ;
#5617 = CARTESIAN_POINT ( 'NONE',  ( -13.42499999999999893, 0.5000000000000000000, -4.500000000000000000 ) ) ;
#5618 = CARTESIAN_POINT ( 'NONE',  ( 0.000000000000000000, 6.500000000000000000, -4.000000000000000000 ) ) ;
#5619 = CARTESIAN_POINT ( 'NONE',  ( 8.641778518293998346, -0.1777966565218999928, -4.000000000000000000 ) ) ;
#5620 = ADVANCED_FACE ( 'NONE', ( #7651 ), #2530, .T. ) ;
#5621 = ORIENTED_EDGE ( 'NONE', *, *, #8244, .T. ) ;
#5622 = ORIENTED_EDGE ( 'NONE', *, *, #7954, .F. ) ;
#5623 = DIRECTION ( 'NONE',  ( 0.000000000000000000, 1.000000000000000000, 0.000000000000000000 ) ) ;
#5624 = DIRECTION ( 'NONE',  ( -1.000000000000000000, 0.000000000000000000, 0.000000000000000000 ) ) ;
#5625 = ADVANCED_FACE ( 'NONE', ( #8405 ), #6106, .T. ) ;
#5626 = EDGE_LOOP ( 'NONE', ( #4451, #955 ) ) ;
#5627 = LINE ( 'NONE', #708, #758 ) ;
#5628 = CARTESIAN_POINT ( 'NONE',  ( 4.291266850093000684, 0.7149874937750000381, -1.306786416877000034 ) ) ;
#5629 = EDGE_CURVE ( 'NONE', #5470, #4958, #4838, .T. ) ;
#5630 = AXIS2_PLACEMENT_3D ( 'NONE', #3289, #9021, #345 ) ;
#5631 = ORIENTED_EDGE ( 'NONE', *, *, #524, .F. ) ;
#5632 = LINE ( 'NONE', #668, #7604 ) ;
#5633 = ORIENTED_EDGE ( 'NONE', *, *, #3433, .F. ) ;
#5634 = CARTESIAN_POINT ( 'NONE',  ( -6.246799180380000038, 8.000000000000000000, -4.000000000000000000 ) ) ;
#5635 = B_SPLINE_CURVE_WITH_KNOTS ( 'NONE', 3,
 ( #8481, #5048, #7904, #2085, #7082, #6505, #4385, #3591 ),
 .UNSPECIFIED., .F., .F.,
 ( 4, 2, 2, 4 ),
 ( 0.000000000000000000, 0.2499999999999993339, 0.4999999999999986677, 1.000000000000000000 ),
 .UNSPECIFIED. ) ;
#5636 = AXIS2_PLACEMENT_3D ( 'NONE', #276, #2509, #7306 ) ;
#5637 = LINE ( 'NONE', #2009, #8855 ) ;
#5638 = ADVANCED_FACE ( 'NONE', ( #9058 ), #7746, .T. ) ;
#5639 = ORIENTED_EDGE ( 'NONE', *, *, #6357, .T. ) ;
#5640 = CARTESIAN_POINT ( 'NONE',  ( 9.271763586287001147, 4.129999999999999893, -5.500000000000000000 ) ) ;
#5641 = LINE ( 'NONE', #4035, #7157 ) ;
#5642 = DIRECTION ( 'NONE',  ( 0.000000000000000000, 0.000000000000000000, 1.000000000000000000 ) ) ;
#5643 = EDGE_CURVE ( 'NONE', #567, #7842, #8299, .T. ) ;
#5644 = ORIENTED_EDGE ( 'NONE', *, *, #7618, .T. ) ;
#5645 = AXIS2_PLACEMENT_3D ( 'NONE', #8983, #8224, #6823 ) ;
#5646 = CARTESIAN_POINT ( 'NONE',  ( 3.954792511047000136, -1.374202818511000013, -0.6957232405890999560 ) ) ;
#5647 = ORIENTED_EDGE ( 'NONE', *, *, #753, .F. ) ;
#5648 = VECTOR ( 'NONE', #8677, 1000.000000000000000 ) ;
#5649 = CARTESIAN_POINT ( 'NONE',  ( -8.025374450449078267, 0.6789789645595927237, -1.333434230265018616 ) ) ;
#5650 = ORIENTED_EDGE ( 'NONE', *, *, #490, .F. ) ;
#5651 = CARTESIAN_POINT ( 'NONE',  ( -10.25000000000000000, 6.649999999999999467, -0.2500000000000000000 ) ) ;
#5652 = DIRECTION ( 'NONE',  ( 1.000000000000000000, 0.000000000000000000, 0.000000000000000000 ) ) ;
#5653 = CARTESIAN_POINT ( 'NONE',  ( -14.25000000000000000, 2.000000000000000000, -1.100000000000000089 ) ) ;
#5654 = ORIENTED_EDGE ( 'NONE', *, *, #6640, .T. ) ;
#5655 = CARTESIAN_POINT ( 'NONE',  ( 3.965763122545999941, 1.320428910603999917, -0.6955191271105000128 ) ) ;
#5656 = LINE ( 'NONE', #2923, #4494 ) ;
#5657 = ORIENTED_EDGE ( 'NONE', *, *, #2939, .T. ) ;
#5658 = VECTOR ( 'NONE', #3094, 1000.000000000000000 ) ;
#5659 = DIRECTION ( 'NONE',  ( 0.000000000000000000, 0.000000000000000000, -1.000000000000000000 ) ) ;
#5660 = VERTEX_POINT ( 'NONE', #5499 ) ;
#5661 = DIRECTION ( 'NONE',  ( -1.000000000000000000, 0.000000000000000000, 0.000000000000000000 ) ) ;
#5662 = FACE_OUTER_BOUND ( 'NONE', #6116, .T. ) ;
#5663 = PLANE ( 'NONE',  #7023 ) ;
#5664 = DIRECTION ( 'NONE',  ( -0.9134742449544117626, -0.4068965517241048269, 0.000000000000000000 ) ) ;
#5665 = VERTEX_POINT ( 'NONE', #577 ) ;
#5666 = VERTEX_POINT ( 'NONE', #8257 ) ;
#5667 = DIRECTION ( 'NONE',  ( -0.8290375725550501729, 0.000000000000000000, 0.5591929034707342483 ) ) ;
#5668 = LINE ( 'NONE', #5053, #642 ) ;
#5669 = VECTOR ( 'NONE', #4673, 1000.000000000000000 ) ;
#5670 = ORIENTED_EDGE ( 'NONE', *, *, #7907, .F. ) ;
#5671 = EDGE_CURVE ( 'NONE', #5872, #6471, #6903, .T. ) ;
#5672 = CARTESIAN_POINT ( 'NONE',  ( 3.902245759920999646, 1.038194503498999888, -0.6031825030474000648 ) ) ;
#5673 = CARTESIAN_POINT ( 'NONE',  ( 13.42499999999999893, 0.7500000000000000000, -3.600000000000000089 ) ) ;
#5674 = ORIENTED_EDGE ( 'NONE', *, *, #8090, .F. ) ;
#5675 = DIRECTION ( 'NONE',  ( 1.000000000000000000, 0.000000000000000000, 0.000000000000000000 ) ) ;
#5676 = VERTEX_POINT ( 'NONE', #1826 ) ;
#5677 = CARTESIAN_POINT ( 'NONE',  ( -9.014631941822999650, 4.129999999999999893, -0.2678610390410999798 ) ) ;
#5678 = EDGE_CURVE ( 'NONE', #4814, #4993, #6291, .T. ) ;
#5679 = VECTOR ( 'NONE', #7049, 1000.000000000000000 ) ;
#5680 = EDGE_CURVE ( 'NONE', #3438, #7605, #8352, .T. ) ;
#5681 = DIRECTION ( 'NONE',  ( 0.000000000000000000, 1.000000000000000000, 0.000000000000000000 ) ) ;
#5682 = ORIENTED_EDGE ( 'NONE', *, *, #5743, .F. ) ;
#5683 = ADVANCED_FACE ( 'NONE', ( #4787 ), #1228, .F. ) ;
#5684 = DIRECTION ( 'NONE',  ( 0.000000000000000000, -1.000000000000000000, 0.000000000000000000 ) ) ;
#5685 = AXIS2_PLACEMENT_3D ( 'NONE', #5782, #8645, #290 ) ;
#5686 = AXIS2_PLACEMENT_3D ( 'NONE', #8737, #5161, #8022 ) ;
#5687 = LINE ( 'NONE', #7748, #5368 ) ;
#5688 = CARTESIAN_POINT ( 'NONE',  ( -6.720820407913000061, 1.229999999999999982, -1.375573369605999963 ) ) ;
#5689 = ORIENTED_EDGE ( 'NONE', *, *, #8767, .T. ) ;
#5690 = EDGE_CURVE ( 'NONE', #1051, #1136, #383, .T. ) ;
#5691 = CARTESIAN_POINT ( 'NONE',  ( 3.942728770490999679, -1.269121253458000087, -0.5625913865414999826 ) ) ;
#5692 = EDGE_CURVE ( 'NONE', #5180, #7591, #6950, .T. ) ;
#5693 = AXIS2_PLACEMENT_3D ( 'NONE', #1356, #4342, #2801 ) ;
#5694 = ORIENTED_EDGE ( 'NONE', *, *, #6701, .T. ) ;
#5695 = AXIS2_PLACEMENT_3D ( 'NONE', #704, #2798, #4429 ) ;
#5696 = CARTESIAN_POINT ( 'NONE',  ( 13.22500000000000142, 1.750000000000000000, -5.250000000000000000 ) ) ;
#5697 = ORIENTED_EDGE ( 'NONE', *, *, #8718, .F. ) ;
#5698 = DIRECTION ( 'NONE',  ( -0.4226182617406808451, 0.000000000000000000, 0.9063077870366585964 ) ) ;
#5699 = DIRECTION ( 'NONE',  ( 0.7537660547584518200, -0.6571428571428579168, 0.000000000000000000 ) ) ;
#5700 = LINE ( 'NONE', #4943, #8556 ) ;
#5701 = CARTESIAN_POINT ( 'NONE',  ( 9.951004974372999357, -2.000000000000000000, -4.000000000000000000 ) ) ;
#5702 = ORIENTED_EDGE ( 'NONE', *, *, #5052, .T. ) ;
#5703 = DIRECTION ( 'NONE',  ( 0.000000000000000000, 1.000000000000000000, 0.000000000000000000 ) ) ;
#5704 = EDGE_CURVE ( 'NONE', #8232, #9200, #6109, .T. ) ;
#5705 = VECTOR ( 'NONE', #885, 1000.000000000000000 ) ;
#5706 = AXIS2_PLACEMENT_3D ( 'NONE', #3897, #1560, #6771 ) ;
#5707 = CARTESIAN_POINT ( 'NONE',  ( -11.52500000000000036, -1.550000000000000044, -0.9000000000000000222 ) ) ;
#5708 = EDGE_LOOP ( 'NONE', ( #5507, #3022, #9118, #1715, #4085, #1605 ) ) ;
#5709 = VECTOR ( 'NONE', #6034, 1000.000000000000000 ) ;
#5710 = CARTESIAN_POINT ( 'NONE',  ( -0.2491314716374000149, 6.318950303242000466, -4.299999999999999822 ) ) ;
#5711 = ORIENTED_EDGE ( 'NONE', *, *, #2848, .F. ) ;
#5712 = CARTESIAN_POINT ( 'NONE',  ( 9.350000000000001421, -5.750000000000000000, -0.5000000000000000000 ) ) ;
#5713 = FACE_OUTER_BOUND ( 'NONE', #9150, .T. ) ;
#5714 = DIRECTION ( 'NONE',  ( 0.000000000000000000, -1.000000000000000000, 0.000000000000000000 ) ) ;
#5715 = DIRECTION ( 'NONE',  ( 0.000000000000000000, 0.000000000000000000, 1.000000000000000000 ) ) ;
#5716 = VERTEX_POINT ( 'NONE', #1271 ) ;
#5717 = ORIENTED_EDGE ( 'NONE', *, *, #7389, .F. ) ;
#5718 = DIRECTION ( 'NONE',  ( 0.000000000000000000, 0.000000000000000000, -1.000000000000000000 ) ) ;
#5719 = VECTOR ( 'NONE', #4352, 1000.000000000000000 ) ;
#5720 = VECTOR ( 'NONE', #4096, 1000.000000000000000 ) ;
#5721 = VECTOR ( 'NONE', #1866, 1000.000000000000000 ) ;
#5722 = DIRECTION ( 'NONE',  ( -0.8243327689507017331, 0.5661055431932008331, 0.000000000000000000 ) ) ;
#5723 = ORIENTED_EDGE ( 'NONE', *, *, #2386, .F. ) ;
#5724 = CARTESIAN_POINT ( 'NONE',  ( 3.894949262764999975, 1.197438449951000017, -0.4854096448510999973 ) ) ;
#5725 = VECTOR ( 'NONE', #5028, 1000.000000000000000 ) ;
#5726 = CARTESIAN_POINT ( 'NONE',  ( 9.271763586287001147, 4.129999999999999893, -0.8000000000000000444 ) ) ;
#5727 = ORIENTED_EDGE ( 'NONE', *, *, #8146, .T. ) ;
#5728 = CARTESIAN_POINT ( 'NONE',  ( 3.513707549738636970, -0.9786403495692657106, -0.1326850027171343482 ) ) ;
#5729 = VECTOR ( 'NONE', #9160, 1000.000000000000000 ) ;
#5730 = ORIENTED_EDGE ( 'NONE', *, *, #8829, .T. ) ;
#5731 = DIRECTION ( 'NONE',  ( 0.000000000000000000, 0.000000000000000000, 1.000000000000000000 ) ) ;
#5732 = EDGE_CURVE ( 'NONE', #6231, #2346, #4125, .T. ) ;
#5733 = VECTOR ( 'NONE', #7718, 1000.000000000000000 ) ;
#5734 = CARTESIAN_POINT ( 'NONE',  ( -7.390917734102001369, -1.196316167347999393, -1.457596498132998297 ) ) ;
#5735 = ORIENTED_EDGE ( 'NONE', *, *, #3961, .T. ) ;
#5736 = DIRECTION ( 'NONE',  ( 0.000000000000000000, 0.000000000000000000, 1.000000000000000000 ) ) ;
#5737 = CARTESIAN_POINT ( 'NONE',  ( 12.97499999999999964, -2.500000000000000000, -1.350000000000000089 ) ) ;
#5738 = DIRECTION ( 'NONE',  ( -1.000000000000000000, 0.000000000000000000, 0.000000000000000000 ) ) ;
#5739 = ORIENTED_EDGE ( 'NONE', *, *, #517, .T. ) ;
#5740 = EDGE_CURVE ( 'NONE', #7859, #6961, #4223, .T. ) ;
#5741 = CARTESIAN_POINT ( 'NONE',  ( 3.883068761563999605, -1.382197147188999997, -0.4809254712224000361 ) ) ;
#5742 = ORIENTED_EDGE ( 'NONE', *, *, #1756, .F. ) ;
#5743 = EDGE_CURVE ( 'NONE', #520, #6193, #6734, .T. ) ;
#5744 = DIRECTION ( 'NONE',  ( -0.000000000000000000, 1.000000000000000000, 0.000000000000000000 ) ) ;
#5745 = EDGE_LOOP ( 'NONE', ( #1189, #5580, #3037, #9272 ) ) ;
#5746 = CARTESIAN_POINT ( 'NONE',  ( -6.785934038805000235, -1.229999999999999982, -1.564677084726000089 ) ) ;
#5747 = DIRECTION ( 'NONE',  ( 0.5877852522925132162, 0.000000000000000000, -0.8090169943749183634 ) ) ;
#5748 = CARTESIAN_POINT ( 'NONE',  ( -6.246799180380000038, 8.000000000000000000, -4.000000000000000000 ) ) ;
#5749 = EDGE_CURVE ( 'NONE', #8914, #4094, #8544, .T. ) ;
#5750 = CARTESIAN_POINT ( 'NONE',  ( -14.25000000000000000, 2.000000000000000000, -5.500000000000000000 ) ) ;
#5751 = ORIENTED_EDGE ( 'NONE', *, *, #9229, .T. ) ;
#5752 = LINE ( 'NONE', #8469, #9090 ) ;
#5753 = CARTESIAN_POINT ( 'NONE',  ( -12.97499999999999964, 2.000000000000000000, -1.350000000000000089 ) ) ;
#5754 = ORIENTED_EDGE ( 'NONE', *, *, #6689, .T. ) ;
#5755 = ADVANCED_FACE ( 'NONE', ( #4355 ), #3476, .T. ) ;
#5756 = CARTESIAN_POINT ( 'NONE',  ( -10.77614159057000087, -2.000000000000000000, -1.173853277176000187 ) ) ;
#5757 = ORIENTED_EDGE ( 'NONE', *, *, #5256, .F. ) ;
#5758 = CARTESIAN_POINT ( 'NONE',  ( -9.650000000000000355, 5.750000000000000000, -0.5000000000000000000 ) ) ;
#5759 = DIRECTION ( 'NONE',  ( 0.000000000000000000, -1.000000000000000000, 0.000000000000000000 ) ) ;
#5760 = DIRECTION ( 'NONE',  ( -1.000000000000000000, 0.000000000000000000, 0.000000000000000000 ) ) ;
#5761 = CARTESIAN_POINT ( 'NONE',  ( 3.732976774534999986, -0.7731439798128999508, -0.4340881231982000044 ) ) ;
#5762 = EDGE_LOOP ( 'NONE', ( #7879, #2869, #1028, #4596, #9245, #4749 ) ) ;
#5763 = CYLINDRICAL_SURFACE ( 'NONE', #30, 0.4199999999999998179 ) ;
#5764 = FACE_OUTER_BOUND ( 'NONE', #1989, .T. ) ;
#5765 = DIRECTION ( 'NONE',  ( 0.000000000000000000, -1.000000000000000000, 0.000000000000000000 ) ) ;
#5766 = CARTESIAN_POINT ( 'NONE',  ( 13.22500000000000142, -0.7500000000000000000, -3.350000000000000089 ) ) ;
#5767 = LINE ( 'NONE', #889, #7319 ) ;
#5768 = ORIENTED_EDGE ( 'NONE', *, *, #6315, .T. ) ;
#5769 = CARTESIAN_POINT ( 'NONE',  ( 7.492923726585999589, 6.669999999999999929, -0.1355388772235999739 ) ) ;
#5770 = EDGE_LOOP ( 'NONE', ( #5538, #8249, #5213, #2628 ) ) ;
#5771 = DIRECTION ( 'NONE',  ( 2.490227725804999908E-14, -1.000000000000000000, -3.596995603939999749E-14 ) ) ;
#5772 = FACE_OUTER_BOUND ( 'NONE', #8404, .T. ) ;
#5773 = VERTEX_POINT ( 'NONE', #5067 ) ;
#5774 = DIRECTION ( 'NONE',  ( -0.8090169943749258019, 2.868181364200389511E-14, -0.5877852522925028911 ) ) ;
#5775 = CARTESIAN_POINT ( 'NONE',  ( -7.456013767405998749, -1.471080675627998824, -1.343424544718999636 ) ) ;
#5776 = ORIENTED_EDGE ( 'NONE', *, *, #2709, .F. ) ;
#5777 = VECTOR ( 'NONE', #6578, 1000.000000000000000 ) ;
#5778 = VECTOR ( 'NONE', #4792, 1000.000000000000000 ) ;
#5779 = CARTESIAN_POINT ( 'NONE',  ( 3.893528961289000279, -1.306180780980999989, -0.4821191806905000266 ) ) ;
#5780 = CIRCLE ( 'NONE', #7418, 10.14999999999999503 ) ;
#5781 = ORIENTED_EDGE ( 'NONE', *, *, #8786, .T. ) ;
#5782 = CARTESIAN_POINT ( 'NONE',  ( -12.72499999999999964, -8.397193073587999379, -1.100000000000000089 ) ) ;
#5783 = EDGE_CURVE ( 'NONE', #2097, #5893, #807, .T. ) ;
#5784 = CARTESIAN_POINT ( 'NONE',  ( 13.42499999999999893, -0.7500000000000000000, -3.600000000000000089 ) ) ;
#5785 = VECTOR ( 'NONE', #2751, 1000.000000000000000 ) ;
#5786 = AXIS2_PLACEMENT_3D ( 'NONE', #8402, #479, #9055 ) ;
#5787 = ORIENTED_EDGE ( 'NONE', *, *, #6942, .T. ) ;
#5788 = CARTESIAN_POINT ( 'NONE',  ( -13.42499999999999893, 2.000000000000000000, -5.250000000000000000 ) ) ;
#5789 = CARTESIAN_POINT ( 'NONE',  ( -7.785047519658371939, 0.6980125145159636890, -1.032076879495157584 ) ) ;
#5790 = DIRECTION ( 'NONE',  ( 0.000000000000000000, 0.000000000000000000, -1.000000000000000000 ) ) ;
#5791 = DIRECTION ( 'NONE',  ( 0.000000000000000000, 0.000000000000000000, -1.000000000000000000 ) ) ;
#5792 = ORIENTED_EDGE ( 'NONE', *, *, #7969, .T. ) ;
#5793 = CARTESIAN_POINT ( 'NONE',  ( 3.873777838585999778, 1.530261903326000095, -0.6218679678140001110 ) ) ;
#5794 = DIRECTION ( 'NONE',  ( -1.000000000000000000, 0.000000000000000000, 0.000000000000000000 ) ) ;
#5795 = ADVANCED_FACE ( 'NONE', ( #673 ), #2147, .T. ) ;
#5796 = VECTOR ( 'NONE', #7877, 1000.000000000000000 ) ;
#5797 = ORIENTED_EDGE ( 'NONE', *, *, #804, .F. ) ;
#5798 = EDGE_CURVE ( 'NONE', #7662, #8814, #5018, .T. ) ;
#5799 = CARTESIAN_POINT ( 'NONE',  ( 3.860489838737000134, 1.254458537402999507, -0.4401334671808000421 ) ) ;
#5800 = ORIENTED_EDGE ( 'NONE', *, *, #3843, .T. ) ;
#5801 = CARTESIAN_POINT ( 'NONE',  ( 13.47500000000000142, -2.500000000000000000, -5.250000000000000000 ) ) ;
#5802 = DIRECTION ( 'NONE',  ( 1.000000000000000000, 0.000000000000000000, 0.000000000000000000 ) ) ;
#5803 = LINE ( 'NONE', #6367, #2514 ) ;
#5804 = DIRECTION ( 'NONE',  ( 0.000000000000000000, 0.000000000000000000, 1.000000000000000000 ) ) ;
#5805 = FACE_OUTER_BOUND ( 'NONE', #8292, .T. ) ;
#5806 = EDGE_CURVE ( 'NONE', #7409, #2346, #626, .T. ) ;
#5807 = ADVANCED_FACE ( 'NONE', ( #1454 ), #5111, .T. ) ;
#5808 = CYLINDRICAL_SURFACE ( 'NONE', #1180, 1.270000000000000240 ) ;
#5809 = DIRECTION ( 'NONE',  ( 0.000000000000000000, 0.000000000000000000, -1.000000000000000000 ) ) ;
#5810 = FACE_OUTER_BOUND ( 'NONE', #1521, .T. ) ;
#5811 = VECTOR ( 'NONE', #5019, 1000.000000000000000 ) ;
#5812 = DIRECTION ( 'NONE',  ( 0.000000000000000000, -1.000000000000000000, 0.000000000000000000 ) ) ;
#5813 = DIRECTION ( 'NONE',  ( 3.154288452684000145E-13, -1.000000000000000000, -4.378650417871000002E-13 ) ) ;
#5814 = ORIENTED_EDGE ( 'NONE', *, *, #3146, .T. ) ;
#5815 = CARTESIAN_POINT ( 'NONE',  ( 11.00000000000000000, -3.500000000000000000, -5.500000000000000000 ) ) ;
#5816 = ADVANCED_FACE ( 'NONE', ( #764 ), #7045, .F. ) ;
#5817 = AXIS2_PLACEMENT_3D ( 'NONE', #7028, #2750, #4153 ) ;
#5818 = CARTESIAN_POINT ( 'NONE',  ( 3.900384804468999711, -1.571983594570999898, -0.6639559802226000507 ) ) ;
#5819 = ORIENTED_EDGE ( 'NONE', *, *, #6956, .T. ) ;
#5820 = DIRECTION ( 'NONE',  ( 0.9428090415820777892, 0.000000000000000000, 0.3333333333332927917 ) ) ;
#5821 = CIRCLE ( 'NONE', #8965, 0.5199999999999996847 ) ;
#5822 = CARTESIAN_POINT ( 'NONE',  ( 12.72499999999999964, -2.600000000000000089, -1.100000000000000089 ) ) ;
#5823 = EDGE_LOOP ( 'NONE', ( #5997, #2541, #2828, #5694, #5382, #3216, #5359, #5739 ) ) ;
#5824 = EDGE_CURVE ( 'NONE', #7738, #7088, #8982, .T. ) ;
#5825 = CARTESIAN_POINT ( 'NONE',  ( 3.953967265071999915, -1.161967434461000037, -0.6322034416643999011 ) ) ;
#5826 = ORIENTED_EDGE ( 'NONE', *, *, #2680, .T. ) ;
#5827 = DIRECTION ( 'NONE',  ( 0.000000000000000000, 1.000000000000000000, 0.000000000000000000 ) ) ;
#5828 = CARTESIAN_POINT ( 'NONE',  ( 12.72499999999999964, -8.397193073587999379, -1.100000000000000089 ) ) ;
#5829 = CARTESIAN_POINT ( 'NONE',  ( 3.870569408744003681, 0.9981953838706005833, -0.6045534704013002525 ) ) ;
#5830 = LINE ( 'NONE', #8024, #8208 ) ;
#5831 = CARTESIAN_POINT ( 'NONE',  ( -7.637973426245000752, 0.6991495612755999067, -1.059772259783000159 ) ) ;
#5832 = CARTESIAN_POINT ( 'NONE',  ( 8.624552101871589826, 0.2094137404052501816, -4.000000000000000888 ) ) ;
#5833 = CARTESIAN_POINT ( 'NONE',  ( -13.22500000000000142, 1.000000000000000000, -3.600000000000000089 ) ) ;
#5834 = EDGE_LOOP ( 'NONE', ( #2902, #103, #1737, #2949, #5480, #1739, #2822, #8272, #7724 ) ) ;
#5835 = LINE ( 'NONE', #210, #7143 ) ;
#5836 = CARTESIAN_POINT ( 'NONE',  ( -9.271763586287001147, 4.129999999999999893, -5.500000000000000000 ) ) ;
#5837 = EDGE_CURVE ( 'NONE', #7842, #3771, #5229, .T. ) ;
#5838 = ORIENTED_EDGE ( 'NONE', *, *, #7124, .T. ) ;
#5839 = CARTESIAN_POINT ( 'NONE',  ( 3.880624174837004059, 1.289280759506999940, -0.4678460033696998366 ) ) ;
#5840 = B_SPLINE_CURVE_WITH_KNOTS ( 'NONE', 3,
 ( #3248, #6820, #3906, #6779 ),
 .UNSPECIFIED., .F., .F.,
 ( 4, 4 ),
 ( 0.000000000000000000, 1.000000000000000000 ),
 .UNSPECIFIED. ) ;
#5841 = VECTOR ( 'NONE', #3651, 1000.000000000000000 ) ;
#5842 = ORIENTED_EDGE ( 'NONE', *, *, #7333, .F. ) ;
#5843 = FACE_OUTER_BOUND ( 'NONE', #5762, .T. ) ;
#5844 = VECTOR ( 'NONE', #1985, 1000.000000000000000 ) ;
#5845 = CARTESIAN_POINT ( 'NONE',  ( -7.179909470181000231, 6.669999999999999929, -0.4000000000000000222 ) ) ;
#5846 = CARTESIAN_POINT ( 'NONE',  ( -9.650000000000000355, 7.250000000000000000, -0.5000000000000000000 ) ) ;
#5847 =( NAMED_UNIT ( * ) SI_UNIT ( $, .STERADIAN. ) SOLID_ANGLE_UNIT ( ) );
#5848 = CARTESIAN_POINT ( 'NONE',  ( -13.22500000000000142, -2.500000000000000000, -5.500000000000000000 ) ) ;
#5849 = EDGE_CURVE ( 'NONE', #6101, #6894, #60, .T. ) ;
#5850 = VECTOR ( 'NONE', #3256, 1000.000000000000000 ) ;
#5851 = FACE_OUTER_BOUND ( 'NONE', #4523, .T. ) ;
#5852 = DIRECTION ( 'NONE',  ( 0.000000000000000000, 0.000000000000000000, 1.000000000000000000 ) ) ;
#5853 = EDGE_CURVE ( 'NONE', #1072, #1538, #3564, .T. ) ;
#5854 = LINE ( 'NONE', #932, #774 ) ;
#5855 = CARTESIAN_POINT ( 'NONE',  ( -7.277603698116000608, 1.750000000000000000, -1.395381644408000055 ) ) ;
#5856 = FACE_OUTER_BOUND ( 'NONE', #984, .T. ) ;
#5857 = AXIS2_PLACEMENT_3D ( 'NONE', #2735, #3439, #641 ) ;
#5858 = FACE_BOUND ( 'NONE', #1983, .T. ) ;
#5859 = EDGE_CURVE ( 'NONE', #9039, #4583, #7838, .T. ) ;
#5860 = VERTEX_POINT ( 'NONE', #6431 ) ;
#5861 = CARTESIAN_POINT ( 'NONE',  ( 9.228701740713999513, -4.129999999999999893, -0.04495529928133000508 ) ) ;
#5862 = CIRCLE ( 'NONE', #5267, 10.15000000000000213 ) ;
#5863 = CARTESIAN_POINT ( 'NONE',  ( -0.4799007024065999882, 6.318950303242000466, -4.200000000000000178 ) ) ;
#5864 = ORIENTED_EDGE ( 'NONE', *, *, #2871, .T. ) ;
#5865 = CARTESIAN_POINT ( 'NONE',  ( 3.305221764409000063, 1.256642108036000183, -0.1855941842102000194 ) ) ;
#5866 = EDGE_CURVE ( 'NONE', #1278, #5072, #1628, .T. ) ;
#5867 = CIRCLE ( 'NONE', #9015, 10.14999999999999503 ) ;
#5868 = CARTESIAN_POINT ( 'NONE',  ( -7.500949199034992354, -1.144478331339001009, -1.327952034793999703 ) ) ;
#5869 = VERTEX_POINT ( 'NONE', #2951 ) ;
#5870 = AXIS2_PLACEMENT_3D ( 'NONE', #3542, #8521, #2081 ) ;
#5871 = CARTESIAN_POINT ( 'NONE',  ( 3.909933184095000680, -1.237889836113999831, -0.5048316757674999877 ) ) ;
#5872 = VERTEX_POINT ( 'NONE', #8681 ) ;
#5873 = FACE_OUTER_BOUND ( 'NONE', #8702, .T. ) ;
#5874 = FACE_OUTER_BOUND ( 'NONE', #3984, .T. ) ;
#5875 = DIRECTION ( 'NONE',  ( 0.000000000000000000, 0.000000000000000000, 1.000000000000000000 ) ) ;
#5876 = CARTESIAN_POINT ( 'NONE',  ( 8.284120188299999299, 1.750000000000000000, -4.000000000000000000 ) ) ;
#5877 = CARTESIAN_POINT ( 'NONE',  ( 3.883935911313000311, 1.226054367037999970, -0.4717353881202999699 ) ) ;
#5878 = CARTESIAN_POINT ( 'NONE',  ( 8.523216970233926659, 0.3144616744055392932, -4.000000000000000000 ) ) ;
#5879 = ORIENTED_EDGE ( 'NONE', *, *, #4000, .F. ) ;
#5880 = FACE_OUTER_BOUND ( 'NONE', #8401, .T. ) ;
#5881 = CARTESIAN_POINT ( 'NONE',  ( -0.1465673690733000079, 6.408693892986000229, -4.299999999999999822 ) ) ;
#5882 = ORIENTED_EDGE ( 'NONE', *, *, #482, .F. ) ;
#5883 = ORIENTED_EDGE ( 'NONE', *, *, #4016, .F. ) ;
#5884 = EDGE_CURVE ( 'NONE', #6341, #8814, #3443, .T. ) ;
#5885 = CARTESIAN_POINT ( 'NONE',  ( 3.892738713663999928, -1.032548886273999988, -0.5969400532355999545 ) ) ;
#5886 = ORIENTED_EDGE ( 'NONE', *, *, #7754, .F. ) ;
#5887 = DIRECTION ( 'NONE',  ( 0.000000000000000000, 0.000000000000000000, -1.000000000000000000 ) ) ;
#5888 = CARTESIAN_POINT ( 'NONE',  ( 5.000000000000000000, -6.669999999999999929, -5.500000000000000000 ) ) ;
#5889 = CARTESIAN_POINT ( 'NONE',  ( -10.80000000000000071, 8.000000000000000000, 0.000000000000000000 ) ) ;
#5890 = CARTESIAN_POINT ( 'NONE',  ( -5.000000000000000000, -6.669999999999999929, -5.500000000000000000 ) ) ;
#5891 = CARTESIAN_POINT ( 'NONE',  ( 3.975738155834999787, -1.175352696280000053, -0.7529200661515998982 ) ) ;
#5892 =( BOUNDED_SURFACE ( )  B_SPLINE_SURFACE ( 3, 3, ( 
 ( #1432, #4200, #7075, #4286 ),
 ( #7818, #3584, #2169, #2345 ),
 ( #7336, #827, #4380, #1563 ),
 ( #4329, #7382, #3770, #874 ) ),
 .UNSPECIFIED., .F., .F., .F. ) 
 B_SPLINE_SURFACE_WITH_KNOTS ( ( 4, 4 ),
 ( 4, 4 ),
 ( 0.001066276850791999901, 0.001136800475861999855 ),
 ( -0.1589135105449999974, 1.156798350318000157 ),
 .UNSPECIFIED. ) 
 GEOMETRIC_REPRESENTATION_ITEM ( )  RATIONAL_B_SPLINE_SURFACE ( (
 ( 1.015515779455999912, 0.9668235462333000241, 0.9667453934306999841, 1.015281321048999930),
 ( 1.015742288061999954, 0.9663392165664999034, 0.9662599228427000142, 1.015504406890999967),
 ( 1.016019917504999981, 0.9657455783030000074, 0.9656648861627999958, 1.015777841085000022),
 ( 1.016324914254999934, 0.9650934221802000001, 0.9650111937749000779, 1.016078229039000025) ) ) 
 REPRESENTATION_ITEM ( '' )  SURFACE ( )  );
#5893 = VERTEX_POINT ( 'NONE', #5865 ) ;
#5894 = DIRECTION ( 'NONE',  ( 0.000000000000000000, -1.000000000000000000, 0.000000000000000000 ) ) ;
#5895 = DIRECTION ( 'NONE',  ( 0.000000000000000000, -1.000000000000000000, 0.000000000000000000 ) ) ;
#5896 = CYLINDRICAL_SURFACE ( 'NONE', #6005, 0.2500000000000000000 ) ;
#5897 = EDGE_CURVE ( 'NONE', #927, #8215, #1030, .T. ) ;
#5898 = CARTESIAN_POINT ( 'NONE',  ( 13.42499999999999893, -0.5000000000000000000, -4.750000000000000000 ) ) ;
#5899 = DIRECTION ( 'NONE',  ( 0.000000000000000000, -1.000000000000000000, 0.000000000000000000 ) ) ;
#5900 = CARTESIAN_POINT ( 'NONE',  ( 3.967161913356227032, -1.319309685882803507, -0.6882876020915875692 ) ) ;
#5901 = CARTESIAN_POINT ( 'NONE',  ( 11.00000000000000000, -3.500000000000000000, 0.000000000000000000 ) ) ;
#5902 = ORIENTED_EDGE ( 'NONE', *, *, #2586, .T. ) ;
#5903 = CARTESIAN_POINT ( 'NONE',  ( -7.390917734102001369, 1.196316167347999393, -1.457596498132998297 ) ) ;
#5904 = EDGE_CURVE ( 'NONE', #2817, #2722, #1681, .T. ) ;
#5905 = CARTESIAN_POINT ( 'NONE',  ( 3.885199379198419400, -1.504823446387497432, -0.6242813951064182243 ) ) ;
#5906 = ORIENTED_EDGE ( 'NONE', *, *, #4344, .F. ) ;
#5907 = EDGE_CURVE ( 'NONE', #8055, #3966, #7264, .T. ) ;
#5908 = CARTESIAN_POINT ( 'NONE',  ( 3.888277053227000124, 1.263408993962000126, -0.4778915901754000051 ) ) ;
#5909 = CARTESIAN_POINT ( 'NONE',  ( -7.314699584902998097, -1.372184144186001875, -1.503115922329999687 ) ) ;
#5910 = EDGE_LOOP ( 'NONE', ( #8766, #2330, #9063, #6171 ) ) ;
#5911 = CARTESIAN_POINT ( 'NONE',  ( 3.911728182150999711, -1.254404752691000047, -0.5073375175613999977 ) ) ;
#5912 = EDGE_CURVE ( 'NONE', #4814, #9083, #6563, .T. ) ;
#5913 = ORIENTED_EDGE ( 'NONE', *, *, #1770, .T. ) ;
#5914 = FACE_OUTER_BOUND ( 'NONE', #6090, .T. ) ;
#5915 = PRODUCT_DEFINITION_SHAPE ( 'NONE', 'NONE',  #5307 ) ;
#5916 = DIRECTION ( 'NONE',  ( 0.000000000000000000, 1.000000000000000000, 0.000000000000000000 ) ) ;
#5917 = AXIS2_PLACEMENT_3D ( 'NONE', #1112, #9041, #2559 ) ;
#5918 = CARTESIAN_POINT ( 'NONE',  ( 3.467025163284000122, 1.270000000000000018, -0.06803713375174000322 ) ) ;
#5919 = CARTESIAN_POINT ( 'NONE',  ( 14.25000000000000000, -2.600000000000000089, -1.100000000000000089 ) ) ;
#5920 = PLANE ( 'NONE',  #6464 ) ;
#5921 = CARTESIAN_POINT ( 'NONE',  ( -12.72499999999999964, -1.600000000000000089, 1.523975065412999985 ) ) ;
#5922 = AXIS2_PLACEMENT_3D ( 'NONE', #5207, #5790, #8784 ) ;
#5923 = ORIENTED_EDGE ( 'NONE', *, *, #5824, .F. ) ;
#5924 = CIRCLE ( 'NONE', #93, 0.2500000000000002776 ) ;
#5925 = DIRECTION ( 'NONE',  ( -0.5877852522925132162, 0.000000000000000000, 0.8090169943749183634 ) ) ;
#5926 = DIRECTION ( 'NONE',  ( 0.000000000000000000, 0.000000000000000000, -1.000000000000000000 ) ) ;
#5927 = ORIENTED_EDGE ( 'NONE', *, *, #3175, .T. ) ;
#5928 = ORIENTED_EDGE ( 'NONE', *, *, #1090, .F. ) ;
#5929 = CARTESIAN_POINT ( 'NONE',  ( 3.967888060560998298, 1.245074489636001314, -0.7367388287211993347 ) ) ;
#5930 = ORIENTED_EDGE ( 'NONE', *, *, #6103, .T. ) ;
#5931 = FACE_OUTER_BOUND ( 'NONE', #845, .T. ) ;
#5932 = CARTESIAN_POINT ( 'NONE',  ( -0.1465673690733000079, 6.408693892986000229, -4.299999999999999822 ) ) ;
#5933 = VERTEX_POINT ( 'NONE', #3748 ) ;
#5934 = CARTESIAN_POINT ( 'NONE',  ( 3.900384804469999800, 1.571983594570999898, -0.6639559802222000373 ) ) ;
#5935 = CARTESIAN_POINT ( 'NONE',  ( 3.925015860941999613, -0.9643649423567000056, -0.7002516174333999199 ) ) ;
#5936 = VECTOR ( 'NONE', #4280, 1000.000000000000000 ) ;
#5937 = VERTEX_POINT ( 'NONE', #7362 ) ;
#5938 = CARTESIAN_POINT ( 'NONE',  ( -7.335983666413000037, 6.669999999999999929, -0.2688748888204000043 ) ) ;
#5939 = LINE ( 'NONE', #7301, #5705 ) ;
#5940 = DIRECTION ( 'NONE',  ( 1.000000000000000000, 0.000000000000000000, 0.000000000000000000 ) ) ;
#5941 = DIRECTION ( 'NONE',  ( 0.000000000000000000, 1.000000000000000000, 0.000000000000000000 ) ) ;
#5942 = CARTESIAN_POINT ( 'NONE',  ( -7.290626424294999630, 1.224574780638000071, -1.433202387431999902 ) ) ;
#5943 = LINE ( 'NONE', #8807, #8662 ) ;
#5944 = CARTESIAN_POINT ( 'NONE',  ( 8.860580701402758663, 5.052899932099959024, 0.000000000000000000 ) ) ;
#5945 =( BOUNDED_CURVE ( )  B_SPLINE_CURVE ( 3, ( #5818, #3128, #5905, #2992 ),
 .UNSPECIFIED., .F., .F. ) 
 B_SPLINE_CURVE_WITH_KNOTS ( ( 4, 4 ),
 ( 0.000000000000000000, 1.000000000000000000 ),
 .UNSPECIFIED. ) 
 CURVE ( )  GEOMETRIC_REPRESENTATION_ITEM ( )  RATIONAL_B_SPLINE_CURVE ( ( 0.9999999998782047594, 0.9708373567578131302, 0.9708373565583301446, 0.9999999992799469828 ) ) 
 REPRESENTATION_ITEM ( '' )  );
#5946 = ORIENTED_EDGE ( 'NONE', *, *, #8263, .F. ) ;
#5947 = LINE ( 'NONE', #7443, #6996 ) ;
#5948 = EDGE_CURVE ( 'NONE', #467, #8338, #5432, .T. ) ;
#5949 = CARTESIAN_POINT ( 'NONE',  ( -8.032114569852454977, -0.6904149313950668221, -1.084471740969034981 ) ) ;
#5950 = ORIENTED_EDGE ( 'NONE', *, *, #4288, .F. ) ;
#5951 = VECTOR ( 'NONE', #860, 1000.000000000000000 ) ;
#5952 = CARTESIAN_POINT ( 'NONE',  ( 3.924484159068999833, 1.338768985326000083, -0.5398046624483000544 ) ) ;
#5953 = EDGE_CURVE ( 'NONE', #6827, #8216, #7312, .T. ) ;
#5954 = CARTESIAN_POINT ( 'NONE',  ( 13.12697540696999887, 0.2500000000000000000, -3.655697933911000064 ) ) ;
#5955 = ORIENTED_EDGE ( 'NONE', *, *, #4394, .F. ) ;
#5956 = CARTESIAN_POINT ( 'NONE',  ( 3.963396231442000150, -1.204063452173999904, -0.6442312805970998868 ) ) ;
#5957 = EDGE_CURVE ( 'NONE', #5110, #2611, #2469, .T. ) ;
#5958 = ORIENTED_EDGE ( 'NONE', *, *, #2707, .F. ) ;
#5959 = DIRECTION ( 'NONE',  ( 0.8090169943749183634, 0.000000000000000000, 0.5877852522925132162 ) ) ;
#5960 = VECTOR ( 'NONE', #7903, 1000.000000000000000 ) ;
#5961 = LINE ( 'NONE', #8397, #4509 ) ;
#5962 = ORIENTED_EDGE ( 'NONE', *, *, #7281, .F. ) ;
#5963 = EDGE_CURVE ( 'NONE', #8087, #6957, #8728, .T. ) ;
#5964 = CARTESIAN_POINT ( 'NONE',  ( 13.22500000000000142, 2.000000000000000000, -3.350000000000000089 ) ) ;
#5965 = DIRECTION ( 'NONE',  ( 1.000000000000000000, 0.000000000000000000, 0.000000000000000000 ) ) ;
#5966 = VERTEX_POINT ( 'NONE', #8009 ) ;
#5967 = FACE_OUTER_BOUND ( 'NONE', #418, .T. ) ;
#5968 = ADVANCED_FACE ( 'NONE', ( #5245 ), #5485, .T. ) ;
#5969 = FACE_OUTER_BOUND ( 'NONE', #6050, .T. ) ;
#5970 = ORIENTED_EDGE ( 'NONE', *, *, #4502, .F. ) ;
#5971 = ORIENTED_EDGE ( 'NONE', *, *, #6019, .T. ) ;
#5972 = CARTESIAN_POINT ( 'NONE',  ( 3.892738713608999923, 1.032548887057000098, -0.5969400526672000717 ) ) ;
#5973 = VERTEX_POINT ( 'NONE', #1444 ) ;
#5974 = EDGE_CURVE ( 'NONE', #3411, #5240, #1486, .T. ) ;
#5975 = DIRECTION ( 'NONE',  ( -0.6154481951113739413, -0.7881773399014667669, 0.000000000000000000 ) ) ;
#5976 = CARTESIAN_POINT ( 'NONE',  ( -8.967661230918000825, 1.750000000000000000, -4.000000000000000000 ) ) ;
#5977 = ORIENTED_EDGE ( 'NONE', *, *, #2334, .T. ) ;
#5978 = AXIS2_PLACEMENT_3D ( 'NONE', #1668, #3643, #969 ) ;
#5979 = CARTESIAN_POINT ( 'NONE',  ( -13.42499999999999893, -1.750000000000000000, -5.250000000000000000 ) ) ;
#5980 = AXIS2_PLACEMENT_3D ( 'NONE', #1175, #1918, #1087 ) ;
#5981 = DIRECTION ( 'NONE',  ( 0.000000000000000000, 1.000000000000000000, 0.000000000000000000 ) ) ;
#5982 = EDGE_CURVE ( 'NONE', #9054, #7176, #7127, .T. ) ;
#5983 = VERTEX_POINT ( 'NONE', #4162 ) ;
#5985 = DIRECTION ( 'NONE',  ( 0.000000000000000000, 1.000000000000000000, 0.000000000000000000 ) ) ;
#5984 = AXIS2_PLACEMENT_3D ( 'NONE', #3553, #665, #2137 ) ;
#5986 = VECTOR ( 'NONE', #1061, 1000.000000000000000 ) ;
#5987 = DIRECTION ( 'NONE',  ( 0.8090169943749183634, 0.000000000000000000, 0.5877852522925132162 ) ) ;
#5988 = DIRECTION ( 'NONE',  ( 0.9134742449544117626, 0.4068965517241048269, 0.000000000000000000 ) ) ;
#5989 = LINE ( 'NONE', #3867, #1074 ) ;
#5990 = CARTESIAN_POINT ( 'NONE',  ( 13.42499999999999893, -2.500000000000000000, -1.350000000000000089 ) ) ;
#5991 = CARTESIAN_POINT ( 'NONE',  ( 9.650000000000000355, -5.750000000000000000, -0.2500000000000000000 ) ) ;
#5992 = DIRECTION ( 'NONE',  ( 0.000000000000000000, 0.000000000000000000, -1.000000000000000000 ) ) ;
#5993 = ORIENTED_EDGE ( 'NONE', *, *, #4079, .F. ) ;
#5994 = CARTESIAN_POINT ( 'NONE',  ( -13.12697540696999887, -0.2500000000000000000, -3.655697933911000064 ) ) ;
#5995 = VECTOR ( 'NONE', #3437, 1000.000000000000114 ) ;
#5996 = DIRECTION ( 'NONE',  ( 0.000000000000000000, 1.000000000000000000, 0.000000000000000000 ) ) ;
#5997 = ORIENTED_EDGE ( 'NONE', *, *, #8733, .T. ) ;
#5998 = DIRECTION ( 'NONE',  ( 0.000000000000000000, 1.000000000000000000, 0.000000000000000000 ) ) ;
#5999 = VECTOR ( 'NONE', #5313, 1000.000000000000000 ) ;
#6000 = AXIS2_PLACEMENT_3D ( 'NONE', #4710, #6925, #8894 ) ;
#6001 = ORIENTED_EDGE ( 'NONE', *, *, #5399, .T. ) ;
#6002 = DIRECTION ( 'NONE',  ( 0.8314794192830787800, 0.000000000000000000, 0.5555555555555843350 ) ) ;
#6003 = ORIENTED_EDGE ( 'NONE', *, *, #7633, .F. ) ;
#6004 = CARTESIAN_POINT ( 'NONE',  ( 3.962238312858000544, -1.163303780224000050, -0.7049114177226999400 ) ) ;
#6005 = AXIS2_PLACEMENT_3D ( 'NONE', #2983, #8756, #7350 ) ;
#6006 = EDGE_LOOP ( 'NONE', ( #4043, #1255, #1726, #8710, #3309 ) ) ;
#6007 = TOROIDAL_SURFACE ( 'NONE', #5112, 0.3085786437627000001, 0.1000000000000000056 ) ;
#6008 = CARTESIAN_POINT ( 'NONE',  ( -0.1465673690733000079, 6.203565687858000111, -4.299999999999999822 ) ) ;
#6009 = LINE ( 'NONE', #8825, #3314 ) ;
#6010 = VECTOR ( 'NONE', #5272, 1000.000000000000000 ) ;
#6011 = CARTESIAN_POINT ( 'NONE',  ( 3.860224622434999198, 0.9914912544491997215, -0.5897446520774998202 ) ) ;
#6012 = DIRECTION ( 'NONE',  ( 0.3255681544572004982, 0.000000000000000000, 0.9455185755993017471 ) ) ;
#6013 = LINE ( 'NONE', #2433, #5321 ) ;
#6014 = ADVANCED_FACE ( 'NONE', ( #4255 ), #7036, .T. ) ;
#6015 = ORIENTED_EDGE ( 'NONE', *, *, #2010, .F. ) ;
#6016 = AXIS2_PLACEMENT_3D ( 'NONE', #3223, #6045, #2516 ) ;
#6017 = CARTESIAN_POINT ( 'NONE',  ( 13.42499999999999893, -1.000000000000000000, -3.600000000000000089 ) ) ;
#6018 = CIRCLE ( 'NONE', #931, 0.1000000000000000472 ) ;
#6019 = EDGE_CURVE ( 'NONE', #5973, #3563, #612, .T. ) ;
#6020 = EDGE_LOOP ( 'NONE', ( #4564, #1855, #5342, #2912, #4913, #5622, #1649, #7267, #8849, #7609, #2946, #4479, #5864, #4971 ) ) ;
#6021 = ORIENTED_EDGE ( 'NONE', *, *, #4283, .T. ) ;
#6022 = EDGE_CURVE ( 'NONE', #7502, #3676, #8533, .T. ) ;
#6023 = DIRECTION ( 'NONE',  ( 0.000000000000000000, -1.000000000000000000, 0.000000000000000000 ) ) ;
#6024 = ORIENTED_EDGE ( 'NONE', *, *, #1652, .F. ) ;
#6025 = CARTESIAN_POINT ( 'NONE',  ( -12.94571384956000060, 0.2500000000000000000, -3.740221586259000031 ) ) ;
#6026 = LINE ( 'NONE', #5932, #4723 ) ;
#6027 = EDGE_LOOP ( 'NONE', ( #8144, #6255, #9267, #7441, #8933, #2669 ) ) ;
#6028 = LINE ( 'NONE', #5889, #5523 ) ;
#6029 = CARTESIAN_POINT ( 'NONE',  ( 0.000000000000000000, 0.000000000000000000, -4.000000000000000000 ) ) ;
#6030 = CARTESIAN_POINT ( 'NONE',  ( 3.888613872465000121, -1.037433322277000025, -0.5728329353551999681 ) ) ;
#6031 = EDGE_CURVE ( 'NONE', #3989, #5666, #8833, .T. ) ;
#6032 = EDGE_CURVE ( 'NONE', #7946, #5456, #5627, .T. ) ;
#6033 = ORIENTED_EDGE ( 'NONE', *, *, #4757, .T. ) ;
#6034 = DIRECTION ( 'NONE',  ( 0.000000000000000000, 1.000000000000000000, 0.000000000000000000 ) ) ;
#6035 = CARTESIAN_POINT ( 'NONE',  ( 7.650725455797999786, -6.669999999999999929, -4.000000000000000000 ) ) ;
#6036 = FACE_OUTER_BOUND ( 'NONE', #1784, .T. ) ;
#6037 = DIRECTION ( 'NONE',  ( -0.8088400402561222169, -0.02091427258646040566, -0.5876566875997020212 ) ) ;
#6038 = CARTESIAN_POINT ( 'NONE',  ( -9.500000000000000000, 5.500000000000000000, -0.2500000000000000000 ) ) ;
#6039 = ADVANCED_FACE ( 'NONE', ( #6420 ), #7089, .F. ) ;
#6040 = DIRECTION ( 'NONE',  ( 0.000000000000000000, -1.000000000000000000, 0.000000000000000000 ) ) ;
#6041 = CARTESIAN_POINT ( 'NONE',  ( 13.42499999999999893, -0.7500000000000000000, -4.500000000000000000 ) ) ;
#6042 = ORIENTED_EDGE ( 'NONE', *, *, #7215, .F. ) ;
#6043 = ORIENTED_EDGE ( 'NONE', *, *, #2848, .T. ) ;
#6044 = PLANE ( 'NONE',  #7741 ) ;
#6045 = DIRECTION ( 'NONE',  ( 0.000000000000000000, 1.000000000000000000, 0.000000000000000000 ) ) ;
#6046 = ORIENTED_EDGE ( 'NONE', *, *, #2623, .F. ) ;
#6047 = CARTESIAN_POINT ( 'NONE',  ( 3.896434077143999808, 1.488667505998000129, -0.6204549758641999535 ) ) ;
#6048 = VERTEX_POINT ( 'NONE', #3509 ) ;
#6049 = LINE ( 'NONE', #2424, #6257 ) ;
#6050 = EDGE_LOOP ( 'NONE', ( #7210, #6733, #990, #1950 ) ) ;
#6051 = DIRECTION ( 'NONE',  ( -0.9455185755993017471, 0.000000000000000000, 0.3255681544572003872 ) ) ;
#6052 = EDGE_LOOP ( 'NONE', ( #900, #3650, #6001, #5408, #2931, #1634, #6268, #3250 ) ) ;
#6053 = FACE_OUTER_BOUND ( 'NONE', #2800, .T. ) ;
#6054 = CARTESIAN_POINT ( 'NONE',  ( -0.2491314716374000149, 6.203565687858000111, -4.200000000000000178 ) ) ;
#6055 = DIRECTION ( 'NONE',  ( 0.000000000000000000, 0.000000000000000000, 1.000000000000000000 ) ) ;
#6056 = FACE_OUTER_BOUND ( 'NONE', #3792, .T. ) ;
#6057 = DIRECTION ( 'NONE',  ( 0.000000000000000000, 0.000000000000000000, 1.000000000000000000 ) ) ;
#6058 = ORIENTED_EDGE ( 'NONE', *, *, #4756, .T. ) ;
#6059 = B_SPLINE_CURVE_WITH_KNOTS ( 'NONE', 3,
 ( #7535, #6274, #3211, #7580, #1944, #9040 ),
 .UNSPECIFIED., .F., .F.,
 ( 4, 1, 1, 4 ),
 ( 0.000000000000000000, 0.3333333333333000081, 0.6666666666667000474, 1.000000000000000000 ),
 .UNSPECIFIED. ) ;
#6060 = EDGE_CURVE ( 'NONE', #2072, #5293, #4297, .T. ) ;
#6061 = CARTESIAN_POINT ( 'NONE',  ( 3.878888949504000205, 1.488597319349999948, -0.5782089489127999471 ) ) ;
#6062 = ORIENTED_EDGE ( 'NONE', *, *, #3664, .T. ) ;
#6063 = EDGE_CURVE ( 'NONE', #1392, #3438, #7171, .T. ) ;
#6064 = ORIENTED_EDGE ( 'NONE', *, *, #5503, .F. ) ;
#6065 = DIRECTION ( 'NONE',  ( 0.000000000000000000, 0.000000000000000000, -1.000000000000000000 ) ) ;
#6066 = AXIS2_PLACEMENT_3D ( 'NONE', #2772, #5642, #1973 ) ;
#6067 = ORIENTED_EDGE ( 'NONE', *, *, #7070, .F. ) ;
#6068 = CARTESIAN_POINT ( 'NONE',  ( -11.52500000000000036, -2.500000000000000000, -1.100000000000000089 ) ) ;
#6069 = CARTESIAN_POINT ( 'NONE',  ( -12.77500000000000036, -2.500000000000000000, -0.9000000000000000222 ) ) ;
#6070 = CARTESIAN_POINT ( 'NONE',  ( 3.892738713608999923, 1.032548887057000098, -0.5969400526672000717 ) ) ;
#6071 = ORIENTED_EDGE ( 'NONE', *, *, #8959, .F. ) ;
#6072 = CARTESIAN_POINT ( 'NONE',  ( 9.350000000000001421, -7.250000000000000000, -0.2500000000000000000 ) ) ;
#6073 = EDGE_CURVE ( 'NONE', #2754, #5070, #6468, .T. ) ;
#6074 = CARTESIAN_POINT ( 'NONE',  ( 3.971390899422999610, -1.254061933552000241, -0.7013276748958999773 ) ) ;
#6075 = AXIS2_PLACEMENT_3D ( 'NONE', #1607, #4563, #3907 ) ;
#6076 = EDGE_CURVE ( 'NONE', #1693, #3484, #6587, .T. ) ;
#6077 = VECTOR ( 'NONE', #3727, 1000.000000000000000 ) ;
#6078 = AXIS2_PLACEMENT_3D ( 'NONE', #2173, #5135, #5802 ) ;
#6079 = VERTEX_POINT ( 'NONE', #8623 ) ;
#6080 = EDGE_CURVE ( 'NONE', #2904, #5268, #2002, .T. ) ;
#6081 = CARTESIAN_POINT ( 'NONE',  ( -11.00000000000000000, 7.799999999999999822, -5.500000000000000000 ) ) ;
#6082 = LINE ( 'NONE', #8895, #5850 ) ;
#6083 = DIRECTION ( 'NONE',  ( 1.000000000000000000, 0.000000000000000000, 0.000000000000000000 ) ) ;
#6084 = CARTESIAN_POINT ( 'NONE',  ( 3.878474839888000236, 0.9194165683759000229, -0.6343490298142000494 ) ) ;
#6085 = LINE ( 'NONE', #6649, #3375 ) ;
#6086 = AXIS2_PLACEMENT_3D ( 'NONE', #911, #7376, #3098 ) ;
#6087 = CARTESIAN_POINT ( 'NONE',  ( 3.878474839888000236, -1.589500506429999849, -0.6343490298142000494 ) ) ;
#6088 = DIRECTION ( 'NONE',  ( 0.000000000000000000, 1.000000000000000000, 0.000000000000000000 ) ) ;
#6089 = ADVANCED_FACE ( 'NONE', ( #2410 ), #3025, .F. ) ;
#6090 = EDGE_LOOP ( 'NONE', ( #7417, #7380, #5913, #164, #1402, #2661 ) ) ;
#6091 = VERTEX_POINT ( 'NONE', #6737 ) ;
#6092 = FACE_OUTER_BOUND ( 'NONE', #5154, .T. ) ;
#6093 = EDGE_CURVE ( 'NONE', #5438, #6725, #3823, .T. ) ;
#6094 = CARTESIAN_POINT ( 'NONE',  ( -13.42499999999999893, -0.7500000000000000000, -4.500000000000000000 ) ) ;
#6095 = VECTOR ( 'NONE', #4109, 1000.000000000000000 ) ;
#6096 = EDGE_LOOP ( 'NONE', ( #2030, #7744, #442, #3195 ) ) ;
#6097 = CARTESIAN_POINT ( 'NONE',  ( 3.967345722943000474, 1.254219738564000153, -0.6492016538247998847 ) ) ;
#6098 = ORIENTED_EDGE ( 'NONE', *, *, #7289, .F. ) ;
#6099 = CARTESIAN_POINT ( 'NONE',  ( -7.182705247767998458, -1.176612495988000218, -1.548565217402998684 ) ) ;
#6100 = EDGE_CURVE ( 'NONE', #2817, #7963, #7434, .T. ) ;
#6101 = VERTEX_POINT ( 'NONE', #1534 ) ;
#6102 = CARTESIAN_POINT ( 'NONE',  ( 4.016088541216984886, 1.348908781769189158, -0.8048287829514704228 ) ) ;
#6103 = EDGE_CURVE ( 'NONE', #3412, #8745, #7956, .T. ) ;
#6104 = CIRCLE ( 'NONE', #5193, 0.5000000000000001110 ) ;
#6105 = ORIENTED_EDGE ( 'NONE', *, *, #401, .F. ) ;
#6106 = PLANE ( 'NONE',  #4936 ) ;
#6107 = CARTESIAN_POINT ( 'NONE',  ( 9.271763586287001147, -4.129999999999999893, -5.500000000000000000 ) ) ;
#6108 = LINE ( 'NONE', #5406, #864 ) ;
#6109 = B_SPLINE_CURVE_WITH_KNOTS ( 'NONE', 3,
 ( #432, #3284, #6155, #6247, #9107, #2670, #5545, #7696 ),
 .UNSPECIFIED., .F., .F.,
 ( 4, 2, 2, 4 ),
 ( 0.000000000000000000, 0.4999999999999995559, 0.7499999999999997780, 1.000000000000000000 ),
 .UNSPECIFIED. ) ;
#6110 = LINE ( 'NONE', #2584, #3665 ) ;
#6111 = VECTOR ( 'NONE', #1080, 1000.000000000000000 ) ;
#6112 = ORIENTED_EDGE ( 'NONE', *, *, #6710, .F. ) ;
#6113 = LINE ( 'NONE', #1179, #7659 ) ;
#6114 = VECTOR ( 'NONE', #6184, 1000.000000000000000 ) ;
#6115 = ORIENTED_EDGE ( 'NONE', *, *, #6640, .F. ) ;
#6116 = EDGE_LOOP ( 'NONE', ( #5348, #6585, #1964, #6162 ) ) ;
#6117 = ORIENTED_EDGE ( 'NONE', *, *, #8558, .F. ) ;
#6118 = DIRECTION ( 'NONE',  ( 3.552713678800000476E-14, 0.000000000000000000, -1.000000000000000000 ) ) ;
#6119 = CARTESIAN_POINT ( 'NONE',  ( 13.34916573867999823, -2.000000000000000000, -1.100000000000000089 ) ) ;
#6120 = DIRECTION ( 'NONE',  ( 0.000000000000000000, 0.000000000000000000, -1.000000000000000000 ) ) ;
#6121 = EDGE_LOOP ( 'NONE', ( #3821, #6419, #2996, #8843, #7968, #2378, #2087, #8835, #5169 ) ) ;
#6122 = AXIS2_PLACEMENT_3D ( 'NONE', #922, #8175, #1747 ) ;
#6123 = FACE_OUTER_BOUND ( 'NONE', #6902, .T. ) ;
#6124 = EDGE_CURVE ( 'NONE', #1602, #7231, #6690, .T. ) ;
#6125 = AXIS2_PLACEMENT_3D ( 'NONE', #2059, #5549, #4083 ) ;
#6126 = LINE ( 'NONE', #6218, #4789 ) ;
#6127 = ORIENTED_EDGE ( 'NONE', *, *, #3937, .T. ) ;
#6128 = CARTESIAN_POINT ( 'NONE',  ( 15.84999999999999964, -1.750000000000000000, -5.500000000000000000 ) ) ;
#6129 = CARTESIAN_POINT ( 'NONE',  ( 5.448097772570999808, -1.270000000000000018, 0.7779837387624999323 ) ) ;
#6130 = ORIENTED_EDGE ( 'NONE', *, *, #6780, .T. ) ;
#6131 = DIRECTION ( 'NONE',  ( -0.5610739678051955837, 0.000000000000000000, 0.8277656689252909095 ) ) ;
#6132 = FACE_OUTER_BOUND ( 'NONE', #2765, .T. ) ;
#6133 = CARTESIAN_POINT ( 'NONE',  ( 3.716671441012999733, -0.7631008444281001113, -0.7519060802727000059 ) ) ;
#6134 = FACE_OUTER_BOUND ( 'NONE', #5239, .T. ) ;
#6135 = CARTESIAN_POINT ( 'NONE',  ( -9.951004974372999357, -2.000000000000000000, -1.100000000000000089 ) ) ;
#6136 = EDGE_CURVE ( 'NONE', #2117, #6402, #1017, .T. ) ;
#6137 = ORIENTED_EDGE ( 'NONE', *, *, #3373, .F. ) ;
#6138 = CARTESIAN_POINT ( 'NONE',  ( -7.060091228687999099, 1.304671229936999577, -1.479751607522999279 ) ) ;
#6139 = VECTOR ( 'NONE', #7097, 1000.000000000000000 ) ;
#6140 = CIRCLE ( 'NONE', #8687, 0.3085786437627001111 ) ;
#6141 = CARTESIAN_POINT ( 'NONE',  ( -7.703087057135999949, 1.750000000000000000, -1.248875974902999841 ) ) ;
#6142 = EDGE_CURVE ( 'NONE', #7806, #8388, #7721, .T. ) ;
#6143 = ORIENTED_EDGE ( 'NONE', *, *, #988, .T. ) ;
#6144 = CARTESIAN_POINT ( 'NONE',  ( 3.886294613200000025, 1.241315021039999911, -0.4751653370817000011 ) ) ;
#6145 = EDGE_CURVE ( 'NONE', #4541, #8442, #3734, .T. ) ;
#6146 = ORIENTED_EDGE ( 'NONE', *, *, #7917, .F. ) ;
#6147 = CARTESIAN_POINT ( 'NONE',  ( 3.888079868196999911, -1.277887849256999830, -0.4774390554534000408 ) ) ;
#6148 = AXIS2_PLACEMENT_3D ( 'NONE', #8264, #9024, #4794 ) ;
#6149 = EDGE_LOOP ( 'NONE', ( #7332, #5657, #3717, #4134, #6462, #8120 ) ) ;
#6150 = LINE ( 'NONE', #3668, #6238 ) ;
#6151 = CARTESIAN_POINT ( 'NONE',  ( -13.47500000000000142, -1.750000000000000000, -5.299999999999999822 ) ) ;
#6152 = EDGE_CURVE ( 'NONE', #8298, #3842, #5392, .T. ) ;
#6153 = VECTOR ( 'NONE', #1942, 1000.000000000000000 ) ;
#6154 = EDGE_LOOP ( 'NONE', ( #516, #3464, #1974, #6327, #8431, #7401, #544, #304, #7987, #2786, #7782, #6885, #3656, #47, #8013, #2496 ) ) ;
#6155 = CARTESIAN_POINT ( 'NONE',  ( 3.619306216539663890, 0.8092004561276527896, -0.2780401224776287705 ) ) ;
#6156 = PLANE ( 'NONE',  #5980 ) ;
#6157 = CARTESIAN_POINT ( 'NONE',  ( -14.25000000000000000, -1.000000000000000000, -4.750000000000000000 ) ) ;
#6158 = CARTESIAN_POINT ( 'NONE',  ( -7.179909470181000231, 6.669999999999999929, -0.4000000000000000222 ) ) ;
#6159 = ORIENTED_EDGE ( 'NONE', *, *, #9131, .F. ) ;
#6160 = VECTOR ( 'NONE', #4849, 1000.000000000000000 ) ;
#6161 = CARTESIAN_POINT ( 'NONE',  ( -9.228701741141998482, 4.129999999999999893, -0.7550447011654000118 ) ) ;
#6162 = ORIENTED_EDGE ( 'NONE', *, *, #5389, .F. ) ;
#6163 = AXIS2_PLACEMENT_3D ( 'NONE', #6527, #1639, #158 ) ;
#6164 = VERTEX_POINT ( 'NONE', #5182 ) ;
#6165 = CARTESIAN_POINT ( 'NONE',  ( 3.872882633962999588, -1.612562244486999141, -0.6252644256771996423 ) ) ;
#6166 = VERTEX_POINT ( 'NONE', #1614 ) ;
#6167 = DIRECTION ( 'NONE',  ( 0.000000000000000000, -1.000000000000000000, 0.000000000000000000 ) ) ;
#6168 = CIRCLE ( 'NONE', #4659, 0.2000000000000005107 ) ;
#6169 = CARTESIAN_POINT ( 'NONE',  ( -7.800757503472999232, 1.750000000000000000, -1.532531547581999831 ) ) ;
#6170 = CARTESIAN_POINT ( 'NONE',  ( 9.014631942595999092, -4.129999999999999893, -0.5321389622208999581 ) ) ;
#6171 = ORIENTED_EDGE ( 'NONE', *, *, #5884, .T. ) ;
#6172 = CARTESIAN_POINT ( 'NONE',  ( -0.4799007024065999882, 6.408693892986000229, -4.200000000000000178 ) ) ;
#6173 = CARTESIAN_POINT ( 'NONE',  ( -0.4799007024065999882, 6.408693892986000229, -4.200000000000000178 ) ) ;
#6174 = CIRCLE ( 'NONE', #185, 1.000000000000000000 ) ;
#6175 = ORIENTED_EDGE ( 'NONE', *, *, #6302, .T. ) ;
#6176 = B_SPLINE_CURVE_WITH_KNOTS ( 'NONE', 3,
 ( #161, #112, #5077, #2962, #2336, #3005, #861, #3662, #5877, #5124 ),
 .UNSPECIFIED., .F., .F.,
 ( 4, 1, 1, 1, 1, 1, 1, 4 ),
 ( 0.000000000000000000, 0.1428571428570999946, 0.2857142857143000203, 0.4285714285713999594, 0.5714285714286000406, 0.7142857142856999797, 0.8571428571429000609, 1.000000000000000000 ),
 .UNSPECIFIED. ) ;
#6177 = CARTESIAN_POINT ( 'NONE',  ( -7.800757503472999232, -2.500000000000000000, -1.532531547581999831 ) ) ;
#6178 = EDGE_CURVE ( 'NONE', #7061, #1248, #2982, .T. ) ;
#6179 = FACE_OUTER_BOUND ( 'NONE', #2592, .T. ) ;
#6180 = ORIENTED_EDGE ( 'NONE', *, *, #4595, .F. ) ;
#6181 = LINE ( 'NONE', #1897, #44 ) ;
#6182 = DIRECTION ( 'NONE',  ( 0.000000000000000000, 1.000000000000000000, 0.000000000000000000 ) ) ;
#6183 = DIRECTION ( 'NONE',  ( 0.000000000000000000, -1.000000000000000000, 0.000000000000000000 ) ) ;
#6184 = DIRECTION ( 'NONE',  ( 1.000000000000000000, 0.000000000000000000, 0.000000000000000000 ) ) ;
#6185 = DIRECTION ( 'NONE',  ( 0.000000000000000000, -1.000000000000000000, 0.000000000000000000 ) ) ;
#6186 = VERTEX_POINT ( 'NONE', #225 ) ;
#6187 = VERTEX_POINT ( 'NONE', #8094 ) ;
#6188 = CARTESIAN_POINT ( 'NONE',  ( 9.650000000000000355, -7.250000000000000000, -0.5000000000000000000 ) ) ;
#6189 = DIRECTION ( 'NONE',  ( 0.000000000000000000, 0.000000000000000000, -1.000000000000000000 ) ) ;
#6190 = ORIENTED_EDGE ( 'NONE', *, *, #8143, .F. ) ;
#6191 = EDGE_CURVE ( 'NONE', #1044, #892, #5939, .T. ) ;
#6192 = CARTESIAN_POINT ( 'NONE',  ( 3.967302532816000316, 1.319576008587000082, -0.7110143440329999009 ) ) ;
#6193 = VERTEX_POINT ( 'NONE', #8851 ) ;
#6194 = PLANE ( 'NONE',  #8350 ) ;
#6195 = EDGE_LOOP ( 'NONE', ( #5383, #5462, #5460, #6773 ) ) ;
#6196 = FACE_OUTER_BOUND ( 'NONE', #3610, .T. ) ;
#6197 = EDGE_CURVE ( 'NONE', #4997, #3421, #6553, .T. ) ;
#6198 = DIRECTION ( 'NONE',  ( 0.000000000000000000, 0.000000000000000000, -1.000000000000000000 ) ) ;
#6199 = ADVANCED_FACE ( 'NONE', ( #5142 ), #2271, .F. ) ;
#6200 = ORIENTED_EDGE ( 'NONE', *, *, #1449, .T. ) ;
#6201 = DIRECTION ( 'NONE',  ( 0.3255681544572004427, 0.000000000000000000, 0.9455185755993018581 ) ) ;
#6202 = FACE_OUTER_BOUND ( 'NONE', #625, .T. ) ;
#6203 = CARTESIAN_POINT ( 'NONE',  ( 11.57500000000000107, -2.600000000000000089, -1.100000000000000089 ) ) ;
#6204 = CARTESIAN_POINT ( 'NONE',  ( 0.000000000000000000, 6.500000000000000000, -4.200000000000000178 ) ) ;
#6205 = EDGE_LOOP ( 'NONE', ( #6380, #1033, #371, #3243 ) ) ;
#6206 = EDGE_CURVE ( 'NONE', #5221, #3430, #5232, .T. ) ;
#6207 = DIRECTION ( 'NONE',  ( 1.000000000000000000, 0.000000000000000000, 0.000000000000000000 ) ) ;
#6208 = EDGE_CURVE ( 'NONE', #563, #5450, #4534, .T. ) ;
#6209 = ORIENTED_EDGE ( 'NONE', *, *, #5948, .F. ) ;
#6210 = EDGE_LOOP ( 'NONE', ( #6180, #5414, #3871, #9003 ) ) ;
#6211 = DIRECTION ( 'NONE',  ( 0.000000000000000000, -1.000000000000000000, 0.000000000000000000 ) ) ;
#6212 = EDGE_LOOP ( 'NONE', ( #9208, #278, #3132, #7988 ) ) ;
#6213 = CARTESIAN_POINT ( 'NONE',  ( -6.785934038805000235, -1.209381625337999866, -1.564677084726000089 ) ) ;
#6214 = CARTESIAN_POINT ( 'NONE',  ( -7.598039598224000102, -6.669999999999999929, -0.7546139302791998738 ) ) ;
#6215 = CARTESIAN_POINT ( 'NONE',  ( 9.271763586287001147, -4.129999999999999893, -0.8000000000000000444 ) ) ;
#6216 = ORIENTED_EDGE ( 'NONE', *, *, #7051, .F. ) ;
#6217 = LINE ( 'NONE', #2688, #4284 ) ;
#6218 = CARTESIAN_POINT ( 'NONE',  ( 8.284120188299999299, -1.750000000000000000, -4.000000000000000000 ) ) ;
#6219 = VERTEX_POINT ( 'NONE', #1572 ) ;
#6220 = CARTESIAN_POINT ( 'NONE',  ( -7.601927353273000065, 1.224574780638000071, -1.389470122414000031 ) ) ;
#6221 = DIRECTION ( 'NONE',  ( -0.8090169943749183634, 0.000000000000000000, -0.5877852522925132162 ) ) ;
#6222 = ORIENTED_EDGE ( 'NONE', *, *, #4929, .T. ) ;
#6223 = FACE_OUTER_BOUND ( 'NONE', #823, .T. ) ;
#6224 = CARTESIAN_POINT ( 'NONE',  ( 10.80000000000000071, -8.000000000000000000, -5.500000000000000000 ) ) ;
#6225 = CARTESIAN_POINT ( 'NONE',  ( -7.703087057135999949, -1.750000000000000000, -1.248875974902999841 ) ) ;
#6226 = AXIS2_PLACEMENT_3D ( 'NONE', #448, #8421, #5421 ) ;
#6227 = CARTESIAN_POINT ( 'NONE',  ( -5.000000000000000000, -6.669999999999999929, -5.500000000000000000 ) ) ;
#6228 = PLANE ( 'NONE',  #3528 ) ;
#6229 = VERTEX_POINT ( 'NONE', #3308 ) ;
#6230 = AXIS2_PLACEMENT_3D ( 'NONE', #8549, #1369, #3568 ) ;
#6231 = VERTEX_POINT ( 'NONE', #8329 ) ;
#6232 = LINE ( 'NONE', #468, #2082 ) ;
#6233 = VECTOR ( 'NONE', #1699, 1000.000000000000000 ) ;
#6234 = CARTESIAN_POINT ( 'NONE',  ( -6.246799180380000038, -8.000000000000000000, 0.000000000000000000 ) ) ;
#6235 = ORIENTED_EDGE ( 'NONE', *, *, #6496, .T. ) ;
#6236 = CARTESIAN_POINT ( 'NONE',  ( 3.953961115979000684, 1.161980872970999945, -0.6321767235690999298 ) ) ;
#6237 = VECTOR ( 'NONE', #313, 1000.000000000000000 ) ;
#6238 = VECTOR ( 'NONE', #6849, 1000.000000000000000 ) ;
#6239 = CARTESIAN_POINT ( 'NONE',  ( 3.965211512013998796, -0.8529423873519995647, -0.6219350424645002651 ) ) ;
#6240 = EDGE_LOOP ( 'NONE', ( #100, #5727 ) ) ;
#6241 = DIRECTION ( 'NONE',  ( 0.8090169943749183634, 0.000000000000000000, 0.5877852522925132162 ) ) ;
#6242 = EDGE_LOOP ( 'NONE', ( #237, #631, #1762, #4638 ) ) ;
#6243 = DIRECTION ( 'NONE',  ( 7.105427357601000597E-14, 0.000000000000000000, -1.000000000000000000 ) ) ;
#6244 = EDGE_CURVE ( 'NONE', #1492, #6980, #4620, .T. ) ;
#6245 = AXIS2_PLACEMENT_3D ( 'NONE', #7587, #514, #8484 ) ;
#6246 = ORIENTED_EDGE ( 'NONE', *, *, #4408, .F. ) ;
#6247 = CARTESIAN_POINT ( 'NONE',  ( 3.538253751376532641, 0.9274593779124262749, -0.1665368381510273499 ) ) ;
#6248 = CARTESIAN_POINT ( 'NONE',  ( 13.22500000000000142, -1.750000000000000000, -5.250000000000000000 ) ) ;
#6249 = LINE ( 'NONE', #8548, #7314 ) ;
#6250 = LINE ( 'NONE', #630, #8913 ) ;
#6251 = ORIENTED_EDGE ( 'NONE', *, *, #6124, .T. ) ;
#6252 = EDGE_CURVE ( 'NONE', #8590, #7832, #6451, .T. ) ;
#6253 = CARTESIAN_POINT ( 'NONE',  ( 8.641778518293998346, -0.1777966565218999928, -4.000000000000000000 ) ) ;
#6254 = VERTEX_POINT ( 'NONE', #1153 ) ;
#6255 = ORIENTED_EDGE ( 'NONE', *, *, #144, .F. ) ;
#6256 = EDGE_CURVE ( 'NONE', #5660, #5253, #7673, .T. ) ;
#6257 = VECTOR ( 'NONE', #8910, 1000.000000000000000 ) ;
#6258 = CARTESIAN_POINT ( 'NONE',  ( -10.25000000000000000, 6.649999999999999467, -0.5000000000000000000 ) ) ;
#6259 = ORIENTED_EDGE ( 'NONE', *, *, #1542, .F. ) ;
#6260 = LINE ( 'NONE', #2683, #1363 ) ;
#6261 = DIRECTION ( 'NONE',  ( 0.000000000000000000, 0.000000000000000000, -1.000000000000000000 ) ) ;
#6262 = EDGE_CURVE ( 'NONE', #2339, #5279, #3367, .T. ) ;
#6263 = CARTESIAN_POINT ( 'NONE',  ( 11.32499999999999929, -2.500000000000000000, -0.9000000000000000222 ) ) ;
#6264 = ORIENTED_EDGE ( 'NONE', *, *, #1090, .T. ) ;
#6265 = SURFACE_STYLE_USAGE ( .BOTH. , #1889 ) ;
#6266 = CARTESIAN_POINT ( 'NONE',  ( 13.42499999999999893, -0.5000000000000000000, -4.500000000000000000 ) ) ;
#6267 = VECTOR ( 'NONE', #6040, 1000.000000000000000 ) ;
#6268 = ORIENTED_EDGE ( 'NONE', *, *, #7456, .T. ) ;
#6269 = DIRECTION ( 'NONE',  ( 0.000000000000000000, 0.000000000000000000, -1.000000000000000000 ) ) ;
#6270 = EDGE_CURVE ( 'NONE', #7662, #5417, #8378, .T. ) ;
#6271 = FACE_OUTER_BOUND ( 'NONE', #7188, .T. ) ;
#6272 = AXIS2_PLACEMENT_3D ( 'NONE', #7341, #1701, #2446 ) ;
#6273 = ORIENTED_EDGE ( 'NONE', *, *, #6477, .T. ) ;
#6274 = CARTESIAN_POINT ( 'NONE',  ( 7.231854972343000121, -6.669999999999999929, -0.3565056556382000252 ) ) ;
#6275 = DIRECTION ( 'NONE',  ( -1.000000000000000000, 0.000000000000000000, 0.000000000000000000 ) ) ;
#6276 = CARTESIAN_POINT ( 'NONE',  ( -9.951004974372999357, 2.000000000000000000, -1.100000000000000089 ) ) ;
#6277 = CARTESIAN_POINT ( 'NONE',  ( 7.650725455797999786, -6.669999999999999929, -0.8000000000000000444 ) ) ;
#6278 = DIRECTION ( 'NONE',  ( 0.000000000000000000, 0.000000000000000000, -1.000000000000000000 ) ) ;
#6279 = VERTEX_POINT ( 'NONE', #318 ) ;
#6280 = EDGE_LOOP ( 'NONE', ( #3383, #4706, #1541, #2326 ) ) ;
#6281 = CARTESIAN_POINT ( 'NONE',  ( 3.716671441012999733, 0.7631008444281001113, -0.7519060802727000059 ) ) ;
#6282 = CARTESIAN_POINT ( 'NONE',  ( 15.84999999999999964, 1.750000000000000000, -5.299999999999999822 ) ) ;
#6283 = VERTEX_POINT ( 'NONE', #6035 ) ;
#6284 = CARTESIAN_POINT ( 'NONE',  ( 3.936537191830999483, 1.308526294525000022, -0.5561176622846000228 ) ) ;
#6285 = DIRECTION ( 'NONE',  ( 1.000000000000000000, 0.000000000000000000, 0.000000000000000000 ) ) ;
#6286 = EDGE_LOOP ( 'NONE', ( #7607, #8630, #1302, #7263 ) ) ;
#6287 = DIRECTION ( 'NONE',  ( -0.8243327689507017331, 0.5661055431932009441, 0.000000000000000000 ) ) ;
#6288 = ORIENTED_EDGE ( 'NONE', *, *, #966, .T. ) ;
#6289 = DIRECTION ( 'NONE',  ( 1.000000000000000000, 0.000000000000000000, 0.000000000000000000 ) ) ;
#6290 = ORIENTED_EDGE ( 'NONE', *, *, #1140, .F. ) ;
#6291 = LINE ( 'NONE', #3425, #7482 ) ;
#6292 = VECTOR ( 'NONE', #751, 1000.000000000000000 ) ;
#6293 = AXIS2_PLACEMENT_3D ( 'NONE', #3460, #1257, #6888 ) ;
#6294 = CARTESIAN_POINT ( 'NONE',  ( -13.47500000000000142, -1.750000000000000000, -5.250000000000000000 ) ) ;
#6295 = DIRECTION ( 'NONE',  ( -0.05061153302400837883, -0.9981347984218671421, 0.03413791007513890252 ) ) ;
#6296 = DIRECTION ( 'NONE',  ( 0.000000000000000000, -1.000000000000000000, 0.000000000000000000 ) ) ;
#6297 = ORIENTED_EDGE ( 'NONE', *, *, #2289, .T. ) ;
#6298 = CARTESIAN_POINT ( 'NONE',  ( 12.72499999999999964, -1.600000000000000089, -1.100000000000000089 ) ) ;
#6299 = AXIS2_PLACEMENT_3D ( 'NONE', #2889, #2078, #8519 ) ;
#6300 = EDGE_LOOP ( 'NONE', ( #4182, #5530, #4874, #6015 ) ) ;
#6301 = VERTEX_POINT ( 'NONE', #1065 ) ;
#6302 = EDGE_CURVE ( 'NONE', #1691, #9144, #1895, .T. ) ;
#6303 = CARTESIAN_POINT ( 'NONE',  ( 3.903367428955154761, 1.139566183456954374, -0.5128455682499611923 ) ) ;
#6304 = CIRCLE ( 'NONE', #6604, 0.3085786437627001111 ) ;
#6305 = ORIENTED_EDGE ( 'NONE', *, *, #5510, .F. ) ;
#6306 = CARTESIAN_POINT ( 'NONE',  ( 0.000000000000000000, 6.500000000000000000, -4.200000000000000178 ) ) ;
#6307 = DIRECTION ( 'NONE',  ( 0.000000000000000000, 0.000000000000000000, 1.000000000000000000 ) ) ;
#6308 = CARTESIAN_POINT ( 'NONE',  ( 8.929632206358000701, -4.129999999999999893, -0.4439320438813000314 ) ) ;
#6309 = ORIENTED_EDGE ( 'NONE', *, *, #3539, .T. ) ;
#6310 = CARTESIAN_POINT ( 'NONE',  ( 14.25000000000000000, -3.500000000000000000, 0.000000000000000000 ) ) ;
#6311 = CARTESIAN_POINT ( 'NONE',  ( 3.881619859231999925, 1.223779701014999777, -0.4685476159076000235 ) ) ;
#6312 = ADVANCED_FACE ( 'NONE', ( #8940 ), #1199, .T. ) ;
#6313 = VECTOR ( 'NONE', #4454, 1000.000000000000000 ) ;
#6314 = EDGE_LOOP ( 'NONE', ( #2738, #6003, #316, #2299, #7567, #9097, #2128, #4863, #65 ) ) ;
#6315 = EDGE_CURVE ( 'NONE', #4064, #6697, #6082, .T. ) ;
#6316 = LINE ( 'NONE', #9177, #439 ) ;
#6317 = VECTOR ( 'NONE', #2234, 1000.000000000000114 ) ;
#6318 = CARTESIAN_POINT ( 'NONE',  ( -7.335983667192999214, -6.669999999999999929, -0.2688748867901999962 ) ) ;
#6319 = EDGE_LOOP ( 'NONE', ( #3283, #379, #5962 ) ) ;
#6320 = CARTESIAN_POINT ( 'NONE',  ( 5.000000000000000000, 4.129999999999999893, -4.000000000000000000 ) ) ;
#6321 = ADVANCED_FACE ( 'NONE', ( #6875 ), #8990, .F. ) ;
#6322 = CARTESIAN_POINT ( 'NONE',  ( 0.000000000000000000, 6.500000000000000000, -4.000000000000000000 ) ) ;
#6323 = AXIS2_PLACEMENT_3D ( 'NONE', #507, #6880, #5525 ) ;
#6324 = CARTESIAN_POINT ( 'NONE',  ( 3.888250915717999856, 1.028022251144000032, -0.5909754783448000204 ) ) ;
#6325 = FACE_OUTER_BOUND ( 'NONE', #7126, .T. ) ;
#6326 = ORIENTED_EDGE ( 'NONE', *, *, #6489, .T. ) ;
#6327 = ORIENTED_EDGE ( 'NONE', *, *, #5953, .T. ) ;
#6328 = CARTESIAN_POINT ( 'NONE',  ( -9.179185367155000108, 1.750000000000000000, -4.000000000000000000 ) ) ;
#6329 = EDGE_CURVE ( 'NONE', #8087, #7682, #4761, .T. ) ;
#6330 = VECTOR ( 'NONE', #2710, 1000.000000000000000 ) ;
#6331 = ADVANCED_FACE ( 'NONE', ( #6179 ), #8181, .F. ) ;
#6332 = CARTESIAN_POINT ( 'NONE',  ( -0.2491314716374000149, 6.883052867344999548, -4.299999999999999822 ) ) ;
#6333 = ORIENTED_EDGE ( 'NONE', *, *, #6262, .T. ) ;
#6334 = CARTESIAN_POINT ( 'NONE',  ( 3.881039343249000240, 1.233119096023999939, -0.4679352701084000254 ) ) ;
#6335 = CARTESIAN_POINT ( 'NONE',  ( -10.25000000000000000, 6.649999999999999467, -0.5000000000000000000 ) ) ;
#6336 = EDGE_LOOP ( 'NONE', ( #8970, #4146, #8004, #3768, #5158, #1730, #4822, #596 ) ) ;
#6337 = DIRECTION ( 'NONE',  ( 0.000000000000000000, 1.000000000000000000, 0.000000000000000000 ) ) ;
#6338 = ORIENTED_EDGE ( 'NONE', *, *, #8845, .T. ) ;
#6339 = LINE ( 'NONE', #9198, #4579 ) ;
#6340 = CARTESIAN_POINT ( 'NONE',  ( 10.87500000000000000, 2.000000000000000000, -4.000000000000000000 ) ) ;
#6341 = VERTEX_POINT ( 'NONE', #4668 ) ;
#6342 = DIRECTION ( 'NONE',  ( 1.000000000000000000, 0.000000000000000000, 0.000000000000000000 ) ) ;
#6343 = DIRECTION ( 'NONE',  ( 0.000000000000000000, 0.000000000000000000, -1.000000000000000000 ) ) ;
#6344 = DIRECTION ( 'NONE',  ( 1.000000000000000000, 0.000000000000000000, 0.000000000000000000 ) ) ;
#6345 = FACE_OUTER_BOUND ( 'NONE', #4431, .T. ) ;
#6346 = ORIENTED_EDGE ( 'NONE', *, *, #3634, .T. ) ;
#6347 = EDGE_CURVE ( 'NONE', #2607, #325, #6788, .T. ) ;
#6348 = CARTESIAN_POINT ( 'NONE',  ( 3.970759547375000142, -1.285740719332000070, -0.6913495910140999845 ) ) ;
#6349 = VERTEX_POINT ( 'NONE', #7620 ) ;
#6350 = CARTESIAN_POINT ( 'NONE',  ( -14.25000000000000000, 2.600000000000000089, -1.100000000000000089 ) ) ;
#6351 = ORIENTED_EDGE ( 'NONE', *, *, #2617, .T. ) ;
#6352 = DIRECTION ( 'NONE',  ( 1.000000000000000000, 0.000000000000000000, 0.000000000000000000 ) ) ;
#6353 = CARTESIAN_POINT ( 'NONE',  ( 9.500000000000000000, -6.500000000000000000, -0.2500000000000000000 ) ) ;
#6354 = DIRECTION ( 'NONE',  ( 0.000000000000000000, 0.000000000000000000, -1.000000000000000000 ) ) ;
#6355 = VERTEX_POINT ( 'NONE', #8231 ) ;
#6356 = CARTESIAN_POINT ( 'NONE',  ( 3.982841141018000020, 1.253986956347000081, -0.7608790489976999805 ) ) ;
#6357 = EDGE_CURVE ( 'NONE', #1450, #1838, #1803, .T. ) ;
#6358 = LINE ( 'NONE', #5707, #8834 ) ;
#6359 = ADVANCED_FACE ( 'NONE', ( #3956 ), #8277, .F. ) ;
#6360 = ORIENTED_EDGE ( 'NONE', *, *, #4394, .T. ) ;
#6361 = LINE ( 'NONE', #4148, #4027 ) ;
#6362 = CARTESIAN_POINT ( 'NONE',  ( 13.22500000000000142, 0.7500000000000000000, -3.600000000000000089 ) ) ;
#6363 = ORIENTED_EDGE ( 'NONE', *, *, #4738, .F. ) ;
#6364 = EDGE_CURVE ( 'NONE', #1911, #306, #6926, .T. ) ;
#6365 = PLANE ( 'NONE',  #7366 ) ;
#6366 = CARTESIAN_POINT ( 'NONE',  ( -10.52888579085999865, -2.000000000000000000, -4.000000000000000000 ) ) ;
#6367 = CARTESIAN_POINT ( 'NONE',  ( 10.80000000000000071, -8.000000000000000000, 0.000000000000000000 ) ) ;
#6368 = DIRECTION ( 'NONE',  ( 0.000000000000000000, 1.000000000000000000, 0.000000000000000000 ) ) ;
#6369 = ORIENTED_EDGE ( 'NONE', *, *, #7799, .T. ) ;
#6370 = EDGE_CURVE ( 'NONE', #5666, #5119, #4813, .T. ) ;
#6371 = ORIENTED_EDGE ( 'NONE', *, *, #346, .F. ) ;
#6372 = CARTESIAN_POINT ( 'NONE',  ( 13.22500000000000142, -0.7500000000000000000, -3.600000000000000089 ) ) ;
#6373 = EDGE_CURVE ( 'NONE', #7700, #18, #1391, .T. ) ;
#6374 = DIRECTION ( 'NONE',  ( -0.5661055431932008331, -0.8243327689507017331, 0.000000000000000000 ) ) ;
#6375 = ORIENTED_EDGE ( 'NONE', *, *, #811, .F. ) ;
#6376 = CARTESIAN_POINT ( 'NONE',  ( -10.80000000000000071, 8.000000000000000000, 0.000000000000000000 ) ) ;
#6377 = ADVANCED_FACE ( 'NONE', ( #739 ), #4149, .F. ) ;
#6378 = FACE_BOUND ( 'NONE', #7102, .T. ) ;
#6379 = AXIS2_PLACEMENT_3D ( 'NONE', #5407, #1089, #3936 ) ;
#6380 = ORIENTED_EDGE ( 'NONE', *, *, #5853, .T. ) ;
#6381 = FACE_OUTER_BOUND ( 'NONE', #3574, .T. ) ;
#6382 = ADVANCED_FACE ( 'NONE', ( #693 ), #602, .T. ) ;
#6383 = EDGE_LOOP ( 'NONE', ( #8268, #8801, #3135, #1877 ) ) ;
#6384 = LINE ( 'NONE', #5496, #8780 ) ;
#6385 = VECTOR ( 'NONE', #4154, 1000.000000000000000 ) ;
#6386 = DIRECTION ( 'NONE',  ( -1.000000000000000000, 0.000000000000000000, 0.000000000000000000 ) ) ;
#6387 = EDGE_LOOP ( 'NONE', ( #8124, #69, #6515, #6935, #3106, #2965 ) ) ;
#6388 = DIRECTION ( 'NONE',  ( -0.3255681544572003872, 0.000000000000000000, -0.9455185755993017471 ) ) ;
#6389 = ADVANCED_FACE ( 'NONE', ( #6271 ), #5043, .T. ) ;
#6390 = CYLINDRICAL_SURFACE ( 'NONE', #137, 0.4500000000000007327 ) ;
#6391 = LINE ( 'NONE', #5688, #9070 ) ;
#6392 = EDGE_LOOP ( 'NONE', ( #5563, #7020, #1612, #640 ) ) ;
#6393 = PRESENTATION_LAYER_ASSIGNMENT (  '', '', ( #6529 ) ) ;
#6394 = CARTESIAN_POINT ( 'NONE',  ( 3.967302325257000106, -1.319594974552999789, -0.7111015638629000213 ) ) ;
#6395 = ORIENTED_EDGE ( 'NONE', *, *, #7731, .T. ) ;
#6396 = PLANE ( 'NONE',  #14 ) ;
#6397 = B_SPLINE_CURVE_WITH_KNOTS ( 'NONE', 3,
 ( #5628, #51, #4256, #5055 ),
 .UNSPECIFIED., .F., .F.,
 ( 4, 4 ),
 ( 0.000000000000000000, 1.000000000000000000 ),
 .UNSPECIFIED. ) ;
#6398 = ORIENTED_EDGE ( 'NONE', *, *, #5344, .F. ) ;
#6399 = CARTESIAN_POINT ( 'NONE',  ( 11.57500000000000107, -2.600000000000000089, -1.100000000000000089 ) ) ;
#6400 = DIRECTION ( 'NONE',  ( 0.000000000000000000, 0.000000000000000000, 1.000000000000000000 ) ) ;
#6401 = PLANE ( 'NONE',  #4876 ) ;
#6402 = VERTEX_POINT ( 'NONE', #4242 ) ;
#6403 = CARTESIAN_POINT ( 'NONE',  ( 3.888681882957000013, 1.471509230060999984, -0.5731507870180000408 ) ) ;
#6404 = FACE_BOUND ( 'NONE', #8960, .T. ) ;
#6405 = EDGE_LOOP ( 'NONE', ( #1226, #4780, #3182, #1447 ) ) ;
#6406 = VECTOR ( 'NONE', #488, 1000.000000000000000 ) ;
#6407 = LINE ( 'NONE', #8430, #7345 ) ;
#6408 = ORIENTED_EDGE ( 'NONE', *, *, #6879, .T. ) ;
#6409 = LINE ( 'NONE', #5712, #6476 ) ;
#6410 = EDGE_CURVE ( 'NONE', #8106, #6423, #689, .T. ) ;
#6411 = FACE_BOUND ( 'NONE', #3180, .T. ) ;
#6412 = CARTESIAN_POINT ( 'NONE',  ( -15.84999999999999964, 1.750000000000000000, -5.500000000000000000 ) ) ;
#6413 = CARTESIAN_POINT ( 'NONE',  ( 10.80000000000000071, 7.799999999999999822, 0.000000000000000000 ) ) ;
#6414 = VERTEX_POINT ( 'NONE', #2745 ) ;
#6415 = ORIENTED_EDGE ( 'NONE', *, *, #2394, .F. ) ;
#6416 = DIRECTION ( 'NONE',  ( 1.000000000000000000, 0.000000000000000000, 0.000000000000000000 ) ) ;
#6417 = LINE ( 'NONE', #6986, #6330 ) ;
#6418 = VECTOR ( 'NONE', #1359, 1000.000000000000000 ) ;
#6419 = ORIENTED_EDGE ( 'NONE', *, *, #8941, .F. ) ;
#6420 = FACE_OUTER_BOUND ( 'NONE', #8398, .T. ) ;
#6421 = LINE ( 'NONE', #6509, #3151 ) ;
#6422 = EDGE_CURVE ( 'NONE', #5192, #5080, #1197, .T. ) ;
#6423 = VERTEX_POINT ( 'NONE', #7858 ) ;
#6424 = DIRECTION ( 'NONE',  ( 0.000000000000000000, -1.000000000000000000, 2.701193301913999859E-14 ) ) ;
#6425 = ORIENTED_EDGE ( 'NONE', *, *, #3380, .F. ) ;
#6426 = CARTESIAN_POINT ( 'NONE',  ( -7.105026660317002474, 0.9780688856472004034, -1.464279097598001789 ) ) ;
#6427 = EDGE_CURVE ( 'NONE', #6079, #1790, #6407, .T. ) ;
#6428 = CARTESIAN_POINT ( 'NONE',  ( 5.000000000000000000, 6.669999999999999929, -5.500000000000000000 ) ) ;
#6429 = ORIENTED_EDGE ( 'NONE', *, *, #3103, .F. ) ;
#6430 = EDGE_CURVE ( 'NONE', #9117, #1832, #1054, .T. ) ;
#6431 = CARTESIAN_POINT ( 'NONE',  ( 11.00000000000000000, -7.799999999999999822, -5.500000000000000000 ) ) ;
#6432 = AXIS2_PLACEMENT_3D ( 'NONE', #504, #8276, #7577 ) ;
#6433 = VECTOR ( 'NONE', #3477, 1000.000000000000000 ) ;
#6434 = CARTESIAN_POINT ( 'NONE',  ( 9.350000000000001421, -5.750000000000000000, -0.2500000000000000000 ) ) ;
#6435 = DIRECTION ( 'NONE',  ( 0.000000000000000000, -1.000000000000000000, -2.190476215319000144E-14 ) ) ;
#6436 = ORIENTED_EDGE ( 'NONE', *, *, #5270, .T. ) ;
#6437 = CARTESIAN_POINT ( 'NONE',  ( 3.972119105422999841, -1.254171720963999981, -0.6930285506357000136 ) ) ;
#6438 = ADVANCED_FACE ( 'NONE', ( #2834 ), #7898, .T. ) ;
#6439 = ADVANCED_FACE ( 'NONE', ( #6456, #1988 ), #2032, .F. ) ;
#6440 = VECTOR ( 'NONE', #797, 1000.000000000000114 ) ;
#6441 = ORIENTED_EDGE ( 'NONE', *, *, #6652, .F. ) ;
#6442 = AXIS2_PLACEMENT_3D ( 'NONE', #4049, #550, #9127 ) ;
#6443 = CARTESIAN_POINT ( 'NONE',  ( 5.577410528076000240, 1.750000000000000000, 0.5999999999999999778 ) ) ;
#6444 = ORIENTED_EDGE ( 'NONE', *, *, #8707, .T. ) ;
#6445 = DIRECTION ( 'NONE',  ( -0.8069464462948745531, 0.5045159354005842589, -0.3070848477846905289 ) ) ;
#6446 = DIRECTION ( 'NONE',  ( 0.000000000000000000, 1.000000000000000000, 0.000000000000000000 ) ) ;
#6447 = DIRECTION ( 'NONE',  ( 0.3255681544572004427, 0.000000000000000000, 0.9455185755993018581 ) ) ;
#6448 = DIRECTION ( 'NONE',  ( 0.000000000000000000, 0.000000000000000000, 1.000000000000000000 ) ) ;
#6449 = VERTEX_POINT ( 'NONE', #5756 ) ;
#6450 = DIRECTION ( 'NONE',  ( 0.8088400402561499725, 0.02091427258645869869, 0.5876566875996639405 ) ) ;
#6451 = CIRCLE ( 'NONE', #3138, 9.800000000000002487 ) ;
#6452 = AXIS2_PLACEMENT_3D ( 'NONE', #8121, #7378, #167 ) ;
#6453 = CARTESIAN_POINT ( 'NONE',  ( 3.883634760652999951, 1.484982507123000062, -0.5847409711971000013 ) ) ;
#6454 = ORIENTED_EDGE ( 'NONE', *, *, #1208, .T. ) ;
#6455 = VECTOR ( 'NONE', #7391, 1000.000000000000000 ) ;
#6456 = FACE_BOUND ( 'NONE', #1655, .T. ) ;
#6457 = ORIENTED_EDGE ( 'NONE', *, *, #1217, .F. ) ;
#6458 = DIRECTION ( 'NONE',  ( 0.000000000000000000, 1.000000000000000000, 0.000000000000000000 ) ) ;
#6459 = DIRECTION ( 'NONE',  ( 0.000000000000000000, 0.000000000000000000, -1.000000000000000000 ) ) ;
#6460 = DIRECTION ( 'NONE',  ( -1.000000000000000000, 0.000000000000000000, 0.000000000000000000 ) ) ;
#6461 = CARTESIAN_POINT ( 'NONE',  ( -13.22500000000000142, -0.5000000000000000000, -4.450000000000000178 ) ) ;
#6462 = ORIENTED_EDGE ( 'NONE', *, *, #1714, .T. ) ;
#6463 = DIRECTION ( 'NONE',  ( -0.5877852522925132162, 0.000000000000000000, 0.8090169943749183634 ) ) ;
#6464 = AXIS2_PLACEMENT_3D ( 'NONE', #5206, #8649, #5681 ) ;
#6465 = VECTOR ( 'NONE', #8372, 1000.000000000000000 ) ;
#6466 = AXIS2_PLACEMENT_3D ( 'NONE', #3073, #6037, #1757 ) ;
#6467 = DIRECTION ( 'NONE',  ( 0.000000000000000000, -1.000000000000000000, 0.000000000000000000 ) ) ;
#6468 = LINE ( 'NONE', #50, #4192 ) ;
#6469 = VECTOR ( 'NONE', #3368, 1000.000000000000000 ) ;
#6470 = CARTESIAN_POINT ( 'NONE',  ( -10.80000000000000071, 7.799999999999999822, -38.18409399080999833 ) ) ;
#6471 = VERTEX_POINT ( 'NONE', #7716 ) ;
#6472 = CARTESIAN_POINT ( 'NONE',  ( 11.57500000000000107, -2.600000000000000089, 0.000000000000000000 ) ) ;
#6473 = AXIS2_PLACEMENT_3D ( 'NONE', #269, #1613, #2270 ) ;
#6474 = VERTEX_POINT ( 'NONE', #5710 ) ;
#6475 = DIRECTION ( 'NONE',  ( -1.000000000000000000, 0.000000000000000000, 0.000000000000000000 ) ) ;
#6476 = VECTOR ( 'NONE', #8476, 1000.000000000000000 ) ;
#6477 = EDGE_CURVE ( 'NONE', #8814, #8461, #4952, .T. ) ;
#6478 = DIRECTION ( 'NONE',  ( 0.000000000000000000, 0.000000000000000000, 1.000000000000000000 ) ) ;
#6479 = ORIENTED_EDGE ( 'NONE', *, *, #123, .T. ) ;
#6480 = DIRECTION ( 'NONE',  ( 0.000000000000000000, 1.000000000000000000, 0.000000000000000000 ) ) ;
#6481 = ADVANCED_FACE ( 'NONE', ( #1342 ), #5892, .F. ) ;
#6482 = DIRECTION ( 'NONE',  ( 0.000000000000000000, -1.000000000000000000, 0.000000000000000000 ) ) ;
#6483 = VERTEX_POINT ( 'NONE', #7290 ) ;
#6484 = EDGE_CURVE ( 'NONE', #1838, #1843, #3298, .T. ) ;
#6485 = CARTESIAN_POINT ( 'NONE',  ( 3.935915419224000011, -1.307169612041999995, -0.5534114280202999669 ) ) ;
#6486 = EDGE_LOOP ( 'NONE', ( #3435, #4107, #1930, #9186, #336, #9197, #3176, #9255 ) ) ;
#6487 = DIRECTION ( 'NONE',  ( 1.000000000000000000, 0.000000000000000000, 0.000000000000000000 ) ) ;
#6488 = ORIENTED_EDGE ( 'NONE', *, *, #8626, .F. ) ;
#6489 = EDGE_CURVE ( 'NONE', #5133, #6994, #960, .T. ) ;
#6490 = LINE ( 'NONE', #7278, #2490 ) ;
#6491 = FACE_OUTER_BOUND ( 'NONE', #417, .T. ) ;
#6492 = CARTESIAN_POINT ( 'NONE',  ( -7.118942322046805771, -0.6991495612751501554, -1.238489001113816768 ) ) ;
#6493 = CARTESIAN_POINT ( 'NONE',  ( -9.500000000000000000, 6.500000000000000000, -0.2500000000000000000 ) ) ;
#6494 = ORIENTED_EDGE ( 'NONE', *, *, #6775, .F. ) ;
#6495 = LINE ( 'NONE', #76, #5497 ) ;
#6496 = EDGE_CURVE ( 'NONE', #3165, #870, #5259, .T. ) ;
#6497 = DIRECTION ( 'NONE',  ( 1.000000000000000000, 0.000000000000000000, 0.000000000000000000 ) ) ;
#6498 = EDGE_CURVE ( 'NONE', #746, #6628, #6586, .T. ) ;
#6499 = EDGE_LOOP ( 'NONE', ( #5269, #2715, #1340, #3559 ) ) ;
#6500 = CARTESIAN_POINT ( 'NONE',  ( 3.883634760652999951, -1.023934567683000063, -0.5847409711971000013 ) ) ;
#6501 = VERTEX_POINT ( 'NONE', #5972 ) ;
#6502 = DIRECTION ( 'NONE',  ( 1.000000000000000000, 0.000000000000000000, 0.000000000000000000 ) ) ;
#6503 = CYLINDRICAL_SURFACE ( 'NONE', #5322, 0.04999999999999969746 ) ;
#6504 = CARTESIAN_POINT ( 'NONE',  ( -9.599999999999999645, -8.000000000000000000, -5.500000000000000000 ) ) ;
#6505 = CARTESIAN_POINT ( 'NONE',  ( -7.004068377597014283, 0.7288689692749761306, -1.277285389507892610 ) ) ;
#6506 = CARTESIAN_POINT ( 'NONE',  ( -7.650725455797999786, -6.669999999999999929, -4.000000000000000000 ) ) ;
#6507 = DIRECTION ( 'NONE',  ( 0.8244855201331934280, -0.5658830507186952685, 0.000000000000000000 ) ) ;
#6508 = CARTESIAN_POINT ( 'NONE',  ( 14.25000000000000000, -2.600000000000000089, -1.100000000000000089 ) ) ;
#6509 = CARTESIAN_POINT ( 'NONE',  ( -8.967661230918000825, 1.750000000000000000, -4.000000000000000000 ) ) ;
#6510 = CARTESIAN_POINT ( 'NONE',  ( -7.212490067225000523, -0.6991495612755999067, -1.206277929287999928 ) ) ;
#6511 = CARTESIAN_POINT ( 'NONE',  ( -11.52500000000000036, -1.550000000000000044, -0.9000000000000000222 ) ) ;
#6512 = ORIENTED_EDGE ( 'NONE', *, *, #192, .T. ) ;
#6513 = CARTESIAN_POINT ( 'NONE',  ( -12.72499999999999964, -1.600000000000000089, -1.100000000000000089 ) ) ;
#6514 = DIRECTION ( 'NONE',  ( 1.000000000000000000, 0.000000000000000000, 0.000000000000000000 ) ) ;
#6515 = ORIENTED_EDGE ( 'NONE', *, *, #5506, .F. ) ;
#6516 = CARTESIAN_POINT ( 'NONE',  ( -12.77500000000000036, -2.500000000000000000, -1.100000000000000089 ) ) ;
#6517 = VECTOR ( 'NONE', #1783, 1000.000000000000000 ) ;
#6518 = EDGE_CURVE ( 'NONE', #3165, #6583, #7447, .T. ) ;
#6519 = CARTESIAN_POINT ( 'NONE',  ( -7.256803458481003055, -1.297563660946998709, -1.503775746565997773 ) ) ;
#6520 = ADVANCED_FACE ( 'NONE', ( #6679 ), #1994, .T. ) ;
#6521 = ORIENTED_EDGE ( 'NONE', *, *, #8263, .T. ) ;
#6522 = VECTOR ( 'NONE', #7709, 1000.000000000000000 ) ;
#6523 = VECTOR ( 'NONE', #7280, 1000.000000000000000 ) ;
#6524 = CARTESIAN_POINT ( 'NONE',  ( 3.902017936194999592, -1.471167938073999926, -0.6029403443155999520 ) ) ;
#6525 = ORIENTED_EDGE ( 'NONE', *, *, #4475, .F. ) ;
#6526 = PLANE ( 'NONE',  #5685 ) ;
#6527 = CARTESIAN_POINT ( 'NONE',  ( -5.000000000000000000, 5.400000000000000355, -4.000000000000000000 ) ) ;
#6528 = AXIS2_PLACEMENT_3D ( 'NONE', #5577, #6278, #6185 ) ;
#6529 = STYLED_ITEM ( 'NONE', ( #1104 ), #2876 ) ;
#6530 = FACE_OUTER_BOUND ( 'NONE', #872, .T. ) ;
#6531 = LINE ( 'NONE', #2202, #7298 ) ;
#6532 = CARTESIAN_POINT ( 'NONE',  ( -8.967661230918000825, -1.750000000000000000, -4.000000000000000000 ) ) ;
#6533 = DIRECTION ( 'NONE',  ( 0.000000000000000000, 0.000000000000000000, -1.000000000000000000 ) ) ;
#6534 = ADVANCED_FACE ( 'NONE', ( #5172 ), #166, .F. ) ;
#6535 = CARTESIAN_POINT ( 'NONE',  ( -6.785934038805000235, 1.209381625337999866, -1.564677084726000089 ) ) ;
#6536 = ORIENTED_EDGE ( 'NONE', *, *, #5008, .F. ) ;
#6537 = DIRECTION ( 'NONE',  ( 0.000000000000000000, 1.000000000000000000, 0.000000000000000000 ) ) ;
#6538 = CARTESIAN_POINT ( 'NONE',  ( 3.888250915722000212, 1.480894823649999914, -0.5909754783351000018 ) ) ;
#6539 = CIRCLE ( 'NONE', #8936, 10.15000000000000036 ) ;
#6540 = ADVANCED_FACE ( 'NONE', ( #4468 ), #394, .F. ) ;
#6541 = VERTEX_POINT ( 'NONE', #3944 ) ;
#6542 = EDGE_CURVE ( 'NONE', #5130, #1552, #7521, .T. ) ;
#6543 = CARTESIAN_POINT ( 'NONE',  ( 3.726937912495998706, 1.659062050376000519, -0.3007243012777998659 ) ) ;
#6544 = ORIENTED_EDGE ( 'NONE', *, *, #9048, .T. ) ;
#6545 = DIRECTION ( 'NONE',  ( 0.000000000000000000, -1.000000000000000000, 0.000000000000000000 ) ) ;
#6546 = FACE_OUTER_BOUND ( 'NONE', #5745, .T. ) ;
#6547 = LINE ( 'NONE', #5092, #6713 ) ;
#6548 = DIRECTION ( 'NONE',  ( 0.000000000000000000, -1.000000000000000000, 0.000000000000000000 ) ) ;
#6549 = CARTESIAN_POINT ( 'NONE',  ( 5.577410528076000240, -2.500000000000000000, 0.5999999999999999778 ) ) ;
#6550 = VECTOR ( 'NONE', #4511, 1000.000000000000000 ) ;
#6551 = EDGE_CURVE ( 'NONE', #5860, #1371, #7494, .T. ) ;
#6552 = LINE ( 'NONE', #929, #8091 ) ;
#6553 = LINE ( 'NONE', #5282, #8839 ) ;
#6554 = PLANE ( 'NONE',  #37 ) ;
#6555 = AXIS2_PLACEMENT_3D ( 'NONE', #335, #5539, #7592 ) ;
#6556 = CARTESIAN_POINT ( 'NONE',  ( -14.25000000000000000, -2.000000000000000000, -1.100000000000000089 ) ) ;
#6557 = LINE ( 'NONE', #4969, #3852 ) ;
#6558 = ORIENTED_EDGE ( 'NONE', *, *, #594, .F. ) ;
#6559 = CARTESIAN_POINT ( 'NONE',  ( -7.496946401247003067, 1.294861003582999937, -1.404031688129000255 ) ) ;
#6560 = AXIS2_PLACEMENT_3D ( 'NONE', #3962, #1253, #1299 ) ;
#6561 = CARTESIAN_POINT ( 'NONE',  ( -12.77500000000000036, -1.550000000000000044, -0.9000000000000000222 ) ) ;
#6562 = ORIENTED_EDGE ( 'NONE', *, *, #6477, .F. ) ;
#6563 = LINE ( 'NONE', #4397, #4480 ) ;
#6564 = VECTOR ( 'NONE', #3500, 1000.000000000000000 ) ;
#6565 = CARTESIAN_POINT ( 'NONE',  ( 0.000000000000000000, 0.000000000000000000, -5.500000000000000000 ) ) ;
#6566 = VECTOR ( 'NONE', #7653, 1000.000000000000000 ) ;
#6567 = VERTEX_POINT ( 'NONE', #5310 ) ;
#6568 = FACE_OUTER_BOUND ( 'NONE', #5361, .T. ) ;
#6569 = EDGE_CURVE ( 'NONE', #1397, #3412, #1006, .T. ) ;
#6570 = ORIENTED_EDGE ( 'NONE', *, *, #5866, .T. ) ;
#6571 = DIRECTION ( 'NONE',  ( 0.000000000000000000, 1.000000000000000000, 0.000000000000000000 ) ) ;
#6572 = VECTOR ( 'NONE', #2672, 1000.000000000000114 ) ;
#6573 = CARTESIAN_POINT ( 'NONE',  ( -9.271763586287001147, -4.129999999999999893, -4.000000000000000000 ) ) ;
#6574 = CARTESIAN_POINT ( 'NONE',  ( -8.273516791272999882, -0.6729456716339999867, -1.369747470354000018 ) ) ;
#6575 = DIRECTION ( 'NONE',  ( -0.5364737559171981474, -0.4086220918433296490, 0.7383927784517371196 ) ) ;
#6576 = DIRECTION ( 'NONE',  ( 0.3255681544572004427, 0.000000000000000000, 0.9455185755993018581 ) ) ;
#6577 = CARTESIAN_POINT ( 'NONE',  ( 8.552235919728348179, 0.2906338274433205582, -4.000000000000001776 ) ) ;
#6578 = DIRECTION ( 'NONE',  ( 0.000000000000000000, 0.000000000000000000, -1.000000000000000000 ) ) ;
#6579 = ORIENTED_EDGE ( 'NONE', *, *, #4074, .F. ) ;
#6580 = DIRECTION ( 'NONE',  ( 0.000000000000000000, -1.000000000000000000, 0.000000000000000000 ) ) ;
#6581 = DIRECTION ( 'NONE',  ( 0.000000000000000000, -1.000000000000000000, 0.000000000000000000 ) ) ;
#6582 = VECTOR ( 'NONE', #8453, 1000.000000000000000 ) ;
#6583 = VERTEX_POINT ( 'NONE', #1837 ) ;
#6584 = EDGE_CURVE ( 'NONE', #8981, #5066, #305, .T. ) ;
#6585 = ORIENTED_EDGE ( 'NONE', *, *, #248, .F. ) ;
#6586 = LINE ( 'NONE', #7204, #2238 ) ;
#6587 = CIRCLE ( 'NONE', #7794, 0.2500000000000000000 ) ;
#6588 = ORIENTED_EDGE ( 'NONE', *, *, #7480, .T. ) ;
#6589 = DIRECTION ( 'NONE',  ( -0.9063077870366587074, 0.000000000000000000, -0.4226182617406809006 ) ) ;
#6590 = AXIS2_PLACEMENT_3D ( 'NONE', #1387, #7111, #686 ) ;
#6591 = CARTESIAN_POINT ( 'NONE',  ( 3.732976774534999986, 0.7731439798128999508, -0.4340881231982000044 ) ) ;
#6592 = FACE_OUTER_BOUND ( 'NONE', #8346, .T. ) ;
#6593 = DIRECTION ( 'NONE',  ( 0.000000000000000000, -1.000000000000000000, 0.000000000000000000 ) ) ;
#6594 = ADVANCED_FACE ( 'NONE', ( #7424 ), #3154, .T. ) ;
#6595 = CARTESIAN_POINT ( 'NONE',  ( 3.965642539177999915, -1.187862467708999725, -0.6952618833599000236 ) ) ;
#6596 = EDGE_CURVE ( 'NONE', #2722, #2768, #1883, .T. ) ;
#6597 = VECTOR ( 'NONE', #7998, 1000.000000000000000 ) ;
#6598 = VERTEX_POINT ( 'NONE', #3344 ) ;
#6599 = CARTESIAN_POINT ( 'NONE',  ( 9.350000000000001421, -7.250000000000000000, -0.5000000000000000000 ) ) ;
#6600 = CARTESIAN_POINT ( 'NONE',  ( -13.34916573867999823, 2.000000000000000000, -1.100000000000000089 ) ) ;
#6601 = CARTESIAN_POINT ( 'NONE',  ( 0.000000000000000000, 0.000000000000000000, -4.000000000000000000 ) ) ;
#6602 = LINE ( 'NONE', #8853, #3157 ) ;
#6603 = CARTESIAN_POINT ( 'NONE',  ( -13.42499999999999893, -0.7500000000000000000, -3.350000000000000089 ) ) ;
#6604 = AXIS2_PLACEMENT_3D ( 'NONE', #8783, #6576, #7279 ) ;
#6605 = LINE ( 'NONE', #6650, #7162 ) ;
#6606 = DIRECTION ( 'NONE',  ( 0.000000000000000000, -1.000000000000000000, 0.000000000000000000 ) ) ;
#6607 = ADVANCED_FACE ( 'NONE', ( #4748 ), #8884, .T. ) ;
#6608 = EDGE_LOOP ( 'NONE', ( #5883, #5819, #3371, #6562, #303, #1742, #3233, #5711 ) ) ;
#6609 = CARTESIAN_POINT ( 'NONE',  ( -7.480839441234001796, 1.167425857339000173, -1.445909382126998599 ) ) ;
#6610 = EDGE_CURVE ( 'NONE', #8285, #2253, #444, .T. ) ;
#6611 = ADVANCED_FACE ( 'NONE', ( #2440 ), #8217, .T. ) ;
#6612 = AXIS2_PLACEMENT_3D ( 'NONE', #5673, #2226, #8534 ) ;
#6613 = CARTESIAN_POINT ( 'NONE',  ( -13.47500000000000142, 1.750000000000000000, -5.299999999999999822 ) ) ;
#6614 = ORIENTED_EDGE ( 'NONE', *, *, #5806, .T. ) ;
#6615 = CARTESIAN_POINT ( 'NONE',  ( -7.703087057135999949, -0.6886680054189000533, -1.248875974902999841 ) ) ;
#6616 = VECTOR ( 'NONE', #8000, 1000.000000000000000 ) ;
#6617 = CARTESIAN_POINT ( 'NONE',  ( -7.496946401247003067, -1.154288557693000206, -1.404031688129000255 ) ) ;
#6618 = VERTEX_POINT ( 'NONE', #8927 ) ;
#6619 = VECTOR ( 'NONE', #2932, 1000.000000000000000 ) ;
#6620 = CARTESIAN_POINT ( 'NONE',  ( 3.910838566852000042, -1.242798622173000078, -0.5060943569256000085 ) ) ;
#6621 = ORIENTED_EDGE ( 'NONE', *, *, #198, .F. ) ;
#6622 = CARTESIAN_POINT ( 'NONE',  ( 13.47500000000000142, 1.750000000000000000, -5.250000000000000000 ) ) ;
#6623 = DIRECTION ( 'NONE',  ( 0.000000000000000000, 0.000000000000000000, -1.000000000000000000 ) ) ;
#6624 = CARTESIAN_POINT ( 'NONE',  ( 3.305221764409000063, 1.256642108036000183, -0.1855941842102000194 ) ) ;
#6625 = LINE ( 'NONE', #206, #3990 ) ;
#6626 = CARTESIAN_POINT ( 'NONE',  ( -7.906581402803563918, 0.6953977264475658115, -1.042997412173632954 ) ) ;
#6627 = CARTESIAN_POINT ( 'NONE',  ( 14.25000000000000000, 2.000000000000000000, -1.100000000000000089 ) ) ;
#6628 = VERTEX_POINT ( 'NONE', #9069 ) ;
#6629 = CARTESIAN_POINT ( 'NONE',  ( 13.35941545092999938, -0.5000000000000000000, -4.154167216782000516 ) ) ;
#6630 = CARTESIAN_POINT ( 'NONE',  ( 11.00000000000000000, 7.799999999999999822, 0.000000000000000000 ) ) ;
#6631 = ORIENTED_EDGE ( 'NONE', *, *, #119, .F. ) ;
#6632 = ORIENTED_EDGE ( 'NONE', *, *, #2064, .T. ) ;
#6633 = DIRECTION ( 'NONE',  ( 0.000000000000000000, 1.000000000000000000, 0.000000000000000000 ) ) ;
#6634 = ORIENTED_EDGE ( 'NONE', *, *, #6985, .T. ) ;
#6635 = PLANE ( 'NONE',  #1966 ) ;
#6636 = CARTESIAN_POINT ( 'NONE',  ( 3.885980697393999872, -1.584327872678999993, -0.6446799604716999532 ) ) ;
#6637 = ORIENTED_EDGE ( 'NONE', *, *, #8360, .T. ) ;
#6638 = CARTESIAN_POINT ( 'NONE',  ( -13.34916573867999823, 2.000000000000000000, -1.100000000000000089 ) ) ;
#6639 = CYLINDRICAL_SURFACE ( 'NONE', #7270, 0.2000000000000005107 ) ;
#6640 = EDGE_CURVE ( 'NONE', #8731, #5075, #3296, .T. ) ;
#6641 = CARTESIAN_POINT ( 'NONE',  ( 3.909720859522999969, -1.045102921969999876, -0.6284281084887000102 ) ) ;
#6642 = ORIENTED_EDGE ( 'NONE', *, *, #2465, .F. ) ;
#6643 = DIRECTION ( 'NONE',  ( -1.000000000000000000, 0.000000000000000000, 0.000000000000000000 ) ) ;
#6644 = ADVANCED_FACE ( 'NONE', ( #2491 ), #7505, .F. ) ;
#6645 = CARTESIAN_POINT ( 'NONE',  ( 0.2877275027216000258, 6.408693892986000229, -4.200000000000000178 ) ) ;
#6646 = PLANE ( 'NONE',  #1958 ) ;
#6647 = CARTESIAN_POINT ( 'NONE',  ( -11.00000000000000000, 3.500000000000000000, -38.18409399080999833 ) ) ;
#6648 = EDGE_CURVE ( 'NONE', #1051, #1552, #8509, .T. ) ;
#6649 = CARTESIAN_POINT ( 'NONE',  ( -13.22500000000000142, -1.750000000000000000, -5.250000000000000000 ) ) ;
#6650 = CARTESIAN_POINT ( 'NONE',  ( -13.12697540696999887, 0.5000000000000000000, -3.655697933911000064 ) ) ;
#6651 = DIRECTION ( 'NONE',  ( 0.000000000000000000, 0.000000000000000000, 1.000000000000000000 ) ) ;
#6652 = EDGE_CURVE ( 'NONE', #3842, #6501, #2457, .T. ) ;
#6653 = ORIENTED_EDGE ( 'NONE', *, *, #4652, .T. ) ;
#6654 = PLANE ( 'NONE',  #4136 ) ;
#6655 = ADVANCED_FACE ( 'NONE', ( #2777 ), #6396, .F. ) ;
#6656 = VERTEX_POINT ( 'NONE', #8555 ) ;
#6657 = CARTESIAN_POINT ( 'NONE',  ( 3.893365227323000166, 1.375207435492000085, -0.4971244080637000629 ) ) ;
#6658 = ADVANCED_FACE ( 'NONE', ( #9120 ), #2733, .T. ) ;
#6659 = DIRECTION ( 'NONE',  ( -1.000000000000000000, 0.000000000000000000, 0.000000000000000000 ) ) ;
#6660 = VERTEX_POINT ( 'NONE', #7146 ) ;
#6661 = DIRECTION ( 'NONE',  ( -1.000000000000000000, 0.000000000000000000, 0.000000000000000000 ) ) ;
#6662 = B_SPLINE_CURVE_WITH_KNOTS ( 'NONE', 3,
 ( #3948, #6821, #7526, #8320, #1982, #7612 ),
 .UNSPECIFIED., .F., .F.,
 ( 4, 1, 1, 4 ),
 ( 0.000000000000000000, 0.2454867406833883825, 0.4969995037085592759, 1.000000000000000000 ),
 .UNSPECIFIED. ) ;
#6663 = EDGE_CURVE ( 'NONE', #3411, #5180, #1237, .T. ) ;
#6664 = VERTEX_POINT ( 'NONE', #3527 ) ;
#6665 = CARTESIAN_POINT ( 'NONE',  ( 3.916854306168999322, 1.578191754864002316, -0.6841524342751005294 ) ) ;
#6666 = LINE ( 'NONE', #250, #5258 ) ;
#6667 = AXIS2_PLACEMENT_3D ( 'NONE', #877, #3858, #1887 ) ;
#6668 = LINE ( 'NONE', #253, #5658 ) ;
#6669 = B_SPLINE_CURVE_WITH_KNOTS ( 'NONE', 3,
 ( #8725, #7445, #2321, #5949, #7360, #5149, #8007, #1540 ),
 .UNSPECIFIED., .F., .F.,
 ( 4, 2, 2, 4 ),
 ( 0.000000000000000000, 0.4999999999999998890, 0.7499999999999998890, 1.000000000000000000 ),
 .UNSPECIFIED. ) ;
#6670 = PLANE ( 'NONE',  #5922 ) ;
#6671 = AXIS2_PLACEMENT_3D ( 'NONE', #1555, #8650, #862 ) ;
#6672 = ORIENTED_EDGE ( 'NONE', *, *, #6347, .F. ) ;
#6673 = AXIS2_PLACEMENT_3D ( 'NONE', #7948, #5046, #2933 ) ;
#6674 = PLANE ( 'NONE',  #251 ) ;
#6675 = DIRECTION ( 'NONE',  ( -0.5877852522925132162, 0.000000000000000000, 0.8090169943749183634 ) ) ;
#6676 = VERTEX_POINT ( 'NONE', #5604 ) ;
#6677 = CIRCLE ( 'NONE', #5329, 10.15000000000000213 ) ;
#6678 = EDGE_LOOP ( 'NONE', ( #4648, #1651, #7307, #6105, #1419, #5295, #7593, #532 ) ) ;
#6679 = FACE_OUTER_BOUND ( 'NONE', #8607, .T. ) ;
#6680 = VERTEX_POINT ( 'NONE', #6960 ) ;
#6681 = DIRECTION ( 'NONE',  ( -1.000000000000000000, 0.000000000000000000, 0.000000000000000000 ) ) ;
#6682 = DIRECTION ( 'NONE',  ( 1.000000000000000000, 0.000000000000000000, 0.000000000000000000 ) ) ;
#6683 = VERTEX_POINT ( 'NONE', #2116 ) ;
#6684 = CARTESIAN_POINT ( 'NONE',  ( 13.22500000000000142, -2.000000000000000000, -3.350000000000000089 ) ) ;
#6685 = DIRECTION ( 'NONE',  ( -1.000000000000000000, 0.000000000000000000, 0.000000000000000000 ) ) ;
#6686 = AXIS2_PLACEMENT_3D ( 'NONE', #1124, #3278, #2576 ) ;
#6687 = ORIENTED_EDGE ( 'NONE', *, *, #2521, .T. ) ;
#6688 = PLANE ( 'NONE',  #2677 ) ;
#6689 = EDGE_CURVE ( 'NONE', #409, #8508, #3797, .T. ) ;
#6690 = LINE ( 'NONE', #3686, #1352 ) ;
#6691 = DIRECTION ( 'NONE',  ( -1.000000000000000000, 0.000000000000000000, 0.000000000000000000 ) ) ;
#6692 = DIRECTION ( 'NONE',  ( -0.9455185755993018581, 0.000000000000000000, 0.3255681544572003872 ) ) ;
#6693 = DIRECTION ( 'NONE',  ( 0.000000000000000000, 1.000000000000000000, 0.000000000000000000 ) ) ;
#6694 = CARTESIAN_POINT ( 'NONE',  ( 0.000000000000000000, 0.000000000000000000, -4.000000000000000000 ) ) ;
#6695 = CARTESIAN_POINT ( 'NONE',  ( -6.246799180380000038, -8.000000000000000000, -4.000000000000000000 ) ) ;
#6696 = ORIENTED_EDGE ( 'NONE', *, *, #8432, .T. ) ;
#6697 = VERTEX_POINT ( 'NONE', #5696 ) ;
#6698 = LINE ( 'NONE', #1716, #5341 ) ;
#6699 = CARTESIAN_POINT ( 'NONE',  ( -9.271763586287001147, -4.129999999999999893, -4.000000000000000000 ) ) ;
#6700 = VERTEX_POINT ( 'NONE', #7846 ) ;
#6701 = EDGE_CURVE ( 'NONE', #7842, #8925, #7758, .T. ) ;
#6702 = VECTOR ( 'NONE', #6659, 1000.000000000000000 ) ;
#6703 = CARTESIAN_POINT ( 'NONE',  ( 3.859937262099999877, 1.504400194864000007, -0.5433126560177999886 ) ) ;
#6704 = DIRECTION ( 'NONE',  ( 0.000000000000000000, 1.000000000000000000, 0.000000000000000000 ) ) ;
#6705 = VERTEX_POINT ( 'NONE', #2877 ) ;
#6706 = AXIS2_PLACEMENT_3D ( 'NONE', #8293, #4076, #8493 ) ;
#6707 = EDGE_CURVE ( 'NONE', #500, #4782, #1418, .T. ) ;
#6708 = EDGE_CURVE ( 'NONE', #311, #6483, #7010, .T. ) ;
#6709 = CARTESIAN_POINT ( 'NONE',  ( 3.966201221646000086, -1.227898635307000053, -0.6477707638383999322 ) ) ;
#6710 = EDGE_CURVE ( 'NONE', #5591, #1704, #7199, .T. ) ;
#6711 = ORIENTED_EDGE ( 'NONE', *, *, #1331, .F. ) ;
#6712 = DIRECTION ( 'NONE',  ( 0.8090169943749183634, 0.000000000000000000, 0.5877852522925132162 ) ) ;
#6713 = VECTOR ( 'NONE', #1436, 1000.000000000000000 ) ;
#6714 = LINE ( 'NONE', #7411, #8709 ) ;
#6715 = ORIENTED_EDGE ( 'NONE', *, *, #227, .T. ) ;
#6716 = PLANE ( 'NONE',  #7596 ) ;
#6717 = DIRECTION ( 'NONE',  ( 0.000000000000000000, -1.000000000000000000, 0.000000000000000000 ) ) ;
#6718 = ORIENTED_EDGE ( 'NONE', *, *, #426, .T. ) ;
#6719 = EDGE_CURVE ( 'NONE', #3152, #4958, #1663, .T. ) ;
#6720 = EDGE_CURVE ( 'NONE', #4993, #8921, #3485, .T. ) ;
#6721 = LINE ( 'NONE', #8923, #4947 ) ;
#6722 = ORIENTED_EDGE ( 'NONE', *, *, #1216, .F. ) ;
#6723 = EDGE_LOOP ( 'NONE', ( #7557, #2281, #8294, #7713 ) ) ;
#6724 = CARTESIAN_POINT ( 'NONE',  ( -12.22499999999999964, -2.000000000000000000, -3.350000000000000089 ) ) ;
#6725 = VERTEX_POINT ( 'NONE', #2200 ) ;
#6726 = CARTESIAN_POINT ( 'NONE',  ( 0.000000000000000000, 0.000000000000000000, 0.000000000000000000 ) ) ;
#6727 = DIRECTION ( 'NONE',  ( 0.5868168447381140185, -0.05737937123929140459, -0.8076840957254189934 ) ) ;
#6728 = ORIENTED_EDGE ( 'NONE', *, *, #6032, .T. ) ;
#6729 = VECTOR ( 'NONE', #3755, 1000.000000000000000 ) ;
#6730 = CARTESIAN_POINT ( 'NONE',  ( -9.350000000000001421, 6.349999999999999645, -0.2500000000000000000 ) ) ;
#6731 = DIRECTION ( 'NONE',  ( 0.000000000000000000, -1.000000000000000000, 0.000000000000000000 ) ) ;
#6732 = CARTESIAN_POINT ( 'NONE',  ( 3.881231785499000164, -1.488619470145999824, -0.5896276533872000236 ) ) ;
#6733 = ORIENTED_EDGE ( 'NONE', *, *, #1828, .F. ) ;
#6735 = FACE_OUTER_BOUND ( 'NONE', #6006, .T. ) ;
#6734 = CIRCLE ( 'NONE', #2531, 2.099999999999999201 ) ;
#6736 = CIRCLE ( 'NONE', #6442, 0.1999999999999999556 ) ;
#6737 = CARTESIAN_POINT ( 'NONE',  ( -8.887243667190000806, -4.129999999999999893, -0.4000000000000000222 ) ) ;
#6738 = LINE ( 'NONE', #8852, #4966 ) ;
#6739 = CARTESIAN_POINT ( 'NONE',  ( 3.305221764408967200, 1.179264501983674274, -0.1855941842101554162 ) ) ;
#6740 = CARTESIAN_POINT ( 'NONE',  ( -8.084413076152999977, 0.6729456716339999867, -1.434861101244999881 ) ) ;
#6741 = CARTESIAN_POINT ( 'NONE',  ( 3.892738713611000101, -1.476368187747999938, -0.5969400526693999787 ) ) ;
#6742 = FACE_OUTER_BOUND ( 'NONE', #8149, .T. ) ;
#6743 = ORIENTED_EDGE ( 'NONE', *, *, #2406, .F. ) ;
#6744 = EDGE_LOOP ( 'NONE', ( #3068, #1031, #717, #1644 ) ) ;
#6745 = FACE_OUTER_BOUND ( 'NONE', #6814, .T. ) ;
#6746 = AXIS2_PLACEMENT_3D ( 'NONE', #1753, #5373, #1247 ) ;
#6747 = B_SPLINE_CURVE_WITH_KNOTS ( 'NONE', 3,
 ( #8996, #510, #6836, #3359, #8480, #6932, #7722, #9043, #2653 ),
 .UNSPECIFIED., .F., .F.,
 ( 4, 1, 1, 1, 1, 1, 4 ),
 ( 0.000000000000000000, 0.2499999999993217370, 0.3749999999998799849, 0.5000000000004382050, 0.6250000000007308598, 0.7500000000008903989, 1.000000000000000000 ),
 .UNSPECIFIED. ) ;
#6748 = CARTESIAN_POINT ( 'NONE',  ( -7.637973426245000752, 1.750000000000000000, -1.059772259783000159 ) ) ;
#6749 = VERTEX_POINT ( 'NONE', #7886 ) ;
#6750 = CARTESIAN_POINT ( 'NONE',  ( 3.882677884712999905, 1.385078282585999965, -0.4822846120012000415 ) ) ;
#6751 = CIRCLE ( 'NONE', #473, 0.1085786437627001139 ) ;
#6752 = ADVANCED_FACE ( 'NONE', ( #3801 ), #7275, .F. ) ;
#6753 = ORIENTED_EDGE ( 'NONE', *, *, #6542, .T. ) ;
#6754 = DIRECTION ( 'NONE',  ( 0.000000000000000000, 1.000000000000000000, 0.000000000000000000 ) ) ;
#6755 = ORIENTED_EDGE ( 'NONE', *, *, #2865, .T. ) ;
#6756 = EDGE_CURVE ( 'NONE', #8078, #5773, #2713, .T. ) ;
#6757 = CARTESIAN_POINT ( 'NONE',  ( -14.25000000000000000, -2.000000000000000000, -5.500000000000000000 ) ) ;
#6758 = VECTOR ( 'NONE', #8138, 1000.000000000000000 ) ;
#6759 = ORIENTED_EDGE ( 'NONE', *, *, #687, .F. ) ;
#6760 = VECTOR ( 'NONE', #8054, 1000.000000000000114 ) ;
#6761 = CARTESIAN_POINT ( 'NONE',  ( 9.271763586287001147, -4.129999999999999893, 0.000000000000000000 ) ) ;
#6762 = EDGE_CURVE ( 'NONE', #4419, #4829, #3001, .T. ) ;
#6763 = CARTESIAN_POINT ( 'NONE',  ( 3.934651704959000185, -1.049711667209000776, -0.5284756393643997852 ) ) ;
#6764 = AXIS2_PLACEMENT_3D ( 'NONE', #1606, #8703, #920 ) ;
#6765 = CARTESIAN_POINT ( 'NONE',  ( -5.000000000000000000, -5.400000000000000355, -4.000000000000000000 ) ) ;
#6766 = CARTESIAN_POINT ( 'NONE',  ( -7.800757503472999232, -1.750000000000000000, -1.532531547581999831 ) ) ;
#6767 = DIRECTION ( 'NONE',  ( 0.000000000000000000, 0.000000000000000000, -1.000000000000000000 ) ) ;
#6768 = ADVANCED_FACE ( 'NONE', ( #858 ), #5160, .T. ) ;
#6769 = VERTEX_POINT ( 'NONE', #8020 ) ;
#6770 = CONICAL_SURFACE ( 'NONE', #3914, 9.974999999999999645, 0.7188299996214952969 ) ;
#6771 = DIRECTION ( 'NONE',  ( 0.000000000000000000, -1.000000000000000000, 0.000000000000000000 ) ) ;
#6772 = VECTOR ( 'NONE', #5464, 1000.000000000000000 ) ;
#6773 = ORIENTED_EDGE ( 'NONE', *, *, #8931, .T. ) ;
#6774 = ORIENTED_EDGE ( 'NONE', *, *, #2747, .F. ) ;
#6775 = EDGE_CURVE ( 'NONE', #2407, #4466, #3466, .T. ) ;
#6776 = DIRECTION ( 'NONE',  ( 0.000000000000000000, -1.000000000000000000, 0.000000000000000000 ) ) ;
#6777 = ORIENTED_EDGE ( 'NONE', *, *, #8937, .T. ) ;
#6778 = CARTESIAN_POINT ( 'NONE',  ( -9.650000000000000355, 5.750000000000000000, -0.2500000000000000000 ) ) ;
#6779 = CARTESIAN_POINT ( 'NONE',  ( 4.403105430786999896, 0.7149874937750000381, -1.140978902365999970 ) ) ;
#6780 = EDGE_CURVE ( 'NONE', #4157, #1248, #7359, .T. ) ;
#6781 = DIRECTION ( 'NONE',  ( 0.000000000000000000, 1.000000000000000000, 0.000000000000000000 ) ) ;
#6782 = ORIENTED_EDGE ( 'NONE', *, *, #526, .T. ) ;
#6783 = LINE ( 'NONE', #3815, #1026 ) ;
#6784 = FACE_OUTER_BOUND ( 'NONE', #8599, .T. ) ;
#6785 = ORIENTED_EDGE ( 'NONE', *, *, #4983, .F. ) ;
#6786 = CARTESIAN_POINT ( 'NONE',  ( 13.42499999999999893, 0.7500000000000000000, -3.350000000000000089 ) ) ;
#6787 = EDGE_CURVE ( 'NONE', #3989, #1626, #6666, .T. ) ;
#6788 = LINE ( 'NONE', #5429, #3450 ) ;
#6789 = DIRECTION ( 'NONE',  ( 0.000000000000000000, 0.000000000000000000, 1.000000000000000000 ) ) ;
#6790 = CYLINDRICAL_SURFACE ( 'NONE', #6466, 0.4799999999999998157 ) ;
#6791 = CARTESIAN_POINT ( 'NONE',  ( 11.00000000000000000, 3.500000000000000000, -5.500000000000000000 ) ) ;
#6792 = FACE_BOUND ( 'NONE', #2512, .T. ) ;
#6793 = DIRECTION ( 'NONE',  ( 0.3255681544572004427, 0.000000000000000000, 0.9455185755993017471 ) ) ;
#6794 = EDGE_LOOP ( 'NONE', ( #8836, #2094, #3271 ) ) ;
#6795 = ORIENTED_EDGE ( 'NONE', *, *, #3678, .F. ) ;
#6796 = CARTESIAN_POINT ( 'NONE',  ( -7.182705247767998458, 1.272537065287998814, -1.548565217402998684 ) ) ;
#6797 = CARTESIAN_POINT ( 'NONE',  ( -0.1465673690733000079, 6.408693892986000229, -4.200000000000000178 ) ) ;
#6798 = ORIENTED_EDGE ( 'NONE', *, *, #4587, .T. ) ;
#6799 = CARTESIAN_POINT ( 'NONE',  ( 3.963454325661000865, 1.304432571746000136, -0.6442860523470999023 ) ) ;
#6800 = ORIENTED_EDGE ( 'NONE', *, *, #2577, .F. ) ;
#6801 = CARTESIAN_POINT ( 'NONE',  ( -9.650000000000000355, 7.250000000000000000, -0.5000000000000000000 ) ) ;
#6802 = VERTEX_POINT ( 'NONE', #7370 ) ;
#6803 = CARTESIAN_POINT ( 'NONE',  ( 3.982282222421346329, 1.041368184746714443, -0.7672163920076581212 ) ) ;
#6804 = ORIENTED_EDGE ( 'NONE', *, *, #4230, .T. ) ;
#6805 = DIRECTION ( 'NONE',  ( -0.000000000000000000, 1.000000000000000000, 0.000000000000000000 ) ) ;
#6806 = ADVANCED_FACE ( 'NONE', ( #5874 ), #1593, .T. ) ;
#6807 = CARTESIAN_POINT ( 'NONE',  ( 9.350000000000001421, -5.750000000000000000, -0.5000000000000000000 ) ) ;
#6808 = CARTESIAN_POINT ( 'NONE',  ( -6.785934038805000235, -1.209381625337999866, -1.564677084726000089 ) ) ;
#6809 = DIRECTION ( 'NONE',  ( 0.9063077870366587074, 0.000000000000000000, 0.4226182617406808451 ) ) ;
#6810 = VERTEX_POINT ( 'NONE', #8736 ) ;
#6811 = DIRECTION ( 'NONE',  ( 0.000000000000000000, -1.000000000000000000, 0.000000000000000000 ) ) ;
#6812 = VECTOR ( 'NONE', #5899, 1000.000000000000000 ) ;
#6813 = ORIENTED_EDGE ( 'NONE', *, *, #8497, .T. ) ;
#6814 = EDGE_LOOP ( 'NONE', ( #564, #703, #7138, #1058, #947 ) ) ;
#6815 = EDGE_CURVE ( 'NONE', #1510, #2486, #4213, .T. ) ;
#6816 = CARTESIAN_POINT ( 'NONE',  ( -9.350000000000001421, 6.349999999999999645, -0.5000000000000000000 ) ) ;
#6817 = VECTOR ( 'NONE', #7099, 1000.000000000000000 ) ;
#6818 = VERTEX_POINT ( 'NONE', #1551 ) ;
#6819 = DIRECTION ( 'NONE',  ( 0.000000000000000000, -1.000000000000000000, 0.000000000000000000 ) ) ;
#6820 = CARTESIAN_POINT ( 'NONE',  ( 4.022097871148780257, 0.7442738811290664502, -0.8320291734040283771 ) ) ;
#6821 = CARTESIAN_POINT ( 'NONE',  ( 3.896580491710257110, 1.462602664631847960, -0.5843251524549376574 ) ) ;
#6822 = ORIENTED_EDGE ( 'NONE', *, *, #6370, .T. ) ;
#6823 = DIRECTION ( 'NONE',  ( -0.9666350220178502317, 0.2561576354679870327, 0.000000000000000000 ) ) ;
#6824 = CARTESIAN_POINT ( 'NONE',  ( -13.42499999999999893, -1.000000000000000000, -3.600000000000000089 ) ) ;
#6825 = EDGE_CURVE ( 'NONE', #1870, #3430, #3756, .T. ) ;
#6826 = AXIS2_PLACEMENT_3D ( 'NONE', #7355, #370, #6651 ) ;
#6827 = VERTEX_POINT ( 'NONE', #204 ) ;
#6828 = ADVANCED_FACE ( 'NONE', ( #4406 ), #2959, .T. ) ;
#6829 = DIRECTION ( 'NONE',  ( 0.000000000000000000, 1.000000000000000000, 0.000000000000000000 ) ) ;
#6830 = DIRECTION ( 'NONE',  ( 0.000000000000000000, 0.000000000000000000, 1.000000000000000000 ) ) ;
#6831 = ORIENTED_EDGE ( 'NONE', *, *, #3188, .F. ) ;
#6832 = CARTESIAN_POINT ( 'NONE',  ( 9.271763586287001147, -4.129999999999999893, -0.8000000000000000444 ) ) ;
#6833 = FACE_OUTER_BOUND ( 'NONE', #6149, .T. ) ;
#6834 = CARTESIAN_POINT ( 'NONE',  ( -0.4799007024065999882, 6.408693892986000229, -4.299999999999999822 ) ) ;
#6835 = AXIS2_PLACEMENT_3D ( 'NONE', #735, #5703, #5037 ) ;
#6836 = CARTESIAN_POINT ( 'NONE',  ( 3.982404207321236900, -1.467119382577789510, -0.7673574457811871419 ) ) ;
#6837 = CARTESIAN_POINT ( 'NONE',  ( 11.32499999999999929, -2.500000000000000000, -0.9000000000000000222 ) ) ;
#6838 = EDGE_LOOP ( 'NONE', ( #7519, #3835, #5012, #513, #8950, #7337 ) ) ;
#6839 = VERTEX_POINT ( 'NONE', #6573 ) ;
#6840 = CARTESIAN_POINT ( 'NONE',  ( 10.95083426132000071, 2.500000000000000000, -1.100000000000000089 ) ) ;
#6841 = EDGE_CURVE ( 'NONE', #995, #1693, #7190, .T. ) ;
#6842 = CARTESIAN_POINT ( 'NONE',  ( -7.277603698116000608, 0.6886680054189000533, -1.395381644408000055 ) ) ;
#6843 = VECTOR ( 'NONE', #6475, 1000.000000000000000 ) ;
#6844 = ORIENTED_EDGE ( 'NONE', *, *, #4370, .T. ) ;
#6845 = CARTESIAN_POINT ( 'NONE',  ( 3.962240143471999598, 1.163330154867999955, -0.7048259076723000227 ) ) ;
#6846 = ORIENTED_EDGE ( 'NONE', *, *, #4459, .F. ) ;
#6847 = CARTESIAN_POINT ( 'NONE',  ( -5.000000000000000000, -6.669999999999999929, -5.500000000000000000 ) ) ;
#6848 = ORIENTED_EDGE ( 'NONE', *, *, #4144, .F. ) ;
#6849 = DIRECTION ( 'NONE',  ( 1.000000000000000000, 0.000000000000000000, 0.000000000000000000 ) ) ;
#6850 = DIRECTION ( 'NONE',  ( 0.000000000000000000, -1.000000000000000000, 0.000000000000000000 ) ) ;
#6851 = VECTOR ( 'NONE', #4840, 1000.000000000000000 ) ;
#6852 = EDGE_LOOP ( 'NONE', ( #5615, #3992, #6326, #7792 ) ) ;
#6853 = CARTESIAN_POINT ( 'NONE',  ( -14.25000000000000000, -2.600000000000000089, 0.000000000000000000 ) ) ;
#6854 = CARTESIAN_POINT ( 'NONE',  ( -14.25000000000000000, -2.000000000000000000, -1.100000000000000089 ) ) ;
#6855 = CARTESIAN_POINT ( 'NONE',  ( -13.35941545092999938, 0.5000000000000000000, -4.154167216782000516 ) ) ;
#6856 = DIRECTION ( 'NONE',  ( -0.5610739678051955837, 0.000000000000000000, 0.8277656689252909095 ) ) ;
#6857 = VERTEX_POINT ( 'NONE', #815 ) ;
#6858 = CARTESIAN_POINT ( 'NONE',  ( 14.25000000000000000, 0.7500000000000000000, -3.600000000000000089 ) ) ;
#6859 = VECTOR ( 'NONE', #6337, 1000.000000000000000 ) ;
#6860 = EDGE_LOOP ( 'NONE', ( #5297, #9166, #7375, #6408 ) ) ;
#6861 = ORIENTED_EDGE ( 'NONE', *, *, #4459, .T. ) ;
#6862 = CARTESIAN_POINT ( 'NONE',  ( 3.889543314838999954, -1.491818831395000267, -0.6305842907212997339 ) ) ;
#6863 = ORIENTED_EDGE ( 'NONE', *, *, #1963, .T. ) ;
#6864 = CARTESIAN_POINT ( 'NONE',  ( -12.72499999999999964, -0.5000000000000000000, -4.450000000000000178 ) ) ;
#6865 = CARTESIAN_POINT ( 'NONE',  ( -6.720820407913000061, -2.500000000000000000, -1.375573369605999963 ) ) ;
#6866 = EDGE_CURVE ( 'NONE', #1911, #6802, #3659, .T. ) ;
#6867 = DIRECTION ( 'NONE',  ( 0.000000000000000000, 1.000000000000000000, 0.000000000000000000 ) ) ;
#6868 = ORIENTED_EDGE ( 'NONE', *, *, #937, .T. ) ;
#6869 = DIRECTION ( 'NONE',  ( -1.000000000000000000, 0.000000000000000000, 0.000000000000000000 ) ) ;
#6870 = VECTOR ( 'NONE', #5162, 1000.000000000000000 ) ;
#6871 = DIRECTION ( 'NONE',  ( -1.000000000000000000, 0.000000000000000000, 0.000000000000000000 ) ) ;
#6872 = EDGE_CURVE ( 'NONE', #4964, #8247, #2154, .T. ) ;
#6873 = ORIENTED_EDGE ( 'NONE', *, *, #6569, .T. ) ;
#6874 = CARTESIAN_POINT ( 'NONE',  ( 0.2877275027216000258, 6.408693892986000229, -4.299999999999999822 ) ) ;
#6875 = FACE_OUTER_BOUND ( 'NONE', #4347, .T. ) ;
#6876 = VECTOR ( 'NONE', #8180, 1000.000000000000000 ) ;
#6877 = ORIENTED_EDGE ( 'NONE', *, *, #5463, .F. ) ;
#6878 = AXIS2_PLACEMENT_3D ( 'NONE', #6765, #9108, #5452 ) ;
#6879 = EDGE_CURVE ( 'NONE', #1474, #1602, #1364, .T. ) ;
#6880 = DIRECTION ( 'NONE',  ( -0.3251219746164996649, 0.05233595624293702064, -0.9442227752525383933 ) ) ;
#6881 = DIRECTION ( 'NONE',  ( 1.000000000000000000, 0.000000000000000000, 0.000000000000000000 ) ) ;
#6882 = LINE ( 'NONE', #3313, #4879 ) ;
#6883 = DIRECTION ( 'NONE',  ( -0.5877852522925132162, 0.000000000000000000, 0.8090169943749183634 ) ) ;
#6884 = CARTESIAN_POINT ( 'NONE',  ( -0.4799007024065999882, 6.318950303242000466, -4.299999999999999822 ) ) ;
#6885 = ORIENTED_EDGE ( 'NONE', *, *, #966, .F. ) ;
#6886 = ADVANCED_FACE ( 'NONE', ( #3845 ), #6941, .F. ) ;
#6887 = ORIENTED_EDGE ( 'NONE', *, *, #2180, .T. ) ;
#6888 = DIRECTION ( 'NONE',  ( 0.000000000000000000, 0.000000000000000000, -1.000000000000000000 ) ) ;
#6889 = AXIS2_PLACEMENT_3D ( 'NONE', #9154, #9017, #5451 ) ;
#6890 = DIRECTION ( 'NONE',  ( 1.000000000000000000, 0.000000000000000000, 0.000000000000000000 ) ) ;
#6891 = ORIENTED_EDGE ( 'NONE', *, *, #2753, .T. ) ;
#6892 = CARTESIAN_POINT ( 'NONE',  ( 3.914707505777999419, 1.254397119584000020, -0.5126934859009999457 ) ) ;
#6893 = EDGE_CURVE ( 'NONE', #3041, #9162, #5961, .T. ) ;
#6894 = VERTEX_POINT ( 'NONE', #6054 ) ;
#6895 = CARTESIAN_POINT ( 'NONE',  ( 3.881619859231999925, -1.223779701015999866, -0.4685476159079000058 ) ) ;
#6896 = AXIS2_PLACEMENT_3D ( 'NONE', #2556, #2453, #4100 ) ;
#6897 = VECTOR ( 'NONE', #3149, 1000.000000000000000 ) ;
#6898 = ORIENTED_EDGE ( 'NONE', *, *, #7347, .F. ) ;
#6899 = DIRECTION ( 'NONE',  ( 0.000000000000000000, 0.000000000000000000, -1.000000000000000000 ) ) ;
#6900 = CARTESIAN_POINT ( 'NONE',  ( -14.25000000000000000, -3.500000000000000000, 0.000000000000000000 ) ) ;
#6901 = AXIS2_PLACEMENT_3D ( 'NONE', #6969, #1507, #7672 ) ;
#6902 = EDGE_LOOP ( 'NONE', ( #2888, #5585, #8222, #1316 ) ) ;
#6903 = LINE ( 'NONE', #3234, #6582 ) ;
#6904 = CARTESIAN_POINT ( 'NONE',  ( -9.350000000000001421, 7.250000000000000000, -0.2500000000000000000 ) ) ;
#6905 = LINE ( 'NONE', #1273, #2338 ) ;
#6906 = PLANE ( 'NONE',  #2470 ) ;
#6907 = ORIENTED_EDGE ( 'NONE', *, *, #198, .T. ) ;
#6908 = VECTOR ( 'NONE', #4320, 1000.000000000000000 ) ;
#6909 = VECTOR ( 'NONE', #8341, 1000.000000000000000 ) ;
#6910 = CARTESIAN_POINT ( 'NONE',  ( 12.94571384956000060, -0.2500000000000000000, -3.740221586259000031 ) ) ;
#6911 = AXIS2_PLACEMENT_3D ( 'NONE', #2477, #338, #2527 ) ;
#6912 = EDGE_LOOP ( 'NONE', ( #116, #2596, #6798, #3811 ) ) ;
#6913 = ORIENTED_EDGE ( 'NONE', *, *, #2010, .T. ) ;
#6914 = DIRECTION ( 'NONE',  ( 0.000000000000000000, 0.000000000000000000, -1.000000000000000000 ) ) ;
#6915 = ORIENTED_EDGE ( 'NONE', *, *, #8134, .F. ) ;
#6916 = CARTESIAN_POINT ( 'NONE',  ( -13.42499999999999893, -2.000000000000000000, -5.250000000000000000 ) ) ;
#6917 = VECTOR ( 'NONE', #1816, 1000.000000000000000 ) ;
#6918 = CARTESIAN_POINT ( 'NONE',  ( -7.310160513561999807, 1.224574780638000071, -1.489933501968000007 ) ) ;
#6919 = CARTESIAN_POINT ( 'NONE',  ( -13.42499999999999893, 2.000000000000000000, -5.250000000000000000 ) ) ;
#6920 = ORIENTED_EDGE ( 'NONE', *, *, #3624, .T. ) ;
#6921 = DIRECTION ( 'NONE',  ( -0.9063077870366585964, 0.000000000000000000, -0.4226182617406808451 ) ) ;
#6922 = CARTESIAN_POINT ( 'NONE',  ( 0.000000000000000000, 7.250000000000000000, -4.000000000000000000 ) ) ;
#6923 = VECTOR ( 'NONE', #2650, 1000.000000000000114 ) ;
#6924 = VERTEX_POINT ( 'NONE', #997 ) ;
#6925 = DIRECTION ( 'NONE',  ( 0.000000000000000000, 1.000000000000000000, 0.000000000000000000 ) ) ;
#6926 = LINE ( 'NONE', #9085, #6153 ) ;
#6927 = ORIENTED_EDGE ( 'NONE', *, *, #2760, .T. ) ;
#6928 = CARTESIAN_POINT ( 'NONE',  ( -5.000000000000000000, -6.669999999999999929, -4.000000000000000000 ) ) ;
#6929 = EDGE_CURVE ( 'NONE', #1832, #789, #6009, .T. ) ;
#6930 = CARTESIAN_POINT ( 'NONE',  ( 13.42499999999999893, 1.000000000000000000, -3.600000000000000089 ) ) ;
#6931 = CARTESIAN_POINT ( 'NONE',  ( 8.672648929445999855, -0.4000000000000000222, -4.020822355239999979 ) ) ;
#6932 = CARTESIAN_POINT ( 'NONE',  ( 4.015943424232616188, -1.159060921329032823, -0.8046674357022910451 ) ) ;
#6933 = CYLINDRICAL_SURFACE ( 'NONE', #5029, 10.14999999999999858 ) ;
#6934 = ORIENTED_EDGE ( 'NONE', *, *, #6496, .F. ) ;
#6935 = ORIENTED_EDGE ( 'NONE', *, *, #1469, .F. ) ;
#6936 = DIRECTION ( 'NONE',  ( 0.000000000000000000, 0.000000000000000000, 1.000000000000000000 ) ) ;
#6937 = EDGE_CURVE ( 'NONE', #8055, #2346, #5107, .T. ) ;
#6938 = CARTESIAN_POINT ( 'NONE',  ( -13.42499999999999893, 1.000000000000000000, -3.600000000000000089 ) ) ;
#6939 = ORIENTED_EDGE ( 'NONE', *, *, #3208, .F. ) ;
#6940 = CARTESIAN_POINT ( 'NONE',  ( 3.913697110135999857, 1.241200379199999926, -0.5112929364708000968 ) ) ;
#6941 = CYLINDRICAL_SURFACE ( 'NONE', #1069, 0.2500000000000000000 ) ;
#6942 = EDGE_CURVE ( 'NONE', #4782, #4301, #590, .T. ) ;
#6943 = ORIENTED_EDGE ( 'NONE', *, *, #1320, .T. ) ;
#6944 = CARTESIAN_POINT ( 'NONE',  ( 13.42499999999999893, 0.7500000000000000000, -4.500000000000000000 ) ) ;
#6945 = ORIENTED_EDGE ( 'NONE', *, *, #3885, .F. ) ;
#6946 = CARTESIAN_POINT ( 'NONE',  ( 7.650725455797999786, -6.669999999999999929, 0.000000000000000000 ) ) ;
#6947 = EDGE_CURVE ( 'NONE', #7777, #3434, #6714, .T. ) ;
#6948 = ORIENTED_EDGE ( 'NONE', *, *, #1277, .F. ) ;
#6949 = ADVANCED_FACE ( 'NONE', ( #3189 ), #4933, .T. ) ;
#6950 = LINE ( 'NONE', #6853, #4330 ) ;
#6951 = DIRECTION ( 'NONE',  ( 0.000000000000000000, -1.000000000000000000, 0.000000000000000000 ) ) ;
#6952 = CARTESIAN_POINT ( 'NONE',  ( -10.25000000000000000, 6.349999999999999645, -0.2500000000000000000 ) ) ;
#6953 = FACE_OUTER_BOUND ( 'NONE', #3196, .T. ) ;
#6954 = ORIENTED_EDGE ( 'NONE', *, *, #8193, .T. ) ;
#6955 = CARTESIAN_POINT ( 'NONE',  ( 10.80000000000000071, 7.799999999999999822, -5.500000000000000000 ) ) ;
#6956 = EDGE_CURVE ( 'NONE', #3583, #6705, #1218, .T. ) ;
#6957 = VERTEX_POINT ( 'NONE', #9099 ) ;
#6958 = EDGE_LOOP ( 'NONE', ( #388, #2589, #4588, #2926 ) ) ;
#6959 = EDGE_CURVE ( 'NONE', #1694, #8194, #2003, .T. ) ;
#6960 = CARTESIAN_POINT ( 'NONE',  ( 7.650725455797999786, -6.669999999999999929, 0.000000000000000000 ) ) ;
#6961 = VERTEX_POINT ( 'NONE', #1487 ) ;
#6962 = CARTESIAN_POINT ( 'NONE',  ( -9.271690348168998952, -4.129967376926000355, -9.162897193881999248E-05 ) ) ;
#6963 = FACE_OUTER_BOUND ( 'NONE', #8863, .T. ) ;
#6964 = CARTESIAN_POINT ( 'NONE',  ( 0.000000000000000000, 0.000000000000000000, -0.5999999999999999778 ) ) ;
#6965 = ORIENTED_EDGE ( 'NONE', *, *, #5957, .F. ) ;
#6966 = LINE ( 'NONE', #4663, #8335 ) ;
#6967 = DIRECTION ( 'NONE',  ( -0.8290375725550501729, 0.000000000000000000, 0.5591929034707341373 ) ) ;
#6968 = ORIENTED_EDGE ( 'NONE', *, *, #7633, .T. ) ;
#6969 = CARTESIAN_POINT ( 'NONE',  ( -13.47500000000000142, 1.750000000000000000, -5.250000000000000000 ) ) ;
#6970 = DIRECTION ( 'NONE',  ( 0.000000000000000000, -1.000000000000000000, 0.000000000000000000 ) ) ;
#6971 = ORIENTED_EDGE ( 'NONE', *, *, #7629, .F. ) ;
#6972 = CARTESIAN_POINT ( 'NONE',  ( -12.77500000000000036, -2.500000000000000000, -0.9000000000000000222 ) ) ;
#6973 = CARTESIAN_POINT ( 'NONE',  ( 13.17815389352000111, 0.5000000000000000000, -4.238690869129999150 ) ) ;
#6974 = DIRECTION ( 'NONE',  ( 0.000000000000000000, 1.000000000000000000, 0.000000000000000000 ) ) ;
#6975 = VECTOR ( 'NONE', #6867, 1000.000000000000000 ) ;
#6976 = DIRECTION ( 'NONE',  ( 0.000000000000000000, -1.000000000000000000, 0.000000000000000000 ) ) ;
#6977 = DIRECTION ( 'NONE',  ( 0.000000000000000000, 1.000000000000000000, 0.000000000000000000 ) ) ;
#6978 = VERTEX_POINT ( 'NONE', #2184 ) ;
#6979 = AXIS2_PLACEMENT_3D ( 'NONE', #5921, #7937, #1690 ) ;
#6980 = VERTEX_POINT ( 'NONE', #8671 ) ;
#6981 = DIRECTION ( 'NONE',  ( 1.000000000000000000, 0.000000000000000000, 0.000000000000000000 ) ) ;
#6982 = AXIS2_PLACEMENT_3D ( 'NONE', #8334, #9042, #1991 ) ;
#6983 = PRODUCT ( 'BAT-HLD-013-SMT-TR', 'BAT-HLD-013-SMT-TR', '', ( #4566 ) ) ;
#6984 = ADVANCED_FACE ( 'NONE', ( #1446 ), #7784, .F. ) ;
#6985 = EDGE_CURVE ( 'NONE', #5860, #1761, #2761, .T. ) ;
#6986 = CARTESIAN_POINT ( 'NONE',  ( -14.25000000000000000, -3.500000000000000000, 0.000000000000000000 ) ) ;
#6987 = VERTEX_POINT ( 'NONE', #2093 ) ;
#6988 = CARTESIAN_POINT ( 'NONE',  ( 3.967356655231999873, 1.314379329606000013, -0.6871180444978999269 ) ) ;
#6989 = AXIS2_PLACEMENT_3D ( 'NONE', #833, #5004, #2795 ) ;
#6990 = AXIS2_PLACEMENT_3D ( 'NONE', #2616, #1965, #8450 ) ;
#6991 = CARTESIAN_POINT ( 'NONE',  ( 3.972842100022001777, -1.261163754282001115, -0.6324376458418995428 ) ) ;
#6992 = VERTEX_POINT ( 'NONE', #4389 ) ;
#6993 = CARTESIAN_POINT ( 'NONE',  ( -6.985836858405999550, -1.224574780638000071, -1.495845023962999898 ) ) ;
#6994 = VERTEX_POINT ( 'NONE', #798 ) ;
#6995 = DIRECTION ( 'NONE',  ( 0.000000000000000000, 0.000000000000000000, 1.000000000000000000 ) ) ;
#6996 = VECTOR ( 'NONE', #3967, 1000.000000000000000 ) ;
#6997 = ADVANCED_FACE ( 'NONE', ( #2943, #5810 ), #7172, .T. ) ;
#6998 = ORIENTED_EDGE ( 'NONE', *, *, #9273, .F. ) ;
#6999 = CARTESIAN_POINT ( 'NONE',  ( -7.637973426245000752, -2.500000000000000000, -1.059772259783000159 ) ) ;
#7000 = CARTESIAN_POINT ( 'NONE',  ( -7.182705247767998458, 1.176612495988000218, -1.548565217402998684 ) ) ;
#7001 = EDGE_CURVE ( 'NONE', #6725, #6079, #6421, .T. ) ;
#7002 = FACE_OUTER_BOUND ( 'NONE', #8858, .T. ) ;
#7003 = LINE ( 'NONE', #531, #8472 ) ;
#7004 = ORIENTED_EDGE ( 'NONE', *, *, #924, .F. ) ;
#7005 = ADVANCED_FACE ( 'NONE', ( #1357, #4967, #6378, #1, #9193 ), #752, .F. ) ;
#7006 = DIRECTION ( 'NONE',  ( -1.000000000000000000, 0.000000000000000000, 0.000000000000000000 ) ) ;
#7007 = ORIENTED_EDGE ( 'NONE', *, *, #7530, .T. ) ;
#7008 = ORIENTED_EDGE ( 'NONE', *, *, #7335, .F. ) ;
#7009 = AXIS2_PLACEMENT_3D ( 'NONE', #1629, #2372, #2325 ) ;
#7010 = LINE ( 'NONE', #589, #5995 ) ;
#7011 = ORIENTED_EDGE ( 'NONE', *, *, #2528, .T. ) ;
#7012 = EDGE_CURVE ( 'NONE', #6349, #649, #2561, .T. ) ;
#7013 = CARTESIAN_POINT ( 'NONE',  ( -5.000000000000000000, 4.129999999999999893, -4.000000000000000000 ) ) ;
#7014 = DIRECTION ( 'NONE',  ( 0.3255681544572004427, 0.000000000000000000, 0.9455185755993018581 ) ) ;
#7015 = DIRECTION ( 'NONE',  ( 0.000000000000000000, 0.000000000000000000, -1.000000000000000000 ) ) ;
#7016 = VERTEX_POINT ( 'NONE', #5726 ) ;
#7017 = LINE ( 'NONE', #9080, #998 ) ;
#7018 = LINE ( 'NONE', #1244, #6465 ) ;
#7019 = CIRCLE ( 'NONE', #1171, 0.2500000000000000000 ) ;
#7020 = ORIENTED_EDGE ( 'NONE', *, *, #2062, .F. ) ;
#7021 = LINE ( 'NONE', #5120, #4472 ) ;
#7022 = DIRECTION ( 'NONE',  ( -1.000000000000000000, 0.000000000000000000, 0.000000000000000000 ) ) ;
#7023 = AXIS2_PLACEMENT_3D ( 'NONE', #2131, #2174, #4246 ) ;
#7024 = VERTEX_POINT ( 'NONE', #4343 ) ;
#7025 = CARTESIAN_POINT ( 'NONE',  ( -9.650000000000000355, 6.649999999999999467, -0.2500000000000000000 ) ) ;
#7026 = CIRCLE ( 'NONE', #4147, 0.2000000000000000111 ) ;
#7027 = CARTESIAN_POINT ( 'NONE',  ( -9.500000000000000000, 5.500000000000000000, 0.000000000000000000 ) ) ;
#7028 = CARTESIAN_POINT ( 'NONE',  ( -5.000000000000000000, 6.669999999999999929, -5.500000000000000000 ) ) ;
#7029 = CARTESIAN_POINT ( 'NONE',  ( -10.79215728752999937, 2.500000000000000000, -1.100000000000000089 ) ) ;
#7030 = ORIENTED_EDGE ( 'NONE', *, *, #4283, .F. ) ;
#7031 = VERTEX_POINT ( 'NONE', #6335 ) ;
#7032 = DIRECTION ( 'NONE',  ( 0.000000000000000000, 0.000000000000000000, -1.000000000000000000 ) ) ;
#7033 = CARTESIAN_POINT ( 'NONE',  ( 0.000000000000000000, 0.000000000000000000, -1.100000000000000089 ) ) ;
#7034 = VECTOR ( 'NONE', #8354, 1000.000000000000114 ) ;
#7035 = ORIENTED_EDGE ( 'NONE', *, *, #2109, .F. ) ;
#7036 = PLANE ( 'NONE',  #5693 ) ;
#7037 = CARTESIAN_POINT ( 'NONE',  ( 3.632300324293998628, -1.254458537402999951, -0.2748419357910002470 ) ) ;
#7038 = ORIENTED_EDGE ( 'NONE', *, *, #8017, .T. ) ;
#7039 = CARTESIAN_POINT ( 'NONE',  ( -0.2491314716374000149, 6.203565687858000111, -4.299999999999999822 ) ) ;
#7040 = ORIENTED_EDGE ( 'NONE', *, *, #4810, .F. ) ;
#7041 = CARTESIAN_POINT ( 'NONE',  ( 0.2877275027216000258, 6.408693892986000229, -4.299999999999999822 ) ) ;
#7042 = AXIS2_PLACEMENT_3D ( 'NONE', #5596, #6805, #4081 ) ;
#7043 = PLANE ( 'NONE',  #8700 ) ;
#7044 = ORIENTED_EDGE ( 'NONE', *, *, #1438, .T. ) ;
#7045 = CYLINDRICAL_SURFACE ( 'NONE', #4788, 0.2500000000000000000 ) ;
#7046 = VECTOR ( 'NONE', #4483, 1000.000000000000000 ) ;
#7047 = CIRCLE ( 'NONE', #8546, 0.6999999999999992895 ) ;
#7048 = DIRECTION ( 'NONE',  ( 0.000000000000000000, 1.000000000000000000, 0.000000000000000000 ) ) ;
#7049 = DIRECTION ( 'NONE',  ( -0.4226182617406808451, 0.000000000000000000, -0.9063077870366585964 ) ) ;
#7050 = CARTESIAN_POINT ( 'NONE',  ( 3.881619859231999925, -1.285137373791000126, -0.4685476159079000058 ) ) ;
#7051 = EDGE_CURVE ( 'NONE', #3041, #2704, #7661, .T. ) ;
#7052 = ORIENTED_EDGE ( 'NONE', *, *, #9022, .T. ) ;
#7053 = CARTESIAN_POINT ( 'NONE',  ( 3.971035714189000032, -1.288468719649999983, -0.7156226924119999389 ) ) ;
#7054 = VECTOR ( 'NONE', #365, 1000.000000000000000 ) ;
#7055 = EDGE_CURVE ( 'NONE', #5665, #5495, #6397, .T. ) ;
#7056 = ORIENTED_EDGE ( 'NONE', *, *, #6956, .F. ) ;
#7057 = ORIENTED_EDGE ( 'NONE', *, *, #1776, .F. ) ;
#7058 = ADVANCED_FACE ( 'NONE', ( #3554 ), #8490, .T. ) ;
#7059 = CARTESIAN_POINT ( 'NONE',  ( -12.72499999999999964, -2.600000000000000089, 0.000000000000000000 ) ) ;
#7060 = AXIS2_PLACEMENT_3D ( 'NONE', #1332, #4187, #6352 ) ;
#7061 = VERTEX_POINT ( 'NONE', #5766 ) ;
#7062 = DIRECTION ( 'NONE',  ( 0.4226182617406808451, 0.000000000000000000, 0.9063077870366585964 ) ) ;
#7063 = FACE_OUTER_BOUND ( 'NONE', #5567, .T. ) ;
#7064 = EDGE_CURVE ( 'NONE', #6769, #738, #7129, .T. ) ;
#7065 = CARTESIAN_POINT ( 'NONE',  ( 5.000000000000000000, -4.129999999999999893, -4.000000000000000000 ) ) ;
#7066 = ORIENTED_EDGE ( 'NONE', *, *, #5141, .T. ) ;
#7067 = CARTESIAN_POINT ( 'NONE',  ( 3.892700207756999653, 1.599289462241999971, -0.6523359145536000714 ) ) ;
#7068 = DIRECTION ( 'NONE',  ( 0.000000000000000000, 0.000000000000000000, -1.000000000000000000 ) ) ;
#7069 = AXIS2_PLACEMENT_3D ( 'NONE', #5121, #5074, #6487 ) ;
#7070 = EDGE_CURVE ( 'NONE', #1911, #4006, #8253, .T. ) ;
#7071 = EDGE_LOOP ( 'NONE', ( #2580, #4364, #9026, #7011 ) ) ;
#7072 = CARTESIAN_POINT ( 'NONE',  ( 5.577410528076000240, -2.500000000000000000, 0.5999999999999999778 ) ) ;
#7073 = AXIS2_PLACEMENT_3D ( 'NONE', #4732, #6051, #4029 ) ;
#7074 = EDGE_CURVE ( 'NONE', #1968, #2535, #711, .T. ) ;
#7075 = CARTESIAN_POINT ( 'NONE',  ( 3.860188216786001103, -0.9912763102685996364, -0.5898713305432998766 ) ) ;
#7076 = ORIENTED_EDGE ( 'NONE', *, *, #9025, .T. ) ;
#7077 = APPLICATION_CONTEXT ( 'automotive_design' ) ;
#7078 = CARTESIAN_POINT ( 'NONE',  ( 13.22500000000000142, -0.5000000000000000000, -4.500000000000000000 ) ) ;
#7079 = CARTESIAN_POINT ( 'NONE',  ( 12.22499999999999964, 2.000000000000000000, -5.500000000000000000 ) ) ;
#7080 = AXIS2_PLACEMENT_3D ( 'NONE', #3200, #6819, #1931 ) ;
#7081 = CARTESIAN_POINT ( 'NONE',  ( 6.246799180380000038, -8.000000000000000000, -4.000000000000000000 ) ) ;
#7082 = CARTESIAN_POINT ( 'NONE',  ( -6.853672899556369380, 0.8571493718337340750, -1.328965503884820265 ) ) ;
#7083 = EDGE_LOOP ( 'NONE', ( #4742, #2133, #5697, #2734 ) ) ;
#7084 = ORIENTED_EDGE ( 'NONE', *, *, #1954, .T. ) ;
#7085 = CARTESIAN_POINT ( 'NONE',  ( -6.246799180380000038, -8.000000000000000000, 0.000000000000000000 ) ) ;
#7086 = ADVANCED_FACE ( 'NONE', ( #90 ), #9233, .T. ) ;
#7087 = DIRECTION ( 'NONE',  ( -1.000000000000000000, 0.000000000000000000, 0.000000000000000000 ) ) ;
#7088 = VERTEX_POINT ( 'NONE', #1019 ) ;
#7089 = PLANE ( 'NONE',  #5984 ) ;
#7090 = DIRECTION ( 'NONE',  ( 0.000000000000000000, -1.000000000000000000, 0.000000000000000000 ) ) ;
#7091 = ORIENTED_EDGE ( 'NONE', *, *, #4303, .F. ) ;
#7092 = CARTESIAN_POINT ( 'NONE',  ( 13.35941545092999938, -0.5000000000000000000, -4.154167216782000516 ) ) ;
#7093 = ORIENTED_EDGE ( 'NONE', *, *, #7293, .T. ) ;
#7094 = CARTESIAN_POINT ( 'NONE',  ( -6.720820407913000061, 1.229999999999999982, -1.375573369605999963 ) ) ;
#7095 = DIRECTION ( 'NONE',  ( 1.000000000000000000, 0.000000000000000000, 0.000000000000000000 ) ) ;
#7096 = ORIENTED_EDGE ( 'NONE', *, *, #4773, .T. ) ;
#7097 = DIRECTION ( 'NONE',  ( -1.000000000000000000, 0.000000000000000000, 0.000000000000000000 ) ) ;
#7098 = DIRECTION ( 'NONE',  ( 0.000000000000000000, 0.000000000000000000, -1.000000000000000000 ) ) ;
#7099 = DIRECTION ( 'NONE',  ( 0.000000000000000000, -1.000000000000000000, 0.000000000000000000 ) ) ;
#7100 = ORIENTED_EDGE ( 'NONE', *, *, #2146, .F. ) ;
#7101 = CARTESIAN_POINT ( 'NONE',  ( 3.872378106207000403, -1.272939330887999931, -0.4565574422525000009 ) ) ;
#7102 = EDGE_LOOP ( 'NONE', ( #3751, #8991, #7613, #2016 ) ) ;
#7103 = EDGE_CURVE ( 'NONE', #3880, #7386, #8804, .T. ) ;
#7104 = CARTESIAN_POINT ( 'NONE',  ( -7.865435827474898112, 0.6863800549019842823, -1.239147035434647437 ) ) ;
#7105 = ORIENTED_EDGE ( 'NONE', *, *, #1129, .F. ) ;
#7106 = CARTESIAN_POINT ( 'NONE',  ( -13.17815389352000111, -0.5000000000000000000, -4.238690869129999150 ) ) ;
#7107 = FACE_OUTER_BOUND ( 'NONE', #2590, .T. ) ;
#7108 = DIRECTION ( 'NONE',  ( -0.000000000000000000, 1.000000000000000000, 0.000000000000000000 ) ) ;
#7109 = EDGE_LOOP ( 'NONE', ( #659, #7703, #1063, #6305, #5702, #147, #700, #3160 ) ) ;
#7110 = CARTESIAN_POINT ( 'NONE',  ( 3.945795852150999927, 1.111102522393999870, -0.6451481424821000621 ) ) ;
#7111 = DIRECTION ( 'NONE',  ( 0.000000000000000000, 0.000000000000000000, -1.000000000000000000 ) ) ;
#7112 = ORIENTED_EDGE ( 'NONE', *, *, #3206, .T. ) ;
#7113 = ADVANCED_FACE ( 'NONE', ( #6036 ), #2454, .T. ) ;
#7114 = DIRECTION ( 'NONE',  ( 0.000000000000000000, -1.000000000000000000, 0.000000000000000000 ) ) ;
#7115 = EDGE_LOOP ( 'NONE', ( #726, #8520, #4662 ) ) ;
#7116 = DIRECTION ( 'NONE',  ( 0.05061153302400935028, -0.9981347984218669200, -0.03413791007514880432 ) ) ;
#7117 = DIRECTION ( 'NONE',  ( -1.000000000000000000, 0.000000000000000000, 0.000000000000000000 ) ) ;
#7118 = LINE ( 'NONE', #9264, #737 ) ;
#7119 = LINE ( 'NONE', #1348, #4878 ) ;
#7120 = EDGE_CURVE ( 'NONE', #8747, #325, #6738, .T. ) ;
#7121 = ORIENTED_EDGE ( 'NONE', *, *, #7740, .T. ) ;
#7122 = ORIENTED_EDGE ( 'NONE', *, *, #7857, .F. ) ;
#7123 = PLANE ( 'NONE',  #5695 ) ;
#7124 = EDGE_CURVE ( 'NONE', #1968, #6839, #3824, .T. ) ;
#7125 = CARTESIAN_POINT ( 'NONE',  ( -7.212490067225000523, -1.750000000000000000, -1.206277929287999928 ) ) ;
#7126 = EDGE_LOOP ( 'NONE', ( #3698, #2375, #4618, #3033 ) ) ;
#7127 = LINE ( 'NONE', #9274, #1048 ) ;
#7128 = VECTOR ( 'NONE', #1009, 1000.000000000000000 ) ;
#7129 = LINE ( 'NONE', #8584, #4060 ) ;
#7130 = VECTOR ( 'NONE', #7901, 1000.000000000000000 ) ;
#7131 = EDGE_LOOP ( 'NONE', ( #7432, #193, #6479, #8614, #3339 ) ) ;
#7132 = DIRECTION ( 'NONE',  ( 0.3255681544572003872, 0.000000000000000000, 0.9455185755993017471 ) ) ;
#7133 = EDGE_CURVE ( 'NONE', #8055, #9162, #8182, .T. ) ;
#7134 = ORIENTED_EDGE ( 'NONE', *, *, #2172, .T. ) ;
#7135 = FACE_OUTER_BOUND ( 'NONE', #9248, .T. ) ;
#7136 = CIRCLE ( 'NONE', #6989, 10.15000000000000213 ) ;
#7137 = CARTESIAN_POINT ( 'NONE',  ( -7.209612882019994728, -1.076965417088999732, -1.539300175921000546 ) ) ;
#7138 = ORIENTED_EDGE ( 'NONE', *, *, #5643, .T. ) ;
#7139 = DIRECTION ( 'NONE',  ( -0.3255681544572003872, 0.000000000000000000, -0.9455185755993017471 ) ) ;
#7140 = DIRECTION ( 'NONE',  ( 0.7537660547584518200, -0.6571428571428579168, 0.000000000000000000 ) ) ;
#7141 = CARTESIAN_POINT ( 'NONE',  ( 14.25000000000000000, -3.500000000000000000, -5.500000000000000000 ) ) ;
#7142 = EDGE_LOOP ( 'NONE', ( #1376, #1256, #8266, #3355, #1456, #8494, #6415, #7691, #6297, #2718, #9139, #5603, #5512 ) ) ;
#7143 = VECTOR ( 'NONE', #117, 1000.000000000000000 ) ;
#7144 = CARTESIAN_POINT ( 'NONE',  ( 3.911485901317000469, -1.260396682939000090, -0.5069989590536000401 ) ) ;
#7145 = EDGE_LOOP ( 'NONE', ( #4075, #3239, #8744, #7829, #5228, #2235, #8817, #6653 ) ) ;
#7146 = CARTESIAN_POINT ( 'NONE',  ( 0.5722846657420999072, 6.318950303242000466, -4.200000000000000178 ) ) ;
#7147 = ORIENTED_EDGE ( 'NONE', *, *, #8146, .F. ) ;
#7148 = DIRECTION ( 'NONE',  ( 0.000000000000000000, -1.000000000000000000, 0.000000000000000000 ) ) ;
#7149 = CARTESIAN_POINT ( 'NONE',  ( -7.800757503472999232, -2.500000000000000000, -1.532531547581999831 ) ) ;
#7150 = DIRECTION ( 'NONE',  ( 0.000000000000000000, 0.000000000000000000, -1.000000000000000000 ) ) ;
#7151 = CARTESIAN_POINT ( 'NONE',  ( -7.650725455797999786, 6.669999999999999929, 0.000000000000000000 ) ) ;
#7152 = ORIENTED_EDGE ( 'NONE', *, *, #3043, .T. ) ;
#7153 = CARTESIAN_POINT ( 'NONE',  ( 4.029932921340999563, 1.353714174228999978, -0.8186843020513999702 ) ) ;
#7154 = ADVANCED_FACE ( 'NONE', ( #3688 ), #6554, .F. ) ;
#7155 = DIRECTION ( 'NONE',  ( 0.000000000000000000, 1.000000000000000000, 0.000000000000000000 ) ) ;
#7156 = EDGE_LOOP ( 'NONE', ( #8439, #6309 ) ) ;
#7157 = VECTOR ( 'NONE', #6344, 1000.000000000000000 ) ;
#7158 = CARTESIAN_POINT ( 'NONE',  ( -13.47500000000000142, 1.750000000000000000, -5.250000000000000000 ) ) ;
#7159 = ORIENTED_EDGE ( 'NONE', *, *, #2460, .F. ) ;
#7160 = LINE ( 'NONE', #2837, #2411 ) ;
#7161 = CARTESIAN_POINT ( 'NONE',  ( 0.000000000000000000, 0.000000000000000000, -1.100000000000000089 ) ) ;
#7162 = VECTOR ( 'NONE', #323, 1000.000000000000000 ) ;
#7163 = DIRECTION ( 'NONE',  ( 0.000000000000000000, -1.000000000000000000, 0.000000000000000000 ) ) ;
#7164 = FACE_OUTER_BOUND ( 'NONE', #4115, .T. ) ;
#7165 = ADVANCED_FACE ( 'NONE', ( #226 ), #5896, .F. ) ;
#7166 = ORIENTED_EDGE ( 'NONE', *, *, #1479, .T. ) ;
#7167 = PLANE ( 'NONE',  #1936 ) ;
#7168 = CYLINDRICAL_SURFACE ( 'NONE', #8865, 0.2500000000000000000 ) ;
#7169 = CIRCLE ( 'NONE', #1764, 0.04999999999999969746 ) ;
#7170 = EDGE_CURVE ( 'NONE', #4249, #5130, #5854, .T. ) ;
#7171 = LINE ( 'NONE', #6508, #6292 ) ;
#7172 = PLANE ( 'NONE',  #8104 ) ;
#7173 = ADVANCED_FACE ( 'NONE', ( #5327 ), #6646, .T. ) ;
#7174 = VERTEX_POINT ( 'NONE', #2312 ) ;
#7175 = DIRECTION ( 'NONE',  ( 0.000000000000000000, -1.000000000000000000, 0.000000000000000000 ) ) ;
#7176 = VERTEX_POINT ( 'NONE', #3735 ) ;
#7177 = PLANE ( 'NONE',  #2938 ) ;
#7178 = CARTESIAN_POINT ( 'NONE',  ( -7.149516520536000286, -1.008260968425000348, -1.523661389739999761 ) ) ;
#7179 = EDGE_CURVE ( 'NONE', #6618, #2621, #4535, .T. ) ;
#7180 = ORIENTED_EDGE ( 'NONE', *, *, #8491, .F. ) ;
#7181 = DIRECTION ( 'NONE',  ( -1.000000000000000000, 0.000000000000000000, 0.000000000000000000 ) ) ;
#7182 = VECTOR ( 'NONE', #1016, 1000.000000000000000 ) ;
#7183 = VECTOR ( 'NONE', #4790, 1000.000000000000000 ) ;
#7184 = LINE ( 'NONE', #7266, #5056 ) ;
#7185 = VERTEX_POINT ( 'NONE', #2272 ) ;
#7186 = LINE ( 'NONE', #3619, #328 ) ;
#7187 = VECTOR ( 'NONE', #8156, 1000.000000000000000 ) ;
#7188 = EDGE_LOOP ( 'NONE', ( #3930, #781, #7921, #9191 ) ) ;
#7189 = VECTOR ( 'NONE', #8274, 1000.000000000000000 ) ;
#7190 = LINE ( 'NONE', #2291, #6313 ) ;
#7191 = ORIENTED_EDGE ( 'NONE', *, *, #1485, .T. ) ;
#7192 = FACE_OUTER_BOUND ( 'NONE', #4098, .T. ) ;
#7193 = EDGE_CURVE ( 'NONE', #3078, #2434, #2412, .T. ) ;
#7194 = CARTESIAN_POINT ( 'NONE',  ( 3.900384804468999711, -0.9369334802349998936, -0.6639559802225000196 ) ) ;
#7195 = LINE ( 'NONE', #7708, #8246 ) ;
#7196 = PLANE ( 'NONE',  #4418 ) ;
#7197 = ORIENTED_EDGE ( 'NONE', *, *, #753, .T. ) ;
#7198 = CARTESIAN_POINT ( 'NONE',  ( 3.943047954551000434, 1.099556843839999853, -0.6696984323953000251 ) ) ;
#7199 = CIRCLE ( 'NONE', #308, 0.1500000000000000777 ) ;
#7200 = FACE_OUTER_BOUND ( 'NONE', #7142, .T. ) ;
#7201 = VERTEX_POINT ( 'NONE', #2358 ) ;
#7202 = VECTOR ( 'NONE', #8270, 1000.000000000000000 ) ;
#7203 = VECTOR ( 'NONE', #7619, 1000.000000000000000 ) ;
#7204 = CARTESIAN_POINT ( 'NONE',  ( 12.94571384956000060, 0.5000000000000000000, -3.740221586259000031 ) ) ;
#7205 = ORIENTED_EDGE ( 'NONE', *, *, #4189, .F. ) ;
#7206 = LINE ( 'NONE', #5758, #6619 ) ;
#7207 = DIRECTION ( 'NONE',  ( -0.8290375725550501729, 0.000000000000000000, 0.5591929034707341373 ) ) ;
#7208 = DIRECTION ( 'NONE',  ( 0.4226182617406808451, 0.000000000000000000, 0.9063077870366587074 ) ) ;
#7209 = DIRECTION ( 'NONE',  ( 0.000000000000000000, 0.000000000000000000, 1.000000000000000000 ) ) ;
#7210 = ORIENTED_EDGE ( 'NONE', *, *, #6787, .F. ) ;
#7211 = CARTESIAN_POINT ( 'NONE',  ( 12.77500000000000036, -2.500000000000000000, -0.9000000000000000222 ) ) ;
#7212 = VECTOR ( 'NONE', #5940, 1000.000000000000000 ) ;
#7213 = VECTOR ( 'NONE', #4623, 1000.000000000000000 ) ;
#7214 = CARTESIAN_POINT ( 'NONE',  ( -14.25000000000000000, 3.500000000000000000, 0.000000000000000000 ) ) ;
#7215 = EDGE_CURVE ( 'NONE', #8087, #3186, #1616, .T. ) ;
#7216 = CARTESIAN_POINT ( 'NONE',  ( 3.874863651347000282, 1.227859808667999930, -0.4594342603312999707 ) ) ;
#7217 = VECTOR ( 'NONE', #7292, 1000.000000000000114 ) ;
#7218 = CARTESIAN_POINT ( 'NONE',  ( 0.000000000000000000, 0.000000000000000000, -4.000000000000000000 ) ) ;
#7219 = CARTESIAN_POINT ( 'NONE',  ( -7.650725455797999786, 6.669999999999999929, -4.000000000000000000 ) ) ;
#7220 = ORIENTED_EDGE ( 'NONE', *, *, #7070, .T. ) ;
#7221 = FACE_OUTER_BOUND ( 'NONE', #6300, .T. ) ;
#7222 = CIRCLE ( 'NONE', #3475, 10.15000000000000213 ) ;
#7223 = VERTEX_POINT ( 'NONE', #8095 ) ;
#7224 = DIRECTION ( 'NONE',  ( 0.000000000000000000, -1.000000000000000000, 0.000000000000000000 ) ) ;
#7225 = VECTOR ( 'NONE', #6118, 1000.000000000000000 ) ;
#7226 = CARTESIAN_POINT ( 'NONE',  ( -7.110084788002998479, -1.294861003582999937, -1.537238824090998657 ) ) ;
#7227 = ORIENTED_EDGE ( 'NONE', *, *, #8029, .F. ) ;
#7228 = ADVANCED_FACE ( 'NONE', ( #4484 ), #7302, .F. ) ;
#7229 = DIRECTION ( 'NONE',  ( 1.000000000000000000, 0.000000000000000000, 0.000000000000000000 ) ) ;
#7230 = CARTESIAN_POINT ( 'NONE',  ( -7.419786287784998713, -1.372184144185999433, -1.466931668738000960 ) ) ;
#7231 = VERTEX_POINT ( 'NONE', #887 ) ;
#7232 = EDGE_CURVE ( 'NONE', #586, #7682, #5862, .T. ) ;
#7233 = CARTESIAN_POINT ( 'NONE',  ( 3.908488579626999915, -1.437403454091999988, -0.5722628622229000150 ) ) ;
#7234 = EDGE_CURVE ( 'NONE', #3548, #478, #1377, .T. ) ;
#7235 = ORIENTED_EDGE ( 'NONE', *, *, #7694, .T. ) ;
#7236 = DIRECTION ( 'NONE',  ( 0.000000000000000000, 1.000000000000000000, 0.000000000000000000 ) ) ;
#7237 = CARTESIAN_POINT ( 'NONE',  ( -7.800757503472999232, 1.750000000000000000, -1.532531547581999831 ) ) ;
#7238 = DIRECTION ( 'NONE',  ( 0.000000000000000000, 0.000000000000000000, 1.000000000000000000 ) ) ;
#7239 = CARTESIAN_POINT ( 'NONE',  ( 11.52500000000000036, -2.500000000000000000, -0.9000000000000000222 ) ) ;
#7240 = CARTESIAN_POINT ( 'NONE',  ( 8.556803253484055460, -0.2945147924747407719, -4.000000000000000888 ) ) ;
#7241 = CARTESIAN_POINT ( 'NONE',  ( -9.271763586287001147, 4.129999999999999893, -0.8000000000000000444 ) ) ;
#7242 = CARTESIAN_POINT ( 'NONE',  ( -7.277603698116000608, 0.6886680054189000533, -1.395381644408000055 ) ) ;
#7243 = VERTEX_POINT ( 'NONE', #9135 ) ;
#7244 = CARTESIAN_POINT ( 'NONE',  ( 3.991747003005000405, 1.485166265736000080, -0.7770290992377999473 ) ) ;
#7245 = EDGE_CURVE ( 'NONE', #4496, #4932, #6181, .T. ) ;
#7246 = CARTESIAN_POINT ( 'NONE',  ( 9.500000000000000000, -6.500000000000000000, -0.2500000000000000000 ) ) ;
#7247 = ORIENTED_EDGE ( 'NONE', *, *, #4131, .F. ) ;
#7248 = CARTESIAN_POINT ( 'NONE',  ( 3.632300324293998628, 1.254458537404999685, -0.2748419357910001359 ) ) ;
#7249 = VERTEX_POINT ( 'NONE', #4007 ) ;
#7250 = DIRECTION ( 'NONE',  ( 0.3255681544572003872, 0.000000000000000000, 0.9455185755993017471 ) ) ;
#7251 = DIRECTION ( 'NONE',  ( 0.4226182617406838427, 0.000000000000000000, 0.9063077870366573752 ) ) ;
#7252 = DIRECTION ( 'NONE',  ( 1.000000000000000000, 0.000000000000000000, 0.000000000000000000 ) ) ;
#7253 = LINE ( 'NONE', #6461, #2936 ) ;
#7254 = FACE_OUTER_BOUND ( 'NONE', #5017, .T. ) ;
#7255 = CYLINDRICAL_SURFACE ( 'NONE', #5978, 0.2999999999999999334 ) ;
#7256 = DIRECTION ( 'NONE',  ( 1.000000000000000000, 0.000000000000000000, 0.000000000000000000 ) ) ;
#7257 = DIRECTION ( 'NONE',  ( 0.000000000000000000, 1.000000000000000000, 0.000000000000000000 ) ) ;
#7258 = CARTESIAN_POINT ( 'NONE',  ( 9.271763586287001147, 4.129999999999999893, 0.000000000000000000 ) ) ;
#7259 = LINE ( 'NONE', #7833, #8961 ) ;
#7260 = ORIENTED_EDGE ( 'NONE', *, *, #7556, .T. ) ;
#7261 = LINE ( 'NONE', #4350, #6843 ) ;
#7262 = DIRECTION ( 'NONE',  ( 0.000000000000000000, 0.000000000000000000, -1.000000000000000000 ) ) ;
#7263 = ORIENTED_EDGE ( 'NONE', *, *, #2588, .F. ) ;
#7264 = LINE ( 'NONE', #943, #5385 ) ;
#7265 = AXIS2_PLACEMENT_3D ( 'NONE', #9203, #6296, #3479 ) ;
#7266 = CARTESIAN_POINT ( 'NONE',  ( -10.79215728752999937, -2.500000000000000000, -1.100000000000000089 ) ) ;
#7267 = ORIENTED_EDGE ( 'NONE', *, *, #2691, .F. ) ;
#7268 = AXIS2_PLACEMENT_3D ( 'NONE', #3202, #2495, #8795 ) ;
#7269 = ADVANCED_FACE ( 'NONE', ( #3310 ), #4622, .F. ) ;
#7270 = AXIS2_PLACEMENT_3D ( 'NONE', #5177, #4616, #6593 ) ;
#7271 = CARTESIAN_POINT ( 'NONE',  ( 3.877998015199000115, -1.023453562616000179, -0.5693498783484000070 ) ) ;
#7272 = ORIENTED_EDGE ( 'NONE', *, *, #9234, .F. ) ;
#7273 = CYLINDRICAL_SURFACE ( 'NONE', #4498, 2.299999999999999822 ) ;
#7274 = ADVANCED_FACE ( 'NONE', ( #6223 ), #3918, .F. ) ;
#7275 = PLANE ( 'NONE',  #2108 ) ;
#7276 = VECTOR ( 'NONE', #1517, 1000.000000000000000 ) ;
#7277 = CARTESIAN_POINT ( 'NONE',  ( 3.902872328259002099, 0.9170081764829000059, -0.6661171260792005944 ) ) ;
#7278 = CARTESIAN_POINT ( 'NONE',  ( -5.000000000000000000, -6.669999999999999929, -4.000000000000000000 ) ) ;
#7279 = DIRECTION ( 'NONE',  ( 0.9455185755993017471, 0.000000000000000000, -0.3255681544572005537 ) ) ;
#7280 = DIRECTION ( 'NONE',  ( 1.578983857245000049E-14, 0.000000000000000000, -1.000000000000000000 ) ) ;
#7281 = EDGE_CURVE ( 'NONE', #6664, #6680, #6059, .T. ) ;
#7282 = FACE_OUTER_BOUND ( 'NONE', #6240, .T. ) ;
#7283 = VERTEX_POINT ( 'NONE', #6928 ) ;
#7284 = DIRECTION ( 'NONE',  ( 1.000000000000000000, 0.000000000000000000, 0.000000000000000000 ) ) ;
#7285 = DIRECTION ( 'NONE',  ( 1.000000000000000000, 0.000000000000000000, 0.000000000000000000 ) ) ;
#7286 = CIRCLE ( 'NONE', #7431, 0.1500000000000002998 ) ;
#7287 = ORIENTED_EDGE ( 'NONE', *, *, #6191, .T. ) ;
#7288 = ORIENTED_EDGE ( 'NONE', *, *, #2153, .F. ) ;
#7289 = EDGE_CURVE ( 'NONE', #4912, #3155, #2257, .T. ) ;
#7290 = CARTESIAN_POINT ( 'NONE',  ( -6.785934038805000235, 1.209381625337999866, -1.564677084726000089 ) ) ;
#7291 = ORIENTED_EDGE ( 'NONE', *, *, #4929, .F. ) ;
#7292 = DIRECTION ( 'NONE',  ( -0.8244855201331934280, 0.5658830507186952685, 0.000000000000000000 ) ) ;
#7293 = EDGE_CURVE ( 'NONE', #4958, #7223, #4816, .T. ) ;
#7294 = PLANE ( 'NONE',  #7268 ) ;
#7295 = CARTESIAN_POINT ( 'NONE',  ( 3.885980697393999872, 1.584327872678999993, -0.6446799604717999843 ) ) ;
#7296 = EDGE_CURVE ( 'NONE', #1004, #2548, #5474, .T. ) ;
#7297 = CARTESIAN_POINT ( 'NONE',  ( 5.000000000000000000, 6.669999999999999929, -5.500000000000000000 ) ) ;
#7298 = VECTOR ( 'NONE', #5076, 1000.000000000000000 ) ;
#7299 = ORIENTED_EDGE ( 'NONE', *, *, #234, .T. ) ;
#7300 = DIRECTION ( 'NONE',  ( 0.000000000000000000, -1.000000000000000000, 0.000000000000000000 ) ) ;
#7301 = CARTESIAN_POINT ( 'NONE',  ( 0.000000000000000000, 5.750000000000000000, -4.000000000000000000 ) ) ;
#7302 = PLANE ( 'NONE',  #7952 ) ;
#7303 = CARTESIAN_POINT ( 'NONE',  ( 10.87500000000000000, -2.000000000000000000, -1.350000000000000089 ) ) ;
#7304 = CARTESIAN_POINT ( 'NONE',  ( -7.149516520536000286, 1.440888592851001793, -1.523661389739999761 ) ) ;
#7305 = CARTESIAN_POINT ( 'NONE',  ( 3.467025163284000122, -1.252458338414000005, -0.06803713375174000322 ) ) ;
#7306 = DIRECTION ( 'NONE',  ( -1.000000000000000000, 0.000000000000000000, 0.000000000000000000 ) ) ;
#7307 = ORIENTED_EDGE ( 'NONE', *, *, #4991, .F. ) ;
#7308 = DIRECTION ( 'NONE',  ( 1.000000000000000000, 0.000000000000000000, 0.000000000000000000 ) ) ;
#7309 = CIRCLE ( 'NONE', #7454, 0.5000000000000006661 ) ;
#7310 = CARTESIAN_POINT ( 'NONE',  ( 3.900384804469999800, 1.571983594570999898, -0.6639559802222000373 ) ) ;
#7311 = ORIENTED_EDGE ( 'NONE', *, *, #6707, .F. ) ;
#7312 = LINE ( 'NONE', #2994, #450 ) ;
#7313 = LINE ( 'NONE', #5822, #4602 ) ;
#7314 = VECTOR ( 'NONE', #9110, 1000.000000000000114 ) ;
#7315 = VERTEX_POINT ( 'NONE', #366 ) ;
#7316 = CARTESIAN_POINT ( 'NONE',  ( 3.954698422009999437, -1.134413570770000046, -0.6956064893217999145 ) ) ;
#7317 = ORIENTED_EDGE ( 'NONE', *, *, #4983, .T. ) ;
#7318 = EDGE_CURVE ( 'NONE', #449, #6164, #2504, .T. ) ;
#7319 = VECTOR ( 'NONE', #4174, 1000.000000000000000 ) ;
#7320 = ADVANCED_FACE ( 'NONE', ( #5376 ), #4102, .T. ) ;
#7321 = CARTESIAN_POINT ( 'NONE',  ( -7.277603698116000608, 0.6886680054189000533, -1.395381644408000055 ) ) ;
#7322 = DIRECTION ( 'NONE',  ( 1.000000000000000000, 0.000000000000000000, 0.000000000000000000 ) ) ;
#7323 = LINE ( 'NONE', #3759, #7752 ) ;
#7324 = DIRECTION ( 'NONE',  ( 0.000000000000000000, 1.000000000000000000, 0.000000000000000000 ) ) ;
#7325 = LINE ( 'NONE', #4411, #3066 ) ;
#7326 = ORIENTED_EDGE ( 'NONE', *, *, #5904, .T. ) ;
#7327 = DIRECTION ( 'NONE',  ( 0.000000000000000000, 0.000000000000000000, 1.000000000000000000 ) ) ;
#7328 = DIRECTION ( 'NONE',  ( -1.000000000000000000, -5.204170427930408030E-14, 0.000000000000000000 ) ) ;
#7329 = VECTOR ( 'NONE', #6712, 1000.000000000000000 ) ;
#7330 = EDGE_CURVE ( 'NONE', #1407, #7356, #8433, .T. ) ;
#7331 = CIRCLE ( 'NONE', #1192, 0.1085786437627001139 ) ;
#7332 = ORIENTED_EDGE ( 'NONE', *, *, #8319, .T. ) ;
#7333 = EDGE_CURVE ( 'NONE', #3497, #4138, #4670, .T. ) ;
#7334 = ORIENTED_EDGE ( 'NONE', *, *, #2517, .T. ) ;
#7335 = EDGE_CURVE ( 'NONE', #5336, #1236, #2875, .T. ) ;
#7336 = CARTESIAN_POINT ( 'NONE',  ( 3.902963027750000258, -0.9167974536383002304, -0.6662013541650003701 ) ) ;
#7337 = ORIENTED_EDGE ( 'NONE', *, *, #8565, .F. ) ;
#7338 = CYLINDRICAL_SURFACE ( 'NONE', #4665, 0.2500000000000002776 ) ;
#7339 = AXIS2_PLACEMENT_3D ( 'NONE', #5306, #8880, #4604 ) ;
#7340 = CARTESIAN_POINT ( 'NONE',  ( 3.885199379210108273, 1.004093628267975546, -0.6242813952114265597 ) ) ;
#7341 = CARTESIAN_POINT ( 'NONE',  ( 8.212614568277999183, 0.004903451899607999716, -3.951768850292999513 ) ) ;
#7342 = APPLICATION_PROTOCOL_DEFINITION ( 'draft international standard', 'automotive_design', 1998, #4358 ) ;
#7343 = CARTESIAN_POINT ( 'NONE',  ( 3.948181845482000796, -1.071022607208999888, -0.7203543590536000130 ) ) ;
#7344 = EDGE_CURVE ( 'NONE', #1183, #4183, #9087, .T. ) ;
#7345 = VECTOR ( 'NONE', #7114, 1000.000000000000000 ) ;
#7346 = EDGE_LOOP ( 'NONE', ( #658, #6067, #9140, #3908, #7112, #8415, #3150, #3552, #3514, #2796, #664, #5955, #826, #2355 ) ) ;
#7347 = EDGE_CURVE ( 'NONE', #8153, #2649, #8382, .T. ) ;
#7348 = DIRECTION ( 'NONE',  ( 0.000000000000000000, -1.000000000000000000, 0.000000000000000000 ) ) ;
#7349 = CARTESIAN_POINT ( 'NONE',  ( -7.184055952936219569, -0.6886680054186304911, -1.427592716234374004 ) ) ;
#7350 = DIRECTION ( 'NONE',  ( 0.000000000000000000, 1.000000000000000000, 0.000000000000000000 ) ) ;
#7351 = PLANE ( 'NONE',  #8412 ) ;
#7352 = PLANE ( 'NONE',  #8197 ) ;
#7353 = AXIS2_PLACEMENT_3D ( 'NONE', #2120, #9169, #3488 ) ;
#7354 = CARTESIAN_POINT ( 'NONE',  ( 9.500000000000000000, -5.500000000000000000, -0.2500000000000000000 ) ) ;
#7355 = CARTESIAN_POINT ( 'NONE',  ( -9.650000000000000355, 7.250000000000000000, -0.5000000000000000000 ) ) ;
#7356 = VERTEX_POINT ( 'NONE', #557 ) ;
#7357 = CARTESIAN_POINT ( 'NONE',  ( -14.25000000000000000, -2.000000000000000000, -5.500000000000000000 ) ) ;
#7358 = EDGE_CURVE ( 'NONE', #5676, #5516, #3405, .T. ) ;
#7359 = CIRCLE ( 'NONE', #8410, 0.2500000000000000000 ) ;
#7360 = CARTESIAN_POINT ( 'NONE',  ( -8.093776992445317120, -0.6876853595574000666, -1.120616886801192313 ) ) ;
#7361 = ORIENTED_EDGE ( 'NONE', *, *, #1703, .T. ) ;
#7362 = CARTESIAN_POINT ( 'NONE',  ( -6.785934038805000235, 1.229999999999999982, -1.564677084726000089 ) ) ;
#7363 = VECTOR ( 'NONE', #847, 1000.000000000000000 ) ;
#7364 = DIRECTION ( 'NONE',  ( 0.000000000000000000, 0.000000000000000000, -1.000000000000000000 ) ) ;
#7365 = ORIENTED_EDGE ( 'NONE', *, *, #1262, .T. ) ;
#7366 = AXIS2_PLACEMENT_3D ( 'NONE', #7900, #5616, #4332 ) ;
#7367 = CARTESIAN_POINT ( 'NONE',  ( 3.878327828510000241, -1.191593328309999977, -0.4612397489924999761 ) ) ;
#7368 = ORIENTED_EDGE ( 'NONE', *, *, #4991, .T. ) ;
#7369 = CARTESIAN_POINT ( 'NONE',  ( 13.17815389352000111, -0.5000000000000000000, -4.238690869129999150 ) ) ;
#7370 = CARTESIAN_POINT ( 'NONE',  ( -5.000000000000000000, 6.669999999999999929, -5.500000000000000000 ) ) ;
#7371 = CARTESIAN_POINT ( 'NONE',  ( -7.650725455797999786, -6.669999999999999929, -5.500000000000000000 ) ) ;
#7372 = DIRECTION ( 'NONE',  ( 0.000000000000000000, 0.000000000000000000, -1.000000000000000000 ) ) ;
#7373 = CARTESIAN_POINT ( 'NONE',  ( -7.839454946790428203, 0.6969909173892914200, -1.033959347824816799 ) ) ;
#7374 = CARTESIAN_POINT ( 'NONE',  ( -6.853672899556589648, -0.8571493718337124257, -1.328965503884742549 ) ) ;
#7375 = ORIENTED_EDGE ( 'NONE', *, *, #1429, .T. ) ;
#7376 = DIRECTION ( 'NONE',  ( -0.000000000000000000, 1.000000000000000000, 0.000000000000000000 ) ) ;
#7377 = EDGE_CURVE ( 'NONE', #3563, #2197, #6018, .T. ) ;
#7378 = DIRECTION ( 'NONE',  ( -0.000000000000000000, 1.000000000000000000, 0.000000000000000000 ) ) ;
#7379 = EDGE_CURVE ( 'NONE', #2489, #155, #8279, .T. ) ;
#7380 = ORIENTED_EDGE ( 'NONE', *, *, #4711, .T. ) ;
#7381 = EDGE_LOOP ( 'NONE', ( #3653, #2890, #5544, #5209 ) ) ;
#7382 = CARTESIAN_POINT ( 'NONE',  ( 3.894617400278000741, -0.9746931630010997605, -0.6632625616340001029 ) ) ;
#7383 = ORIENTED_EDGE ( 'NONE', *, *, #6708, .T. ) ;
#7384 = CARTESIAN_POINT ( 'NONE',  ( 9.951004974372999357, 2.000000000000000000, -4.000000000000000000 ) ) ;
#7385 = CARTESIAN_POINT ( 'NONE',  ( 3.878474839888000236, -1.589500506429999849, -0.6343490298142000494 ) ) ;
#7386 = VERTEX_POINT ( 'NONE', #7078 ) ;
#7387 = CARTESIAN_POINT ( 'NONE',  ( 13.42499999999999893, -2.000000000000000000, -1.350000000000000089 ) ) ;
#7388 = CARTESIAN_POINT ( 'NONE',  ( 3.982776046132000314, -1.253987189625999754, -0.7607199898851000341 ) ) ;
#7389 = EDGE_CURVE ( 'NONE', #2907, #1259, #7206, .T. ) ;
#7390 = ORIENTED_EDGE ( 'NONE', *, *, #2741, .F. ) ;
#7391 = DIRECTION ( 'NONE',  ( 0.000000000000000000, -1.000000000000000000, 0.000000000000000000 ) ) ;
#7392 = DIRECTION ( 'NONE',  ( -1.000000000000000000, 0.000000000000000000, 0.000000000000000000 ) ) ;
#7393 = ADVANCED_FACE ( 'NONE', ( #1296 ), #2034, .F. ) ;
#7394 = CARTESIAN_POINT ( 'NONE',  ( -12.22499999999999964, -8.397193073587999379, -5.500000000000000000 ) ) ;
#7395 = CARTESIAN_POINT ( 'NONE',  ( -6.785934038805000235, -1.229999999999999982, -1.564677084726000089 ) ) ;
#7396 = CARTESIAN_POINT ( 'NONE',  ( -13.22500000000000142, 2.600000000000000089, -5.500000000000000000 ) ) ;
#7397 = DIRECTION ( 'NONE',  ( -0.8090169943749183634, 0.000000000000000000, -0.5877852522925132162 ) ) ;
#7398 = DIRECTION ( 'NONE',  ( 1.000000000000000000, 0.000000000000000000, 0.000000000000000000 ) ) ;
#7399 = ORIENTED_EDGE ( 'NONE', *, *, #4711, .F. ) ;
#7400 = EDGE_CURVE ( 'NONE', #5456, #2439, #9219, .T. ) ;
#7401 = ORIENTED_EDGE ( 'NONE', *, *, #662, .T. ) ;
#7402 = CARTESIAN_POINT ( 'NONE',  ( -14.25000000000000000, 2.000000000000000000, -5.500000000000000000 ) ) ;
#7403 = ORIENTED_EDGE ( 'NONE', *, *, #4502, .T. ) ;
#7404 = DIRECTION ( 'NONE',  ( 0.000000000000000000, 0.000000000000000000, -1.000000000000000000 ) ) ;
#7405 = EDGE_CURVE ( 'NONE', #5072, #870, #7822, .T. ) ;
#7406 = CARTESIAN_POINT ( 'NONE',  ( -7.209612882019994728, -1.372184144185999433, -1.539300175921000546 ) ) ;
#7407 = ORIENTED_EDGE ( 'NONE', *, *, #465, .F. ) ;
#7408 = CARTESIAN_POINT ( 'NONE',  ( 3.934185247001999564, -1.113340640246999858, -0.6064669779243999637 ) ) ;
#7409 = VERTEX_POINT ( 'NONE', #6320 ) ;
#7410 = DIRECTION ( 'NONE',  ( 1.000000000000000000, 0.000000000000000000, 0.000000000000000000 ) ) ;
#7411 = CARTESIAN_POINT ( 'NONE',  ( -9.650000000000000355, 5.750000000000000000, -0.2500000000000000000 ) ) ;
#7412 = AXIS2_PLACEMENT_3D ( 'NONE', #2122, #1334, #4944 ) ;
#7413 = CARTESIAN_POINT ( 'NONE',  ( -7.277603698116000608, 1.229999999999999982, -1.395381644408000055 ) ) ;
#7414 = DIRECTION ( 'NONE',  ( 0.000000000000000000, 0.000000000000000000, -1.000000000000000000 ) ) ;
#7415 = FACE_OUTER_BOUND ( 'NONE', #6286, .T. ) ;
#7416 = AXIS2_PLACEMENT_3D ( 'NONE', #1874, #8161, #6856 ) ;
#7417 = ORIENTED_EDGE ( 'NONE', *, *, #5266, .T. ) ;
#7418 = AXIS2_PLACEMENT_3D ( 'NONE', #7161, #6459, #7861 ) ;
#7419 = CARTESIAN_POINT ( 'NONE',  ( 0.000000000000000000, 0.000000000000000000, -4.000000000000000000 ) ) ;
#7420 = VERTEX_POINT ( 'NONE', #654 ) ;
#7421 = VECTOR ( 'NONE', #1810, 1000.000000000000000 ) ;
#7422 = ORIENTED_EDGE ( 'NONE', *, *, #8773, .T. ) ;
#7423 = AXIS2_PLACEMENT_3D ( 'NONE', #6629, #3806, #5447 ) ;
#7424 = FACE_OUTER_BOUND ( 'NONE', #4504, .T. ) ;
#7425 = VERTEX_POINT ( 'NONE', #4907 ) ;
#7426 = CARTESIAN_POINT ( 'NONE',  ( -14.25000000000000000, -2.600000000000000089, -1.100000000000000089 ) ) ;
#7427 = CARTESIAN_POINT ( 'NONE',  ( -0.4799007024065999882, 6.318950303242000466, -4.200000000000000178 ) ) ;
#7428 = ORIENTED_EDGE ( 'NONE', *, *, #4699, .T. ) ;
#7429 = FACE_OUTER_BOUND ( 'NONE', #4274, .T. ) ;
#7430 = CARTESIAN_POINT ( 'NONE',  ( -12.72499999999999964, -2.600000000000000089, 1.523975065412999985 ) ) ;
#7431 = AXIS2_PLACEMENT_3D ( 'NONE', #2231, #7224, #96 ) ;
#7432 = ORIENTED_EDGE ( 'NONE', *, *, #7293, .F. ) ;
#7433 = CARTESIAN_POINT ( 'NONE',  ( -7.650665022341000210, 6.669947313341000772, -9.162897194059000674E-05 ) ) ;
#7434 = LINE ( 'NONE', #184, #154 ) ;
#7435 = DIRECTION ( 'NONE',  ( 0.000000000000000000, 0.000000000000000000, -1.000000000000000000 ) ) ;
#7436 = EDGE_CURVE ( 'NONE', #3434, #1801, #605, .T. ) ;
#7437 = CARTESIAN_POINT ( 'NONE',  ( 5.000000000000000000, 4.129999999999999893, -5.500000000000000000 ) ) ;
#7438 = DIRECTION ( 'NONE',  ( 0.000000000000000000, 0.000000000000000000, 1.000000000000000000 ) ) ;
#7439 = CARTESIAN_POINT ( 'NONE',  ( -12.72499999999999964, -1.600000000000000089, -1.100000000000000089 ) ) ;
#7440 = FACE_OUTER_BOUND ( 'NONE', #6387, .T. ) ;
#7441 = ORIENTED_EDGE ( 'NONE', *, *, #4823, .F. ) ;
#7442 = ORIENTED_EDGE ( 'NONE', *, *, #2428, .F. ) ;
#7443 = CARTESIAN_POINT ( 'NONE',  ( -8.750000000000000000, 6.649999999999999467, -0.2500000000000000000 ) ) ;
#7444 = EDGE_CURVE ( 'NONE', #8879, #2201, #1800, .T. ) ;
#7445 = CARTESIAN_POINT ( 'NONE',  ( -7.727923181223615323, -0.6991495612756000178, -1.028800075334433073 ) ) ;
#7446 = ORIENTED_EDGE ( 'NONE', *, *, #2450, .T. ) ;
#7447 =( BOUNDED_CURVE ( )  B_SPLINE_CURVE ( 3, ( #1523, #3810, #80, #260 ),
 .UNSPECIFIED., .F., .F. ) 
 B_SPLINE_CURVE_WITH_KNOTS ( ( 4, 4 ),
 ( 0.000000000000000000, 1.000000000000000000 ),
 .UNSPECIFIED. ) 
 CURVE ( )  GEOMETRIC_REPRESENTATION_ITEM ( )  RATIONAL_B_SPLINE_CURVE ( ( 0.9999999992913342073, 0.9708373565583332532, 0.9708373567539509974, 0.9999999998780707555 ) ) 
 REPRESENTATION_ITEM ( '' )  );
#7448 = CIRCLE ( 'NONE', #7009, 0.2565331882505998973 ) ;
#7449 = EDGE_CURVE ( 'NONE', #6994, #3926, #3638, .T. ) ;
#7450 = CARTESIAN_POINT ( 'NONE',  ( 3.851630183890999870, 1.524319634774000010, -0.5567623658454999847 ) ) ;
#7451 = ORIENTED_EDGE ( 'NONE', *, *, #8773, .F. ) ;
#7452 = CARTESIAN_POINT ( 'NONE',  ( 13.42499999999999893, -1.750000000000000000, -5.250000000000000000 ) ) ;
#7453 = ORIENTED_EDGE ( 'NONE', *, *, #1082, .T. ) ;
#7454 = AXIS2_PLACEMENT_3D ( 'NONE', #4538, #2458, #8141 ) ;
#7455 = CARTESIAN_POINT ( 'NONE',  ( 3.941174790264999839, -1.226004464727999954, -0.5605033339917000479 ) ) ;
#7456 = EDGE_CURVE ( 'NONE', #2423, #4166, #1345, .T. ) ;
#7457 = ORIENTED_EDGE ( 'NONE', *, *, #3220, .T. ) ;
#7458 = ADVANCED_FACE ( 'NONE', ( #7860 ), #6365, .F. ) ;
#7459 = DIRECTION ( 'NONE',  ( -0.5877852522925129941, 0.000000000000000000, 0.8090169943749183634 ) ) ;
#7460 = VECTOR ( 'NONE', #265, 1000.000000000000000 ) ;
#7461 = CARTESIAN_POINT ( 'NONE',  ( 7.598039598223000901, 6.669999999999999929, -0.7546139302790999537 ) ) ;
#7462 = DIRECTION ( 'NONE',  ( 0.000000000000000000, 1.000000000000000000, 0.000000000000000000 ) ) ;
#7463 = DIRECTION ( 'NONE',  ( 0.000000000000000000, -1.000000000000000000, 0.000000000000000000 ) ) ;
#7464 = DIRECTION ( 'NONE',  ( 0.000000000000000000, -1.000000000000000000, 0.000000000000000000 ) ) ;
#7465 = ORIENTED_EDGE ( 'NONE', *, *, #940, .T. ) ;
#7466 = FACE_OUTER_BOUND ( 'NONE', #1561, .T. ) ;
#7467 = ORIENTED_EDGE ( 'NONE', *, *, #2287, .F. ) ;
#7468 = ORIENTED_EDGE ( 'NONE', *, *, #533, .T. ) ;
#7469 = EDGE_CURVE ( 'NONE', #3430, #3352, #6409, .T. ) ;
#7470 = CARTESIAN_POINT ( 'NONE',  ( 3.858351648391999511, -1.564060265941999539, -0.6129252464301998549 ) ) ;
#7471 = EDGE_LOOP ( 'NONE', ( #7798, #7825, #1098, #1185, #4135, #7166, #2811, #866 ) ) ;
#7472 = DIRECTION ( 'NONE',  ( 0.000000000000000000, 0.000000000000000000, 1.000000000000000000 ) ) ;
#7473 = FACE_OUTER_BOUND ( 'NONE', #8199, .T. ) ;
#7474 = PLANE ( 'NONE',  #9071 ) ;
#7475 = ORIENTED_EDGE ( 'NONE', *, *, #6720, .F. ) ;
#7476 = AXIS2_PLACEMENT_3D ( 'NONE', #6177, #6829, #1893 ) ;
#7477 = CARTESIAN_POINT ( 'NONE',  ( -12.77500000000000036, -2.500000000000000000, -0.9000000000000000222 ) ) ;
#7478 = CARTESIAN_POINT ( 'NONE',  ( 14.25000000000000000, -3.500000000000000000, -38.18409399080999833 ) ) ;
#7479 = DIRECTION ( 'NONE',  ( 0.000000000000000000, 1.000000000000000000, 0.000000000000000000 ) ) ;
#7480 = EDGE_CURVE ( 'NONE', #2675, #3468, #2891, .T. ) ;
#7481 = ORIENTED_EDGE ( 'NONE', *, *, #2099, .T. ) ;
#7483 = LINE ( 'NONE', #1107, #8064 ) ;
#7482 = VECTOR ( 'NONE', #7552, 1000.000000000000000 ) ;
#7484 = AXIS2_PLACEMENT_3D ( 'NONE', #5276, #8133, #1611 ) ;
#7485 = CARTESIAN_POINT ( 'NONE',  ( 3.878888949504000205, -1.488597319349999948, -0.5782089489125999959 ) ) ;
#7486 = CARTESIAN_POINT ( 'NONE',  ( -13.47500000000000142, 1.750000000000000000, -5.250000000000000000 ) ) ;
#7487 = DIRECTION ( 'NONE',  ( 0.000000000000000000, 0.000000000000000000, -1.000000000000000000 ) ) ;
#7488 = FACE_OUTER_BOUND ( 'NONE', #8973, .T. ) ;
#7489 = LINE ( 'NONE', #2316, #2503 ) ;
#7490 = DIRECTION ( 'NONE',  ( -0.000000000000000000, 1.000000000000000000, 0.000000000000000000 ) ) ;
#7491 = EDGE_LOOP ( 'NONE', ( #382, #1110, #4087, #2160, #454 ) ) ;
#7492 = VERTEX_POINT ( 'NONE', #4954 ) ;
#7493 = DIRECTION ( 'NONE',  ( 1.000000000000000000, 0.000000000000000000, 0.000000000000000000 ) ) ;
#7494 = CIRCLE ( 'NONE', #1941, 0.2000000000000005107 ) ;
#7495 = EDGE_CURVE ( 'NONE', #789, #2895, #3767, .T. ) ;
#7496 = PLANE ( 'NONE',  #8721 ) ;
#7497 = VERTEX_POINT ( 'NONE', #1475 ) ;
#7498 = CARTESIAN_POINT ( 'NONE',  ( 3.944155200242999815, 1.254320949029000154, -0.5663458731563000281 ) ) ;
#7499 = CIRCLE ( 'NONE', #3461, 1.000000000000000000 ) ;
#7500 = ORIENTED_EDGE ( 'NONE', *, *, #1776, .T. ) ;
#7501 = LINE ( 'NONE', #944, #6111 ) ;
#7502 = VERTEX_POINT ( 'NONE', #4289 ) ;
#7503 = FACE_OUTER_BOUND ( 'NONE', #5058, .T. ) ;
#7504 = AXIS2_PLACEMENT_3D ( 'NONE', #3889, #8445, #7735 ) ;
#7505 =( BOUNDED_SURFACE ( )  B_SPLINE_SURFACE ( 3, 3, ( 
 ( #4656, #4608, #7470, #6165 ),
 ( #3245, #1052, #7564, #4560 ),
 ( #8976, #2635, #2542, #1141 ),
 ( #3991, #6862, #9028, #3391 ) ),
 .UNSPECIFIED., .F., .F., .F. ) 
 B_SPLINE_SURFACE_WITH_KNOTS ( ( 4, 4 ),
 ( 4, 4 ),
 ( 0.001066276850791000050, 0.001136800475861999855 ),
 ( -0.1589200491662999815, 1.156791811691999960 ),
 .UNSPECIFIED. ) 
 GEOMETRIC_REPRESENTATION_ITEM ( )  RATIONAL_B_SPLINE_SURFACE ( (
 ( 1.015516505408999848, 0.9668237889970000554, 0.9667451530046999864, 1.015280597433000143),
 ( 1.015743024613000145, 0.9663394628742000281, 0.9662596789067999792, 1.015503672710999838),
 ( 1.016020667046000137, 0.9657458289545000074, 0.9656646379250000134, 1.015777093957000110),
 ( 1.016325678066000160, 0.9650936776038000486, 0.9650109408110000286, 1.016077467686999913) ) ) 
 REPRESENTATION_ITEM ( '' )  SURFACE ( )  );
#7506 = EDGE_CURVE ( 'NONE', #1220, #334, #6174, .T. ) ;
#7507 = ORIENTED_EDGE ( 'NONE', *, *, #7469, .T. ) ;
#7508 = AXIS2_PLACEMENT_3D ( 'NONE', #8862, #7262, #5191 ) ;
#7509 = CARTESIAN_POINT ( 'NONE',  ( 3.872949677118000977, 1.612785630430002337, -0.6253211722816003348 ) ) ;
#7510 = VECTOR ( 'NONE', #6545, 1000.000000000000000 ) ;
#7511 = PLANE ( 'NONE',  #4785 ) ;
#7512 = EDGE_CURVE ( 'NONE', #5860, #3517, #7160, .T. ) ;
#7513 = CARTESIAN_POINT ( 'NONE',  ( -12.22499999999999964, 2.000000000000000000, -5.500000000000000000 ) ) ;
#7514 = CARTESIAN_POINT ( 'NONE',  ( 13.12697540696999887, 0.5000000000000000000, -3.655697933911000064 ) ) ;
#7515 = ORIENTED_EDGE ( 'NONE', *, *, #2220, .T. ) ;
#7516 = AXIS2_PLACEMENT_3D ( 'NONE', #7033, #8486, #9143 ) ;
#7517 = ADVANCED_FACE ( 'NONE', ( #741 ), #3587, .T. ) ;
#7518 = CARTESIAN_POINT ( 'NONE',  ( 3.305221764409000063, -1.256642108036000183, -0.1855941842102000194 ) ) ;
#7519 = ORIENTED_EDGE ( 'NONE', *, *, #2052, .T. ) ;
#7520 = ORIENTED_EDGE ( 'NONE', *, *, #5503, .T. ) ;
#7521 = LINE ( 'NONE', #6724, #7644 ) ;
#7522 = ORIENTED_EDGE ( 'NONE', *, *, #5593, .T. ) ;
#7523 = EDGE_CURVE ( 'NONE', #3078, #8637, #8615, .T. ) ;
#7524 = PLANE ( 'NONE',  #337 ) ;
#7525 = CARTESIAN_POINT ( 'NONE',  ( 3.790307052044000091, 1.254458537402999951, -0.5129964806579999648 ) ) ;
#7526 = CARTESIAN_POINT ( 'NONE',  ( 3.902099309708278785, 1.433183356838414912, -0.5593205786524181322 ) ) ;
#7527 = VERTEX_POINT ( 'NONE', #2215 ) ;
#7528 = PLANE ( 'NONE',  #1471 ) ;
#7529 = CARTESIAN_POINT ( 'NONE',  ( -5.000000000000000000, 4.129999999999999893, -5.500000000000000000 ) ) ;
#7530 = EDGE_CURVE ( 'NONE', #1801, #2608, #8748, .T. ) ;
#7531 = ORIENTED_EDGE ( 'NONE', *, *, #873, .T. ) ;
#7532 = DIRECTION ( 'NONE',  ( 0.9063077870366585964, 0.000000000000000000, 0.4226182617406808451 ) ) ;
#7533 = CARTESIAN_POINT ( 'NONE',  ( 8.284120188299999299, 1.750000000000000000, -4.000000000000000000 ) ) ;
#7534 = ORIENTED_EDGE ( 'NONE', *, *, #1469, .T. ) ;
#7535 = CARTESIAN_POINT ( 'NONE',  ( 7.179909470181000231, -6.669999999999999929, -0.4000000000000000222 ) ) ;
#7536 = DIRECTION ( 'NONE',  ( 1.000000000000000000, 0.000000000000000000, 0.000000000000000000 ) ) ;
#7537 = CARTESIAN_POINT ( 'NONE',  ( -6.720820407913000061, 1.219863181193999946, -1.375573369605999963 ) ) ;
#7538 = DIRECTION ( 'NONE',  ( 0.000000000000000000, -1.000000000000000000, 0.000000000000000000 ) ) ;
#7539 = CARTESIAN_POINT ( 'NONE',  ( -13.06753561943000008, 0.2500000000000000000, -3.683415162038000013 ) ) ;
#7540 = ORIENTED_EDGE ( 'NONE', *, *, #5151, .F. ) ;
#7541 = ORIENTED_EDGE ( 'NONE', *, *, #4746, .T. ) ;
#7542 = CARTESIAN_POINT ( 'NONE',  ( 12.97499999999999964, 2.500000000000000000, -1.350000000000000089 ) ) ;
#7543 = LINE ( 'NONE', #6938, #7962 ) ;
#7544 = ORIENTED_EDGE ( 'NONE', *, *, #8123, .F. ) ;
#7545 = CARTESIAN_POINT ( 'NONE',  ( 3.908699068415999456, 1.222129943240999994, -0.5043785075389000117 ) ) ;
#7546 = VERTEX_POINT ( 'NONE', #3058 ) ;
#7547 = DIRECTION ( 'NONE',  ( 0.000000000000000000, 1.000000000000000000, 0.000000000000000000 ) ) ;
#7548 = ORIENTED_EDGE ( 'NONE', *, *, #3334, .T. ) ;
#7549 = DIRECTION ( 'NONE',  ( -1.000000000000000000, 0.000000000000000000, 0.000000000000000000 ) ) ;
#7550 = CARTESIAN_POINT ( 'NONE',  ( 3.936689681900373827, 1.538810592980898173, -0.7121255458612232303 ) ) ;
#7551 = ORIENTED_EDGE ( 'NONE', *, *, #3841, .F. ) ;
#7552 = DIRECTION ( 'NONE',  ( 0.000000000000000000, 0.000000000000000000, -1.000000000000000000 ) ) ;
#7553 = CARTESIAN_POINT ( 'NONE',  ( -13.42499999999999893, 0.7500000000000000000, -3.600000000000000089 ) ) ;
#7554 = PLANE ( 'NONE',  #8800 ) ;
#7555 = LINE ( 'NONE', #2485, #4720 ) ;
#7556 = EDGE_CURVE ( 'NONE', #8239, #4301, #2263, .T. ) ;
#7557 = ORIENTED_EDGE ( 'NONE', *, *, #6498, .F. ) ;
#7558 = DIRECTION ( 'NONE',  ( 0.000000000000000000, -1.000000000000000000, 0.000000000000000000 ) ) ;
#7559 = ADVANCED_FACE ( 'NONE', ( #5931 ), #3772, .F. ) ;
#7560 = ORIENTED_EDGE ( 'NONE', *, *, #517, .F. ) ;
#7561 = VECTOR ( 'NONE', #1658, 1000.000000000000000 ) ;
#7562 = VERTEX_POINT ( 'NONE', #4382 ) ;
#7563 = EDGE_CURVE ( 'NONE', #7972, #5150, #5089, .T. ) ;
#7564 = CARTESIAN_POINT ( 'NONE',  ( 3.871109384531000952, -1.556207206123001674, -0.6311302818886003196 ) ) ;
#7565 = AXIS2_PLACEMENT_3D ( 'NONE', #4277, #6447, #2882 ) ;
#7566 = VECTOR ( 'NONE', #4426, 1000.000000000000000 ) ;
#7567 = ORIENTED_EDGE ( 'NONE', *, *, #2053, .T. ) ;
#7568 = CARTESIAN_POINT ( 'NONE',  ( -9.014631942085999938, -4.129999999999999893, -0.5321389613886999825 ) ) ;
#7569 = CARTESIAN_POINT ( 'NONE',  ( -7.212490067225000523, 0.6991495612755999067, -1.206277929287999928 ) ) ;
#7570 = CARTESIAN_POINT ( 'NONE',  ( -10.52888579085999865, -2.000000000000000000, -4.000000000000000000 ) ) ;
#7571 = ORIENTED_EDGE ( 'NONE', *, *, #3436, .F. ) ;
#7572 = CARTESIAN_POINT ( 'NONE',  ( 14.25000000000000000, 2.000000000000000000, -5.500000000000000000 ) ) ;
#7573 = CARTESIAN_POINT ( 'NONE',  ( 12.77500000000000036, -2.500000000000000000, -1.100000000000000089 ) ) ;
#7574 = AXIS2_PLACEMENT_3D ( 'NONE', #8760, #7490, #2459 ) ;
#7575 = EDGE_CURVE ( 'NONE', #4872, #5467, #262, .T. ) ;
#7576 = ORIENTED_EDGE ( 'NONE', *, *, #6780, .F. ) ;
#7577 = DIRECTION ( 'NONE',  ( 0.000000000000000000, 0.000000000000000000, -1.000000000000000000 ) ) ;
#7578 = DIRECTION ( 'NONE',  ( 0.000000000000000000, 0.000000000000000000, 1.000000000000000000 ) ) ;
#7579 = ORIENTED_EDGE ( 'NONE', *, *, #12, .F. ) ;
#7580 = CARTESIAN_POINT ( 'NONE',  ( 7.492923725799999879, -6.669999999999999929, -0.1355388792377000273 ) ) ;
#7581 = DIRECTION ( 'NONE',  ( 0.000000000000000000, -1.000000000000000000, 0.000000000000000000 ) ) ;
#7582 = LINE ( 'NONE', #3455, #4270 ) ;
#7583 =( GEOMETRIC_REPRESENTATION_CONTEXT ( 3 ) GLOBAL_UNCERTAINTY_ASSIGNED_CONTEXT ( ( #3684 ) ) GLOBAL_UNIT_ASSIGNED_CONTEXT ( ( #4754, #3350, #5367 ) ) REPRESENTATION_CONTEXT ( 'NONE', 'WORKASPACE' ) );
#7584 = CARTESIAN_POINT ( 'NONE',  ( 3.892738713608999923, 1.032548887057000098, -0.5969400526672000717 ) ) ;
#7585 = DIRECTION ( 'NONE',  ( -1.000000000000000000, 0.000000000000000000, 0.000000000000000000 ) ) ;
#7586 = ORIENTED_EDGE ( 'NONE', *, *, #2279, .F. ) ;
#7587 = CARTESIAN_POINT ( 'NONE',  ( 13.47500000000000142, -1.750000000000000000, -5.250000000000000000 ) ) ;
#7588 = CARTESIAN_POINT ( 'NONE',  ( -13.42499999999999893, -0.5000000000000000000, -4.500000000000000000 ) ) ;
#7589 = EDGE_LOOP ( 'NONE', ( #6631, #1213, #7934 ) ) ;
#7590 = CARTESIAN_POINT ( 'NONE',  ( 3.943535461218999227, 1.269512431062000068, -0.5655153784554000085 ) ) ;
#7591 = VERTEX_POINT ( 'NONE', #7426 ) ;
#7592 = DIRECTION ( 'NONE',  ( -0.8090169943749183634, 0.000000000000000000, -0.5877852522925131051 ) ) ;
#7593 = ORIENTED_EDGE ( 'NONE', *, *, #7606, .F. ) ;
#7594 = DIRECTION ( 'NONE',  ( -1.000000000000000000, 0.000000000000000000, 0.000000000000000000 ) ) ;
#7595 = PLANE ( 'NONE',  #6911 ) ;
#7596 = AXIS2_PLACEMENT_3D ( 'NONE', #9020, #1088, #8118 ) ;
#7597 = VERTEX_POINT ( 'NONE', #126 ) ;
#7598 = DIRECTION ( 'NONE',  ( -1.000000000000000000, 0.000000000000000000, 0.000000000000000000 ) ) ;
#7599 = CARTESIAN_POINT ( 'NONE',  ( 8.929632206060000854, 4.129999999999999893, -0.3560679564274999986 ) ) ;
#7600 = FACE_OUTER_BOUND ( 'NONE', #6052, .T. ) ;
#7601 = DIRECTION ( 'NONE',  ( 0.000000000000000000, 1.000000000000000000, 0.000000000000000000 ) ) ;
#7602 = ORIENTED_EDGE ( 'NONE', *, *, #8438, .T. ) ;
#7603 = CYLINDRICAL_SURFACE ( 'NONE', #4516, 0.2500000000000000000 ) ;
#7604 = VECTOR ( 'NONE', #6287, 1000.000000000000000 ) ;
#7605 = VERTEX_POINT ( 'NONE', #4425 ) ;
#7606 = EDGE_CURVE ( 'NONE', #7930, #3177, #3107, .T. ) ;
#7607 = ORIENTED_EDGE ( 'NONE', *, *, #144, .T. ) ;
#7608 = CARTESIAN_POINT ( 'NONE',  ( 14.25000000000000000, -2.000000000000000000, -5.500000000000000000 ) ) ;
#7609 = ORIENTED_EDGE ( 'NONE', *, *, #8187, .F. ) ;
#7610 = CARTESIAN_POINT ( 'NONE',  ( -0.2491314716374000149, 6.318950303242000466, -4.200000000000000178 ) ) ;
#7611 = CARTESIAN_POINT ( 'NONE',  ( 3.467025163284000122, -1.252458338414000005, -0.06803713375174000322 ) ) ;
#7612 = CARTESIAN_POINT ( 'NONE',  ( 3.881619859231999925, 1.285137373791000126, -0.4685476159079000058 ) ) ;
#7613 = ORIENTED_EDGE ( 'NONE', *, *, #701, .T. ) ;
#7614 = ADVANCED_FACE ( 'NONE', ( #5843 ), #6635, .T. ) ;
#7615 = CARTESIAN_POINT ( 'NONE',  ( -7.277603698116000608, 1.224574780638000071, -1.395381644408000055 ) ) ;
#7616 = EDGE_CURVE ( 'NONE', #2904, #2117, #1525, .T. ) ;
#7617 = ORIENTED_EDGE ( 'NONE', *, *, #1512, .T. ) ;
#7618 = EDGE_CURVE ( 'NONE', #3177, #294, #5174, .T. ) ;
#7619 = DIRECTION ( 'NONE',  ( 0.000000000000000000, -1.000000000000000000, 0.000000000000000000 ) ) ;
#7620 = CARTESIAN_POINT ( 'NONE',  ( -13.34916573867999823, 2.500000000000000000, -1.100000000000000089 ) ) ;
#7621 = CIRCLE ( 'NONE', #7924, 1.000000000000000000 ) ;
#7622 = ORIENTED_EDGE ( 'NONE', *, *, #7405, .T. ) ;
#7623 = VECTOR ( 'NONE', #8781, 1000.000000000000114 ) ;
#7624 = DIRECTION ( 'NONE',  ( 0.000000000000000000, 1.000000000000000000, 0.000000000000000000 ) ) ;
#7625 = CARTESIAN_POINT ( 'NONE',  ( 3.893283871378000249, 0.9304451065187999692, -0.6545344072810000968 ) ) ;
#7626 = DIRECTION ( 'NONE',  ( -1.381610875089000216E-14, 0.000000000000000000, 1.000000000000000000 ) ) ;
#7627 = CARTESIAN_POINT ( 'NONE',  ( 3.883634760652999951, 1.023934567683000063, -0.5847409711969999702 ) ) ;
#7628 = CARTESIAN_POINT ( 'NONE',  ( -7.207497388971000341, -1.224574780638000071, -1.525283250631999987 ) ) ;
#7629 = EDGE_CURVE ( 'NONE', #4111, #8106, #1520, .T. ) ;
#7630 = ORIENTED_EDGE ( 'NONE', *, *, #4756, .F. ) ;
#7631 = ORIENTED_EDGE ( 'NONE', *, *, #6701, .F. ) ;
#7632 = CARTESIAN_POINT ( 'NONE',  ( -9.223901616752998578, -2.500000000000000000, -4.744176115842999586 ) ) ;
#7633 = EDGE_CURVE ( 'NONE', #7546, #729, #3723, .T. ) ;
#7634 = B_SPLINE_CURVE_WITH_KNOTS ( 'NONE', 3,
 ( #5831, #8692, #2250, #5789, #7981, #1554, #7373, #1513, #6626, #4410, #3627, #3049, #2294, #5163, #8025, #4373, #2203, #908, #1596 ),
 .UNSPECIFIED., .F., .F.,
 ( 4, 1, 1, 2, 2, 2, 2, 1, 2, 2, 4 ),
 ( 0.000000000000000000, 0.1249999999999906464, 0.1874999999999859557, 0.2187499999999836242, 0.2499999999999812927, 0.3749999999999859557, 0.4999999999999906741, 0.6249999999999954481, 0.6874999999999948930, 0.7499999999999942268, 1.000000000000000000 ),
 .UNSPECIFIED. ) ;
#7635 = VECTOR ( 'NONE', #8501, 1000.000000000000000 ) ;
#7636 = VECTOR ( 'NONE', #453, 1000.000000000000000 ) ;
#7637 = DIRECTION ( 'NONE',  ( -0.000000000000000000, 1.000000000000000000, 0.000000000000000000 ) ) ;
#7638 = ORIENTED_EDGE ( 'NONE', *, *, #937, .F. ) ;
#7639 = CARTESIAN_POINT ( 'NONE',  ( 3.912698707045999758, 1.273151550466000037, -0.5099101893112000239 ) ) ;
#7640 = CARTESIAN_POINT ( 'NONE',  ( 3.938542803765999967, -1.257877757700000210, -0.5338312774132000227 ) ) ;
#7641 = ORIENTED_EDGE ( 'NONE', *, *, #1592, .T. ) ;
#7642 = CARTESIAN_POINT ( 'NONE',  ( -0.1465673690733000079, 6.706770816062999963, -4.200000000000000178 ) ) ;
#7643 = ADVANCED_FACE ( 'NONE', ( #309 ), #7338, .T. ) ;
#7644 = VECTOR ( 'NONE', #3855, 1000.000000000000000 ) ;
#7645 = AXIS2_PLACEMENT_3D ( 'NONE', #4195, #4238, #7068 ) ;
#7646 = ORIENTED_EDGE ( 'NONE', *, *, #5463, .T. ) ;
#7647 = FACE_OUTER_BOUND ( 'NONE', #9235, .T. ) ;
#7648 = EDGE_CURVE ( 'NONE', #2543, #6664, #3378, .T. ) ;
#7649 = AXIS2_PLACEMENT_3D ( 'NONE', #2222, #2940, #7348 ) ;
#7650 = ORIENTED_EDGE ( 'NONE', *, *, #2374, .T. ) ;
#7651 = FACE_OUTER_BOUND ( 'NONE', #4697, .T. ) ;
#7652 = CARTESIAN_POINT ( 'NONE',  ( 8.887243667190000806, 4.129999999999999893, -0.4000000000000000222 ) ) ;
#7653 = DIRECTION ( 'NONE',  ( -1.000000000000000000, 0.000000000000000000, 0.000000000000000000 ) ) ;
#7654 = CARTESIAN_POINT ( 'NONE',  ( 8.641778518293998346, 1.750000000000000000, -4.000000000000000000 ) ) ;
#7655 = EDGE_LOOP ( 'NONE', ( #979, #1996, #2843, #289 ) ) ;
#7656 = VECTOR ( 'NONE', #2190, 1000.000000000000114 ) ;
#7657 = AXIS2_PLACEMENT_3D ( 'NONE', #5848, #8528, #2268 ) ;
#7658 = CARTESIAN_POINT ( 'NONE',  ( -9.014631942595000780, 4.129999999999999893, -0.5321389622200000113 ) ) ;
#7659 = VECTOR ( 'NONE', #4843, 1000.000000000000000 ) ;
#7660 = ORIENTED_EDGE ( 'NONE', *, *, #9074, .T. ) ;
#7661 = CIRCLE ( 'NONE', #7814, 10.15000000000000036 ) ;
#7662 = VERTEX_POINT ( 'NONE', #5218 ) ;
#7663 = CARTESIAN_POINT ( 'NONE',  ( 3.892738713608999923, 1.032548887057000098, -0.5969400526672000717 ) ) ;
#7664 = ORIENTED_EDGE ( 'NONE', *, *, #7845, .F. ) ;
#7665 = FACE_OUTER_BOUND ( 'NONE', #7802, .T. ) ;
#7666 = AXIS2_PLACEMENT_3D ( 'NONE', #6332, #6374, #5722 ) ;
#7667 = DIRECTION ( 'NONE',  ( 0.000000000000000000, -1.000000000000000000, 0.000000000000000000 ) ) ;
#7668 = CARTESIAN_POINT ( 'NONE',  ( 14.25000000000000000, -2.000000000000000000, -1.100000000000000089 ) ) ;
#7669 = ORIENTED_EDGE ( 'NONE', *, *, #4808, .F. ) ;
#7670 = CARTESIAN_POINT ( 'NONE',  ( 3.892738714387999899, 1.476368189164000144, -0.5969400531709000424 ) ) ;
#7671 = ORIENTED_EDGE ( 'NONE', *, *, #2586, .F. ) ;
#7672 = DIRECTION ( 'NONE',  ( -3.469446951953635015E-14, 0.000000000000000000, -1.000000000000000000 ) ) ;
#7673 = LINE ( 'NONE', #505, #7054 ) ;
#7674 = ORIENTED_EDGE ( 'NONE', *, *, #1337, .F. ) ;
#7675 = CARTESIAN_POINT ( 'NONE',  ( 0.000000000000000000, 0.000000000000000000, -4.000000000000000000 ) ) ;
#7676 = CARTESIAN_POINT ( 'NONE',  ( 13.34916573867999823, -2.500000000000000000, -1.100000000000000089 ) ) ;
#7677 = DIRECTION ( 'NONE',  ( 0.000000000000000000, 0.000000000000000000, -1.000000000000000000 ) ) ;
#7678 = LINE ( 'NONE', #1900, #6114 ) ;
#7679 = DIRECTION ( 'NONE',  ( -1.000000000000000000, 0.000000000000000000, 0.000000000000000000 ) ) ;
#7680 = EDGE_CURVE ( 'NONE', #1263, #2637, #8084, .T. ) ;
#7681 = ORIENTED_EDGE ( 'NONE', *, *, #3599, .T. ) ;
#7682 = VERTEX_POINT ( 'NONE', #7384 ) ;
#7683 = CYLINDRICAL_SURFACE ( 'NONE', #3882, 0.2500000000000000000 ) ;
#7684 = CARTESIAN_POINT ( 'NONE',  ( 5.000000000000000000, -4.129999999999999893, -4.000000000000000000 ) ) ;
#7685 = EDGE_CURVE ( 'NONE', #1072, #6827, #962, .T. ) ;
#7686 = ORIENTED_EDGE ( 'NONE', *, *, #3502, .T. ) ;
#7687 = CARTESIAN_POINT ( 'NONE',  ( 3.890106679494000019, 1.251751077451999983, -0.4804054380030999827 ) ) ;
#7688 = ADVANCED_FACE ( 'NONE', ( #1697 ), #8840, .F. ) ;
#7689 = ORIENTED_EDGE ( 'NONE', *, *, #7012, .T. ) ;
#7690 = CARTESIAN_POINT ( 'NONE',  ( 13.22500000000000142, -1.750000000000000000, -5.250000000000000000 ) ) ;
#7691 = ORIENTED_EDGE ( 'NONE', *, *, #4531, .F. ) ;
#7692 = LINE ( 'NONE', #5634, #7734 ) ;
#7693 = EDGE_CURVE ( 'NONE', #7249, #424, #3011, .T. ) ;
#7694 = EDGE_CURVE ( 'NONE', #6091, #7024, #8422, .T. ) ;
#7695 = ORIENTED_EDGE ( 'NONE', *, *, #5278, .T. ) ;
#7696 = CARTESIAN_POINT ( 'NONE',  ( 3.467025163284000122, 1.252458338414000005, -0.06803713375174000322 ) ) ;
#7697 = CARTESIAN_POINT ( 'NONE',  ( -7.280520213861001011, 1.471080675627998602, -1.403851821158999646 ) ) ;
#7698 = DIRECTION ( 'NONE',  ( -0.9987169188744156045, 0.05064105008779043460, 0.000000000000000000 ) ) ;
#7699 = DIRECTION ( 'NONE',  ( 0.9428090415820777892, 0.000000000000000000, 0.3333333333332927917 ) ) ;
#7700 = VERTEX_POINT ( 'NONE', #1885 ) ;
#7701 = EDGE_CURVE ( 'NONE', #7249, #7174, #2593, .T. ) ;
#7702 = DIRECTION ( 'NONE',  ( 0.000000000000000000, 1.000000000000000000, 0.000000000000000000 ) ) ;
#7703 = ORIENTED_EDGE ( 'NONE', *, *, #6145, .T. ) ;
#7704 = ORIENTED_EDGE ( 'NONE', *, *, #7512, .T. ) ;
#7705 = CARTESIAN_POINT ( 'NONE',  ( -7.994207327337844227, 0.6811443252129157910, -1.300467643824913644 ) ) ;
#7706 = ORIENTED_EDGE ( 'NONE', *, *, #601, .F. ) ;
#7707 = LINE ( 'NONE', #5606, #8403 ) ;
#7708 = CARTESIAN_POINT ( 'NONE',  ( -9.179185367155000108, 0.5271572148129000102, -4.000000000000000000 ) ) ;
#7709 = DIRECTION ( 'NONE',  ( 1.000000000000000000, 0.000000000000000000, 0.000000000000000000 ) ) ;
#7710 = ORIENTED_EDGE ( 'NONE', *, *, #3332, .F. ) ;
#7711 = DIRECTION ( 'NONE',  ( 0.000000000000000000, 0.000000000000000000, -1.000000000000000000 ) ) ;
#7712 = DIRECTION ( 'NONE',  ( 1.000000000000000000, 0.000000000000000000, 0.000000000000000000 ) ) ;
#7713 = ORIENTED_EDGE ( 'NONE', *, *, #2052, .F. ) ;
#7714 = CIRCLE ( 'NONE', #5630, 0.09999999999999965861 ) ;
#7715 = LINE ( 'NONE', #4099, #3582 ) ;
#7716 = CARTESIAN_POINT ( 'NONE',  ( 14.25000000000000000, -3.500000000000000000, 0.000000000000000000 ) ) ;
#7717 = ORIENTED_EDGE ( 'NONE', *, *, #6841, .T. ) ;
#7718 = DIRECTION ( 'NONE',  ( 0.000000000000000000, 0.000000000000000000, -1.000000000000000000 ) ) ;
#7719 = DIRECTION ( 'NONE',  ( 1.000000000000000000, 0.000000000000000000, 0.000000000000000000 ) ) ;
#7720 = AXIS2_PLACEMENT_3D ( 'NONE', #5475, #8234, #7148 ) ;
#7721 = B_SPLINE_CURVE_WITH_KNOTS ( 'NONE', 3,
 ( #8670, #4388, #8714, #3865, #8755, #5099, #7349, #270 ),
 .UNSPECIFIED., .F., .F.,
 ( 4, 2, 2, 4 ),
 ( 0.000000000000000000, 0.2500000000000000000, 0.5000000000000000000, 1.000000000000000000 ),
 .UNSPECIFIED. ) ;
#7722 = CARTESIAN_POINT ( 'NONE',  ( 3.982282222419097018, -1.041368184748979298, -0.7672163920084325017 ) ) ;
#7723 = DIRECTION ( 'NONE',  ( 0.4226182617406838427, 0.000000000000000000, 0.9063077870366573752 ) ) ;
#7724 = ORIENTED_EDGE ( 'NONE', *, *, #4641, .F. ) ;
#7725 = AXIS2_PLACEMENT_3D ( 'NONE', #1993, #8386, #3264 ) ;
#7726 = ORIENTED_EDGE ( 'NONE', *, *, #6879, .F. ) ;
#7727 = FACE_OUTER_BOUND ( 'NONE', #8492, .T. ) ;
#7728 = AXIS2_PLACEMENT_3D ( 'NONE', #6322, #4009, #6974 ) ;
#7729 = CARTESIAN_POINT ( 'NONE',  ( 3.878474839888000236, -0.9194165683759000229, -0.6343490298142999695 ) ) ;
#7730 = ORIENTED_EDGE ( 'NONE', *, *, #8949, .T. ) ;
#7731 = EDGE_CURVE ( 'NONE', #6987, #7386, #4750, .T. ) ;
#7732 = DIRECTION ( 'NONE',  ( 0.000000000000000000, 0.000000000000000000, 1.000000000000000000 ) ) ;
#7733 = VECTOR ( 'NONE', #8808, 1000.000000000000000 ) ;
#7734 = VECTOR ( 'NONE', #6995, 1000.000000000000000 ) ;
#7735 = DIRECTION ( 'NONE',  ( 0.000000000000000000, 1.000000000000000000, 0.000000000000000000 ) ) ;
#7736 = VERTEX_POINT ( 'NONE', #6068 ) ;
#7737 = LINE ( 'NONE', #7039, #6418 ) ;
#7738 = VERTEX_POINT ( 'NONE', #4610 ) ;
#7739 = DIRECTION ( 'NONE',  ( 1.000000000000000000, 0.000000000000000000, 0.000000000000000000 ) ) ;
#7740 = EDGE_CURVE ( 'NONE', #2573, #9054, #8367, .T. ) ;
#7741 = AXIS2_PLACEMENT_3D ( 'NONE', #1763, #4628, #7493 ) ;
#7742 = EDGE_CURVE ( 'NONE', #6101, #6474, #2638, .T. ) ;
#7743 = CARTESIAN_POINT ( 'NONE',  ( -7.105026660317002474, -0.9780688856472004034, -1.464279097598001789 ) ) ;
#7744 = ORIENTED_EDGE ( 'NONE', *, *, #7318, .F. ) ;
#7745 = ADVANCED_FACE ( 'NONE', ( #2442 ), #4658, .T. ) ;
#7746 = CYLINDRICAL_SURFACE ( 'NONE', #8391, 0.4500000000000007327 ) ;
#7747 = CARTESIAN_POINT ( 'NONE',  ( -7.209612882019994728, 1.372184144185999433, -1.539300175921000546 ) ) ;
#7748 = CARTESIAN_POINT ( 'NONE',  ( 13.22500000000000142, 1.750000000000000000, -5.250000000000000000 ) ) ;
#7749 = DIRECTION ( 'NONE',  ( -0.8314794192830787800, 0.000000000000000000, 0.5555555555555843350 ) ) ;
#7750 = VERTEX_POINT ( 'NONE', #4702 ) ;
#7751 = ADVANCED_FACE ( 'NONE', ( #7665 ), #8978, .F. ) ;
#7752 = VECTOR ( 'NONE', #7935, 1000.000000000000000 ) ;
#7753 = CARTESIAN_POINT ( 'NONE',  ( 3.884860731232999687, -1.254846116183000015, -0.4737027722710000499 ) ) ;
#7754 = EDGE_CURVE ( 'NONE', #5309, #776, #8426, .T. ) ;
#7755 = VERTEX_POINT ( 'NONE', #1186 ) ;
#7756 = ORIENTED_EDGE ( 'NONE', *, *, #6518, .F. ) ;
#7757 = CIRCLE ( 'NONE', #6555, 0.2000000000000000111 ) ;
#7758 = LINE ( 'NONE', #4137, #5401 ) ;
#7759 = ORIENTED_EDGE ( 'NONE', *, *, #1650, .F. ) ;
#7760 = FACE_OUTER_BOUND ( 'NONE', #3671, .T. ) ;
#7761 = LINE ( 'NONE', #1333, #1430 ) ;
#7762 = LINE ( 'NONE', #4235, #1279 ) ;
#7763 = EDGE_LOOP ( 'NONE', ( #5061, #1146, #142, #4521, #2068, #3694, #6251, #3015, #7650, #6216, #4744, #2805, #7422, #1222 ) ) ;
#7764 = CARTESIAN_POINT ( 'NONE',  ( 3.888547787984999893, 1.037284566831000010, -0.5729719997036001322 ) ) ;
#7765 = ADVANCED_FACE ( 'NONE', ( #8171 ), #7524, .F. ) ;
#7766 = LINE ( 'NONE', #3951, #5720 ) ;
#7767 = EDGE_LOOP ( 'NONE', ( #8582, #3949, #4801, #5647 ) ) ;
#7768 = CARTESIAN_POINT ( 'NONE',  ( -7.310160513561999807, -1.224574780638000071, -1.489933501968000007 ) ) ;
#7769 = CARTESIAN_POINT ( 'NONE',  ( -7.492923726588999855, -6.669999999999999929, -0.1355388772212000048 ) ) ;
#7770 = CIRCLE ( 'NONE', #6272, 0.4200000000000003175 ) ;
#7771 = VERTEX_POINT ( 'NONE', #3904 ) ;
#7772 = CARTESIAN_POINT ( 'NONE',  ( 4.403105430786999896, -0.7149874937750000381, -1.140978902365999970 ) ) ;
#7773 = VECTOR ( 'NONE', #2014, 1000.000000000000000 ) ;
#7774 = DIRECTION ( 'NONE',  ( 0.000000000000000000, 0.000000000000000000, -1.000000000000000000 ) ) ;
#7775 = CARTESIAN_POINT ( 'NONE',  ( 6.246799180380000038, 8.000000000000000000, -4.000000000000000000 ) ) ;
#7776 = CARTESIAN_POINT ( 'NONE',  ( -0.2491314716374000149, 6.203565687858000111, -4.299999999999999822 ) ) ;
#7777 = VERTEX_POINT ( 'NONE', #6778 ) ;
#7778 = EDGE_LOOP ( 'NONE', ( #7105, #7205, #2021, #2277 ) ) ;
#7779 = DIRECTION ( 'NONE',  ( -0.9455185755993017471, 0.000000000000000000, 0.3255681544572003872 ) ) ;
#7780 = DIRECTION ( 'NONE',  ( 0.000000000000000000, 0.000000000000000000, 1.000000000000000000 ) ) ;
#7781 = AXIS2_PLACEMENT_3D ( 'NONE', #7413, #159, #817 ) ;
#7782 = ORIENTED_EDGE ( 'NONE', *, *, #6063, .F. ) ;
#7783 = CARTESIAN_POINT ( 'NONE',  ( 3.853116315182999685, 0.9863463684683000388, -0.5588381076089999899 ) ) ;
#7784 = CYLINDRICAL_SURFACE ( 'NONE', #6612, 0.2500000000000000000 ) ;
#7785 = ORIENTED_EDGE ( 'NONE', *, *, #4632, .F. ) ;
#7786 = DIRECTION ( 'NONE',  ( 0.000000000000000000, 0.000000000000000000, -1.000000000000000000 ) ) ;
#7787 = ORIENTED_EDGE ( 'NONE', *, *, #8656, .F. ) ;
#7788 = CARTESIAN_POINT ( 'NONE',  ( 8.860880754179305541, -5.052226319894747242, 0.000000000000000000 ) ) ;
#7789 = VECTOR ( 'NONE', #1128, 1000.000000000000000 ) ;
#7790 = ADVANCED_FACE ( 'NONE', ( #2545 ), #5418, .F. ) ;
#7791 = CARTESIAN_POINT ( 'NONE',  ( -7.374033688578988333, -1.248290846946998656, -1.463410141230998995 ) ) ;
#7792 = ORIENTED_EDGE ( 'NONE', *, *, #7449, .T. ) ;
#7793 = DIRECTION ( 'NONE',  ( 0.000000000000000000, 0.000000000000000000, -1.000000000000000000 ) ) ;
#7794 = AXIS2_PLACEMENT_3D ( 'NONE', #8443, #2899, #5765 ) ;
#7795 = AXIS2_PLACEMENT_3D ( 'NONE', #7419, #3851, #1647 ) ;
#7796 = CARTESIAN_POINT ( 'NONE',  ( -8.967661230918000825, -0.5307663039246000025, -4.000000000000000000 ) ) ;
#7797 = CARTESIAN_POINT ( 'NONE',  ( 11.57500000000000107, -1.600000000000000089, 0.000000000000000000 ) ) ;
#7798 = ORIENTED_EDGE ( 'NONE', *, *, #1277, .T. ) ;
#7799 = EDGE_CURVE ( 'NONE', #5966, #6091, #4492, .T. ) ;
#7800 = CARTESIAN_POINT ( 'NONE',  ( 3.959729874231000313, -1.324239320992000257, -0.6395739121983999853 ) ) ;
#7801 = AXIS2_PLACEMENT_3D ( 'NONE', #4999, #3496, #6970 ) ;
#7802 = EDGE_LOOP ( 'NONE', ( #882, #5735, #2065, #6429 ) ) ;
#7803 = EDGE_CURVE ( 'NONE', #8866, #4419, #2725, .T. ) ;
#7804 = CARTESIAN_POINT ( 'NONE',  ( -8.033381377886831487, 0.6783824365469953710, -1.342715520113911154 ) ) ;
#7805 = AXIS2_PLACEMENT_3D ( 'NONE', #6169, #1240, #1744 ) ;
#7806 = VERTEX_POINT ( 'NONE', #6213 ) ;
#7807 = FACE_OUTER_BOUND ( 'NONE', #8027, .T. ) ;
#7808 = DIRECTION ( 'NONE',  ( 0.9063077870366585964, 0.000000000000000000, -0.4226182617406808451 ) ) ;
#7809 = EDGE_CURVE ( 'NONE', #7024, #5966, #28, .T. ) ;
#7810 = CARTESIAN_POINT ( 'NONE',  ( -9.271763586287001147, 4.129999999999999893, -5.500000000000000000 ) ) ;
#7811 = VERTEX_POINT ( 'NONE', #7889 ) ;
#7812 = CARTESIAN_POINT ( 'NONE',  ( 3.975798609089000735, 1.175313809646999941, -0.7530742145999999027 ) ) ;
#7813 = DIRECTION ( 'NONE',  ( 1.000000000000000000, 0.000000000000000000, 0.000000000000000000 ) ) ;
#7814 = AXIS2_PLACEMENT_3D ( 'NONE', #7218, #3510, #7831 ) ;
#7815 = ORIENTED_EDGE ( 'NONE', *, *, #5897, .F. ) ;
#7816 = EDGE_CURVE ( 'NONE', #6355, #8731, #2119, .T. ) ;
#7817 = CIRCLE ( 'NONE', #3614, 0.2500000000000000000 ) ;
#7818 = CARTESIAN_POINT ( 'NONE',  ( 3.888327256579001912, -0.9051497723124004580, -0.6466964306756999292 ) ) ;
#7819 = ORIENTED_EDGE ( 'NONE', *, *, #8667, .F. ) ;
#7820 = CARTESIAN_POINT ( 'NONE',  ( 9.271763586287001147, -4.129999999999999893, -4.000000000000000000 ) ) ;
#7821 = DIRECTION ( 'NONE',  ( 0.9063077870366585964, 0.000000000000000000, -0.4226182617406808451 ) ) ;
#7822 = CIRCLE ( 'NONE', #4068, 0.2000000000000000111 ) ;
#7823 = FACE_OUTER_BOUND ( 'NONE', #1979, .T. ) ;
#7824 = CARTESIAN_POINT ( 'NONE',  ( 0.000000000000000000, 0.000000000000000000, 0.000000000000000000 ) ) ;
#7825 = ORIENTED_EDGE ( 'NONE', *, *, #3373, .T. ) ;
#7826 = ORIENTED_EDGE ( 'NONE', *, *, #6596, .T. ) ;
#7827 = DIRECTION ( 'NONE',  ( -1.000000000000000000, 0.000000000000000000, 0.000000000000000000 ) ) ;
#7828 = DIRECTION ( 'NONE',  ( -0.8090169943749183634, 0.000000000000000000, -0.5877852522925132162 ) ) ;
#7829 = ORIENTED_EDGE ( 'NONE', *, *, #1250, .T. ) ;
#7830 = CARTESIAN_POINT ( 'NONE',  ( 13.47500000000000142, -1.750000000000000000, -5.250000000000000000 ) ) ;
#7831 = DIRECTION ( 'NONE',  ( 0.7537660547584518200, 0.6571428571428579168, 0.000000000000000000 ) ) ;
#7832 = VERTEX_POINT ( 'NONE', #4989 ) ;
#7833 = CARTESIAN_POINT ( 'NONE',  ( 3.305221764409000063, -1.256642108036000183, -0.1855941842102000194 ) ) ;
#7834 = ORIENTED_EDGE ( 'NONE', *, *, #2287, .T. ) ;
#7835 = CARTESIAN_POINT ( 'NONE',  ( -7.374033688578988333, 1.248290846946998656, -1.463410141230998995 ) ) ;
#7836 = CARTESIAN_POINT ( 'NONE',  ( -12.77500000000000036, -2.600000000000000089, -5.500000000000000000 ) ) ;
#7837 = ORIENTED_EDGE ( 'NONE', *, *, #404, .T. ) ;
#7838 = LINE ( 'NONE', #1411, #2687 ) ;
#7839 = EDGE_CURVE ( 'NONE', #7591, #243, #6260, .T. ) ;
#7840 = CARTESIAN_POINT ( 'NONE',  ( -7.280520213861001011, -1.471080675627998602, -1.403851821158999646 ) ) ;
#7841 = CARTESIAN_POINT ( 'NONE',  ( 9.811345473480999502, 2.600000000000000089, -1.100000000000000089 ) ) ;
#7842 = VERTEX_POINT ( 'NONE', #9122 ) ;
#7843 = CARTESIAN_POINT ( 'NONE',  ( 3.908483195504000030, -1.276871860657999846, -0.5028130556737999690 ) ) ;
#7844 = ORIENTED_EDGE ( 'NONE', *, *, #1034, .F. ) ;
#7845 = EDGE_CURVE ( 'NONE', #3719, #6676, #1464, .T. ) ;
#7846 = CARTESIAN_POINT ( 'NONE',  ( -8.750000000000000000, 6.649999999999999467, -0.2500000000000000000 ) ) ;
#7847 = ORIENTED_EDGE ( 'NONE', *, *, #474, .T. ) ;
#7848 = LINE ( 'NONE', #8383, #8042 ) ;
#7849 = CARTESIAN_POINT ( 'NONE',  ( 3.716671441012999733, 1.750000000000000000, -0.7519060802727000059 ) ) ;
#7850 = CARTESIAN_POINT ( 'NONE',  ( -11.00000000000000000, -6.599999999999999645, 0.000000000000000000 ) ) ;
#7851 = CARTESIAN_POINT ( 'NONE',  ( -6.806523746035903599, 1.041061351736052965, -1.557277237152431493 ) ) ;
#7852 = ORIENTED_EDGE ( 'NONE', *, *, #5208, .T. ) ;
#7853 = CARTESIAN_POINT ( 'NONE',  ( 4.009601728595000303, 1.160887093794000124, -0.8004268868459999409 ) ) ;
#7854 = CARTESIAN_POINT ( 'NONE',  ( 13.22500000000000142, 2.000000000000000000, -5.250000000000000000 ) ) ;
#7855 = EDGE_CURVE ( 'NONE', #1843, #5495, #5033, .T. ) ;
#7856 = ORIENTED_EDGE ( 'NONE', *, *, #5704, .F. ) ;
#7857 = EDGE_CURVE ( 'NONE', #5072, #6583, #2694, .T. ) ;
#7858 = CARTESIAN_POINT ( 'NONE',  ( -7.179909470181000231, -6.669999999999999929, -0.4000000000000000222 ) ) ;
#7859 = VERTEX_POINT ( 'NONE', #6399 ) ;
#7860 = FACE_OUTER_BOUND ( 'NONE', #6242, .T. ) ;
#7861 = DIRECTION ( 'NONE',  ( 0.9803945787559743552, -0.1970443349753950579, 0.000000000000000000 ) ) ;
#7862 = CARTESIAN_POINT ( 'NONE',  ( 0.000000000000000000, 0.000000000000000000, -0.8000000000000000444 ) ) ;
#7863 = CARTESIAN_POINT ( 'NONE',  ( -13.02132084152999880, 0.2500000000000000000, -3.429120987151999866 ) ) ;
#7864 = ORIENTED_EDGE ( 'NONE', *, *, #1698, .T. ) ;
#7865 = DIRECTION ( 'NONE',  ( 0.000000000000000000, 0.000000000000000000, -1.000000000000000000 ) ) ;
#7866 = ADVANCED_FACE ( 'NONE', ( #4276 ), #9006, .F. ) ;
#7867 = ADVANCED_FACE ( 'NONE', ( #5560 ), #3487, .T. ) ;
#7868 = LINE ( 'NONE', #4110, #787 ) ;
#7869 = CARTESIAN_POINT ( 'NONE',  ( 3.896670713538999742, 1.020678214608999879, -0.6207595173868000193 ) ) ;
#7870 = VECTOR ( 'NONE', #4322, 1000.000000000000000 ) ;
#7871 = CARTESIAN_POINT ( 'NONE',  ( 11.00000000000000000, 3.500000000000000000, 0.000000000000000000 ) ) ;
#7872 = VECTOR ( 'NONE', #2060, 1000.000000000000000 ) ;
#7873 = AXIS2_PLACEMENT_3D ( 'NONE', #2216, #7821, #7251 ) ;
#7874 = ORIENTED_EDGE ( 'NONE', *, *, #1337, .T. ) ;
#7875 = DIRECTION ( 'NONE',  ( -1.000000000000000000, 0.000000000000000000, 0.000000000000000000 ) ) ;
#7876 = EDGE_LOOP ( 'NONE', ( #5271, #6246, #8611, #3859 ) ) ;
#7877 = DIRECTION ( 'NONE',  ( 0.000000000000000000, 0.000000000000000000, -1.000000000000000000 ) ) ;
#7878 = LINE ( 'NONE', #4307, #3608 ) ;
#7879 = ORIENTED_EDGE ( 'NONE', *, *, #179, .T. ) ;
#7880 = DIRECTION ( 'NONE',  ( 0.000000000000000000, 0.000000000000000000, 1.000000000000000000 ) ) ;
#7881 = CARTESIAN_POINT ( 'NONE',  ( 12.77500000000000036, -2.600000000000000089, -5.500000000000000000 ) ) ;
#7882 = ORIENTED_EDGE ( 'NONE', *, *, #1830, .T. ) ;
#7883 = AXIS2_PLACEMENT_3D ( 'NONE', #5166, #2525, #3052 ) ;
#7884 = CARTESIAN_POINT ( 'NONE',  ( 3.884382252111000078, -1.256565219092000030, -0.4730545427246000134 ) ) ;
#7885 = ORIENTED_EDGE ( 'NONE', *, *, #7232, .F. ) ;
#7886 = CARTESIAN_POINT ( 'NONE',  ( -13.42499999999999893, 1.000000000000000000, -4.500000000000000000 ) ) ;
#7887 = ORIENTED_EDGE ( 'NONE', *, *, #3220, .F. ) ;
#7888 = DIRECTION ( 'NONE',  ( -0.3251219746164996649, -0.05233595624293702064, -0.9442227752525383933 ) ) ;
#7889 = CARTESIAN_POINT ( 'NONE',  ( 3.571173375659999483, 0.7773277494350000483, -0.5516451736566999609 ) ) ;
#7890 = CARTESIAN_POINT ( 'NONE',  ( -0.1465673690733000079, 6.203565687858000111, -4.299999999999999822 ) ) ;
#7891 = PLANE ( 'NONE',  #7412 ) ;
#7892 = ORIENTED_EDGE ( 'NONE', *, *, #8989, .F. ) ;
#7893 = CARTESIAN_POINT ( 'NONE',  ( 4.018627483157000135, 1.253900009039999874, -0.8098911036022999888 ) ) ;
#7894 = DIRECTION ( 'NONE',  ( 0.000000000000000000, -1.000000000000000000, 0.000000000000000000 ) ) ;
#7895 = EDGE_CURVE ( 'NONE', #5773, #813, #4139, .T. ) ;
#7896 = ORIENTED_EDGE ( 'NONE', *, *, #3620, .T. ) ;
#7897 = AXIS2_PLACEMENT_3D ( 'NONE', #9053, #6241, #2614 ) ;
#7898 = PLANE ( 'NONE',  #3749 ) ;
#7899 = ORIENTED_EDGE ( 'NONE', *, *, #5391, .T. ) ;
#7900 = CARTESIAN_POINT ( 'NONE',  ( 5.000000000000000000, -6.669999999999999929, -5.500000000000000000 ) ) ;
#7901 = DIRECTION ( 'NONE',  ( -1.000000000000000000, 0.000000000000000000, 0.000000000000000000 ) ) ;
#7902 = VECTOR ( 'NONE', #5445, 1000.000000000000000 ) ;
#7903 = DIRECTION ( 'NONE',  ( 0.000000000000000000, 0.000000000000000000, -1.000000000000000000 ) ) ;
#7904 = CARTESIAN_POINT ( 'NONE',  ( -6.741410115144806703, 1.051542907591090259, -1.368173522032161582 ) ) ;
#7905 = EDGE_LOOP ( 'NONE', ( #3796, #5273, #2970, #5263 ) ) ;
#7906 = CYLINDRICAL_SURFACE ( 'NONE', #2233, 0.5199999999999996847 ) ;
#7907 = EDGE_CURVE ( 'NONE', #5299, #892, #2392, .T. ) ;
#7908 = B_SPLINE_CURVE_WITH_KNOTS ( 'NONE', 3,
 ( #893, #5861, #5, #3606, #143, #7919 ),
 .UNSPECIFIED., .F., .F.,
 ( 4, 1, 1, 4 ),
 ( 0.000000000000000000, 0.3333333333333000081, 0.6666666666667000474, 1.000000000000000000 ),
 .UNSPECIFIED. ) ;
#7909 = LINE ( 'NONE', #4432, #5264 ) ;
#7910 = VECTOR ( 'NONE', #7711, 1000.000000000000000 ) ;
#7911 = CARTESIAN_POINT ( 'NONE',  ( 3.908177676237999165, 1.143401677701999963, -0.5175736924223999225 ) ) ;
#7912 = EDGE_CURVE ( 'NONE', #1665, #437, #7707, .T. ) ;
#7913 = DIRECTION ( 'NONE',  ( 1.000000000000000000, 0.000000000000000000, 0.000000000000000000 ) ) ;
#7914 = CARTESIAN_POINT ( 'NONE',  ( -13.22500000000000142, -2.500000000000000000, -1.350000000000000089 ) ) ;
#7915 = VERTEX_POINT ( 'NONE', #592 ) ;
#7916 = DIRECTION ( 'NONE',  ( -0.7071067811865474617, 0.7071067811865474617, 0.000000000000000000 ) ) ;
#7917 = EDGE_CURVE ( 'NONE', #7771, #1424, #4896, .T. ) ;
#7918 = ORIENTED_EDGE ( 'NONE', *, *, #5064, .F. ) ;
#7919 = CARTESIAN_POINT ( 'NONE',  ( 8.887243667190000806, -4.129999999999999893, -0.4000000000000000222 ) ) ;
#7920 = CARTESIAN_POINT ( 'NONE',  ( -7.182705247767998458, -1.272537065287998814, -1.548565217402998684 ) ) ;
#7921 = ORIENTED_EDGE ( 'NONE', *, *, #1707, .F. ) ;
#7922 = DIRECTION ( 'NONE',  ( 0.000000000000000000, 0.000000000000000000, 1.000000000000000000 ) ) ;
#7923 = ADVANCED_FACE ( 'NONE', ( #7760 ), #1285, .T. ) ;
#7924 = AXIS2_PLACEMENT_3D ( 'NONE', #3209, #5428, #1705 ) ;
#7925 = CARTESIAN_POINT ( 'NONE',  ( -9.179185367155000108, -0.5271572148129000102, -4.000000000000000000 ) ) ;
#7926 = ORIENTED_EDGE ( 'NONE', *, *, #2979, .T. ) ;
#7927 = EDGE_CURVE ( 'NONE', #424, #255, #9209, .T. ) ;
#7928 = CARTESIAN_POINT ( 'NONE',  ( 3.893585016268000132, -1.372542078173000002, -0.4955093609156999701 ) ) ;
#7929 = AXIS2_PLACEMENT_3D ( 'NONE', #7830, #1403, #3465 ) ;
#7930 = VERTEX_POINT ( 'NONE', #2780 ) ;
#7931 = VECTOR ( 'NONE', #2609, 1000.000000000000000 ) ;
#7932 = CARTESIAN_POINT ( 'NONE',  ( 12.72499999999999964, 0.5000000000000000000, -4.450000000000000178 ) ) ;
#7933 = CARTESIAN_POINT ( 'NONE',  ( 3.871208751481999943, -1.254458537402999951, -0.4542179554287000265 ) ) ;
#7934 = ORIENTED_EDGE ( 'NONE', *, *, #6410, .F. ) ;
#7935 = DIRECTION ( 'NONE',  ( 0.000000000000000000, 0.000000000000000000, 1.000000000000000000 ) ) ;
#7936 = CARTESIAN_POINT ( 'NONE',  ( 0.000000000000000000, 0.000000000000000000, 0.000000000000000000 ) ) ;
#7937 = DIRECTION ( 'NONE',  ( 0.000000000000000000, -1.000000000000000000, 0.000000000000000000 ) ) ;
#7938 = CARTESIAN_POINT ( 'NONE',  ( 3.305221764409000063, -2.500000000000000000, -0.1855941842102000194 ) ) ;
#7939 = ORIENTED_EDGE ( 'NONE', *, *, #8678, .T. ) ;
#7940 = CARTESIAN_POINT ( 'NONE',  ( 3.925201744170000673, 1.544550710353999934, -0.7005195843411999856 ) ) ;
#7941 = AXIS2_PLACEMENT_3D ( 'NONE', #124, #6633, #3721 ) ;
#7942 = DIRECTION ( 'NONE',  ( 1.000000000000000000, 0.000000000000000000, 0.000000000000000000 ) ) ;
#7943 = ORIENTED_EDGE ( 'NONE', *, *, #1879, .T. ) ;
#7944 = CIRCLE ( 'NONE', #2243, 0.2285786437626997902 ) ;
#7945 = CARTESIAN_POINT ( 'NONE',  ( 3.726937912494999949, 1.254458537404001373, -0.3007243012758002432 ) ) ;
#7946 = VERTEX_POINT ( 'NONE', #5651 ) ;
#7947 = DIRECTION ( 'NONE',  ( -1.000000000000000000, 0.000000000000000000, 0.000000000000000000 ) ) ;
#7948 = CARTESIAN_POINT ( 'NONE',  ( 10.06152461273999954, -2.500000000000000000, -5.198874422160999487 ) ) ;
#7949 = CARTESIAN_POINT ( 'NONE',  ( -5.000000000000000000, 6.669999999999999929, -4.000000000000000000 ) ) ;
#7950 = CARTESIAN_POINT ( 'NONE',  ( 0.000000000000000000, 0.000000000000000000, -1.100000000000000089 ) ) ;
#7951 = DIRECTION ( 'NONE',  ( 0.3255681544572004427, 0.000000000000000000, 0.9455185755993018581 ) ) ;
#7952 = AXIS2_PLACEMENT_3D ( 'NONE', #7394, #272, #7257 ) ;
#7953 = AXIS2_PLACEMENT_3D ( 'NONE', #201, #6661, #153 ) ;
#7954 = EDGE_CURVE ( 'NONE', #6680, #325, #5409, .T. ) ;
#7955 = FACE_OUTER_BOUND ( 'NONE', #3521, .T. ) ;
#7956 = LINE ( 'NONE', #2311, #8986 ) ;
#7957 = AXIS2_PLACEMENT_3D ( 'NONE', #6726, #5887, #5975 ) ;
#7958 = DIRECTION ( 'NONE',  ( 0.000000000000000000, 0.000000000000000000, 1.000000000000000000 ) ) ;
#7959 = ADVANCED_FACE ( 'NONE', ( #7807 ), #1381, .T. ) ;
#7960 = CARTESIAN_POINT ( 'NONE',  ( -7.060091228687999099, 1.144478331339001009, -1.479751607522999279 ) ) ;
#7961 = CARTESIAN_POINT ( 'NONE',  ( 3.878474839888000236, -0.7589170748061000449, -0.6343490298142000494 ) ) ;
#7962 = VECTOR ( 'NONE', #6189, 1000.000000000000000 ) ;
#7963 = VERTEX_POINT ( 'NONE', #8560 ) ;
#7964 = DIRECTION ( 'NONE',  ( -0.9063077870366585964, 0.000000000000000000, -0.4226182617406808451 ) ) ;
#7965 = AXIS2_PLACEMENT_3D ( 'NONE', #6864, #6167, #3346 ) ;
#7966 = EDGE_CURVE ( 'NONE', #6279, #3740, #6304, .T. ) ;
#7967 = DIRECTION ( 'NONE',  ( 0.000000000000000000, 0.000000000000000000, -1.000000000000000000 ) ) ;
#7968 = ORIENTED_EDGE ( 'NONE', *, *, #3036, .T. ) ;
#7969 = EDGE_CURVE ( 'NONE', #2895, #9117, #2143, .T. ) ;
#7970 = DIRECTION ( 'NONE',  ( 0.000000000000000000, -1.000000000000000000, 0.000000000000000000 ) ) ;
#7971 = DIRECTION ( 'NONE',  ( -1.000000000000000000, 0.000000000000000000, 0.000000000000000000 ) ) ;
#7972 = VERTEX_POINT ( 'NONE', #6532 ) ;
#7973 = CARTESIAN_POINT ( 'NONE',  ( 3.902523934252999815, -1.217295340134999959, -0.4945482982648000680 ) ) ;
#7974 = EDGE_CURVE ( 'NONE', #8298, #3842, #6176, .T. ) ;
#7975 = ORIENTED_EDGE ( 'NONE', *, *, #2166, .T. ) ;
#7976 = EDGE_CURVE ( 'NONE', #1746, #7231, #2859, .T. ) ;
#7977 = CARTESIAN_POINT ( 'NONE',  ( -7.637973426245000752, 0.6991495612755999067, -1.059772259783000159 ) ) ;
#7978 = DIRECTION ( 'NONE',  ( -0.5877852522925135492, 0.000000000000000000, 0.8090169943749180304 ) ) ;
#7979 = CARTESIAN_POINT ( 'NONE',  ( 3.888248258867000651, 0.9053676588549999238, -0.6466252040111997168 ) ) ;
#7980 = DIRECTION ( 'NONE',  ( 0.000000000000000000, 0.000000000000000000, 1.000000000000000000 ) ) ;
#7981 = CARTESIAN_POINT ( 'NONE',  ( -7.811522204188959151, 0.6975407610731350072, -1.032481184342178615 ) ) ;
#7982 = CARTESIAN_POINT ( 'NONE',  ( -7.650665022341000210, 6.669947313341000772, -9.162897194059000674E-05 ) ) ;
#7983 = LINE ( 'NONE', #3710, #5777 ) ;
#7984 = ORIENTED_EDGE ( 'NONE', *, *, #8707, .F. ) ;
#7985 = DIRECTION ( 'NONE',  ( -0.8090169943749183634, 0.000000000000000000, -0.5877852522925132162 ) ) ;
#7986 = CARTESIAN_POINT ( 'NONE',  ( 10.87500000000000000, 2.000000000000000000, -1.350000000000000089 ) ) ;
#7987 = ORIENTED_EDGE ( 'NONE', *, *, #7193, .T. ) ;
#7988 = ORIENTED_EDGE ( 'NONE', *, *, #2273, .T. ) ;
#7989 = CARTESIAN_POINT ( 'NONE',  ( 3.972541400551998336, 1.247590721285999571, -0.6387685018422998295 ) ) ;
#7990 = ORIENTED_EDGE ( 'NONE', *, *, #2971, .F. ) ;
#7991 = CARTESIAN_POINT ( 'NONE',  ( 7.492923727312000182, -6.669999999999999929, -0.6644611246443000718 ) ) ;
#7992 = DIRECTION ( 'NONE',  ( -1.000000000000000000, 0.000000000000000000, 0.000000000000000000 ) ) ;
#7993 = CARTESIAN_POINT ( 'NONE',  ( 3.893283871378000249, 1.578471968286999871, -0.6545344072813000791 ) ) ;
#7994 = CARTESIAN_POINT ( 'NONE',  ( 13.34916573867999823, -2.000000000000000000, -1.100000000000000089 ) ) ;
#7995 = DIRECTION ( 'NONE',  ( 1.000000000000000000, 0.000000000000000000, 0.000000000000000000 ) ) ;
#7996 = ORIENTED_EDGE ( 'NONE', *, *, #7495, .F. ) ;
#7997 = DIRECTION ( 'NONE',  ( 0.000000000000000000, 0.000000000000000000, -1.000000000000000000 ) ) ;
#7998 = DIRECTION ( 'NONE',  ( 0.000000000000000000, 1.000000000000000000, 0.000000000000000000 ) ) ;
#7999 = DIRECTION ( 'NONE',  ( 0.000000000000000000, 0.000000000000000000, -1.000000000000000000 ) ) ;
#8000 = DIRECTION ( 'NONE',  ( -1.000000000000000000, 0.000000000000000000, 0.000000000000000000 ) ) ;
#8001 = CARTESIAN_POINT ( 'NONE',  ( -7.557971813094999547, 1.320012808054998654, -1.308317574190999810 ) ) ;
#8002 = CARTESIAN_POINT ( 'NONE',  ( 3.467025163283694145, -1.175080732361524660, -0.06803713375131802132 ) ) ;
#8003 = CARTESIAN_POINT ( 'NONE',  ( -13.35941545092999938, -0.5000000000000000000, -4.154167216782000516 ) ) ;
#8004 = ORIENTED_EDGE ( 'NONE', *, *, #7444, .T. ) ;
#8005 = CARTESIAN_POINT ( 'NONE',  ( -7.303515594625001661, 1.008260968424999682, -1.470635256110001343 ) ) ;
#8006 = EDGE_CURVE ( 'NONE', #2214, #7356, #7634, .T. ) ;
#8007 = CARTESIAN_POINT ( 'NONE',  ( -8.246386111734995694, -0.6773129865742668620, -1.290954255721073585 ) ) ;
#8008 = ORIENTED_EDGE ( 'NONE', *, *, #2172, .F. ) ;
#8009 = CARTESIAN_POINT ( 'NONE',  ( -9.271763586287001147, -4.129999999999999893, -0.8000000000000000444 ) ) ;
#8010 = AXIS2_PLACEMENT_3D ( 'NONE', #821, #6533, #2295 ) ;
#8011 = ADVANCED_FACE ( 'NONE', ( #6491 ), #71, .T. ) ;
#8012 = FACE_OUTER_BOUND ( 'NONE', #1161, .T. ) ;
#8013 = ORIENTED_EDGE ( 'NONE', *, *, #2919, .T. ) ;
#8014 = ADVANCED_FACE ( 'NONE', ( #3760 ), #5920, .T. ) ;
#8015 = CIRCLE ( 'NONE', #841, 0.3000000000000000444 ) ;
#8016 = CYLINDRICAL_SURFACE ( 'NONE', #7953, 0.2500000000000000000 ) ;
#8017 = EDGE_CURVE ( 'NONE', #2704, #8366, #671, .T. ) ;
#8018 = ORIENTED_EDGE ( 'NONE', *, *, #6076, .T. ) ;
#8019 = CARTESIAN_POINT ( 'NONE',  ( -10.25000000000000000, 6.649999999999999467, -0.5000000000000000000 ) ) ;
#8020 = CARTESIAN_POINT ( 'NONE',  ( -10.52888579085999865, 2.000000000000000000, -4.000000000000000000 ) ) ;
#8021 = AXIS2_PLACEMENT_3D ( 'NONE', #2189, #757, #4393 ) ;
#8022 = DIRECTION ( 'NONE',  ( 1.000000000000000000, 0.000000000000000000, 0.000000000000000000 ) ) ;
#8023 = EDGE_CURVE ( 'NONE', #586, #7409, #9152, .T. ) ;
#8024 = CARTESIAN_POINT ( 'NONE',  ( -7.703087057135999949, -1.750000000000000000, -1.248875974902999841 ) ) ;
#8025 = CARTESIAN_POINT ( 'NONE',  ( -8.142569071154404980, 0.6851989608560852263, -1.167557599225309106 ) ) ;
#8026 = CARTESIAN_POINT ( 'NONE',  ( -9.271690348168998952, 4.129967376926000355, -9.162897194059000674E-05 ) ) ;
#8027 = EDGE_LOOP ( 'NONE', ( #8892, #3830, #9230, #3044, #3345, #4953, #9125, #106, #8881, #8174, #7918, #3504, #120 ) ) ;
#8028 = CARTESIAN_POINT ( 'NONE',  ( 11.57500000000000107, -1.600000000000000089, -1.100000000000000089 ) ) ;
#8029 = EDGE_CURVE ( 'NONE', #1789, #467, #1452, .T. ) ;
#8030 = PLANE ( 'NONE',  #15 ) ;
#8031 = CIRCLE ( 'NONE', #403, 0.4500000000000007327 ) ;
#8032 = ORIENTED_EDGE ( 'NONE', *, *, #2460, .T. ) ;
#8033 = ORIENTED_EDGE ( 'NONE', *, *, #9106, .F. ) ;
#8034 = CARTESIAN_POINT ( 'NONE',  ( 3.878888949504000205, -1.020319755455999955, -0.5782089489127999471 ) ) ;
#8035 = ORIENTED_EDGE ( 'NONE', *, *, #4169, .T. ) ;
#8036 = EDGE_CURVE ( 'NONE', #2475, #59, #5637, .T. ) ;
#8037 = CARTESIAN_POINT ( 'NONE',  ( -8.967661230918000825, -1.750000000000000000, -4.000000000000000000 ) ) ;
#8038 = FACE_OUTER_BOUND ( 'NONE', #2762, .T. ) ;
#8039 = LINE ( 'NONE', #3725, #1325 ) ;
#8040 = DIRECTION ( 'NONE',  ( 1.000000000000000000, 0.000000000000000000, 0.000000000000000000 ) ) ;
#8041 = CARTESIAN_POINT ( 'NONE',  ( 3.881086740649999811, -1.020165291654999917, -0.5894303807422001107 ) ) ;
#8042 = VECTOR ( 'NONE', #1156, 1000.000000000000000 ) ;
#8043 = ORIENTED_EDGE ( 'NONE', *, *, #7506, .F. ) ;
#8044 = CARTESIAN_POINT ( 'NONE',  ( -8.084413076152999977, -1.750000000000000000, -1.434861101244999881 ) ) ;
#8045 = CARTESIAN_POINT ( 'NONE',  ( 13.34916573867999823, 2.000000000000000000, -1.100000000000000089 ) ) ;
#8046 = CARTESIAN_POINT ( 'NONE',  ( -9.271763586287001147, -4.129999999999999893, -5.500000000000000000 ) ) ;
#8047 = LINE ( 'NONE', #3784, #7213 ) ;
#8048 = FACE_OUTER_BOUND ( 'NONE', #5084, .T. ) ;
#8049 = DIRECTION ( 'NONE',  ( 0.000000000000000000, 0.000000000000000000, 1.000000000000000000 ) ) ;
#8050 = CARTESIAN_POINT ( 'NONE',  ( 13.22500000000000142, -0.5000000000000000000, -4.450000000000000178 ) ) ;
#8051 = VERTEX_POINT ( 'NONE', #8542 ) ;
#8052 = DIRECTION ( 'NONE',  ( -0.7537660547584518200, -0.6571428571428579168, 0.000000000000000000 ) ) ;
#8053 = AXIS2_PLACEMENT_3D ( 'NONE', #2508, #8049, #8236 ) ;
#8054 = DIRECTION ( 'NONE',  ( 0.5591929034707341373, 0.000000000000000000, 0.8290375725550501729 ) ) ;
#8055 = VERTEX_POINT ( 'NONE', #6428 ) ;
#8056 = DIRECTION ( 'NONE',  ( 0.000000000000000000, 1.000000000000000000, 0.000000000000000000 ) ) ;
#8057 = B_SPLINE_CURVE_WITH_KNOTS ( 'NONE', 3,
 ( #8026, #8693, #1514, #7982 ),
 .UNSPECIFIED., .F., .F.,
 ( 4, 4 ),
 ( 0.000000000000000000, 1.000000000000000000 ),
 .UNSPECIFIED. ) ;
#8058 = CARTESIAN_POINT ( 'NONE',  ( -7.003068614626996258, -1.320012808054998654, -1.499386068126000726 ) ) ;
#8059 = ADVANCED_FACE ( 'NONE', ( #5772 ), #7043, .T. ) ;
#8060 = ORIENTED_EDGE ( 'NONE', *, *, #3506, .T. ) ;
#8061 = CARTESIAN_POINT ( 'NONE',  ( 3.883847285360999546, -1.127569511177999972, -0.4819994434184999843 ) ) ;
#8062 = ORIENTED_EDGE ( 'NONE', *, *, #217, .F. ) ;
#8063 = CARTESIAN_POINT ( 'NONE',  ( 3.880320082974000329, 1.502295411386001645, -0.6182581488970001482 ) ) ;
#8064 = VECTOR ( 'NONE', #3915, 1000.000000000000000 ) ;
#8065 = AXIS2_PLACEMENT_3D ( 'NONE', #3960, #3920, #5185 ) ;
#8066 = CARTESIAN_POINT ( 'NONE',  ( 7.492923727316000537, 6.669999999999999929, -0.6644611246482000633 ) ) ;
#8067 = LINE ( 'NONE', #1640, #4621 ) ;
#8068 = CARTESIAN_POINT ( 'NONE',  ( 4.040278238763000296, -1.589500506429999849, -0.5167919793556999819 ) ) ;
#8069 = DIRECTION ( 'NONE',  ( 0.6154481951113739413, 0.7881773399014667669, 0.000000000000000000 ) ) ;
#8070 = FACE_OUTER_BOUND ( 'NONE', #2244, .T. ) ;
#8071 = ADVANCED_FACE ( 'NONE', ( #4880 ), #4261, .F. ) ;
#8072 = ORIENTED_EDGE ( 'NONE', *, *, #1151, .F. ) ;
#8073 = CARTESIAN_POINT ( 'NONE',  ( -7.212490067225000523, -0.6991495612755999067, -1.206277929287999928 ) ) ;
#8074 = CARTESIAN_POINT ( 'NONE',  ( 13.42499999999999893, 1.750000000000000000, -5.250000000000000000 ) ) ;
#8075 = VECTOR ( 'NONE', #8908, 1000.000000000000000 ) ;
#8076 = VECTOR ( 'NONE', #5718, 1000.000000000000000 ) ;
#8077 = ADVANCED_FACE ( 'NONE', ( #5065 ), #443, .T. ) ;
#8078 = VERTEX_POINT ( 'NONE', #624 ) ;
#8079 = VERTEX_POINT ( 'NONE', #761 ) ;
#8080 = EDGE_CURVE ( 'NONE', #4064, #7750, #3473, .T. ) ;
#8081 = CARTESIAN_POINT ( 'NONE',  ( 3.888250914997000152, -1.028022251788000219, -0.5909754783998000249 ) ) ;
#8082 = ORIENTED_EDGE ( 'NONE', *, *, #4179, .F. ) ;
#8083 = VECTOR ( 'NONE', #5360, 1000.000000000000000 ) ;
#8084 = LINE ( 'NONE', #1656, #8715 ) ;
#8085 = VECTOR ( 'NONE', #3194, 1000.000000000000000 ) ;
#8086 = CARTESIAN_POINT ( 'NONE',  ( -13.42499999999999893, 1.000000000000000000, -3.600000000000000089 ) ) ;
#8087 = VERTEX_POINT ( 'NONE', #6340 ) ;
#8088 = FACE_OUTER_BOUND ( 'NONE', #6020, .T. ) ;
#8089 = CARTESIAN_POINT ( 'NONE',  ( 3.965733412062999896, -1.320395368935000091, -0.6953649425657000283 ) ) ;
#8090 = EDGE_CURVE ( 'NONE', #5110, #729, #7878, .T. ) ;
#8091 = VECTOR ( 'NONE', #5097, 1000.000000000000000 ) ;
#8092 = ORIENTED_EDGE ( 'NONE', *, *, #2341, .F. ) ;
#8093 = CARTESIAN_POINT ( 'NONE',  ( 12.77500000000000036, -1.550000000000000044, -0.9000000000000000222 ) ) ;
#8094 = CARTESIAN_POINT ( 'NONE',  ( -9.811345473480999502, -2.600000000000000089, -1.100000000000000089 ) ) ;
#8095 = CARTESIAN_POINT ( 'NONE',  ( 8.641778518293998346, 1.750000000000000000, -4.000000000000000000 ) ) ;
#8096 = DIRECTION ( 'NONE',  ( 0.000000000000000000, 0.000000000000000000, 1.000000000000000000 ) ) ;
#8097 = DIRECTION ( 'NONE',  ( 0.5877852522925132162, 0.000000000000000000, -0.8090169943749183634 ) ) ;
#8098 = VECTOR ( 'NONE', #5747, 1000.000000000000000 ) ;
#8099 = LINE ( 'NONE', #5991, #8202 ) ;
#8100 = DIRECTION ( 'NONE',  ( 1.000000000000000000, 0.000000000000000000, 0.000000000000000000 ) ) ;
#8101 = ORIENTED_EDGE ( 'NONE', *, *, #8891, .T. ) ;
#8102 = DIRECTION ( 'NONE',  ( -0.9063077870366585964, 0.000000000000000000, 0.4226182617406808451 ) ) ;
#8103 = CIRCLE ( 'NONE', #4054, 0.2999999999999999334 ) ;
#8104 = AXIS2_PLACEMENT_3D ( 'NONE', #3645, #3467, #2802 ) ;
#8105 = LINE ( 'NONE', #9049, #5419 ) ;
#8106 = VERTEX_POINT ( 'NONE', #9031 ) ;
#8107 = CARTESIAN_POINT ( 'NONE',  ( 3.929029426573999562, 1.436287964642999793, -0.6630690751253000004 ) ) ;
#8108 = VECTOR ( 'NONE', #4724, 1000.000000000000000 ) ;
#8109 = CARTESIAN_POINT ( 'NONE',  ( 12.97499999999999964, 2.000000000000000000, -1.350000000000000089 ) ) ;
#8110 = EDGE_LOOP ( 'NONE', ( #4071, #9153, #1116, #466, #4669, #6288 ) ) ;
#8111 = VECTOR ( 'NONE', #1249, 1000.000000000000000 ) ;
#8112 = CARTESIAN_POINT ( 'NONE',  ( 3.870833349666999990, -1.005065190332999903, -0.5846610005839999458 ) ) ;
#8113 = ORIENTED_EDGE ( 'NONE', *, *, #3952, .T. ) ;
#8114 = ADVANCED_FACE ( 'NONE', ( #6963 ), #1932, .T. ) ;
#8115 = CARTESIAN_POINT ( 'NONE',  ( 3.587358685508999834, 1.750000000000000000, -0.5739223415101999404 ) ) ;
#8116 = CARTESIAN_POINT ( 'NONE',  ( 3.632300324294001737, -1.807300755073000031, -0.2748419357909998584 ) ) ;
#8117 = CARTESIAN_POINT ( 'NONE',  ( 3.889543314839000399, 1.017098243411000302, -0.6305842907208996095 ) ) ;
#8118 = DIRECTION ( 'NONE',  ( 0.000000000000000000, 0.000000000000000000, 1.000000000000000000 ) ) ;
#8119 = FACE_OUTER_BOUND ( 'NONE', #5572, .T. ) ;
#8120 = ORIENTED_EDGE ( 'NONE', *, *, #5320, .T. ) ;
#8121 = CARTESIAN_POINT ( 'NONE',  ( 9.271763586287001147, -4.129999999999999893, -5.500000000000000000 ) ) ;
#8122 = ORIENTED_EDGE ( 'NONE', *, *, #34, .T. ) ;
#8123 = EDGE_CURVE ( 'NONE', #6048, #2240, #2551, .T. ) ;
#8124 = ORIENTED_EDGE ( 'NONE', *, *, #3393, .T. ) ;
#8125 = B_SPLINE_CURVE_WITH_KNOTS ( 'NONE', 3,
 ( #1083, #3931, #6803, #8297, #3231, #6102, #4686, #7550, #1125 ),
 .UNSPECIFIED., .F., .F.,
 ( 4, 1, 1, 1, 1, 1, 4 ),
 ( 0.000000000000000000, 0.2499999999987351784, 0.3749999999992867372, 0.4999999999997056244, 0.6250000000002573497, 0.7500000000008091305, 1.000000000000000000 ),
 .UNSPECIFIED. ) ;
#8126 = CARTESIAN_POINT ( 'NONE',  ( 3.860489838736998802, 1.220199332212999810, -0.4401334671806002574 ) ) ;
#8127 = ORIENTED_EDGE ( 'NONE', *, *, #8444, .T. ) ;
#8128 = CARTESIAN_POINT ( 'NONE',  ( 7.598039598221000723, -6.669999999999999929, -0.7546139302773999802 ) ) ;
#8129 = LINE ( 'NONE', #7427, #7561 ) ;
#8130 = ORIENTED_EDGE ( 'NONE', *, *, #3341, .F. ) ;
#8131 = DIRECTION ( 'NONE',  ( 1.000000000000000000, 0.000000000000000000, 0.000000000000000000 ) ) ;
#8132 = EDGE_CURVE ( 'NONE', #8723, #1136, #1886, .T. ) ;
#8133 = DIRECTION ( 'NONE',  ( 0.000000000000000000, 0.000000000000000000, -1.000000000000000000 ) ) ;
#8134 = EDGE_CURVE ( 'NONE', #3548, #1220, #8220, .T. ) ;
#8135 = VERTEX_POINT ( 'NONE', #6119 ) ;
#8136 = CARTESIAN_POINT ( 'NONE',  ( -7.637973426245000752, -0.6991495612755999067, -1.059772259783000159 ) ) ;
#8137 = DIRECTION ( 'NONE',  ( 1.000000000000000000, 0.000000000000000000, 0.000000000000000000 ) ) ;
#8138 = DIRECTION ( 'NONE',  ( 0.000000000000000000, -1.000000000000000000, 0.000000000000000000 ) ) ;
#8139 = PLANE ( 'NONE',  #783 ) ;
#8140 = DIRECTION ( 'NONE',  ( 0.000000000000000000, -1.000000000000000000, 0.000000000000000000 ) ) ;
#8141 = DIRECTION ( 'NONE',  ( 0.9063077870366588185, 0.000000000000000000, 0.4226182617406802899 ) ) ;
#8142 = LINE ( 'NONE', #324, #8627 ) ;
#8143 = EDGE_CURVE ( 'NONE', #1849, #4583, #3994, .T. ) ;
#8144 = ORIENTED_EDGE ( 'NONE', *, *, #2056, .F. ) ;
#8145 = DIRECTION ( 'NONE',  ( 0.000000000000000000, 0.000000000000000000, -1.000000000000000000 ) ) ;
#8146 = EDGE_CURVE ( 'NONE', #776, #1704, #6751, .T. ) ;
#8147 = ADVANCED_FACE ( 'NONE', ( #3201 ), #356, .T. ) ;
#8148 = CARTESIAN_POINT ( 'NONE',  ( 11.52500000000000036, -1.550000000000000044, -1.100000000000000089 ) ) ;
#8149 = EDGE_LOOP ( 'NONE', ( #3486, #5633, #2698, #5621 ) ) ;
#8150 = CARTESIAN_POINT ( 'NONE',  ( 3.889243695321999539, 1.260731348618000069, -0.4792202546602999935 ) ) ;
#8151 = ORIENTED_EDGE ( 'NONE', *, *, #122, .T. ) ;
#8152 = FACE_OUTER_BOUND ( 'NONE', #3894, .T. ) ;
#8153 = VERTEX_POINT ( 'NONE', #6069 ) ;
#8154 = CARTESIAN_POINT ( 'NONE',  ( 3.967353881867999643, -1.254219703041000056, -0.6492307388775999666 ) ) ;
#8155 = ORIENTED_EDGE ( 'NONE', *, *, #349, .F. ) ;
#8156 = DIRECTION ( 'NONE',  ( 1.000000000000000000, 0.000000000000000000, 0.000000000000000000 ) ) ;
#8157 = CARTESIAN_POINT ( 'NONE',  ( 3.957208942551003528, -1.816386182407999428, -0.7220402837647995620 ) ) ;
#8158 = AXIS2_PLACEMENT_3D ( 'NONE', #4046, #1933, #595 ) ;
#8159 = LINE ( 'NONE', #8918, #7034 ) ;
#8160 = DIRECTION ( 'NONE',  ( 0.000000000000000000, -1.000000000000000000, 0.000000000000000000 ) ) ;
#8161 = DIRECTION ( 'NONE',  ( 0.000000000000000000, 1.000000000000000000, 0.000000000000000000 ) ) ;
#8162 = ORIENTED_EDGE ( 'NONE', *, *, #8989, .T. ) ;
#8163 = VECTOR ( 'NONE', #3407, 1000.000000000000000 ) ;
#8164 = CARTESIAN_POINT ( 'NONE',  ( 9.650000000000000355, -5.750000000000000000, -0.2500000000000000000 ) ) ;
#8165 = ORIENTED_EDGE ( 'NONE', *, *, #6663, .F. ) ;
#8166 = VECTOR ( 'NONE', #6548, 1000.000000000000000 ) ;
#8167 = ORIENTED_EDGE ( 'NONE', *, *, #3024, .F. ) ;
#8168 = VECTOR ( 'NONE', #3034, 1000.000000000000000 ) ;
#8169 = CARTESIAN_POINT ( 'NONE',  ( -12.94571384956000060, -0.5000000000000000000, -3.740221586259000031 ) ) ;
#8170 = ORIENTED_EDGE ( 'NONE', *, *, #8296, .F. ) ;
#8171 = FACE_OUTER_BOUND ( 'NONE', #1797, .T. ) ;
#8172 = CARTESIAN_POINT ( 'NONE',  ( 0.000000000000000000, 0.000000000000000000, 0.000000000000000000 ) ) ;
#8173 = DIRECTION ( 'NONE',  ( -0.000000000000000000, 1.000000000000000000, 0.000000000000000000 ) ) ;
#8174 = ORIENTED_EDGE ( 'NONE', *, *, #6663, .T. ) ;
#8175 = DIRECTION ( 'NONE',  ( 0.000000000000000000, 0.000000000000000000, 1.000000000000000000 ) ) ;
#8176 = LINE ( 'NONE', #1060, #6077 ) ;
#8177 = EDGE_CURVE ( 'NONE', #3771, #6769, #4660, .T. ) ;
#8178 = DIRECTION ( 'NONE',  ( 1.000000000000000000, 0.000000000000000000, 0.000000000000000000 ) ) ;
#8179 = VERTEX_POINT ( 'NONE', #447 ) ;
#8180 = DIRECTION ( 'NONE',  ( 0.000000000000000000, 0.000000000000000000, 1.000000000000000000 ) ) ;
#8181 = PLANE ( 'NONE',  #6746 ) ;
#8182 = LINE ( 'NONE', #3170, #785 ) ;
#8183 = DIRECTION ( 'NONE',  ( -1.156482317318000033E-14, 0.000000000000000000, 1.000000000000000000 ) ) ;
#8184 = DIRECTION ( 'NONE',  ( 1.000000000000000000, 0.000000000000000000, 0.000000000000000000 ) ) ;
#8185 = CARTESIAN_POINT ( 'NONE',  ( 3.305221764409000063, -2.500000000000000000, -0.1855941842102000194 ) ) ;
#8186 = LINE ( 'NONE', #231, #7733 ) ;
#8187 = EDGE_CURVE ( 'NONE', #8569, #5516, #2706, .T. ) ;
#8188 = VECTOR ( 'NONE', #2293, 1000.000000000000000 ) ;
#8189 = EDGE_LOOP ( 'NONE', ( #2776, #3490, #4056, #4328 ) ) ;
#8190 = ORIENTED_EDGE ( 'NONE', *, *, #940, .F. ) ;
#8191 = CARTESIAN_POINT ( 'NONE',  ( -7.003068614626996258, 1.129136753219998512, -1.499386068126000726 ) ) ;
#8192 = CARTESIAN_POINT ( 'NONE',  ( 13.42499999999999893, 1.750000000000000000, -5.250000000000000000 ) ) ;
#8193 = EDGE_CURVE ( 'NONE', #1407, #4872, #5250, .T. ) ;
#8194 = VERTEX_POINT ( 'NONE', #5465 ) ;
#8195 = AXIS2_PLACEMENT_3D ( 'NONE', #6847, #3229, #5247 ) ;
#8196 = CARTESIAN_POINT ( 'NONE',  ( 3.946798606941999576, 1.117807298720000064, -0.6613582498057000159 ) ) ;
#8197 = AXIS2_PLACEMENT_3D ( 'NONE', #5990, #4487, #4672 ) ;
#8198 = ADVANCED_FACE ( 'NONE', ( #7473 ), #8979, .T. ) ;
#8199 = EDGE_LOOP ( 'NONE', ( #4164, #6755, #6488, #5131, #8882 ) ) ;
#8200 = CARTESIAN_POINT ( 'NONE',  ( -7.243498353379991705, -1.200858714328998378, -1.508357061649999942 ) ) ;
#8201 = ORIENTED_EDGE ( 'NONE', *, *, #4252, .T. ) ;
#8202 = VECTOR ( 'NONE', #2416, 1000.000000000000000 ) ;
#8203 = CARTESIAN_POINT ( 'NONE',  ( 3.716671441012999733, -0.7631008444281001113, -0.7519060802727000059 ) ) ;
#8204 = EDGE_CURVE ( 'NONE', #1836, #5470, #5840, .T. ) ;
#8205 = EDGE_LOOP ( 'NONE', ( #268, #2500, #32, #8127 ) ) ;
#8206 = LINE ( 'NONE', #1779, #4032 ) ;
#8207 = VECTOR ( 'NONE', #7163, 1000.000000000000000 ) ;
#8208 = VECTOR ( 'NONE', #8648, 1000.000000000000114 ) ;
#8209 = LINE ( 'NONE', #6248, #8214 ) ;
#8210 = CARTESIAN_POINT ( 'NONE',  ( -13.02132084152999880, -0.2500000000000000000, -3.429120987151999866 ) ) ;
#8211 = LINE ( 'NONE', #7654, #9216 ) ;
#8212 = ORIENTED_EDGE ( 'NONE', *, *, #8959, .T. ) ;
#8213 = DIRECTION ( 'NONE',  ( 0.000000000000000000, 0.000000000000000000, 1.000000000000000000 ) ) ;
#8214 = VECTOR ( 'NONE', #7462, 1000.000000000000000 ) ;
#8215 = VERTEX_POINT ( 'NONE', #4751 ) ;
#8216 = VERTEX_POINT ( 'NONE', #3947 ) ;
#8217 = PLANE ( 'NONE',  #4199 ) ;
#8218 = ORIENTED_EDGE ( 'NONE', *, *, #5270, .F. ) ;
#8219 = DIRECTION ( 'NONE',  ( 0.000000000000000000, -1.000000000000000000, 0.000000000000000000 ) ) ;
#8220 = LINE ( 'NONE', #4092, #1505 ) ;
#8221 = FACE_OUTER_BOUND ( 'NONE', #9226, .T. ) ;
#8222 = ORIENTED_EDGE ( 'NONE', *, *, #3282, .F. ) ;
#8223 = VECTOR ( 'NONE', #2104, 1000.000000000000000 ) ;
#8224 = DIRECTION ( 'NONE',  ( 0.000000000000000000, 0.000000000000000000, -1.000000000000000000 ) ) ;
#8225 = CARTESIAN_POINT ( 'NONE',  ( 3.873778639481000319, -1.530131961748999903, -0.6217899881874999757 ) ) ;
#8226 = ORIENTED_EDGE ( 'NONE', *, *, #9112, .T. ) ;
#8228 = LINE ( 'NONE', #6128, #8848 ) ;
#8227 = AXIS2_PLACEMENT_3D ( 'NONE', #4574, #136, #971 ) ;
#8229 = CIRCLE ( 'NONE', #4194, 0.2500000000000000000 ) ;
#8230 = EDGE_CURVE ( 'NONE', #5358, #6283, #2639, .T. ) ;
#8231 = CARTESIAN_POINT ( 'NONE',  ( -13.17815389352000111, -0.5000000000000000000, -4.238690869129999150 ) ) ;
#8232 = VERTEX_POINT ( 'NONE', #2546 ) ;
#8233 = CARTESIAN_POINT ( 'NONE',  ( -13.22500000000000142, 1.000000000000000000, -3.600000000000000089 ) ) ;
#8234 = DIRECTION ( 'NONE',  ( 0.3255681544572004427, 0.000000000000000000, 0.9455185755993018581 ) ) ;
#8235 = CARTESIAN_POINT ( 'NONE',  ( -0.4799007024065999882, 6.318950303242000466, -4.299999999999999822 ) ) ;
#8236 = DIRECTION ( 'NONE',  ( 0.7326438234878765998, -0.6806122448979778916, 0.000000000000000000 ) ) ;
#8237 = DIRECTION ( 'NONE',  ( 0.9961946980917458783, 0.000000000000000000, 0.08715574274765398866 ) ) ;
#8238 = EDGE_LOOP ( 'NONE', ( #4545, #6954, #247, #1938, #570, #8101, #4211, #8838 ) ) ;
#8239 = VERTEX_POINT ( 'NONE', #7611 ) ;
#8240 = DIRECTION ( 'NONE',  ( 0.000000000000000000, 1.000000000000000000, 0.000000000000000000 ) ) ;
#8241 = VECTOR ( 'NONE', #652, 1000.000000000000000 ) ;
#8242 = FACE_OUTER_BOUND ( 'NONE', #3267, .T. ) ;
#8243 = ORIENTED_EDGE ( 'NONE', *, *, #295, .T. ) ;
#8244 = EDGE_CURVE ( 'NONE', #4937, #5350, #5420, .T. ) ;
#8245 = CARTESIAN_POINT ( 'NONE',  ( 3.971034697372999744, 1.288458773675000169, -0.7155342029309000873 ) ) ;
#8246 = VECTOR ( 'NONE', #732, 999.9999999999998863 ) ;
#8247 = VERTEX_POINT ( 'NONE', #7569 ) ;
#8248 = FACE_OUTER_BOUND ( 'NONE', #6958, .T. ) ;
#8249 = ORIENTED_EDGE ( 'NONE', *, *, #6206, .T. ) ;
#8250 = PLANE ( 'NONE',  #6086 ) ;
#8251 = EDGE_CURVE ( 'NONE', #6423, #4981, #3594, .T. ) ;
#8252 = LINE ( 'NONE', #6757, #1657 ) ;
#8253 = CIRCLE ( 'NONE', #481, 10.15000000000000036 ) ;
#8254 = EDGE_CURVE ( 'NONE', #8079, #5293, #3148, .T. ) ;
#8255 = EDGE_LOOP ( 'NONE', ( #7984, #6965, #7040, #7299, #5315, #7044, #853, #4606 ) ) ;
#8256 = CIRCLE ( 'NONE', #7508, 10.15000000000000213 ) ;
#8257 = CARTESIAN_POINT ( 'NONE',  ( 13.42499999999999893, -1.750000000000000000, -5.250000000000000000 ) ) ;
#8258 = VECTOR ( 'NONE', #5513, 1000.000000000000000 ) ;
#8259 = DIRECTION ( 'NONE',  ( 0.000000000000000000, -1.000000000000000000, 0.000000000000000000 ) ) ;
#8260 = DIRECTION ( 'NONE',  ( -1.000000000000000000, 0.000000000000000000, 0.000000000000000000 ) ) ;
#8261 = CARTESIAN_POINT ( 'NONE',  ( -13.22500000000000142, 1.750000000000000000, -5.250000000000000000 ) ) ;
#8262 = ORIENTED_EDGE ( 'NONE', *, *, #6648, .F. ) ;
#8263 = EDGE_CURVE ( 'NONE', #5309, #5591, #7944, .T. ) ;
#8264 = CARTESIAN_POINT ( 'NONE',  ( -13.12697540696999887, -0.2500000000000000000, -3.655697933911000064 ) ) ;
#8265 = ORIENTED_EDGE ( 'NONE', *, *, #2448, .T. ) ;
#8266 = ORIENTED_EDGE ( 'NONE', *, *, #638, .F. ) ;
#8267 = CARTESIAN_POINT ( 'NONE',  ( -0.2491314716374000149, 6.408693892986000229, -4.200000000000000178 ) ) ;
#8268 = ORIENTED_EDGE ( 'NONE', *, *, #5278, .F. ) ;
#8269 = CARTESIAN_POINT ( 'NONE',  ( -9.228701740858999969, -4.129999999999999893, -0.7550447008703000673 ) ) ;
#8270 = DIRECTION ( 'NONE',  ( 1.000000000000000000, 0.000000000000000000, 0.000000000000000000 ) ) ;
#8271 = CARTESIAN_POINT ( 'NONE',  ( 10.80000000000000071, 8.000000000000000000, -5.500000000000000000 ) ) ;
#8272 = ORIENTED_EDGE ( 'NONE', *, *, #6610, .F. ) ;
#8273 = CARTESIAN_POINT ( 'NONE',  ( 12.22499999999999964, -8.397193073587999379, -5.500000000000000000 ) ) ;
#8274 = DIRECTION ( 'NONE',  ( -1.000000000000000000, 0.000000000000000000, 0.000000000000000000 ) ) ;
#8275 = VERTEX_POINT ( 'NONE', #9253 ) ;
#8276 = DIRECTION ( 'NONE',  ( 0.000000000000000000, -1.000000000000000000, 0.000000000000000000 ) ) ;
#8277 = PLANE ( 'NONE',  #2845 ) ;
#8278 = ORIENTED_EDGE ( 'NONE', *, *, #3326, .F. ) ;
#8279 = LINE ( 'NONE', #7820, #4827 ) ;
#8280 = LINE ( 'NONE', #4988, #433 ) ;
#8281 = EDGE_CURVE ( 'NONE', #7963, #2768, #4140, .T. ) ;
#8282 = CARTESIAN_POINT ( 'NONE',  ( -11.00000000000000000, -3.500000000000000000, -5.500000000000000000 ) ) ;
#8283 = DIRECTION ( 'NONE',  ( 1.000000000000000000, 0.000000000000000000, 0.000000000000000000 ) ) ;
#8284 = DIRECTION ( 'NONE',  ( 0.000000000000000000, 1.000000000000000000, 0.000000000000000000 ) ) ;
#8285 = VERTEX_POINT ( 'NONE', #2736 ) ;
#8286 = ORIENTED_EDGE ( 'NONE', *, *, #8993, .T. ) ;
#8287 = CARTESIAN_POINT ( 'NONE',  ( 9.650000000000000355, -5.750000000000000000, -0.2500000000000000000 ) ) ;
#8288 = DIRECTION ( 'NONE',  ( 0.000000000000000000, 0.000000000000000000, 1.000000000000000000 ) ) ;
#8289 = VERTEX_POINT ( 'NONE', #8420 ) ;
#8290 = CARTESIAN_POINT ( 'NONE',  ( 3.932225463773000307, 1.086572675899999840, -0.6426270227900000576 ) ) ;
#8291 = EDGE_CURVE ( 'NONE', #3186, #4550, #4990, .T. ) ;
#8292 = EDGE_LOOP ( 'NONE', ( #4532, #3013, #5492, #2191 ) ) ;
#8293 = CARTESIAN_POINT ( 'NONE',  ( 9.500000000000000000, -6.500000000000000000, -0.2500000000000000000 ) ) ;
#8294 = ORIENTED_EDGE ( 'NONE', *, *, #5371, .T. ) ;
#8295 = FACE_OUTER_BOUND ( 'NONE', #1859, .T. ) ;
#8296 = EDGE_CURVE ( 'NONE', #6341, #649, #2684, .T. ) ;
#8297 = CARTESIAN_POINT ( 'NONE',  ( 4.015943424236038339, 1.159060921328792348, -0.8046674357020543455 ) ) ;
#8298 = VERTEX_POINT ( 'NONE', #5561 ) ;
#8299 = LINE ( 'NONE', #1174, #1494 ) ;
#8300 = EDGE_CURVE ( 'NONE', #4466, #2407, #7499, .T. ) ;
#8301 = DIRECTION ( 'NONE',  ( 0.000000000000000000, -1.000000000000000000, 0.000000000000000000 ) ) ;
#8302 = DIRECTION ( 'NONE',  ( -0.5877852522925129941, 0.000000000000000000, 0.8090169943749183634 ) ) ;
#8303 = CARTESIAN_POINT ( 'NONE',  ( 11.32499999999999929, 2.500000000000000000, -1.350000000000000089 ) ) ;
#8304 = EDGE_CURVE ( 'NONE', #1790, #2910, #7195, .T. ) ;
#8305 = ORIENTED_EDGE ( 'NONE', *, *, #2264, .T. ) ;
#8306 = EDGE_CURVE ( 'NONE', #995, #6541, #2100, .T. ) ;
#8307 = CARTESIAN_POINT ( 'NONE',  ( 10.80000000000000071, -7.799999999999999822, 0.000000000000000000 ) ) ;
#8308 = B_SPLINE_CURVE_WITH_KNOTS ( 'NONE', 3,
 ( #7050, #4128, #8408, #581, #8457, #4226 ),
 .UNSPECIFIED., .F., .F.,
 ( 4, 1, 1, 4 ),
 ( 0.000000000000000000, 0.5029994092326475208, 0.7545127183730366838, 1.000000000000000000 ),
 .UNSPECIFIED. ) ;
#8309 = VERTEX_POINT ( 'NONE', #4897 ) ;
#8310 = AXIS2_PLACEMENT_3D ( 'NONE', #6964, #6120, #1188 ) ;
#8311 = VERTEX_POINT ( 'NONE', #2070 ) ;
#8312 = EDGE_CURVE ( 'NONE', #5268, #4262, #1286, .T. ) ;
#8313 = DIRECTION ( 'NONE',  ( 0.000000000000000000, 0.000000000000000000, 1.000000000000000000 ) ) ;
#8314 = CIRCLE ( 'NONE', #7416, 0.1000000000000000472 ) ;
#8315 = VECTOR ( 'NONE', #7774, 1000.000000000000000 ) ;
#8316 = ORIENTED_EDGE ( 'NONE', *, *, #1036, .T. ) ;
#8317 = CARTESIAN_POINT ( 'NONE',  ( 0.000000000000000000, 0.000000000000000000, -0.5000000000000000000 ) ) ;
#8318 = CARTESIAN_POINT ( 'NONE',  ( 10.06152461273999954, -2.500000000000000000, -5.198874422160999487 ) ) ;
#8319 = EDGE_CURVE ( 'NONE', #8442, #7546, #5700, .T. ) ;
#8320 = CARTESIAN_POINT ( 'NONE',  ( 3.903367429051609161, 1.369350891254826452, -0.5128455683823669453 ) ) ;
#8321 = ORIENTED_EDGE ( 'NONE', *, *, #4934, .F. ) ;
#8322 = DIRECTION ( 'NONE',  ( -0.8274912503663919283, 0.06104853953485939178, 0.5581498959846949992 ) ) ;
#8323 = CARTESIAN_POINT ( 'NONE',  ( 3.916745324472616474, 1.056736877826216503, -0.6288935511184489124 ) ) ;
#8324 = B_SPLINE_CURVE_WITH_KNOTS ( 'NONE', 3,
 ( #6895, #521, #3420, #5493, #477, #2006, #9148, #6147, #9195, #5589 ),
 .UNSPECIFIED., .F., .F.,
 ( 4, 1, 1, 1, 1, 1, 1, 4 ),
 ( 0.000000000000000000, 0.1428571428570999946, 0.2857142857143000203, 0.4285714285713999594, 0.5714285714286000406, 0.7142857142856999797, 0.8571428571429000609, 1.000000000000000000 ),
 .UNSPECIFIED. ) ;
#8325 = AXIS2_PLACEMENT_3D ( 'NONE', #1159, #8237, #4011 ) ;
#8326 = VERTEX_POINT ( 'NONE', #8561 ) ;
#8327 = CARTESIAN_POINT ( 'NONE',  ( 0.000000000000000000, 7.250000000000000000, -4.200000000000000178 ) ) ;
#8328 = EDGE_CURVE ( 'NONE', #5937, #6483, #7761, .T. ) ;
#8329 = CARTESIAN_POINT ( 'NONE',  ( 9.271763586287001147, 4.129999999999999893, -5.500000000000000000 ) ) ;
#8330 = VERTEX_POINT ( 'NONE', #1465 ) ;
#8331 = DIRECTION ( 'NONE',  ( 0.000000000000000000, 1.000000000000000000, 0.000000000000000000 ) ) ;
#8332 = FACE_OUTER_BOUND ( 'NONE', #1269, .T. ) ;
#8333 =( GEOMETRIC_REPRESENTATION_CONTEXT ( 3 ) GLOBAL_UNCERTAINTY_ASSIGNED_CONTEXT ( ( #1531 ) ) GLOBAL_UNIT_ASSIGNED_CONTEXT ( ( #2306, #4428, #5847 ) ) REPRESENTATION_CONTEXT ( 'NONE', 'WORKASPACE' ) );
#8334 = CARTESIAN_POINT ( 'NONE',  ( 0.000000000000000000, 0.000000000000000000, -0.4000000000000000222 ) ) ;
#8335 = VECTOR ( 'NONE', #597, 1000.000000000000000 ) ;
#8336 = CARTESIAN_POINT ( 'NONE',  ( 3.587358685508999834, -1.270000000000000018, -0.5739223415101999404 ) ) ;
#8337 = CARTESIAN_POINT ( 'NONE',  ( -9.951004974372999357, 2.000000000000000000, -4.000000000000000000 ) ) ;
#8338 = VERTEX_POINT ( 'NONE', #8604 ) ;
#8339 = ADVANCED_FACE ( 'NONE', ( #7063 ), #4321, .T. ) ;
#8340 = ORIENTED_EDGE ( 'NONE', *, *, #5280, .T. ) ;
#8341 = DIRECTION ( 'NONE',  ( -1.000000000000000000, 0.000000000000000000, 0.000000000000000000 ) ) ;
#8342 = CARTESIAN_POINT ( 'NONE',  ( -13.47500000000000142, -1.750000000000000000, -5.500000000000000000 ) ) ;
#8343 = ORIENTED_EDGE ( 'NONE', *, *, #1045, .F. ) ;
#8344 = CARTESIAN_POINT ( 'NONE',  ( 3.890111393347000401, 1.257138077281999999, -0.4804119061036000171 ) ) ;
#8345 = CARTESIAN_POINT ( 'NONE',  ( 3.816266316238002165, -1.254458537403001062, -0.3655321306808000936 ) ) ;
#8346 = EDGE_LOOP ( 'NONE', ( #7544, #1209, #1713, #3218 ) ) ;
#8347 = DIRECTION ( 'NONE',  ( 0.000000000000000000, 0.000000000000000000, -1.000000000000000000 ) ) ;
#8348 = ORIENTED_EDGE ( 'NONE', *, *, #5690, .T. ) ;
#8349 = CARTESIAN_POINT ( 'NONE',  ( -9.271690348168998952, 4.129967376926000355, -9.162897194059000674E-05 ) ) ;
#8350 = AXIS2_PLACEMENT_3D ( 'NONE', #1168, #4216, #619 ) ;
#8351 = ORIENTED_EDGE ( 'NONE', *, *, #1678, .F. ) ;
#8352 = LINE ( 'NONE', #2012, #3732 ) ;
#8353 = EDGE_CURVE ( 'NONE', #9134, #424, #2781, .T. ) ;
#8354 = DIRECTION ( 'NONE',  ( 0.8274912503663919283, -0.06104853953485939178, -0.5581498959846949992 ) ) ;
#8355 = AXIS2_PLACEMENT_3D ( 'NONE', #1947, #463, #3315 ) ;
#8356 = LINE ( 'NONE', #4885, #7773 ) ;
#8357 = FACE_OUTER_BOUND ( 'NONE', #3376, .T. ) ;
#8358 = VERTEX_POINT ( 'NONE', #1382 ) ;
#8359 = CARTESIAN_POINT ( 'NONE',  ( -8.887243667190000806, 4.129999999999999893, -0.4000000000000000222 ) ) ;
#8360 = EDGE_CURVE ( 'NONE', #7502, #3913, #4234, .T. ) ;
#8361 = TOROIDAL_SURFACE ( 'NONE', #135, 0.3670873479291000274, 0.2000000000000000111 ) ;
#8362 = ORIENTED_EDGE ( 'NONE', *, *, #5109, .T. ) ;
#8363 = ORIENTED_EDGE ( 'NONE', *, *, #994, .T. ) ;
#8364 = ADVANCED_FACE ( 'NONE', ( #7107 ), #682, .T. ) ;
#8365 = DIRECTION ( 'NONE',  ( -0.5868168447381140185, -0.05737937123929140459, 0.8076840957254189934 ) ) ;
#8366 = VERTEX_POINT ( 'NONE', #5748 ) ;
#8367 = LINE ( 'NONE', #6916, #1527 ) ;
#8368 = DIRECTION ( 'NONE',  ( 0.000000000000000000, 0.000000000000000000, -1.000000000000000000 ) ) ;
#8369 = DIRECTION ( 'NONE',  ( 1.000000000000000000, 0.000000000000000000, 0.000000000000000000 ) ) ;
#8370 = ORIENTED_EDGE ( 'NONE', *, *, #8477, .F. ) ;
#8371 = SURFACE_STYLE_FILL_AREA ( #1984 ) ;
#8372 = DIRECTION ( 'NONE',  ( 0.000000000000000000, -1.000000000000000000, 0.000000000000000000 ) ) ;
#8373 = ADVANCED_FACE ( 'NONE', ( #2158 ), #5034, .T. ) ;
#8374 = ADVANCED_FACE ( 'NONE', ( #4555 ), #2251, .F. ) ;
#8375 = ORIENTED_EDGE ( 'NONE', *, *, #5982, .F. ) ;
#8376 = ADVANCED_FACE ( 'NONE', ( #7415 ), #3095, .F. ) ;
#8377 = DIRECTION ( 'NONE',  ( 0.000000000000000000, -1.000000000000000000, 0.000000000000000000 ) ) ;
#8378 = LINE ( 'NONE', #3916, #1501 ) ;
#8379 = AXIS2_PLACEMENT_3D ( 'NONE', #8873, #5959, #7459 ) ;
#8380 = ORIENTED_EDGE ( 'NONE', *, *, #73, .F. ) ;
#8381 = AXIS2_PLACEMENT_3D ( 'NONE', #7553, #529, #1130 ) ;
#8382 = LINE ( 'NONE', #6972, #4360 ) ;
#8383 = CARTESIAN_POINT ( 'NONE',  ( -12.72499999999999964, -2.600000000000000089, -1.100000000000000089 ) ) ;
#8384 = CARTESIAN_POINT ( 'NONE',  ( -13.34916573867999823, 2.000000000000000000, -1.100000000000000089 ) ) ;
#8385 = CARTESIAN_POINT ( 'NONE',  ( 9.271763586287001147, -4.129999999999999893, -4.000000000000000000 ) ) ;
#8386 = DIRECTION ( 'NONE',  ( 0.000000000000000000, 0.000000000000000000, -1.000000000000000000 ) ) ;
#8387 = ORIENTED_EDGE ( 'NONE', *, *, #9056, .F. ) ;
#8388 = VERTEX_POINT ( 'NONE', #5078 ) ;
#8389 = LINE ( 'NONE', #7085, #6095 ) ;
#8390 = ADVANCED_FACE ( 'NONE', ( #162, #8119 ), #6670, .F. ) ;
#8391 = AXIS2_PLACEMENT_3D ( 'NONE', #8964, #1317, #528 ) ;
#8392 = VECTOR ( 'NONE', #7865, 1000.000000000000000 ) ;
#8393 = LINE ( 'NONE', #4069, #4826 ) ;
#8394 = ORIENTED_EDGE ( 'NONE', *, *, #6947, .F. ) ;
#8395 = CARTESIAN_POINT ( 'NONE',  ( 3.972528349686000215, 1.254146717580000070, -0.7173545633033000524 ) ) ;
#8396 = EDGE_CURVE ( 'NONE', #6818, #8079, #8057, .T. ) ;
#8397 = CARTESIAN_POINT ( 'NONE',  ( 7.650725455797999786, 6.669999999999999929, -4.000000000000000000 ) ) ;
#8398 = EDGE_LOOP ( 'NONE', ( #5588, #4037, #8510, #8343 ) ) ;
#8399 = CARTESIAN_POINT ( 'NONE',  ( -0.2491314716374000149, 6.203565687858000111, -4.200000000000000178 ) ) ;
#8400 = AXIS2_PLACEMENT_3D ( 'NONE', #7608, #6776, #2591 ) ;
#8401 = EDGE_LOOP ( 'NONE', ( #6146, #6687, #7467, #4559, #7311, #7403 ) ) ;
#8402 = CARTESIAN_POINT ( 'NONE',  ( -9.500000000000000000, 6.500000000000000000, -0.2500000000000000000 ) ) ;
#8403 = VECTOR ( 'NONE', #2881, 1000.000000000000000 ) ;
#8404 = EDGE_LOOP ( 'NONE', ( #6907, #7819, #5031, #8790 ) ) ;
#8405 = FACE_OUTER_BOUND ( 'NONE', #3635, .T. ) ;
#8406 = CARTESIAN_POINT ( 'NONE',  ( -7.060046313140998286, 1.308323542676999240, -1.554468452712999493 ) ) ;
#8407 = CARTESIAN_POINT ( 'NONE',  ( -7.207497388971000341, 1.224574780638000071, -1.525283250631999987 ) ) ;
#8408 = CARTESIAN_POINT ( 'NONE',  ( 3.903367411745504167, -1.369350779647683147, -0.5128455010368582201 ) ) ;
#8409 = ORIENTED_EDGE ( 'NONE', *, *, #7469, .F. ) ;
#8410 = AXIS2_PLACEMENT_3D ( 'NONE', #5784, #109, #4508 ) ;
#8411 = DIRECTION ( 'NONE',  ( -0.9063077870366585964, 0.000000000000000000, -0.4226182617406808451 ) ) ;
#8412 = AXIS2_PLACEMENT_3D ( 'NONE', #6647, #5234, #8096 ) ;
#8413 = ORIENTED_EDGE ( 'NONE', *, *, #7648, .T. ) ;
#8414 = AXIS2_PLACEMENT_3D ( 'NONE', #5801, #6458, #6502 ) ;
#8415 = ORIENTED_EDGE ( 'NONE', *, *, #8254, .F. ) ;
#8416 = CARTESIAN_POINT ( 'NONE',  ( 3.716671441012999733, -0.7631008444281001113, -0.7519060802727000059 ) ) ;
#8417 = ORIENTED_EDGE ( 'NONE', *, *, #5740, .T. ) ;
#8418 = CARTESIAN_POINT ( 'NONE',  ( 15.84999999999999964, 1.750000000000000000, -5.500000000000000000 ) ) ;
#8419 = VECTOR ( 'NONE', #9190, 1000.000000000000000 ) ;
#8420 = CARTESIAN_POINT ( 'NONE',  ( 11.00000000000000000, 7.799999999999999822, 0.000000000000000000 ) ) ;
#8421 = DIRECTION ( 'NONE',  ( 0.000000000000000000, 0.000000000000000000, 1.000000000000000000 ) ) ;
#8422 = B_SPLINE_CURVE_WITH_KNOTS ( 'NONE', 3,
 ( #9075, #4803, #8886, #1743, #2493, #6962 ),
 .UNSPECIFIED., .F., .F.,
 ( 4, 1, 1, 4 ),
 ( 0.000000000000000000, 0.3333333333333000081, 0.6666666666667000474, 0.9997914716900009324 ),
 .UNSPECIFIED. ) ;
#8423 = ORIENTED_EDGE ( 'NONE', *, *, #6178, .T. ) ;
#8424 = CARTESIAN_POINT ( 'NONE',  ( -9.650000000000000355, 5.750000000000000000, -0.5000000000000000000 ) ) ;
#8425 = DIRECTION ( 'NONE',  ( -0.3255681544572004427, 0.000000000000000000, -0.9455185755993018581 ) ) ;
#8426 = CIRCLE ( 'NONE', #4367, 0.1500000000000002998 ) ;
#8427 = ADVANCED_FACE ( 'NONE', ( #8070 ), #909, .T. ) ;
#8428 = ORIENTED_EDGE ( 'NONE', *, *, #3197, .T. ) ;
#8429 = CARTESIAN_POINT ( 'NONE',  ( -12.72499999999999964, -0.5000000000000000000, -4.450000000000000178 ) ) ;
#8430 = CARTESIAN_POINT ( 'NONE',  ( -9.179185367155000108, 1.750000000000000000, -4.000000000000000000 ) ) ;
#8431 = ORIENTED_EDGE ( 'NONE', *, *, #3020, .T. ) ;
#8432 = EDGE_CURVE ( 'NONE', #4864, #1792, #986, .T. ) ;
#8433 = LINE ( 'NONE', #2699, #4518 ) ;
#8434 = CARTESIAN_POINT ( 'NONE',  ( -5.000000000000000000, -4.129999999999999893, -5.500000000000000000 ) ) ;
#8435 = DIRECTION ( 'NONE',  ( -0.8090169943749184744, 0.000000000000000000, -0.5877852522925132162 ) ) ;
#8436 = FACE_OUTER_BOUND ( 'NONE', #609, .T. ) ;
#8437 = VERTEX_POINT ( 'NONE', #4458 ) ;
#8438 = EDGE_CURVE ( 'NONE', #5192, #3484, #254, .T. ) ;
#8439 = ORIENTED_EDGE ( 'NONE', *, *, #5440, .T. ) ;
#8440 = DIRECTION ( 'NONE',  ( 0.000000000000000000, 1.000000000000000000, 0.000000000000000000 ) ) ;
#8441 = LINE ( 'NONE', #2898, #8419 ) ;
#8442 = VERTEX_POINT ( 'NONE', #6627 ) ;
#8443 = CARTESIAN_POINT ( 'NONE',  ( 13.22500000000000142, 0.7500000000000000000, -4.500000000000000000 ) ) ;
#8444 = EDGE_CURVE ( 'NONE', #3109, #4514, #2579, .T. ) ;
#8445 = DIRECTION ( 'NONE',  ( 0.000000000000000000, 0.000000000000000000, 1.000000000000000000 ) ) ;
#8446 = EDGE_LOOP ( 'NONE', ( #4460, #8563, #8278 ) ) ;
#8447 = LINE ( 'NONE', #7690, #2660 ) ;
#8448 = EDGE_CURVE ( 'NONE', #8232, #7811, #1001, .T. ) ;
#8449 = EDGE_LOOP ( 'NONE', ( #75, #6579, #7522, #1358 ) ) ;
#8450 = DIRECTION ( 'NONE',  ( 0.000000000000000000, -1.000000000000000000, 0.000000000000000000 ) ) ;
#8451 = CARTESIAN_POINT ( 'NONE',  ( -7.226614307856996433, -1.196316167347999393, -1.514170704746998775 ) ) ;
#8452 = ORIENTED_EDGE ( 'NONE', *, *, #7318, .T. ) ;
#8453 = DIRECTION ( 'NONE',  ( 0.000000000000000000, -1.000000000000000000, 0.000000000000000000 ) ) ;
#8454 = EDGE_CURVE ( 'NONE', #6187, #6924, #7325, .T. ) ;
#8455 = CARTESIAN_POINT ( 'NONE',  ( -7.148559728572003280, 1.281723703936000769, -1.560322462532000243 ) ) ;
#8456 = CARTESIAN_POINT ( 'NONE',  ( 6.246799180380000038, 8.000000000000000000, 0.000000000000000000 ) ) ;
#8457 = CARTESIAN_POINT ( 'NONE',  ( 3.896580500192654561, -1.462602633625819326, -0.5843251237251740893 ) ) ;
#8458 = EDGE_LOOP ( 'NONE', ( #2565, #2145, #7686, #2019, #3493, #6913, #2953, #1903, #635, #6728, #6891, #7864 ) ) ;
#8459 = CARTESIAN_POINT ( 'NONE',  ( 3.896413657610000136, -1.488731537298000118, -0.6205190614472999577 ) ) ;
#8460 = ORIENTED_EDGE ( 'NONE', *, *, #1949, .T. ) ;
#8461 = VERTEX_POINT ( 'NONE', #3663 ) ;
#8462 = CARTESIAN_POINT ( 'NONE',  ( -7.900045626442707913, 0.6853088179464269514, -1.248848135587063757 ) ) ;
#8463 = B_SPLINE_CURVE_WITH_KNOTS ( 'NONE', 3,
 ( #8566, #6538, #6453, #5082 ),
 .UNSPECIFIED., .F., .F.,
 ( 4, 4 ),
 ( 0.000000000000000000, 1.000000000000000000 ),
 .UNSPECIFIED. ) ;
#8464 = VERTEX_POINT ( 'NONE', #7241 ) ;
#8465 = DIRECTION ( 'NONE',  ( 0.000000000000000000, -1.000000000000000000, 0.000000000000000000 ) ) ;
#8466 = CARTESIAN_POINT ( 'NONE',  ( 0.2877275027216000258, 6.408693892986000229, -4.299999999999999822 ) ) ;
#8467 = LINE ( 'NONE', #7151, #2020 ) ;
#8468 = ORIENTED_EDGE ( 'NONE', *, *, #4112, .F. ) ;
#8469 = CARTESIAN_POINT ( 'NONE',  ( 3.571173375659999483, -0.7773277494350000483, -0.5516451736566999609 ) ) ;
#8470 = CARTESIAN_POINT ( 'NONE',  ( -6.785934038805000235, -1.209381625337999866, -1.564677084726000089 ) ) ;
#8471 = ORIENTED_EDGE ( 'NONE', *, *, #574, .T. ) ;
#8472 = VECTOR ( 'NONE', #3428, 1000.000000000000000 ) ;
#8473 = FACE_OUTER_BOUND ( 'NONE', #3557, .T. ) ;
#8474 = CARTESIAN_POINT ( 'NONE',  ( 13.02132084152999880, 0.2500000000000000000, -3.429120987151999866 ) ) ;
#8475 = ORIENTED_EDGE ( 'NONE', *, *, #3836, .F. ) ;
#8476 = DIRECTION ( 'NONE',  ( 1.000000000000000000, 0.000000000000000000, 0.000000000000000000 ) ) ;
#8477 = EDGE_CURVE ( 'NONE', #7409, #3966, #4122, .T. ) ;
#8478 = DIRECTION ( 'NONE',  ( 0.4226182617406838427, 1.192622389734053615E-14, 0.9063077870366573752 ) ) ;
#8479 = CONICAL_SURFACE ( 'NONE', #8310, 9.974999999999999645, 0.7188299996214952969 ) ;
#8480 = CARTESIAN_POINT ( 'NONE',  ( 4.025241040652884905, -1.253888985275750656, -0.8142819529494166320 ) ) ;
#8481 = CARTESIAN_POINT ( 'NONE',  ( -6.720820407913000061, 1.219863181193999946, -1.375573369605999963 ) ) ;
#8482 = ORIENTED_EDGE ( 'NONE', *, *, #6841, .F. ) ;
#8483 = ORIENTED_EDGE ( 'NONE', *, *, #1922, .T. ) ;
#8484 = DIRECTION ( 'NONE',  ( -1.000000000000000000, 0.000000000000000000, 0.000000000000000000 ) ) ;
#8485 = AXIS2_PLACEMENT_3D ( 'NONE', #1566, #5002, #7207 ) ;
#8486 = DIRECTION ( 'NONE',  ( 0.000000000000000000, 0.000000000000000000, -1.000000000000000000 ) ) ;
#8487 = VERTEX_POINT ( 'NONE', #113 ) ;
#8488 = CARTESIAN_POINT ( 'NONE',  ( 3.883470820424999914, 1.124706577156999954, -0.4833788641373999995 ) ) ;
#8489 = VECTOR ( 'NONE', #6869, 1000.000000000000000 ) ;
#8490 = CYLINDRICAL_SURFACE ( 'NONE', #1225, 0.1999999999999996503 ) ;
#8491 = EDGE_CURVE ( 'NONE', #5114, #4786, #4962, .T. ) ;
#8492 = EDGE_LOOP ( 'NONE', ( #261, #4728, #5971, #1405 ) ) ;
#8493 = DIRECTION ( 'NONE',  ( 0.000000000000000000, -1.000000000000000000, 0.000000000000000000 ) ) ;
#8494 = ORIENTED_EDGE ( 'NONE', *, *, #1417, .F. ) ;
#8495 = DIRECTION ( 'NONE',  ( 1.000000000000000000, 0.000000000000000000, 1.156482317318000033E-14 ) ) ;
#8496 = VECTOR ( 'NONE', #939, 1000.000000000000000 ) ;
#8497 = EDGE_CURVE ( 'NONE', #5973, #6186, #7714, .T. ) ;
#8498 = CARTESIAN_POINT ( 'NONE',  ( -7.148559728572003280, -1.167425857339000173, -1.560322462532000243 ) ) ;
#8499 = ORIENTED_EDGE ( 'NONE', *, *, #1698, .F. ) ;
#8500 = ADVANCED_FACE ( 'NONE', ( #2626 ), #4036, .F. ) ;
#8501 = DIRECTION ( 'NONE',  ( -1.000000000000000000, 0.000000000000000000, 0.000000000000000000 ) ) ;
#8502 = FACE_OUTER_BOUND ( 'NONE', #215, .T. ) ;
#8503 = CARTESIAN_POINT ( 'NONE',  ( -9.650000000000000355, 6.349999999999999645, -0.5000000000000000000 ) ) ;
#8504 = EDGE_LOOP ( 'NONE', ( #7220, #4206, #8483, #2746 ) ) ;
#8505 = AXIS2_PLACEMENT_3D ( 'NONE', #111, #7888, #8691 ) ;
#8506 = CARTESIAN_POINT ( 'NONE',  ( 3.962326151387999928, -1.345237266995999992, -0.7050194414398999188 ) ) ;
#8507 = ADVANCED_FACE ( 'NONE', ( #3145 ), #3893, .T. ) ;
#8508 = VERTEX_POINT ( 'NONE', #3848 ) ;
#8509 = LINE ( 'NONE', #679, #9149 ) ;
#8510 = ORIENTED_EDGE ( 'NONE', *, *, #7379, .F. ) ;
#8511 = CARTESIAN_POINT ( 'NONE',  ( 0.000000000000000000, 0.000000000000000000, 0.000000000000000000 ) ) ;
#8512 = CARTESIAN_POINT ( 'NONE',  ( -13.02132084152999880, 0.2500000000000000000, -3.429120987151999866 ) ) ;
#8513 = CARTESIAN_POINT ( 'NONE',  ( 14.25000000000000000, 3.500000000000000000, -5.500000000000000000 ) ) ;
#8514 = EDGE_LOOP ( 'NONE', ( #786, #7008, #5730, #9027 ) ) ;
#8515 = CARTESIAN_POINT ( 'NONE',  ( 4.009742847252000253, 1.347101520255999940, -0.8005857857503999586 ) ) ;
#8516 = FACE_OUTER_BOUND ( 'NONE', #2678, .T. ) ;
#8517 = AXIS2_PLACEMENT_3D ( 'NONE', #8336, #4105, #6976 ) ;
#8518 = VERTEX_POINT ( 'NONE', #4601 ) ;
#8519 = DIRECTION ( 'NONE',  ( 0.000000000000000000, -1.000000000000000000, 0.000000000000000000 ) ) ;
#8520 = ORIENTED_EDGE ( 'NONE', *, *, #1096, .F. ) ;
#8521 = DIRECTION ( 'NONE',  ( -1.000000000000000000, 0.000000000000000000, 0.000000000000000000 ) ) ;
#8522 = CIRCLE ( 'NONE', #1615, 10.15000000000000036 ) ;
#8523 = CARTESIAN_POINT ( 'NONE',  ( 14.25000000000000000, -2.000000000000000000, -1.100000000000000089 ) ) ;
#8524 = CARTESIAN_POINT ( 'NONE',  ( -0.1465673690733000079, 6.318950303242000466, -4.299999999999999822 ) ) ;
#8525 = LINE ( 'NONE', #4205, #551 ) ;
#8526 = ORIENTED_EDGE ( 'NONE', *, *, #6815, .T. ) ;
#8527 = ORIENTED_EDGE ( 'NONE', *, *, #7731, .F. ) ;
#8528 = DIRECTION ( 'NONE',  ( 0.000000000000000000, 0.000000000000000000, -1.000000000000000000 ) ) ;
#8529 = PRODUCT_RELATED_PRODUCT_CATEGORY ( 'part', '', ( #6983 ) ) ;
#8530 = PLANE ( 'NONE',  #2873 ) ;
#8531 = AXIS2_PLACEMENT_3D ( 'NONE', #7914, #1489, #4345 ) ;
#8532 = ORIENTED_EDGE ( 'NONE', *, *, #234, .F. ) ;
#8533 = LINE ( 'NONE', #616, #6440 ) ;
#8534 = DIRECTION ( 'NONE',  ( 0.000000000000000000, 1.000000000000000000, 0.000000000000000000 ) ) ;
#8535 = ORIENTED_EDGE ( 'NONE', *, *, #8605, .F. ) ;
#8536 = CARTESIAN_POINT ( 'NONE',  ( 3.732976774534999986, -0.7731439798128999508, -0.4340881231982000044 ) ) ;
#8537 = ORIENTED_EDGE ( 'NONE', *, *, #533, .F. ) ;
#8538 = FACE_OUTER_BOUND ( 'NONE', #6678, .T. ) ;
#8539 = VECTOR ( 'NONE', #5736, 1000.000000000000000 ) ;
#8540 = VECTOR ( 'NONE', #7032, 1000.000000000000000 ) ;
#8541 = EDGE_CURVE ( 'NONE', #9134, #1557, #6013, .T. ) ;
#8542 = CARTESIAN_POINT ( 'NONE',  ( 14.25000000000000000, 2.600000000000000089, -1.100000000000000089 ) ) ;
#8543 = ORIENTED_EDGE ( 'NONE', *, *, #4368, .T. ) ;
#8544 = LINE ( 'NONE', #9201, #6139 ) ;
#8545 = AXIS2_PLACEMENT_3D ( 'NONE', #930, #5987, #837 ) ;
#8546 = AXIS2_PLACEMENT_3D ( 'NONE', #3340, #6811, #9065 ) ;
#8547 = ADVANCED_FACE ( 'NONE', ( #4647 ), #6906, .T. ) ;
#8548 = CARTESIAN_POINT ( 'NONE',  ( -7.277603698116000608, -0.6886680054189000533, -1.395381644408000055 ) ) ;
#8549 = CARTESIAN_POINT ( 'NONE',  ( -12.72499999999999964, -0.5000000000000000000, -4.450000000000000178 ) ) ;
#8550 = EDGE_LOOP ( 'NONE', ( #914, #1997, #6512, #849, #2001 ) ) ;
#8551 = ADVANCED_FACE ( 'NONE', ( #8357 ), #5304, .F. ) ;
#8552 = CARTESIAN_POINT ( 'NONE',  ( -13.42499999999999893, -0.5000000000000000000, -4.450000000000000178 ) ) ;
#8553 = VECTOR ( 'NONE', #5416, 1000.000000000000000 ) ;
#8554 = ORIENTED_EDGE ( 'NONE', *, *, #2289, .F. ) ;
#8555 = CARTESIAN_POINT ( 'NONE',  ( 3.467025163284000122, -1.270000000000000018, -0.06803713375174000322 ) ) ;
#8556 = VECTOR ( 'NONE', #2025, 1000.000000000000000 ) ;
#8557 = VERTEX_POINT ( 'NONE', #1831 ) ;
#8558 = EDGE_CURVE ( 'NONE', #8655, #1295, #2619, .T. ) ;
#8559 = LINE ( 'NONE', #2118, #114 ) ;
#8560 = CARTESIAN_POINT ( 'NONE',  ( -9.350000000000001421, 5.750000000000000000, -0.2500000000000000000 ) ) ;
#8561 = CARTESIAN_POINT ( 'NONE',  ( 9.951004974372999357, 2.000000000000000000, -1.100000000000000089 ) ) ;
#8562 = DIRECTION ( 'NONE',  ( 0.000000000000000000, 0.000000000000000000, 1.000000000000000000 ) ) ;
#8563 = ORIENTED_EDGE ( 'NONE', *, *, #1036, .F. ) ;
#8564 = CARTESIAN_POINT ( 'NONE',  ( 3.909716913287000217, 1.044999277676999849, -0.6285352620272000035 ) ) ;
#8565 = EDGE_CURVE ( 'NONE', #6628, #8655, #489, .T. ) ;
#8566 = CARTESIAN_POINT ( 'NONE',  ( 3.892738714387999899, 1.476368189164000144, -0.5969400531709000424 ) ) ;
#8567 = EDGE_CURVE ( 'NONE', #5467, #2112, #7555, .T. ) ;
#8568 = AXIS2_PLACEMENT_3D ( 'NONE', #7933, #1508, #7978 ) ;
#8569 = VERTEX_POINT ( 'NONE', #386 ) ;
#8570 = AXIS2_PLACEMENT_3D ( 'NONE', #6955, #5552, #7702 ) ;
#8571 = CARTESIAN_POINT ( 'NONE',  ( -13.34916573867999823, -2.500000000000000000, -1.100000000000000089 ) ) ;
#8572 = EDGE_LOOP ( 'NONE', ( #7631, #4013, #6360, #7475, #4207, #4844, #6043, #7453 ) ) ;
#8573 = DIRECTION ( 'NONE',  ( 0.000000000000000000, 1.000000000000000000, 0.000000000000000000 ) ) ;
#8574 = CARTESIAN_POINT ( 'NONE',  ( -12.97499999999999964, 2.500000000000000000, -0.9000000000000000222 ) ) ;
#8575 = VECTOR ( 'NONE', #4562, 1000.000000000000114 ) ;
#8576 = LINE ( 'NONE', #7949, #5960 ) ;
#8577 = DIRECTION ( 'NONE',  ( 1.000000000000000000, -5.204170427930408030E-14, 0.000000000000000000 ) ) ;
#8578 = ORIENTED_EDGE ( 'NONE', *, *, #6430, .F. ) ;
#8579 = ORIENTED_EDGE ( 'NONE', *, *, #1592, .F. ) ;
#8580 = CARTESIAN_POINT ( 'NONE',  ( 15.84999999999999964, 1.750000000000000000, -5.500000000000000000 ) ) ;
#8581 = DIRECTION ( 'NONE',  ( 0.000000000000000000, -1.000000000000000000, 0.000000000000000000 ) ) ;
#8582 = ORIENTED_EDGE ( 'NONE', *, *, #4505, .T. ) ;
#8583 = CARTESIAN_POINT ( 'NONE',  ( 3.878011032438000161, 1.023501953388000096, -0.5693138973979000594 ) ) ;
#8584 = CARTESIAN_POINT ( 'NONE',  ( -10.52888579085999865, 2.000000000000000000, -4.000000000000000000 ) ) ;
#8585 = VERTEX_POINT ( 'NONE', #1043 ) ;
#8586 = CARTESIAN_POINT ( 'NONE',  ( 3.538253751376189360, -0.9274593779122443093, -0.1665368381505600570 ) ) ;
#8587 = ORIENTED_EDGE ( 'NONE', *, *, #760, .T. ) ;
#8588 = CARTESIAN_POINT ( 'NONE',  ( -7.456013767405998749, 0.9780688856472004034, -1.343424544718999636 ) ) ;
#8589 = DIRECTION ( 'NONE',  ( -1.000000000000000000, 0.000000000000000000, 0.000000000000000000 ) ) ;
#8590 = VERTEX_POINT ( 'NONE', #6158 ) ;
#8591 = DIRECTION ( 'NONE',  ( 0.000000000000000000, 1.000000000000000000, 0.000000000000000000 ) ) ;
#8592 = EDGE_CURVE ( 'NONE', #4088, #5498, #6110, .T. ) ;
#8593 = DIRECTION ( 'NONE',  ( 0.8314794192830787800, 0.000000000000000000, 0.5555555555555843350 ) ) ;
#8594 = CARTESIAN_POINT ( 'NONE',  ( 12.22499999999999964, -2.000000000000000000, -3.350000000000000089 ) ) ;
#8595 = EDGE_CURVE ( 'NONE', #7223, #1450, #8211, .T. ) ;
#8596 = ORIENTED_EDGE ( 'NONE', *, *, #5403, .F. ) ;
#8597 = CARTESIAN_POINT ( 'NONE',  ( -13.42499999999999893, -1.750000000000000000, -5.250000000000000000 ) ) ;
#8598 = EDGE_CURVE ( 'NONE', #5591, #6279, #8314, .T. ) ;
#8599 = EDGE_LOOP ( 'NONE', ( #4353, #3317, #6457, #2288 ) ) ;
#8600 = DIRECTION ( 'NONE',  ( 1.000000000000000000, 0.000000000000000000, 0.000000000000000000 ) ) ;
#8601 = ORIENTED_EDGE ( 'NONE', *, *, #4169, .F. ) ;
#8602 = CARTESIAN_POINT ( 'NONE',  ( 13.42499999999999893, 0.7500000000000000000, -3.350000000000000089 ) ) ;
#8603 = DIRECTION ( 'NONE',  ( 0.000000000000000000, -1.000000000000000000, 0.000000000000000000 ) ) ;
#8604 = CARTESIAN_POINT ( 'NONE',  ( -7.703087057135999949, -0.6886680054189000533, -1.248875974902999841 ) ) ;
#8605 = EDGE_CURVE ( 'NONE', #4912, #547, #3192, .T. ) ;
#8606 = DIRECTION ( 'NONE',  ( 0.000000000000000000, -1.000000000000000000, 0.000000000000000000 ) ) ;
#8607 = EDGE_LOOP ( 'NONE', ( #7446, #6441, #5612, #7004, #4899, #3941 ) ) ;
#8608 = CARTESIAN_POINT ( 'NONE',  ( 3.966892530199999989, 1.315519074818999989, -0.6681646007884001204 ) ) ;
#8609 = CARTESIAN_POINT ( 'NONE',  ( 13.22500000000000142, -0.7500000000000000000, -4.500000000000000000 ) ) ;
#8610 = ADVANCED_FACE ( 'NONE', ( #3238 ), #1177, .F. ) ;
#8611 = ORIENTED_EDGE ( 'NONE', *, *, #7193, .F. ) ;
#8612 = EDGE_CURVE ( 'NONE', #7174, #6355, #1132, .T. ) ;
#8613 = CARTESIAN_POINT ( 'NONE',  ( -7.231854972966999640, -6.669999999999999929, -0.3565056551155000308 ) ) ;
#8614 = ORIENTED_EDGE ( 'NONE', *, *, #2146, .T. ) ;
#8615 = LINE ( 'NONE', #4858, #5575 ) ;
#8616 = FACE_OUTER_BOUND ( 'NONE', #8963, .T. ) ;
#8617 = CARTESIAN_POINT ( 'NONE',  ( 11.52500000000000036, -1.550000000000000044, -0.9000000000000000222 ) ) ;
#8618 = CARTESIAN_POINT ( 'NONE',  ( -13.22500000000000142, -2.000000000000000000, -5.250000000000000000 ) ) ;
#8619 = ORIENTED_EDGE ( 'NONE', *, *, #5399, .F. ) ;
#8620 = DIRECTION ( 'NONE',  ( -0.9455185755993017471, 0.000000000000000000, 0.3255681544572005537 ) ) ;
#8621 = EDGE_CURVE ( 'NONE', #8215, #4937, #835, .T. ) ;
#8622 = DIRECTION ( 'NONE',  ( 0.000000000000000000, 0.000000000000000000, -1.000000000000000000 ) ) ;
#8623 = CARTESIAN_POINT ( 'NONE',  ( -9.179185367155000108, 1.750000000000000000, -4.000000000000000000 ) ) ;
#8624 = VECTOR ( 'NONE', #4141, 1000.000000000000000 ) ;
#8625 = CARTESIAN_POINT ( 'NONE',  ( 0.000000000000000000, 0.000000000000000000, -5.500000000000000000 ) ) ;
#8626 = EDGE_CURVE ( 'NONE', #1838, #5665, #4177, .T. ) ;
#8627 = VECTOR ( 'NONE', #1578, 1000.000000000000000 ) ;
#8628 = LINE ( 'NONE', #3737, #3280 ) ;
#8629 = VECTOR ( 'NONE', #9181, 1000.000000000000000 ) ;
#8630 = ORIENTED_EDGE ( 'NONE', *, *, #6031, .F. ) ;
#8631 = LINE ( 'NONE', #1577, #271 ) ;
#8632 = EDGE_LOOP ( 'NONE', ( #4892, #2492, #4701, #8394 ) ) ;
#8633 = CARTESIAN_POINT ( 'NONE',  ( -9.350000000000001421, 7.250000000000000000, -0.2500000000000000000 ) ) ;
#8634 = VECTOR ( 'NONE', #5529, 1000.000000000000000 ) ;
#8635 = CARTESIAN_POINT ( 'NONE',  ( -7.003068614626996258, -1.129136753219998512, -1.499386068126000726 ) ) ;
#8636 = AXIS2_PLACEMENT_3D ( 'NONE', #8831, #256, #6537 ) ;
#8637 = VERTEX_POINT ( 'NONE', #7797 ) ;
#8638 = CARTESIAN_POINT ( 'NONE',  ( 3.305221764409000063, 1.270000000000000018, -0.1855941842102000194 ) ) ;
#8639 = CARTESIAN_POINT ( 'NONE',  ( -7.303515594625001661, -1.440888592850998240, -1.470635256110001343 ) ) ;
#8640 = ORIENTED_EDGE ( 'NONE', *, *, #1108, .T. ) ;
#8641 = VECTOR ( 'NONE', #7308, 1000.000000000000000 ) ;
#8642 = CARTESIAN_POINT ( 'NONE',  ( 3.941210940140000396, -1.282676352500000005, -0.5605519667392999672 ) ) ;
#8643 = VERTEX_POINT ( 'NONE', #7141 ) ;
#8644 = ADVANCED_FACE ( 'NONE', ( #2149 ), #721, .T. ) ;
#8645 = DIRECTION ( 'NONE',  ( 0.000000000000000000, 0.000000000000000000, -1.000000000000000000 ) ) ;
#8646 = DIRECTION ( 'NONE',  ( 0.8090169943749183634, 0.000000000000000000, 0.5877852522925132162 ) ) ;
#8647 = EDGE_LOOP ( 'NONE', ( #678, #494, #6637, #7586 ) ) ;
#8648 = DIRECTION ( 'NONE',  ( 0.9455185755993017471, 0.000000000000000000, -0.3255681544572003872 ) ) ;
#8649 = DIRECTION ( 'NONE',  ( 1.000000000000000000, 0.000000000000000000, 0.000000000000000000 ) ) ;
#8650 = DIRECTION ( 'NONE',  ( -1.000000000000000000, 0.000000000000000000, 0.000000000000000000 ) ) ;
#8651 = DIRECTION ( 'NONE',  ( 0.000000000000000000, 1.000000000000000000, 0.000000000000000000 ) ) ;
#8652 = ORIENTED_EDGE ( 'NONE', *, *, #3321, .T. ) ;
#8653 = LINE ( 'NONE', #4994, #5936 ) ;
#8654 = FACE_OUTER_BOUND ( 'NONE', #205, .T. ) ;
#8655 = VERTEX_POINT ( 'NONE', #2868 ) ;
#8656 = EDGE_CURVE ( 'NONE', #2486, #5279, #8308, .T. ) ;
#8657 = CIRCLE ( 'NONE', #5509, 0.2285786437626997902 ) ;
#8658 = CARTESIAN_POINT ( 'NONE',  ( 3.880624174837004059, 1.219636315299000628, -0.4678460033692997122 ) ) ;
#8659 = ORIENTED_EDGE ( 'NONE', *, *, #4252, .F. ) ;
#8660 = DIRECTION ( 'NONE',  ( 0.4226182617406838427, 0.000000000000000000, -0.9063077870366573752 ) ) ;
#8661 = FACE_OUTER_BOUND ( 'NONE', #5026, .T. ) ;
#8662 = VECTOR ( 'NONE', #1619, 1000.000000000000000 ) ;
#8663 = DIRECTION ( 'NONE',  ( -0.000000000000000000, 1.000000000000000000, 0.000000000000000000 ) ) ;
#8664 = LINE ( 'NONE', #4957, #8166 ) ;
#8665 = EDGE_CURVE ( 'NONE', #1694, #445, #5599, .T. ) ;
#8666 = PLANE ( 'NONE',  #3134 ) ;
#8667 = EDGE_CURVE ( 'NONE', #5498, #2692, #6250, .T. ) ;
#8668 = LINE ( 'NONE', #883, #6455 ) ;
#8669 = COLOUR_RGB ( '',1.000000000000000000, 1.000000000000000000, 1.000000000000000000 ) ;
#8670 = CARTESIAN_POINT ( 'NONE',  ( -6.785934038805000235, -1.209381625337999866, -1.564677084726000089 ) ) ;
#8671 = CARTESIAN_POINT ( 'NONE',  ( -13.42499999999999893, 1.750000000000000000, -5.250000000000000000 ) ) ;
#8672 = DIRECTION ( 'NONE',  ( -1.000000000000000000, 0.000000000000000000, 0.000000000000000000 ) ) ;
#8673 = ADVANCED_FACE ( 'NONE', ( #2106 ), #9111, .F. ) ;
#8674 = CARTESIAN_POINT ( 'NONE',  ( -5.000000000000000000, 4.129999999999999893, -5.500000000000000000 ) ) ;
#8675 = ADVANCED_FACE ( 'NONE', ( #6345 ), #2015, .T. ) ;
#8676 = ORIENTED_EDGE ( 'NONE', *, *, #6648, .T. ) ;
#8677 = DIRECTION ( 'NONE',  ( 1.000000000000000000, 0.000000000000000000, 0.000000000000000000 ) ) ;
#8678 = EDGE_CURVE ( 'NONE', #1259, #2608, #1322, .T. ) ;
#8679 = CARTESIAN_POINT ( 'NONE',  ( 11.57500000000000107, -2.600000000000000089, 1.523975065412999985 ) ) ;
#8680 = EDGE_LOOP ( 'NONE', ( #9194, #7541, #5776, #6632 ) ) ;
#8681 = CARTESIAN_POINT ( 'NONE',  ( 14.25000000000000000, -2.600000000000000089, 0.000000000000000000 ) ) ;
#8682 = CARTESIAN_POINT ( 'NONE',  ( 3.878474839888000236, 0.7589170748061000449, -0.6343490298142000494 ) ) ;
#8683 = ORIENTED_EDGE ( 'NONE', *, *, #7969, .F. ) ;
#8684 = CARTESIAN_POINT ( 'NONE',  ( 3.935874358208000245, -1.201608911134000035, -0.5533559388937999701 ) ) ;
#8685 = AXIS2_PLACEMENT_3D ( 'NONE', #4928, #7880, #7229 ) ;
#8686 = ORIENTED_EDGE ( 'NONE', *, *, #2555, .F. ) ;
#8687 = AXIS2_PLACEMENT_3D ( 'NONE', #2135, #7951, #8620 ) ;
#8688 = CARTESIAN_POINT ( 'NONE',  ( 3.878474839888000236, -1.750000000000000000, -0.6343490298142000494 ) ) ;
#8689 = CARTESIAN_POINT ( 'NONE',  ( 5.448097772570999808, 1.270000000000000018, 0.7779837387624999323 ) ) ;
#8690 = ORIENTED_EDGE ( 'NONE', *, *, #3363, .F. ) ;
#8691 = DIRECTION ( 'NONE',  ( 0.9455185755993018581, 0.000000000000000000, -0.3255681544572004982 ) ) ;
#8692 = CARTESIAN_POINT ( 'NONE',  ( -7.672065492357826422, 0.6991495612755904698, -1.048033420026086571 ) ) ;
#8693 = CARTESIAN_POINT ( 'NONE',  ( -8.860880754180529451, 5.052226319892052508, 0.000000000000000000 ) ) ;
#8694 = CARTESIAN_POINT ( 'NONE',  ( -13.42499999999999893, 0.5000000000000000000, -4.450000000000000178 ) ) ;
#8695 = ORIENTED_EDGE ( 'NONE', *, *, #3324, .F. ) ;
#8696 = FACE_OUTER_BOUND ( 'NONE', #372, .T. ) ;
#8697 = VECTOR ( 'NONE', #4846, 1000.000000000000000 ) ;
#8698 = CARTESIAN_POINT ( 'NONE',  ( 13.22500000000000142, 0.5000000000000000000, -4.450000000000000178 ) ) ;
#8699 = ORIENTED_EDGE ( 'NONE', *, *, #217, .T. ) ;
#8700 = AXIS2_PLACEMENT_3D ( 'NONE', #2721, #2101, #6478 ) ;
#8701 = CARTESIAN_POINT ( 'NONE',  ( 3.881285951531002087, 1.255040059593999002, -0.4687568608468998255 ) ) ;
#8702 = EDGE_LOOP ( 'NONE', ( #4793, #8601, #942, #2188 ) ) ;
#8703 = DIRECTION ( 'NONE',  ( -1.000000000000000000, 0.000000000000000000, 0.000000000000000000 ) ) ;
#8704 = DIRECTION ( 'NONE',  ( 0.000000000000000000, 1.000000000000000000, 0.000000000000000000 ) ) ;
#8705 = DIRECTION ( 'NONE',  ( 0.000000000000000000, 0.000000000000000000, -1.000000000000000000 ) ) ;
#8706 = LINE ( 'NONE', #7994, #387 ) ;
#8707 = EDGE_CURVE ( 'NONE', #2611, #5716, #1413, .T. ) ;
#8708 = LINE ( 'NONE', #6506, #8076 ) ;
#8709 = VECTOR ( 'NONE', #4598, 1000.000000000000000 ) ;
#8710 = ORIENTED_EDGE ( 'NONE', *, *, #2517, .F. ) ;
#8711 = VECTOR ( 'NONE', #64, 1000.000000000000000 ) ;
#8712 = CARTESIAN_POINT ( 'NONE',  ( 8.641778518293998346, -1.750000000000000000, -4.000000000000000000 ) ) ;
#8713 = EDGE_CURVE ( 'NONE', #7502, #2675, #675, .T. ) ;
#8714 = CARTESIAN_POINT ( 'NONE',  ( -6.806523746036150513, -1.041061351736001450, -1.557277237152343119 ) ) ;
#8715 = VECTOR ( 'NONE', #4524, 1000.000000000000000 ) ;
#8716 = DIRECTION ( 'NONE',  ( 0.000000000000000000, -1.000000000000000000, 0.000000000000000000 ) ) ;
#8717 = DIRECTION ( 'NONE',  ( 0.000000000000000000, 0.000000000000000000, -1.000000000000000000 ) ) ;
#8718 = EDGE_CURVE ( 'NONE', #1856, #5427, #1232, .T. ) ;
#8719 = CARTESIAN_POINT ( 'NONE',  ( -7.419786287784998713, 1.372184144185999433, -1.466931668738000960 ) ) ;
#8720 = DIRECTION ( 'NONE',  ( 0.000000000000000000, -1.000000000000000000, 0.000000000000000000 ) ) ;
#8721 = AXIS2_PLACEMENT_3D ( 'NONE', #330, #2659, #5533 ) ;
#8722 = EDGE_CURVE ( 'NONE', #8585, #311, #6391, .T. ) ;
#8723 = VERTEX_POINT ( 'NONE', #4084 ) ;
#8724 = CARTESIAN_POINT ( 'NONE',  ( -7.500949199034992354, 1.304671229936999577, -1.327952034793999703 ) ) ;
#8725 = CARTESIAN_POINT ( 'NONE',  ( -7.637973426245000752, -0.6991495612755999067, -1.059772259783000159 ) ) ;
#8726 = ADVANCED_FACE ( 'NONE', ( #6953 ), #2167, .F. ) ;
#8727 = ORIENTED_EDGE ( 'NONE', *, *, #4998, .T. ) ;
#8728 = LINE ( 'NONE', #5152, #3585 ) ;
#8729 = EDGE_CURVE ( 'NONE', #813, #4006, #7003, .T. ) ;
#8730 = CARTESIAN_POINT ( 'NONE',  ( -7.390917734102001369, -1.252833393926999772, -1.457596498132998297 ) ) ;
#8731 = VERTEX_POINT ( 'NONE', #3382 ) ;
#8732 = CARTESIAN_POINT ( 'NONE',  ( 3.944830360777000333, -1.106227404600000019, -0.6832816789628000098 ) ) ;
#8733 = EDGE_CURVE ( 'NONE', #4094, #6449, #2017, .T. ) ;
#8734 = ORIENTED_EDGE ( 'NONE', *, *, #6542, .F. ) ;
#8735 = DIRECTION ( 'NONE',  ( 0.000000000000000000, 0.000000000000000000, 1.000000000000000000 ) ) ;
#8736 = CARTESIAN_POINT ( 'NONE',  ( -8.273516791272999882, -0.6729456716339999867, -1.369747470354000018 ) ) ;
#8737 = CARTESIAN_POINT ( 'NONE',  ( 14.25000000000000000, 3.500000000000000000, -38.18409399080999833 ) ) ;
#8738 = LINE ( 'NONE', #3707, #8188 ) ;
#8739 = DIRECTION ( 'NONE',  ( 0.000000000000000000, 0.000000000000000000, -1.000000000000000000 ) ) ;
#8740 = CARTESIAN_POINT ( 'NONE',  ( 8.506689802169562498, 0.3263933929895250774, -4.000000000000000000 ) ) ;
#8741 = ORIENTED_EDGE ( 'NONE', *, *, #6719, .T. ) ;
#8742 = PLANE ( 'NONE',  #1582 ) ;
#8743 = CARTESIAN_POINT ( 'NONE',  ( 3.587358685508999834, 1.750000000000000000, -0.5739223415101999404 ) ) ;
#8744 = ORIENTED_EDGE ( 'NONE', *, *, #1891, .F. ) ;
#8745 = VERTEX_POINT ( 'NONE', #9157 ) ;
#8746 = CARTESIAN_POINT ( 'NONE',  ( 3.964725773372002493, 1.665711317922997647, -0.6280112138949002221 ) ) ;
#8747 = VERTEX_POINT ( 'NONE', #2728 ) ;
#8748 = LINE ( 'NONE', #2303, #5115 ) ;
#8749 = FACE_OUTER_BOUND ( 'NONE', #1023, .T. ) ;
#8750 = LINE ( 'NONE', #6684, #7460 ) ;
#8751 = CARTESIAN_POINT ( 'NONE',  ( 3.937014074248000206, -0.9441403812348999613, -0.7117315373734999229 ) ) ;
#8752 = VERTEX_POINT ( 'NONE', #3031 ) ;
#8753 = CARTESIAN_POINT ( 'NONE',  ( -7.179909470181000231, 6.669999999999999929, -0.4000000000000000222 ) ) ;
#8754 = EDGE_CURVE ( 'NONE', #7231, #3242, #4507, .T. ) ;
#8755 = CARTESIAN_POINT ( 'NONE',  ( -6.918786530446232597, -0.8466678159791651836, -1.518069219005430792 ) ) ;
#8756 = DIRECTION ( 'NONE',  ( 1.000000000000000000, 0.000000000000000000, 0.000000000000000000 ) ) ;
#8757 = FACE_OUTER_BOUND ( 'NONE', #3969, .T. ) ;
#8758 = FACE_OUTER_BOUND ( 'NONE', #4222, .T. ) ;
#8759 = CARTESIAN_POINT ( 'NONE',  ( 12.49255995604000091, -0.2500000000000000000, -3.951530717129999370 ) ) ;
#8760 = CARTESIAN_POINT ( 'NONE',  ( 13.22500000000000142, 2.500000000000000000, -1.350000000000000089 ) ) ;
#8761 = EDGE_LOOP ( 'NONE', ( #298, #3453, #964, #1084 ) ) ;
#8762 = CARTESIAN_POINT ( 'NONE',  ( -7.360728583477994746, 1.151585900327998457, -1.467991456314999610 ) ) ;
#8763 = B_SPLINE_SURFACE_WITH_KNOTS ( 'NONE', 3, 3, ( 
 ( #3655, #4889, #812, #5741, #4269, #4935 ),
 ( #4228, #5024, #1504, #7928, #2110, #7101 ),
 ( #8459, #6524, #7233, #9205, #5779, #4361 ),
 ( #4314, #2911, #5071, #2151, #2730, #9247 ),
 ( #4982, #3481, #2872, #2196, #20, #2818 ),
 ( #5646, #5601, #2775, #6485, #7843, #7884 ),
 ( #8506, #2063, #7800, #2018, #4180, #3571 ),
 ( #6394, #1373, #1458, #8642, #677, #7753 ),
 ( #7053, #6348, #3524, #5691, #7144, #1415 ),
 ( #725, #6437, #8154, #5298, #5911, #4450 ),
 ( #4501, #8775, #6709, #1632, #3884, #2955 ),
 ( #287, #2426, #5956, #7455, #6620, #992 ),
 ( #6004, #3840, #8819, #946, #5871, #2376 ),
 ( #7316, #245, #5825, #8684, #3088, #901 ),
 ( #8732, #5198, #4549, #2328, #1035, #1728 ),
 ( #2997, #5116, #7408, #2242, #7973, #1547 ),
 ( #4594, #105, #3137, #3798, #4402, #5249 ),
 ( #8112, #7271, #5156, #8870, #855, #3042 ),
 ( #2286, #3700, #3752, #8061, #7367, #1589 ) ),
 .UNSPECIFIED., .F., .F., .F.,
 ( 4, 1, 1, 1, 1, 1, 1, 1, 1, 1, 1, 1, 1, 1, 1, 1, 4 ),
 ( 4, 1, 1, 4 ),
 ( 9.863294283242000644E-05, 0.0001268181067330999832, 0.0001368710565942999908, 0.0001418975315249000081, 0.0001469240064554999984, 0.0001494372439208000206, 0.0001519504813860999887, 0.0001544637188513999838, 0.0001569769563167000060, 0.0001594901937820000011, 0.0001620034312472999963, 0.0001645166687125999914, 0.0001670299061779000136, 0.0001720563811085000039, 0.0001770828560390000036, 0.0001871358059002000112, 0.0002149827162826999918 ),
 ( 0.1289917573738000034, 0.3910617407418999769, 0.5940484802876000447, 1.064757138280999937 ),
 .UNSPECIFIED. ) ;
#8764 = AXIS2_PLACEMENT_3D ( 'NONE', #865, #1556, #4413 ) ;
#8765 = LINE ( 'NONE', #1718, #6760 ) ;
#8766 = ORIENTED_EDGE ( 'NONE', *, *, #5798, .F. ) ;
#8767 = EDGE_CURVE ( 'NONE', #1926, #3517, #2362, .T. ) ;
#8768 = CARTESIAN_POINT ( 'NONE',  ( -8.051856260708012414, -0.6781864495623001199, -1.340309243687419549 ) ) ;
#8769 = VECTOR ( 'NONE', #7808, 1000.000000000000000 ) ;
#8770 = AXIS2_PLACEMENT_3D ( 'NONE', #934, #5235, #5330 ) ;
#8771 = CARTESIAN_POINT ( 'NONE',  ( -7.105026660317002474, -1.471080675627998824, -1.464279097598001789 ) ) ;
#8772 = ORIENTED_EDGE ( 'NONE', *, *, #5740, .F. ) ;
#8773 = EDGE_CURVE ( 'NONE', #6231, #586, #8142, .T. ) ;
#8774 = VECTOR ( 'NONE', #2218, 1000.000000000000000 ) ;
#8775 = CARTESIAN_POINT ( 'NONE',  ( 3.970709395462000302, -1.222582965726000115, -0.6912879381403999046 ) ) ;
#8776 = EDGE_CURVE ( 'NONE', #4088, #7420, #2417, .T. ) ;
#8777 = ORIENTED_EDGE ( 'NONE', *, *, #4424, .F. ) ;
#8778 = CARTESIAN_POINT ( 'NONE',  ( 3.858370348279997586, 1.564292837323001395, -0.6130208233870001466 ) ) ;
#8779 = DIRECTION ( 'NONE',  ( 0.000000000000000000, -1.000000000000000000, 0.000000000000000000 ) ) ;
#8780 = VECTOR ( 'NONE', #2008, 1000.000000000000000 ) ;
#8781 = DIRECTION ( 'NONE',  ( 0.8088400402561154445, -0.02091427258646041260, 0.5876566875997113470 ) ) ;
#8782 = DIRECTION ( 'NONE',  ( -0.6154481951113739413, 0.7881773399014667669, 0.000000000000000000 ) ) ;
#8783 = CARTESIAN_POINT ( 'NONE',  ( -7.277603698116000608, 1.224574780638000071, -1.395381644408000055 ) ) ;
#8784 = DIRECTION ( 'NONE',  ( 0.000000000000000000, -1.000000000000000000, 0.000000000000000000 ) ) ;
#8785 = ORIENTED_EDGE ( 'NONE', *, *, #2334, .F. ) ;
#8786 = EDGE_CURVE ( 'NONE', #3880, #7497, #1721, .T. ) ;
#8787 = CARTESIAN_POINT ( 'NONE',  ( 9.500000000000000000, -6.500000000000000000, -0.2500000000000000000 ) ) ;
#8788 = ADVANCED_FACE ( 'NONE', ( #1675 ), #3829, .F. ) ;
#8789 = CARTESIAN_POINT ( 'NONE',  ( -12.22499999999999964, 2.000000000000000000, -3.350000000000000089 ) ) ;
#8790 = ORIENTED_EDGE ( 'NONE', *, *, #8776, .T. ) ;
#8791 = ORIENTED_EDGE ( 'NONE', *, *, #3937, .F. ) ;
#8792 = CARTESIAN_POINT ( 'NONE',  ( 3.938058323443997644, 1.482168847380999521, -0.5394986617667002493 ) ) ;
#8793 = ORIENTED_EDGE ( 'NONE', *, *, #34, .F. ) ;
#8794 = CARTESIAN_POINT ( 'NONE',  ( 14.25000000000000000, 2.000000000000000000, -5.500000000000000000 ) ) ;
#8795 = DIRECTION ( 'NONE',  ( 0.000000000000000000, 0.000000000000000000, -1.000000000000000000 ) ) ;
#8796 = EDGE_LOOP ( 'NONE', ( #3902, #9100, #2333, #8727 ) ) ;
#8797 = DIRECTION ( 'NONE',  ( 0.000000000000000000, 1.000000000000000000, 0.000000000000000000 ) ) ;
#8798 = PLANE ( 'NONE',  #2476 ) ;
#8799 = CARTESIAN_POINT ( 'NONE',  ( 3.873605468222999892, -0.9786330038873000126, -0.6215499824631000036 ) ) ;
#8800 = AXIS2_PLACEMENT_3D ( 'NONE', #3847, #2384, #5454 ) ;
#8801 = ORIENTED_EDGE ( 'NONE', *, *, #3087, .T. ) ;
#8802 = CARTESIAN_POINT ( 'NONE',  ( 8.641778518293998346, 0.1777966565218999928, -4.000000000000000000 ) ) ;
#8803 = CARTESIAN_POINT ( 'NONE',  ( -5.000000000000000000, 5.400000000000000355, -5.500000000000000000 ) ) ;
#8804 = LINE ( 'NONE', #3866, #8861 ) ;
#8805 = DIRECTION ( 'NONE',  ( 0.000000000000000000, 1.000000000000000000, 0.000000000000000000 ) ) ;
#8806 = DIRECTION ( 'NONE',  ( 0.9455185755993017471, 0.000000000000000000, -0.3255681544572004427 ) ) ;
#8807 = CARTESIAN_POINT ( 'NONE',  ( 11.57500000000000107, -1.600000000000000089, 0.000000000000000000 ) ) ;
#8808 = DIRECTION ( 'NONE',  ( -1.000000000000000000, 0.000000000000000000, 0.000000000000000000 ) ) ;
#8809 = VERTEX_POINT ( 'NONE', #8857 ) ;
#8810 = ORIENTED_EDGE ( 'NONE', *, *, #2320, .F. ) ;
#8811 = CARTESIAN_POINT ( 'NONE',  ( 0.000000000000000000, 0.000000000000000000, -0.8000000000000000444 ) ) ;
#8812 = AXIS2_PLACEMENT_3D ( 'NONE', #2701, #5576, #8435 ) ;
#8813 = CARTESIAN_POINT ( 'NONE',  ( 3.571173375659999483, -0.7773277494350000483, -0.5516451736566999609 ) ) ;
#8814 = VERTEX_POINT ( 'NONE', #3787 ) ;
#8815 = CARTESIAN_POINT ( 'NONE',  ( 3.934189649252000542, 1.395551082704999946, -0.6064541559078999722 ) ) ;
#8816 = CARTESIAN_POINT ( 'NONE',  ( -9.413005331873000259, -2.500000000000000000, -4.679062484950999412 ) ) ;
#8817 = ORIENTED_EDGE ( 'NONE', *, *, #2053, .F. ) ;
#8818 = ADVANCED_FACE ( 'NONE', ( #191 ), #5333, .T. ) ;
#8819 = CARTESIAN_POINT ( 'NONE',  ( 3.959663722052000345, -1.184386613253000098, -0.6394895152603999877 ) ) ;
#8820 = VERTEX_POINT ( 'NONE', #4489 ) ;
#8821 = CARTESIAN_POINT ( 'NONE',  ( 9.811345473480999502, 2.600000000000000089, -1.100000000000000089 ) ) ;
#8822 = CIRCLE ( 'NONE', #8379, 0.4799999999999998157 ) ;
#8823 = AXIS2_PLACEMENT_3D ( 'NONE', #6807, #384, #2532 ) ;
#8824 = ADVANCED_FACE ( 'NONE', ( #5187 ), #3922, .F. ) ;
#8825 = CARTESIAN_POINT ( 'NONE',  ( 8.345709992843000080, -0.4241200672368000135, -3.800299258013999815 ) ) ;
#8826 = CARTESIAN_POINT ( 'NONE',  ( 3.902445767598998749, 1.051140063235000532, -0.5913582419012994862 ) ) ;
#8827 = LINE ( 'NONE', #5964, #2950 ) ;
#8828 = CARTESIAN_POINT ( 'NONE',  ( -7.004068377597168826, -0.7288689692749751314, -1.277285389507836877 ) ) ;
#8829 = EDGE_CURVE ( 'NONE', #5336, #5080, #8186, .T. ) ;
#8830 = ORIENTED_EDGE ( 'NONE', *, *, #2180, .F. ) ;
#8831 = CARTESIAN_POINT ( 'NONE',  ( 15.84999999999999964, -2.500000000000000000, -5.500000000000000000 ) ) ;
#8832 = DIRECTION ( 'NONE',  ( 0.000000000000000000, 0.000000000000000000, -1.000000000000000000 ) ) ;
#8833 = CIRCLE ( 'NONE', #7929, 0.04999999999999969746 ) ;
#8834 = VECTOR ( 'NONE', #3492, 1000.000000000000000 ) ;
#8835 = ORIENTED_EDGE ( 'NONE', *, *, #8254, .T. ) ;
#8836 = ORIENTED_EDGE ( 'NONE', *, *, #852, .F. ) ;
#8837 = ADVANCED_FACE ( 'NONE', ( #3215 ), #5237, .T. ) ;
#8838 = ORIENTED_EDGE ( 'NONE', *, *, #7001, .T. ) ;
#8839 = VECTOR ( 'NONE', #8137, 1000.000000000000000 ) ;
#8840 = PLANE ( 'NONE',  #7080 ) ;
#8841 = VECTOR ( 'NONE', #211, 1000.000000000000000 ) ;
#8842 = DIRECTION ( 'NONE',  ( 0.000000000000000000, -1.000000000000000000, 0.000000000000000000 ) ) ;
#8843 = ORIENTED_EDGE ( 'NONE', *, *, #5912, .F. ) ;
#8844 = DIRECTION ( 'NONE',  ( -0.9063077870366585964, 0.000000000000000000, -0.4226182617406808451 ) ) ;
#8845 = EDGE_CURVE ( 'NONE', #2601, #1371, #3123, .T. ) ;
#8846 = CARTESIAN_POINT ( 'NONE',  ( -9.650000000000000355, 5.750000000000000000, -0.2500000000000000000 ) ) ;
#8847 = VECTOR ( 'NONE', #8603, 1000.000000000000000 ) ;
#8848 = VECTOR ( 'NONE', #3864, 1000.000000000000000 ) ;
#8849 = ORIENTED_EDGE ( 'NONE', *, *, #7358, .T. ) ;
#8850 = CARTESIAN_POINT ( 'NONE',  ( -13.22500000000000142, -0.5000000000000000000, -4.500000000000000000 ) ) ;
#8851 = CARTESIAN_POINT ( 'NONE',  ( 3.878474839888000236, -1.750000000000000000, -0.6343490298142000494 ) ) ;
#8852 = CARTESIAN_POINT ( 'NONE',  ( 10.80000000000000071, -8.000000000000000000, 0.000000000000000000 ) ) ;
#8853 = CARTESIAN_POINT ( 'NONE',  ( 13.34916573867999823, 2.000000000000000000, -1.100000000000000089 ) ) ;
#8854 = LINE ( 'NONE', #3213, #3673 ) ;
#8855 = VECTOR ( 'NONE', #6386, 1000.000000000000000 ) ;
#8856 = LINE ( 'NONE', #975, #878 ) ;
#8857 = CARTESIAN_POINT ( 'NONE',  ( 11.00000000000000000, 7.799999999999999822, -5.500000000000000000 ) ) ;
#8858 = EDGE_LOOP ( 'NONE', ( #3129, #8035, #5334, #9008, #8906, #9046, #756, #7815 ) ) ;
#8859 = CARTESIAN_POINT ( 'NONE',  ( -7.148559728572003280, 1.167425857339000173, -1.560322462532000243 ) ) ;
#8860 = AXIS2_PLACEMENT_3D ( 'NONE', #7437, #5328, #7487 ) ;
#8861 = VECTOR ( 'NONE', #839, 1000.000000000000000 ) ;
#8862 = CARTESIAN_POINT ( 'NONE',  ( 0.000000000000000000, 0.000000000000000000, 0.000000000000000000 ) ) ;
#8863 = EDGE_LOOP ( 'NONE', ( #3667, #1659, #7383, #1892 ) ) ;
#8864 = CARTESIAN_POINT ( 'NONE',  ( 3.946875330694999739, 1.390929424186999830, -0.6614563304816999390 ) ) ;
#8865 = AXIS2_PLACEMENT_3D ( 'NONE', #706, #7087, #8581 ) ;
#8866 = VERTEX_POINT ( 'NONE', #8003 ) ;
#8867 = DIRECTION ( 'NONE',  ( 0.000000000000000000, -1.000000000000000000, 0.000000000000000000 ) ) ;
#8868 = ORIENTED_EDGE ( 'NONE', *, *, #7694, .F. ) ;
#8869 = VECTOR ( 'NONE', #1850, 1000.000000000000000 ) ;
#8870 = CARTESIAN_POINT ( 'NONE',  ( 3.893805475214999756, -1.136471383839000149, -0.4958142312653999739 ) ) ;
#8871 = EDGE_CURVE ( 'NONE', #7088, #2607, #976, .T. ) ;
#8872 = ORIENTED_EDGE ( 'NONE', *, *, #3836, .T. ) ;
#8873 = CARTESIAN_POINT ( 'NONE',  ( 3.749162084384000337, -1.270000000000000018, -0.4563652910517000394 ) ) ;
#8874 = ADVANCED_FACE ( 'NONE', ( #7440 ), #1760, .F. ) ;
#8875 = CARTESIAN_POINT ( 'NONE',  ( 3.733053406463000989, -0.8594342299189007273, -0.3023968232940002498 ) ) ;
#8876 = CARTESIAN_POINT ( 'NONE',  ( 3.886703082657002373, 1.035198406589000975, -0.5707690355867002241 ) ) ;
#8877 = LINE ( 'NONE', #6808, #9246 ) ;
#8878 = DIRECTION ( 'NONE',  ( 0.000000000000000000, 0.000000000000000000, -1.000000000000000000 ) ) ;
#8879 = VERTEX_POINT ( 'NONE', #3870 ) ;
#8880 = DIRECTION ( 'NONE',  ( 0.000000000000000000, 0.000000000000000000, 1.000000000000000000 ) ) ;
#8881 = ORIENTED_EDGE ( 'NONE', *, *, #5974, .F. ) ;
#8882 = ORIENTED_EDGE ( 'NONE', *, *, #3385, .T. ) ;
#8883 = ADVANCED_FACE ( 'NONE', ( #6742 ), #8900, .T. ) ;
#8884 = PLANE ( 'NONE',  #456 ) ;
#8885 = EDGE_LOOP ( 'NONE', ( #4293, #4381, #7481, #968 ) ) ;
#8886 = CARTESIAN_POINT ( 'NONE',  ( -9.014631942059999403, -4.129999999999999893, -0.2678610386527000009 ) ) ;
#8887 = CARTESIAN_POINT ( 'NONE',  ( -7.412823638153000161, 1.224574780638000071, -1.454583753304999894 ) ) ;
#8888 = EDGE_LOOP ( 'NONE', ( #7520, #8596, #6588, #4376 ) ) ;
#8889 = PLANE ( 'NONE',  #6122 ) ;
#8890 = CARTESIAN_POINT ( 'NONE',  ( 3.915055490439000696, -1.448265828083999951, -0.6081397699828000603 ) ) ;
#8891 = EDGE_CURVE ( 'NONE', #4976, #5438, #8015, .T. ) ;
#8892 = ORIENTED_EDGE ( 'NONE', *, *, #6022, .T. ) ;
#8893 = EDGE_CURVE ( 'NONE', #6992, #813, #2627, .T. ) ;
#8894 = DIRECTION ( 'NONE',  ( 0.5610739678051955837, 0.000000000000000000, -0.8277656689252909095 ) ) ;
#8895 = CARTESIAN_POINT ( 'NONE',  ( 13.22500000000000142, 2.000000000000000000, -5.250000000000000000 ) ) ;
#8896 = DIRECTION ( 'NONE',  ( 0.5877852522925136602, 0.000000000000000000, -0.8090169943749180304 ) ) ;
#8897 = CARTESIAN_POINT ( 'NONE',  ( 11.57500000000000107, -2.600000000000000089, 0.000000000000000000 ) ) ;
#8898 = PLANE ( 'NONE',  #4021 ) ;
#8899 = FACE_OUTER_BOUND ( 'NONE', #1861, .T. ) ;
#8900 = PLANE ( 'NONE',  #7574 ) ;
#8901 = ORIENTED_EDGE ( 'NONE', *, *, #8448, .F. ) ;
#8902 = ORIENTED_EDGE ( 'NONE', *, *, #3321, .F. ) ;
#8903 = PLANE ( 'NONE',  #560 ) ;
#8904 = ADVANCED_FACE ( 'NONE', ( #414 ), #5479, .F. ) ;
#8905 = FACE_OUTER_BOUND ( 'NONE', #8189, .T. ) ;
#8906 = ORIENTED_EDGE ( 'NONE', *, *, #2237, .F. ) ;
#8907 = EDGE_CURVE ( 'NONE', #405, #6474, #4821, .T. ) ;
#8908 = DIRECTION ( 'NONE',  ( 0.000000000000000000, -1.000000000000000000, 0.000000000000000000 ) ) ;
#8909 = ORIENTED_EDGE ( 'NONE', *, *, #1498, .T. ) ;
#8910 = DIRECTION ( 'NONE',  ( 0.000000000000000000, 0.000000000000000000, -1.000000000000000000 ) ) ;
#8911 = ORIENTED_EDGE ( 'NONE', *, *, #7330, .T. ) ;
#8912 = LINE ( 'NONE', #5398, #5721 ) ;
#8913 = VECTOR ( 'NONE', #5020, 1000.000000000000000 ) ;
#8914 = VERTEX_POINT ( 'NONE', #6135 ) ;
#8915 = PLANE ( 'NONE',  #291 ) ;
#8916 = DIRECTION ( 'NONE',  ( -0.5591929034707341373, 0.000000000000000000, -0.8290375725550501729 ) ) ;
#8917 = VECTOR ( 'NONE', #4275, 1000.000000000000000 ) ;
#8918 = CARTESIAN_POINT ( 'NONE',  ( 4.403105430786999896, 0.7149874937750000381, -1.140978902365999970 ) ) ;
#8919 = CARTESIAN_POINT ( 'NONE',  ( 11.00000000000000000, 3.500000000000000000, 0.000000000000000000 ) ) ;
#8920 = DIRECTION ( 'NONE',  ( 0.000000000000000000, -1.000000000000000000, 0.000000000000000000 ) ) ;
#8921 = VERTEX_POINT ( 'NONE', #464 ) ;
#8922 = VECTOR ( 'NONE', #7719, 1000.000000000000000 ) ;
#8923 = CARTESIAN_POINT ( 'NONE',  ( 3.716671441012999733, 1.750000000000000000, -0.7519060802727000059 ) ) ;
#8924 = ORIENTED_EDGE ( 'NONE', *, *, #6191, .F. ) ;
#8925 = VERTEX_POINT ( 'NONE', #7029 ) ;
#8926 = VECTOR ( 'NONE', #2784, 1000.000000000000000 ) ;
#8927 = CARTESIAN_POINT ( 'NONE',  ( -15.84999999999999964, 1.750000000000000000, -5.299999999999999822 ) ) ;
#8928 = ORIENTED_EDGE ( 'NONE', *, *, #924, .T. ) ;
#8929 = DIRECTION ( 'NONE',  ( 0.000000000000000000, 1.000000000000000000, 0.000000000000000000 ) ) ;
#8930 = CARTESIAN_POINT ( 'NONE',  ( -14.25000000000000000, 3.500000000000000000, -5.500000000000000000 ) ) ;
#8931 = EDGE_CURVE ( 'NONE', #7223, #5114, #8997, .T. ) ;
#8932 = PLANE ( 'NONE',  #4267 ) ;
#8933 = ORIENTED_EDGE ( 'NONE', *, *, #6073, .F. ) ;
#8934 = CARTESIAN_POINT ( 'NONE',  ( 8.233871412147999891, 0.4241200672368000135, -3.966106772525000324 ) ) ;
#8935 = CARTESIAN_POINT ( 'NONE',  ( 3.914974636150999832, -1.060554993173000060, -0.6080401551702000473 ) ) ;
#8936 = AXIS2_PLACEMENT_3D ( 'NONE', #8811, #1622, #8052 ) ;
#8937 = EDGE_CURVE ( 'NONE', #1926, #1761, #4862, .T. ) ;
#8938 = VERTEX_POINT ( 'NONE', #7628 ) ;
#8939 = DIRECTION ( 'NONE',  ( 0.9517557531537321758, 0.000000000000000000, 0.3068566217939119878 ) ) ;
#8940 = FACE_OUTER_BOUND ( 'NONE', #599, .T. ) ;
#8941 = EDGE_CURVE ( 'NONE', #4379, #3054, #9183, .T. ) ;
#8942 = CARTESIAN_POINT ( 'NONE',  ( 13.42499999999999893, 0.7500000000000000000, -3.600000000000000089 ) ) ;
#8943 = PLANE ( 'NONE',  #5917 ) ;
#8944 = CARTESIAN_POINT ( 'NONE',  ( -13.12697540696999887, 0.5000000000000000000, -3.655697933911000064 ) ) ;
#8945 = DIRECTION ( 'NONE',  ( 0.4226182617406831765, 0.000000000000000000, -0.9063077870366575972 ) ) ;
#8946 = CARTESIAN_POINT ( 'NONE',  ( 7.650725455797999786, 6.669999999999999929, 0.000000000000000000 ) ) ;
#8947 = CIRCLE ( 'NONE', #886, 9.800000000000002487 ) ;
#8948 = ORIENTED_EDGE ( 'NONE', *, *, #6427, .T. ) ;
#8949 = EDGE_CURVE ( 'NONE', #2895, #4166, #1206, .T. ) ;
#8950 = ORIENTED_EDGE ( 'NONE', *, *, #760, .F. ) ;
#8951 = DIRECTION ( 'NONE',  ( -0.3255681544572004427, 0.000000000000000000, -0.9455185755993018581 ) ) ;
#8952 = LINE ( 'NONE', #9096, #1078 ) ;
#8953 = ORIENTED_EDGE ( 'NONE', *, *, #5732, .F. ) ;
#8954 = AXIS2_PLACEMENT_3D ( 'NONE', #8816, #2473, #3929 ) ;
#8955 = CARTESIAN_POINT ( 'NONE',  ( 3.939804971882000295, 1.213647764501999848, -0.5605141651116000157 ) ) ;
#8956 = EDGE_CURVE ( 'NONE', #5350, #2548, #3316, .T. ) ;
#8957 = ORIENTED_EDGE ( 'NONE', *, *, #3087, .F. ) ;
#8958 = DIRECTION ( 'NONE',  ( 1.000000000000000000, 0.000000000000000000, 0.000000000000000000 ) ) ;
#8959 = EDGE_CURVE ( 'NONE', #3102, #6355, #9225, .T. ) ;
#8960 = EDGE_LOOP ( 'NONE', ( #7465, #2742 ) ) ;
#8961 = VECTOR ( 'NONE', #6424, 1000.000000000000000 ) ;
#8962 = DIRECTION ( 'NONE',  ( 0.000000000000000000, 0.000000000000000000, -1.000000000000000000 ) ) ;
#8963 = EDGE_LOOP ( 'NONE', ( #173, #6398, #4753, #2318, #1106 ) ) ;
#8964 = CARTESIAN_POINT ( 'NONE',  ( -12.97499999999999964, -2.500000000000000000, -1.350000000000000089 ) ) ;
#8965 = AXIS2_PLACEMENT_3D ( 'NONE', #793, #3640, #879 ) ;
#8966 = VECTOR ( 'NONE', #3478, 1000.000000000000000 ) ;
#8967 = PLANE ( 'NONE',  #750 ) ;
#8968 = PLANE ( 'NONE',  #4463 ) ;
#8969 = DIRECTION ( 'NONE',  ( -0.000000000000000000, 1.000000000000000000, 0.000000000000000000 ) ) ;
#8970 = ORIENTED_EDGE ( 'NONE', *, *, #2971, .T. ) ;
#8971 = CARTESIAN_POINT ( 'NONE',  ( 8.887243667190000806, 4.129999999999999893, -0.4000000000000000222 ) ) ;
#8972 = AXIS2_PLACEMENT_3D ( 'NONE', #3785, #6693, #321 ) ;
#8973 = EDGE_LOOP ( 'NONE', ( #7100, #1309, #1266, #7180 ) ) ;
#8974 = ADVANCED_FACE ( 'NONE', ( #8436 ), #1901, .T. ) ;
#8975 = EDGE_LOOP ( 'NONE', ( #4030, #2344, #3974, #9250 ) ) ;
#8976 = CARTESIAN_POINT ( 'NONE',  ( 3.894773922999998028, -1.466459459562999834, -0.5814785519534003688 ) ) ;
#8977 = EDGE_LOOP ( 'NONE', ( #62, #1010, #8482, #506, #1428, #9215, #690, #2783 ) ) ;
#8978 = PLANE ( 'NONE',  #3169 ) ;
#8979 = PLANE ( 'NONE',  #3753 ) ;
#8980 = FACE_OUTER_BOUND ( 'NONE', #4643, .T. ) ;
#8981 = VERTEX_POINT ( 'NONE', #1300 ) ;
#8982 = CIRCLE ( 'NONE', #1343, 10.15000000000000036 ) ;
#8983 = CARTESIAN_POINT ( 'NONE',  ( 0.000000000000000000, 0.000000000000000000, 0.000000000000000000 ) ) ;
#8984 = LINE ( 'NONE', #4809, #759 ) ;
#8985 = ORIENTED_EDGE ( 'NONE', *, *, #6142, .F. ) ;
#8987 = CARTESIAN_POINT ( 'NONE',  ( -7.800757503472999232, -2.500000000000000000, -1.532531547581999831 ) ) ;
#8986 = VECTOR ( 'NONE', #3117, 1000.000000000000000 ) ;
#8988 = AXIS2_PLACEMENT_3D ( 'NONE', #2435, #868, #6581 ) ;
#8989 = EDGE_CURVE ( 'NONE', #5417, #1385, #2702, .T. ) ;
#8990 = PLANE ( 'NONE',  #6896 ) ;
#8991 = ORIENTED_EDGE ( 'NONE', *, *, #8036, .F. ) ;
#8992 = CARTESIAN_POINT ( 'NONE',  ( -7.018393673851000436, -1.224574780638000071, -1.590396881523000072 ) ) ;
#8993 = EDGE_CURVE ( 'NONE', #6992, #6769, #3963, .T. ) ;
#8994 = LINE ( 'NONE', #1851, #1308 ) ;
#8995 = LINE ( 'NONE', #509, #4123 ) ;
#8996 = CARTESIAN_POINT ( 'NONE',  ( 3.900384804468999711, -1.571983594570999898, -0.6639559802226000507 ) ) ;
#8997 = LINE ( 'NONE', #9044, #2778 ) ;
#8998 = VERTEX_POINT ( 'NONE', #6837 ) ;
#8999 = EDGE_LOOP ( 'NONE', ( #2152, #3533, #4763, #2363 ) ) ;
#9000 = LINE ( 'NONE', #6840, #3687 ) ;
#9001 = ADVANCED_FACE ( 'NONE', ( #6325 ), #4719, .T. ) ;
#9002 = LINE ( 'NONE', #2569, #8108 ) ;
#9003 = ORIENTED_EDGE ( 'NONE', *, *, #601, .T. ) ;
#9004 = ADVANCED_FACE ( 'NONE', ( #4062 ), #6933, .F. ) ;
#9005 = CARTESIAN_POINT ( 'NONE',  ( 3.932003320250000211, 1.186794398103999892, -0.5499985900871999789 ) ) ;
#9006 = CONICAL_SURFACE ( 'NONE', #5857, 9.974999999999999645, 0.7188299996214952969 ) ;
#9007 = ADVANCED_FACE ( 'NONE', ( #3360 ), #6228, .T. ) ;
#9008 = ORIENTED_EDGE ( 'NONE', *, *, #5953, .F. ) ;
#9009 = DIRECTION ( 'NONE',  ( -0.5591929034707342483, 1.735706879307860863E-15, -0.8290375725550502839 ) ) ;
#9010 = ORIENTED_EDGE ( 'NONE', *, *, #7377, .F. ) ;
#9011 = CARTESIAN_POINT ( 'NONE',  ( -11.00000000000000000, 7.799999999999999822, 0.000000000000000000 ) ) ;
#9012 = CARTESIAN_POINT ( 'NONE',  ( -11.07499999999999929, 2.500000000000000000, -1.199999999999999956 ) ) ;
#9013 = EDGE_CURVE ( 'NONE', #6680, #2543, #562, .T. ) ;
#9014 = VERTEX_POINT ( 'NONE', #5761 ) ;
#9015 = AXIS2_PLACEMENT_3D ( 'NONE', #2587, #2536, #3986 ) ;
#9016 = ADVANCED_FACE ( 'NONE', ( #657 ), #2132, .F. ) ;
#9017 = DIRECTION ( 'NONE',  ( -0.000000000000000000, 1.000000000000000000, 0.000000000000000000 ) ) ;
#9018 = VECTOR ( 'NONE', #1805, 1000.000000000000000 ) ;
#9019 = CARTESIAN_POINT ( 'NONE',  ( 10.95083426132000071, 2.000000000000000000, -1.100000000000000089 ) ) ;
#9020 = CARTESIAN_POINT ( 'NONE',  ( -11.00000000000000000, -3.500000000000000000, -38.18409399080999833 ) ) ;
#9021 = DIRECTION ( 'NONE',  ( 0.000000000000000000, -1.000000000000000000, 0.000000000000000000 ) ) ;
#9022 = EDGE_CURVE ( 'NONE', #2573, #6705, #8525, .T. ) ;
#9023 = EDGE_LOOP ( 'NONE', ( #895, #6848, #5650, #1002, #7730 ) ) ;
#9024 = DIRECTION ( 'NONE',  ( 0.9063077870366587074, 0.000000000000000000, -0.4226182617406809006 ) ) ;
#9025 = EDGE_CURVE ( 'NONE', #6839, #2043, #7136, .T. ) ;
#9026 = ORIENTED_EDGE ( 'NONE', *, *, #6959, .T. ) ;
#9027 = ORIENTED_EDGE ( 'NONE', *, *, #6422, .F. ) ;
#9028 = CARTESIAN_POINT ( 'NONE',  ( 3.894563394850998783, -1.534013133415000674, -0.6631221616762000837 ) ) ;
#9029 = EDGE_LOOP ( 'NONE', ( #1881, #8554, #8772, #572 ) ) ;
#9030 = DIRECTION ( 'NONE',  ( 0.000000000000000000, -1.000000000000000000, 0.000000000000000000 ) ) ;
#9031 = CARTESIAN_POINT ( 'NONE',  ( -7.650725455797999786, -6.669999999999999929, 0.000000000000000000 ) ) ;
#9032 = CARTESIAN_POINT ( 'NONE',  ( 9.228701741141998482, -4.129999999999999893, -0.7550447011658000251 ) ) ;
#9033 = ORIENTED_EDGE ( 'NONE', *, *, #6197, .F. ) ;
#9034 = FACE_OUTER_BOUND ( 'NONE', #875, .T. ) ;
#9035 = CARTESIAN_POINT ( 'NONE',  ( -7.310160513561999807, 1.224574780638000071, -1.489933501968000007 ) ) ;
#9036 = ORIENTED_EDGE ( 'NONE', *, *, #8123, .T. ) ;
#9037 = DIRECTION ( 'NONE',  ( -1.000000000000000000, 0.000000000000000000, 0.000000000000000000 ) ) ;
#9038 = DIRECTION ( 'NONE',  ( -1.000000000000000000, 0.000000000000000000, 0.000000000000000000 ) ) ;
#9039 = VERTEX_POINT ( 'NONE', #2175 ) ;
#9040 = CARTESIAN_POINT ( 'NONE',  ( 7.650725455797999786, -6.669999999999999929, 0.000000000000000000 ) ) ;
#9041 = DIRECTION ( 'NONE',  ( 1.000000000000000000, 0.000000000000000000, 0.000000000000000000 ) ) ;
#9042 = DIRECTION ( 'NONE',  ( 0.000000000000000000, 0.000000000000000000, 1.000000000000000000 ) ) ;
#9043 = CARTESIAN_POINT ( 'NONE',  ( 3.936660835876949260, -0.9700801719353951968, -0.7120872727575121575 ) ) ;
#9044 = CARTESIAN_POINT ( 'NONE',  ( 8.641778518293998346, 1.750000000000000000, -4.000000000000000000 ) ) ;
#9045 = ORIENTED_EDGE ( 'NONE', *, *, #3447, .F. ) ;
#9046 = ORIENTED_EDGE ( 'NONE', *, *, #4540, .T. ) ;
#9047 = CARTESIAN_POINT ( 'NONE',  ( 11.32499999999999929, 2.000000000000000000, -1.350000000000000089 ) ) ;
#9048 = EDGE_CURVE ( 'NONE', #2621, #3155, #4910, .T. ) ;
#9049 = CARTESIAN_POINT ( 'NONE',  ( 13.22500000000000142, 2.000000000000000000, -3.350000000000000089 ) ) ;
#9050 = ORIENTED_EDGE ( 'NONE', *, *, #6329, .T. ) ;
#9051 = CARTESIAN_POINT ( 'NONE',  ( 3.939843106691999886, 1.295096376731999843, -0.5605654239033999175 ) ) ;
#9052 = ORIENTED_EDGE ( 'NONE', *, *, #5403, .T. ) ;
#9053 = CARTESIAN_POINT ( 'NONE',  ( 3.749162084384000337, 1.270000000000000018, -0.4563652910517000394 ) ) ;
#9054 = VERTEX_POINT ( 'NONE', #8618 ) ;
#9055 = DIRECTION ( 'NONE',  ( 0.000000000000000000, -1.000000000000000000, 0.000000000000000000 ) ) ;
#9056 = EDGE_CURVE ( 'NONE', #8752, #4730, #745, .T. ) ;
#9057 = ORIENTED_EDGE ( 'NONE', *, *, #1496, .T. ) ;
#9058 = FACE_OUTER_BOUND ( 'NONE', #6608, .T. ) ;
#9059 = FACE_OUTER_BOUND ( 'NONE', #4891, .T. ) ;
#9060 = EDGE_CURVE ( 'NONE', #7024, #6924, #6677, .T. ) ;
#9061 = CARTESIAN_POINT ( 'NONE',  ( -13.12697540696999887, -0.5000000000000000000, -3.655697933911000064 ) ) ;
#9062 = DIRECTION ( 'NONE',  ( 1.000000000000000000, 0.000000000000000000, 0.000000000000000000 ) ) ;
#9063 = ORIENTED_EDGE ( 'NONE', *, *, #2747, .T. ) ;
#9064 = EDGE_CURVE ( 'NONE', #6187, #8914, #3074, .T. ) ;
#9065 = DIRECTION ( 'NONE',  ( 1.000000000000000000, 0.000000000000000000, 0.000000000000000000 ) ) ;
#9066 = ORIENTED_EDGE ( 'NONE', *, *, #133, .T. ) ;
#9067 = VECTOR ( 'NONE', #8369, 1000.000000000000000 ) ;
#9068 = EDGE_LOOP ( 'NONE', ( #6115, #6759, #3401, #9171 ) ) ;
#9069 = CARTESIAN_POINT ( 'NONE',  ( 13.12697540696999887, 0.5000000000000000000, -3.655697933911000064 ) ) ;
#9070 = VECTOR ( 'NONE', #6435, 1000.000000000000000 ) ;
#9071 = AXIS2_PLACEMENT_3D ( 'NONE', #3017, #4471, #6781 ) ;
#9072 = EDGE_CURVE ( 'NONE', #1492, #3583, #794, .T. ) ;
#9073 = ORIENTED_EDGE ( 'NONE', *, *, #9112, .F. ) ;
#9074 = EDGE_CURVE ( 'NONE', #311, #8247, #5635, .T. ) ;
#9075 = CARTESIAN_POINT ( 'NONE',  ( -8.887243667190000806, -4.129999999999999893, -0.4000000000000000222 ) ) ;
#9076 = DIRECTION ( 'NONE',  ( 0.9666350220178502317, -0.2561576354679870327, 0.000000000000000000 ) ) ;
#9077 = DIRECTION ( 'NONE',  ( 0.000000000000000000, 1.000000000000000000, 0.000000000000000000 ) ) ;
#9078 = VERTEX_POINT ( 'NONE', #7776 ) ;
#9079 = B_SPLINE_SURFACE_WITH_KNOTS ( 'NONE', 3, 3, ( 
 ( #4386, #6732, #8225, #314, #967 ),
 ( #8890, #5369, #2498, #3113, #1662 ),
 ( #3021, #1105, #1798, #3777, #360 ),
 ( #1702, #8089, #3163, #3205, #1013 ),
 ( #4530, #6074, #7388, #266, #5178 ),
 ( #222, #6595, #5891, #4476, #3063 ),
 ( #3817, #1749, #7343, #925, #178 ),
 ( #8935, #6641, #4617, #5935, #8751 ),
 ( #6030, #8041, #8799, #2354, #5318 ) ),
 .UNSPECIFIED., .F., .F., .F.,
 ( 4, 1, 1, 1, 1, 1, 4 ),
 ( 4, 1, 4 ),
 ( 0.0001080698921014000064, 0.0003187235714813000309, 0.0004127842600689999968, 0.0005068449486566999626, 0.0006009056372442000016, 0.0006949663258315999688, 0.0009059894398396000194 ),
 ( -0.1615903687153999735, 0.4984698255829999591, 1.154783931495000138 ),
 .UNSPECIFIED. ) ;
#9080 = CARTESIAN_POINT ( 'NONE',  ( 13.12697540696999887, -0.5000000000000000000, -3.655697933911000064 ) ) ;
#9081 = CARTESIAN_POINT ( 'NONE',  ( -11.00000000000000000, -6.599999999999999645, -5.500000000000000000 ) ) ;
#9082 = CONICAL_SURFACE ( 'NONE', #4420, 9.974999999999999645, 0.7188299996214952969 ) ;
#9083 = VERTEX_POINT ( 'NONE', #1396 ) ;
#9084 = LINE ( 'NONE', #2501, #3874 ) ;
#9085 = CARTESIAN_POINT ( 'NONE',  ( -7.650725455797999786, 6.669999999999999929, -5.500000000000000000 ) ) ;
#9086 = EDGE_LOOP ( 'NONE', ( #3246, #1200, #2285, #8380 ) ) ;
#9087 = LINE ( 'NONE', #8233, #9018 ) ;
#9088 = CARTESIAN_POINT ( 'NONE',  ( 13.42499999999999893, 0.5000000000000000000, -4.450000000000000178 ) ) ;
#9089 = CARTESIAN_POINT ( 'NONE',  ( 4.291266850093000684, -0.7149874937750000381, -1.306786416877000034 ) ) ;
#9090 = VECTOR ( 'NONE', #6450, 1000.000000000000114 ) ;
#9091 = PLANE ( 'NONE',  #5817 ) ;
#9092 = CARTESIAN_POINT ( 'NONE',  ( 11.00000000000000000, -3.500000000000000000, 0.000000000000000000 ) ) ;
#9093 = ORIENTED_EDGE ( 'NONE', *, *, #1485, .F. ) ;
#9094 = ORIENTED_EDGE ( 'NONE', *, *, #5440, .F. ) ;
#9095 = PLANE ( 'NONE',  #6293 ) ;
#9096 = CARTESIAN_POINT ( 'NONE',  ( 11.00000000000000000, 3.500000000000000000, -5.500000000000000000 ) ) ;
#9097 = ORIENTED_EDGE ( 'NONE', *, *, #4823, .T. ) ;
#9098 = CARTESIAN_POINT ( 'NONE',  ( 3.955933834162999929, 1.364750714070000148, -0.6728960710982000437 ) ) ;
#9099 = CARTESIAN_POINT ( 'NONE',  ( 10.87500000000000000, 2.000000000000000000, -1.350000000000000089 ) ) ;
#9100 = ORIENTED_EDGE ( 'NONE', *, *, #4310, .T. ) ;
#9101 = DIRECTION ( 'NONE',  ( 0.05061153302401764920, 0.9981347984218664759, -0.03413791007514882514 ) ) ;
#9102 = ORIENTED_EDGE ( 'NONE', *, *, #5519, .F. ) ;
#9103 = DIRECTION ( 'NONE',  ( 0.000000000000000000, 0.000000000000000000, 1.000000000000000000 ) ) ;
#9104 = CIRCLE ( 'NONE', #121, 0.4500000000000004552 ) ;
#9105 = ORIENTED_EDGE ( 'NONE', *, *, #7803, .F. ) ;
#9106 = EDGE_CURVE ( 'NONE', #3102, #1182, #7253, .T. ) ;
#9107 = CARTESIAN_POINT ( 'NONE',  ( 3.513707549738973590, 0.9786403495693773991, -0.1326850027175930646 ) ) ;
#9108 = DIRECTION ( 'NONE',  ( 0.000000000000000000, 0.000000000000000000, -1.000000000000000000 ) ) ;
#9109 = VECTOR ( 'NONE', #7916, 1000.000000000000114 ) ;
#9110 = DIRECTION ( 'NONE',  ( -0.9455185755993017471, 0.000000000000000000, 0.3255681544572003872 ) ) ;
#9111 = PLANE ( 'NONE',  #7265 ) ;
#9112 = EDGE_CURVE ( 'NONE', #1385, #7736, #8664, .T. ) ;
#9113 = ORIENTED_EDGE ( 'NONE', *, *, #2756, .F. ) ;
#9114 = DIRECTION ( 'NONE',  ( -1.000000000000000000, 0.000000000000000000, 0.000000000000000000 ) ) ;
#9115 = CIRCLE ( 'NONE', #3110, 10.15000000000000213 ) ;
#9116 = ADVANCED_FACE ( 'NONE', ( #2894 ), #1478, .T. ) ;
#9117 = VERTEX_POINT ( 'NONE', #5619 ) ;
#9118 = ORIENTED_EDGE ( 'NONE', *, *, #2708, .F. ) ;
#9119 = EDGE_CURVE ( 'NONE', #2097, #54, #7119, .T. ) ;
#9120 = FACE_OUTER_BOUND ( 'NONE', #8888, .T. ) ;
#9121 = ORIENTED_EDGE ( 'NONE', *, *, #2897, .F. ) ;
#9122 = CARTESIAN_POINT ( 'NONE',  ( -10.79215728752999937, 2.000000000000000000, -1.100000000000000089 ) ) ;
#9123 = DIRECTION ( 'NONE',  ( -0.9455185755993017471, 0.000000000000000000, 0.3255681544572004427 ) ) ;
#9124 = DIRECTION ( 'NONE',  ( 0.000000000000000000, -1.000000000000000000, 0.000000000000000000 ) ) ;
#9125 = ORIENTED_EDGE ( 'NONE', *, *, #1967, .F. ) ;
#9126 = LINE ( 'NONE', #3303, #3860 ) ;
#9127 = DIRECTION ( 'NONE',  ( -0.8069464462948747752, 0.5045159354005839258, -0.3070848477846905844 ) ) ;
#9128 = EDGE_CURVE ( 'NONE', #7492, #1792, #699, .T. ) ;
#9129 = ORIENTED_EDGE ( 'NONE', *, *, #7976, .T. ) ;
#9130 = FACE_OUTER_BOUND ( 'NONE', #8977, .T. ) ;
#9131 = EDGE_CURVE ( 'NONE', #8289, #6598, #1290, .T. ) ;
#9132 = DIRECTION ( 'NONE',  ( 0.000000000000000000, 1.000000000000000000, 0.000000000000000000 ) ) ;
#9133 = VECTOR ( 'NONE', #7997, 1000.000000000000000 ) ;
#9134 = VERTEX_POINT ( 'NONE', #7863 ) ;
#9135 = CARTESIAN_POINT ( 'NONE',  ( 8.887243667190000806, 4.129999999999999893, -0.4000000000000000222 ) ) ;
#9136 = CARTESIAN_POINT ( 'NONE',  ( -8.084413076152999977, -0.6729456716339999867, -1.434861101244999881 ) ) ;
#9137 = CARTESIAN_POINT ( 'NONE',  ( 12.97499999999999964, -2.500000000000000000, -0.9000000000000000222 ) ) ;
#9138 = DIRECTION ( 'NONE',  ( 0.000000000000000000, 0.000000000000000000, -1.000000000000000000 ) ) ;
#9139 = ORIENTED_EDGE ( 'NONE', *, *, #3282, .T. ) ;
#9140 = ORIENTED_EDGE ( 'NONE', *, *, #6364, .T. ) ;
#9141 = DIRECTION ( 'NONE',  ( 0.000000000000000000, 0.000000000000000000, 1.000000000000000000 ) ) ;
#9142 = VECTOR ( 'NONE', #3644, 1000.000000000000000 ) ;
#9143 = DIRECTION ( 'NONE',  ( 0.9666350220178502317, 0.2561576354679870327, 0.000000000000000000 ) ) ;
#9144 = VERTEX_POINT ( 'NONE', #1437 ) ;
#9145 = CARTESIAN_POINT ( 'NONE',  ( 3.966234252686999806, 1.280519731949000040, -0.6477936670368998895 ) ) ;
#9146 = CARTESIAN_POINT ( 'NONE',  ( 3.519872454889647173, -0.7823439901989946987, -0.4810355138046508716 ) ) ;
#9147 = ORIENTED_EDGE ( 'NONE', *, *, #8567, .F. ) ;
#9148 = CARTESIAN_POINT ( 'NONE',  ( 3.892859807650999926, -1.269092201496999861, -0.4840180776985999467 ) ) ;
#9149 = VECTOR ( 'NONE', #1929, 1000.000000000000000 ) ;
#9150 = EDGE_LOOP ( 'NONE', ( #8122, #4254, #5928, #3541, #8167, #2427 ) ) ;
#9151 = CARTESIAN_POINT ( 'NONE',  ( 9.271763586287001147, 4.129999999999999893, 0.000000000000000000 ) ) ;
#9152 = LINE ( 'NONE', #3516, #3895 ) ;
#9153 = ORIENTED_EDGE ( 'NONE', *, *, #5671, .T. ) ;
#9154 = CARTESIAN_POINT ( 'NONE',  ( -11.00000000000000000, 8.000000000000000000, -38.18409399080999833 ) ) ;
#9155 = CARTESIAN_POINT ( 'NONE',  ( -12.84005928412999964, -0.2500000000000000000, -3.513644639500000277 ) ) ;
#9156 = DIRECTION ( 'NONE',  ( 1.000000000000000000, 0.000000000000000000, 0.000000000000000000 ) ) ;
#9157 = CARTESIAN_POINT ( 'NONE',  ( -13.22500000000000142, -1.000000000000000000, -3.600000000000000089 ) ) ;
#9158 = ORIENTED_EDGE ( 'NONE', *, *, #1045, .T. ) ;
#9159 = VECTOR ( 'NONE', #8600, 1000.000000000000000 ) ;
#9160 = DIRECTION ( 'NONE',  ( 0.000000000000000000, 0.000000000000000000, 1.000000000000000000 ) ) ;
#9161 = VECTOR ( 'NONE', #480, 1000.000000000000000 ) ;
#9162 = VERTEX_POINT ( 'NONE', #4292 ) ;
#9163 = ADVANCED_FACE ( 'NONE', ( #7164 ), #6639, .T. ) ;
#9164 = ORIENTED_EDGE ( 'NONE', *, *, #3743, .T. ) ;
#9165 = DIRECTION ( 'NONE',  ( 0.000000000000000000, 0.000000000000000000, 1.000000000000000000 ) ) ;
#9166 = ORIENTED_EDGE ( 'NONE', *, *, #4362, .T. ) ;
#9167 = CARTESIAN_POINT ( 'NONE',  ( 3.893283871378000249, -0.9304451065187999692, -0.6545344072816000613 ) ) ;
#9168 = CIRCLE ( 'NONE', #7516, 10.14999999999999680 ) ;
#9169 = DIRECTION ( 'NONE',  ( 0.000000000000000000, -1.000000000000000000, 0.000000000000000000 ) ) ;
#9170 = CARTESIAN_POINT ( 'NONE',  ( 9.500000000000000000, -6.500000000000000000, 0.000000000000000000 ) ) ;
#9171 = ORIENTED_EDGE ( 'NONE', *, *, #3429, .F. ) ;
#9172 = FACE_OUTER_BOUND ( 'NONE', #7767, .T. ) ;
#9173 = CARTESIAN_POINT ( 'NONE',  ( 0.2877275027216000258, 6.408693892986000229, -4.200000000000000178 ) ) ;
#9174 = AXIS2_PLACEMENT_3D ( 'NONE', #8317, #7472, #1239 ) ;
#9175 = ORIENTED_EDGE ( 'NONE', *, *, #5291, .F. ) ;
#9176 = EDGE_CURVE ( 'NONE', #255, #1557, #3776, .T. ) ;
#9177 = CARTESIAN_POINT ( 'NONE',  ( -9.350000000000001421, 7.250000000000000000, -0.5000000000000000000 ) ) ;
#9178 = DIRECTION ( 'NONE',  ( 0.7555365936236076996, -0.4116504871960039447, -0.5096158671852045741 ) ) ;
#9179 = ORIENTED_EDGE ( 'NONE', *, *, #7803, .T. ) ;
#9180 = DIRECTION ( 'NONE',  ( 0.000000000000000000, 0.000000000000000000, -1.000000000000000000 ) ) ;
#9181 = DIRECTION ( 'NONE',  ( 0.000000000000000000, 1.000000000000000000, 0.000000000000000000 ) ) ;
#9182 = DIRECTION ( 'NONE',  ( 0.000000000000000000, 1.000000000000000000, 0.000000000000000000 ) ) ;
#9183 = LINE ( 'NONE', #2606, #1727 ) ;
#9184 = ADVANCED_FACE ( 'NONE', ( #1661 ), #8798, .T. ) ;
#9185 = EDGE_LOOP ( 'NONE', ( #8734, #212, #223, #8676 ) ) ;
#9186 = ORIENTED_EDGE ( 'NONE', *, *, #5008, .T. ) ;
#9187 = CYLINDRICAL_SURFACE ( 'NONE', #4586, 1.000000000000000000 ) ;
#9188 =( BOUNDED_CURVE ( )  B_SPLINE_CURVE ( 3, ( #4525, #310, #7340, #6070 ),
 .UNSPECIFIED., .F., .F. ) 
 B_SPLINE_CURVE_WITH_KNOTS ( ( 4, 4 ),
 ( 0.000000000000000000, 1.000000000000000000 ),
 .UNSPECIFIED. ) 
 CURVE ( )  GEOMETRIC_REPRESENTATION_ITEM ( )  RATIONAL_B_SPLINE_CURVE ( ( 0.9999999998782810318, 0.9708373568246201346, 0.9708373565583408027, 0.9999999990795753746 ) ) 
 REPRESENTATION_ITEM ( '' )  );
#9189 = EDGE_CURVE ( 'NONE', #1746, #6598, #8176, .T. ) ;
#9190 = DIRECTION ( 'NONE',  ( 1.000000000000000000, 0.000000000000000000, 0.000000000000000000 ) ) ;
#9191 = ORIENTED_EDGE ( 'NONE', *, *, #852, .T. ) ;
#9192 = DIRECTION ( 'NONE',  ( 1.000000000000000000, 0.000000000000000000, 0.000000000000000000 ) ) ;
#9193 = FACE_OUTER_BOUND ( 'NONE', #1811, .T. ) ;
#9194 = ORIENTED_EDGE ( 'NONE', *, *, #4070, .F. ) ;
#9195 = CARTESIAN_POINT ( 'NONE',  ( 3.883948141418999800, -1.282850722963000178, -0.4717522214160000393 ) ) ;
#9196 = EDGE_CURVE ( 'NONE', #1700, #8921, #1012, .T. ) ;
#9197 = ORIENTED_EDGE ( 'NONE', *, *, #526, .F. ) ;
#9198 = CARTESIAN_POINT ( 'NONE',  ( -10.25000000000000000, 6.349999999999999645, -0.2500000000000000000 ) ) ;
#9199 = CARTESIAN_POINT ( 'NONE',  ( -8.967661230918000825, -0.5307663039246000025, -4.000000000000000000 ) ) ;
#9200 = VERTEX_POINT ( 'NONE', #5317 ) ;
#9201 = CARTESIAN_POINT ( 'NONE',  ( -9.951004974372999357, -2.000000000000000000, -1.100000000000000089 ) ) ;
#9202 = CARTESIAN_POINT ( 'NONE',  ( 11.00000000000000000, -7.799999999999999822, 0.000000000000000000 ) ) ;
#9203 = CARTESIAN_POINT ( 'NONE',  ( 11.07499999999999929, -2.600000000000000089, -5.500000000000000000 ) ) ;
#9204 = ORIENTED_EDGE ( 'NONE', *, *, #5291, .T. ) ;
#9205 = CARTESIAN_POINT ( 'NONE',  ( 3.908044413105000281, -1.363189211609999729, -0.5154647483576000333 ) ) ;
#9206 = ORIENTED_EDGE ( 'NONE', *, *, #5280, .F. ) ;
#9207 = CARTESIAN_POINT ( 'NONE',  ( 3.892868166137871455, 1.190633823473081332, -0.4840296051435121760 ) ) ;
#9208 = ORIENTED_EDGE ( 'NONE', *, *, #8592, .T. ) ;
#9209 = LINE ( 'NONE', #9252, #8847 ) ;
#9210 = CARTESIAN_POINT ( 'NONE',  ( 7.650725455797999786, 6.669999999999999929, -5.500000000000000000 ) ) ;
#9211 = CARTESIAN_POINT ( 'NONE',  ( 15.84999999999999964, -1.750000000000000000, -5.299999999999999822 ) ) ;
#9212 = ORIENTED_EDGE ( 'NONE', *, *, #8300, .T. ) ;
#9213 = CARTESIAN_POINT ( 'NONE',  ( 3.937281076394999690, 1.564834257066999967, -0.7120263899705000510 ) ) ;
#9214 = DIRECTION ( 'NONE',  ( 0.000000000000000000, -1.000000000000000000, 0.000000000000000000 ) ) ;
#9215 = ORIENTED_EDGE ( 'NONE', *, *, #6498, .T. ) ;
#9216 = VECTOR ( 'NONE', #297, 1000.000000000000000 ) ;
#9217 = CARTESIAN_POINT ( 'NONE',  ( -0.1465673690733000079, 6.706770816062999963, -4.299999999999999822 ) ) ;
#9218 = ORIENTED_EDGE ( 'NONE', *, *, #5849, .T. ) ;
#9219 = LINE ( 'NONE', #7025, #5733 ) ;
#9220 = CARTESIAN_POINT ( 'NONE',  ( -7.231854973543000220, 6.669999999999999929, -0.4434943453668999669 ) ) ;
#9221 = LINE ( 'NONE', #8617, #3423 ) ;
#9222 = DIRECTION ( 'NONE',  ( 0.000000000000000000, 0.000000000000000000, -1.000000000000000000 ) ) ;
#9223 = ADVANCED_FACE ( 'NONE', ( #4528 ), #9082, .F. ) ;
#9224 = EDGE_LOOP ( 'NONE', ( #6782, #7674, #715, #5879 ) ) ;
#9225 = CIRCLE ( 'NONE', #5489, 0.5000000000000004441 ) ;
#9226 = EDGE_LOOP ( 'NONE', ( #7671, #680, #3746, #7617 ) ) ;
#9227 = CYLINDRICAL_SURFACE ( 'NONE', #4482, 2.100000000000000089 ) ;
#9228 = CARTESIAN_POINT ( 'NONE',  ( -14.25000000000000000, 2.600000000000000089, -1.100000000000000089 ) ) ;
#9229 = EDGE_CURVE ( 'NONE', #8135, #684, #8706, .T. ) ;
#9230 = ORIENTED_EDGE ( 'NONE', *, *, #7629, .T. ) ;
#9231 = CARTESIAN_POINT ( 'NONE',  ( 3.861324926240000011, 1.006138960951999950, -0.5452470574501999678 ) ) ;
#9232 = VECTOR ( 'NONE', #6243, 1000.000000000000000 ) ;
#9233 = PLANE ( 'NONE',  #3757 ) ;
#9234 = EDGE_CURVE ( 'NONE', #2754, #618, #3062, .T. ) ;
#9235 = EDGE_LOOP ( 'NONE', ( #8387, #5826, #4287, #7899 ) ) ;
#9236 = CARTESIAN_POINT ( 'NONE',  ( -0.4799007024065999882, 6.408693892986000229, -4.200000000000000178 ) ) ;
#9237 = ORIENTED_EDGE ( 'NONE', *, *, #7563, .T. ) ;
#9238 = PLANE ( 'NONE',  #552 ) ;
#9239 = CIRCLE ( 'NONE', #1587, 0.4500000000000007327 ) ;
#9240 = CARTESIAN_POINT ( 'NONE',  ( -7.303515594625001661, -1.008260968424999682, -1.470635256110001343 ) ) ;
#9241 = ADVANCED_FACE ( 'NONE', ( #8088 ), #3816, .F. ) ;
#9242 = ORIENTED_EDGE ( 'NONE', *, *, #4063, .F. ) ;
#9243 = CARTESIAN_POINT ( 'NONE',  ( 14.25000000000000000, -0.7500000000000000000, -4.500000000000000000 ) ) ;
#9244 = CARTESIAN_POINT ( 'NONE',  ( -13.22500000000000142, 1.750000000000000000, -5.250000000000000000 ) ) ;
#9245 = ORIENTED_EDGE ( 'NONE', *, *, #5692, .T. ) ;
#9246 = VECTOR ( 'NONE', #3288, 1000.000000000000227 ) ;
#9247 = CARTESIAN_POINT ( 'NONE',  ( 3.882214226977000138, -1.261399040918000036, -0.4700867944759000161 ) ) ;
#9248 = EDGE_LOOP ( 'NONE', ( #6112, #5946, #1986, #6945 ) ) ;
#9249 = CARTESIAN_POINT ( 'NONE',  ( -8.084413076152999977, 0.6729456716339999867, -1.434861101244999881 ) ) ;
#9250 = ORIENTED_EDGE ( 'NONE', *, *, #4632, .T. ) ;
#9251 = LINE ( 'NONE', #1251, #2466 ) ;
#9252 = CARTESIAN_POINT ( 'NONE',  ( -12.84005928412999964, 0.2500000000000000000, -3.513644639500000277 ) ) ;
#9253 = CARTESIAN_POINT ( 'NONE',  ( -7.412823638153000161, -1.224574780638000071, -1.454583753304999894 ) ) ;
#9254 = DIRECTION ( 'NONE',  ( -0.5877852522925132162, 0.000000000000000000, 0.8090169943749183634 ) ) ;
#9255 = ORIENTED_EDGE ( 'NONE', *, *, #346, .T. ) ;
#9256 = LINE ( 'NONE', #6310, #8926 ) ;
#9257 = FACE_OUTER_BOUND ( 'NONE', #8647, .T. ) ;
#9258 = VECTOR ( 'NONE', #3370, 1000.000000000000000 ) ;
#9259 = ORIENTED_EDGE ( 'NONE', *, *, #8541, .F. ) ;
#9260 = DIRECTION ( 'NONE',  ( 0.000000000000000000, -1.000000000000000000, 0.000000000000000000 ) ) ;
#9261 = ORIENTED_EDGE ( 'NONE', *, *, #1370, .F. ) ;
#9262 = DIRECTION ( 'NONE',  ( 0.000000000000000000, 0.000000000000000000, 1.000000000000000000 ) ) ;
#9263 = FACE_BOUND ( 'NONE', #3193, .T. ) ;
#9264 = CARTESIAN_POINT ( 'NONE',  ( 14.25000000000000000, -2.000000000000000000, -1.100000000000000089 ) ) ;
#9265 = DIRECTION ( 'NONE',  ( 0.8090169943749183634, 0.000000000000000000, 0.5877852522925132162 ) ) ;
#9266 = ORIENTED_EDGE ( 'NONE', *, *, #3940, .T. ) ;
#9267 = ORIENTED_EDGE ( 'NONE', *, *, #1875, .F. ) ;
#9268 = LINE ( 'NONE', #7211, #8392 ) ;
#9270 = DIRECTION ( 'NONE',  ( -0.5877852522925132162, 0.000000000000000000, 0.8090169943749183634 ) ) ;
#9269 = VECTOR ( 'NONE', #7236, 1000.000000000000000 ) ;
#9271 = VECTOR ( 'NONE', #8259, 1000.000000000000000 ) ;
#9272 = ORIENTED_EDGE ( 'NONE', *, *, #4365, .T. ) ;
#9273 = EDGE_CURVE ( 'NONE', #2475, #7283, #130, .T. ) ;
#9274 = CARTESIAN_POINT ( 'NONE',  ( -13.22500000000000142, -2.000000000000000000, -5.250000000000000000 ) ) ;
ENDSEC;
END-ISO-10303-21;
